# https://github.com/mikedh/trimesh
v 0.05011078 0.00115272 0.05237080
v 0.05474060 0.00115272 0.05367655
v 0.05308889 0.00115272 0.05614852
v 0.05029963 0.00115272 0.05717752
v 0.04743824 0.00115272 0.05637053
v 0.04563506 0.00115272 0.05422375
v 0.04530406 0.00115272 0.05218195
v 0.04633306 0.00115272 0.04939270
v 0.04880503 0.00115272 0.04774098
v 0.05177575 0.00115272 0.04785770
v 0.05411050 0.00115272 0.04969827
v 0.05494364 0.00115272 0.05170245
v 0.05498493 0.00115272 0.05198720
v 0.05491530 -0.00090931 0.05295106
v 0.05450759 -0.00048386 0.05442701
v 0.05379995 0.00115272 0.05552166
v 0.05413220 -0.00074689 0.05509642
v 0.05338315 -0.00063506 0.05597770
v 0.05196740 0.00115272 0.05685309
v 0.05102597 0.00026551 0.05717608
v 0.05030258 0.00115272 0.05725249
v 0.04915767 0.00115272 0.05716238
v 0.04806544 0.00115272 0.05680749
v 0.04848095 0.00018781 0.05699645
v 0.04708622 0.00115272 0.05620744
v 0.04742788 -0.00000461 0.05648884
v 0.04627415 0.00115272 0.05539536
v 0.04653643 -0.00003249 0.05575504
v 0.04567409 0.00115272 0.05441614
v 0.04584390 -0.00002250 0.05483489
v 0.04548162 0.00007846 0.05403365
v 0.04527218 0.00096509 0.05279941
v 0.04514844 -0.00052590 0.05252101
v 0.04559904 0.00115272 0.05060482
v 0.04527204 -0.00017451 0.05134749
v 0.04564613 -0.00016083 0.05025294
v 0.04689253 0.00115272 0.04874902
v 0.04626955 -0.00014268 0.04927216
v 0.04711530 -0.00012248 0.04845745
v 0.04874517 0.00115272 0.04770336
v 0.04893554 0.00001708 0.04760817
v 0.04952258 -0.00065037 0.04750706
v 0.05063528 0.00115272 0.04753606
v 0.05057752 -0.00094973 0.04750774
v 0.05215612 0.00115272 0.04793411
v 0.05313533 0.00115272 0.04853417
v 0.05394741 0.00115272 0.04934625
v 0.05365067 -0.00220177 0.04913113
v 0.05454747 0.00115272 0.05032546
v 0.05425452 -0.00022554 0.04981116
v 0.05484647 0.00087059 0.05128120
v 0.05496211 0.00002420 0.05198720
v 0.05483773 0.00115272 0.05335983
v 0.05465202 -0.00343648 0.05258954
v 0.05256855 -0.00066416 0.05657587
v 0.05170437 -0.00023651 0.05699966
v 0.05013335 0.00091627 0.05728375
v 0.04852087 -0.00121916 0.05704300
v 0.04522978 -0.00090658 0.05351217
v 0.04503272 -0.00182267 0.05297629
v 0.04500990 -0.00217505 0.05141289
v 0.04521928 -0.00108587 0.05122877
v 0.04561553 -0.00112629 0.05014852
v 0.04625241 -0.00120143 0.04918881
v 0.04709656 -0.00132261 0.04840243
v 0.04801611 -0.00064369 0.04790849
v 0.04845613 -0.00174417 0.04769865
v 0.05163424 -0.00152561 0.04775008
v 0.05248301 -0.00344617 0.04829673
v 0.05271168 -0.00119553 0.04827150
v 0.05332168 -0.00228571 0.04886245
v 0.05397003 -0.00224634 0.04961722
v 0.05451630 -0.00221021 0.05066090
v 0.05485448 -0.00109232 0.05154980
v 0.05483672 -0.00166424 0.05198720
v 0.05468703 -0.00216022 0.05353440
v 0.05429414 -0.00319735 0.05427645
v 0.05453375 -0.00123205 0.05434096
v 0.05407924 -0.00214298 0.05492542
v 0.05295567 -0.00279986 0.05614061
v 0.05279276 -0.00165563 0.05637803
v 0.05201146 -0.00247399 0.05677356
v 0.05057421 -0.00103465 0.05723382
v 0.04932708 -0.00204556 0.05723020
v 0.04894216 -0.00098978 0.05714801
v 0.04764912 -0.00217492 0.05674506
v 0.04690264 -0.00226976 0.05631206
v 0.04667728 -0.00209121 0.05609924
v 0.04650991 -0.00125897 0.05583655
v 0.04589895 -0.00197843 0.05524970
v 0.04565092 -0.00155608 0.05476722
v 0.04561326 -0.00114097 0.05459046
v 0.05097064 -0.00334537 0.04761915
v 0.05185591 -0.00342076 0.04796613
v 0.05473166 -0.00089726 0.05093035
v 0.05330653 -0.00403384 0.05559605
v 0.05336391 -0.00271579 0.05580941
v 0.05074045 -0.00264089 0.05717608
v 0.05030841 -0.00158436 0.05726001
v 0.04683009 -0.00293977 0.05633918
v 0.04536072 -0.00266808 0.05459308
v 0.04532542 -0.00151142 0.05401499
v 0.04479581 -0.00291374 0.05179583
v 0.04558598 -0.00309465 0.04961280
v 0.04633519 -0.00342425 0.04869394
v 0.04724892 -0.00414312 0.04797749
v 0.04797149 -0.00242509 0.04783352
v 0.04844975 -0.00398441 0.04759326
v 0.04911426 -0.00261819 0.04752288
v 0.04980048 -0.00440825 0.04748482
v 0.05234802 -0.00438051 0.04836402
v 0.05392378 -0.00323364 0.04981619
v 0.05422128 -0.00405339 0.05059567
v 0.05436930 -0.00427793 0.05129690
v 0.05451834 -0.00389957 0.05198720
v 0.05462050 -0.00334399 0.05198720
v 0.05406997 -0.00540673 0.05375169
v 0.05216413 -0.00365594 0.05658605
v 0.05124753 -0.00272350 0.05705670
v 0.04790392 -0.00399555 0.05700647
v 0.04787849 -0.00351567 0.05696223
v 0.04653023 -0.00441027 0.05638931
v 0.04497289 -0.00257677 0.05351217
v 0.04437367 -0.00434936 0.05217882
v 0.04466925 -0.00441261 0.05066520
v 0.04539463 -0.00470354 0.04928813
v 0.04607386 -0.00360242 0.04890499
v 0.04794231 -0.00433758 0.04769865
v 0.05176540 -0.00539691 0.04815193
v 0.05271830 -0.00633942 0.04908293
v 0.05322828 -0.00441711 0.04914604
v 0.05344795 -0.00552584 0.04977277
v 0.05387188 -0.00494524 0.05031460
v 0.05394776 -0.00557859 0.05083186
v 0.05441617 -0.00445516 0.05198720
v 0.05402109 -0.00467690 0.05431937
v 0.05374163 -0.00431346 0.05494068
v 0.05203401 -0.00467117 0.05656491
v 0.05138697 -0.00547731 0.05677362
v 0.04737684 -0.00560984 0.05698677
v 0.04565588 -0.00513059 0.05587071
v 0.04581252 -0.00355193 0.05554610
v 0.04569718 -0.00305548 0.05528130
v 0.04470581 -0.00367317 0.05351217
v 0.04436527 -0.00445836 0.05280368
v 0.05084957 -0.00466802 0.04767975
v 0.05213166 -0.00644356 0.04860155
v 0.05416707 -0.00555767 0.05198720
v 0.05345171 -0.00757090 0.05375193
v 0.05268476 -0.00763088 0.05520846
v 0.05224859 -0.00732190 0.05582211
v 0.05270142 -0.00587557 0.05580978
v 0.05170112 -0.00678111 0.05637813
v 0.05010378 -0.00549413 0.05717610
v 0.04983208 -0.00504232 0.05723552
v 0.04861812 -0.00529896 0.05722973
v 0.04504065 -0.00531512 0.05528125
v 0.04493227 -0.00494973 0.05492928
v 0.04475373 -0.00489037 0.05459318
v 0.04481829 -0.00406363 0.05418193
v 0.04446538 -0.00435870 0.05141281
v 0.04506583 -0.00294686 0.05066536
v 0.04519570 -0.00338839 0.05014849
v 0.04581932 -0.00353784 0.04918881
v 0.04664322 -0.00375786 0.04840238
v 0.04761007 -0.00412070 0.04783351
v 0.04879971 -0.00473133 0.04750896
v 0.05005507 -0.00566198 0.04756558
v 0.05048242 -0.00538937 0.04762675
v 0.05090269 -0.00605235 0.04779581
v 0.05149020 -0.00741271 0.04836417
v 0.05236087 -0.00755183 0.04914637
v 0.05351651 -0.00664721 0.05047502
v 0.05370489 -0.00718992 0.05198720
v 0.05402033 -0.00610376 0.05198720
v 0.05342195 -0.00808457 0.05341754
v 0.05158453 -0.00971424 0.05567189
v 0.05164643 -0.00909041 0.05577049
v 0.05059764 -0.00563554 0.05705673
v 0.04540759 -0.00689511 0.05621940
v 0.04412540 -0.00589413 0.05401529
v 0.04437915 -0.00475468 0.05351217
v 0.04365640 -0.00646636 0.05141266
v 0.04421658 -0.00509393 0.05141671
v 0.04441399 -0.00516037 0.05067802
v 0.04611223 -0.00589655 0.04830795
v 0.04693632 -0.00478936 0.04806119
v 0.04668821 -0.00927817 0.04755110
v 0.04790277 -0.00676644 0.04753174
v 0.04933292 -0.00487934 0.04748158
v 0.04971266 -0.00544454 0.04750762
v 0.05078803 -0.00835458 0.04815205
v 0.05172287 -0.00851306 0.04886292
v 0.05234928 -0.00943403 0.05006351
v 0.05301360 -0.00767901 0.05011220
v 0.05293511 -0.00879097 0.05083207
v 0.05350061 -0.00771035 0.05154957
v 0.05244259 -0.01016078 0.05376739
v 0.05189065 -0.00968129 0.05520846
v 0.05070802 -0.00809859 0.05674955
v 0.05003862 -0.00793454 0.05697614
v 0.04675876 -0.00724929 0.05698683
v 0.04397928 -0.00581344 0.05351217
v 0.04324083 -0.00712279 0.05217887
v 0.04481374 -0.00292761 0.05351217
v 0.04464065 -0.00800209 0.04869253
v 0.04930934 -0.00614806 0.04748247
v 0.04977938 -0.00767812 0.04764628
v 0.05102558 -0.00943767 0.04860174
v 0.05181234 -0.00964336 0.04945053
v 0.05244812 -0.01035532 0.05139406
v 0.05334578 -0.00826321 0.05198720
v 0.05258967 -0.01019101 0.05341780
v 0.05062617 -0.01167062 0.05567266
v 0.05098628 -0.00712591 0.05674943
v 0.04891902 -0.00923644 0.05713220
v 0.04891003 -0.00777296 0.05723553
v 0.04876890 -0.00667465 0.05726003
v 0.04728628 -0.00872438 0.05722973
v 0.04392480 -0.00887883 0.05586552
v 0.04396923 -0.00750996 0.05509778
v 0.04351557 -0.00744996 0.05431031
v 0.04311168 -0.00748414 0.05297459
v 0.04319668 -0.00901396 0.04953253
v 0.04395766 -0.00808262 0.04927731
v 0.04453749 -0.00692136 0.04928736
v 0.04548278 -0.00807768 0.04812839
v 0.04554308 -0.00959878 0.04776781
v 0.04662814 -0.00889134 0.04759368
v 0.05111926 -0.01056661 0.04914655
v 0.05175300 -0.01076914 0.05011248
v 0.05252459 -0.00976173 0.05085995
v 0.05249884 -0.01036460 0.05198720
v 0.05144511 -0.01218702 0.05376723
v 0.05093334 -0.01166461 0.05520856
v 0.04958292 -0.01042174 0.05676306
v 0.04600914 -0.00883695 0.05698688
v 0.04350193 -0.00956770 0.05586595
v 0.04502108 -0.00672367 0.05586446
v 0.04271449 -0.00863612 0.05403409
v 0.04352208 -0.00685070 0.05351217
v 0.04277877 -0.00857106 0.05066396
v 0.04305593 -0.00875184 0.04994991
v 0.04341391 -0.00902765 0.04928650
v 0.04505442 -0.00914187 0.04806475
v 0.04631943 -0.00825832 0.04775466
v 0.04578558 -0.01222948 0.04748241
v 0.04864823 -0.00930949 0.04756559
v 0.04926186 -0.00933912 0.04770698
v 0.04982897 -0.00938827 0.04791807
v 0.05026174 -0.01138309 0.04874082
v 0.05106638 -0.01169804 0.04977310
v 0.05153426 -0.01187641 0.05083666
v 0.05158955 -0.01222828 0.05341774
v 0.05008292 -0.01319216 0.05518080
v 0.04857490 -0.00819499 0.05726020
v 0.04305130 -0.01024013 0.05586637
v 0.04206045 -0.00995047 0.05448261
v 0.04287988 -0.00800925 0.05341804
v 0.04356654 -0.00644587 0.05217889
v 0.04500066 -0.00726742 0.04869281
v 0.04834637 -0.00903728 0.04750762
v 0.04999559 -0.00960109 0.04800185
v 0.05086390 -0.01280292 0.05046637
v 0.05175870 -0.01189726 0.05198720
v 0.05028733 -0.01413024 0.05376756
v 0.04857152 -0.01222275 0.05676303
v 0.04513273 -0.01036292 0.05698694
v 0.04257372 -0.01089503 0.05586683
v 0.04277882 -0.00954319 0.05509796
v 0.04200138 -0.00925472 0.05266585
v 0.04333711 -0.00718198 0.05351217
v 0.04576815 -0.01122924 0.04752110
v 0.04744899 -0.01074492 0.04750762
v 0.04805081 -0.01126029 0.04764632
v 0.04919565 -0.01141118 0.04808643
v 0.05032139 -0.01258191 0.04945068
v 0.05012656 -0.01369460 0.05011260
v 0.05064282 -0.01368246 0.05129720
v 0.05091691 -0.01337962 0.05198720
v 0.05148474 -0.01239499 0.05198720
v 0.05042811 -0.01418278 0.05341780
v 0.04884732 -0.01502741 0.05518080
v 0.04737859 -0.01091981 0.05723247
v 0.04413485 -0.01181798 0.05698701
v 0.04207006 -0.01153131 0.05586736
v 0.04171717 -0.01067560 0.04994904
v 0.04203949 -0.01099263 0.04928568
v 0.04365869 -0.01129615 0.04806464
v 0.04406410 -0.01200850 0.04773509
v 0.04535500 -0.01202936 0.04750879
v 0.04901192 -0.01373106 0.04887187
v 0.04933205 -0.01453810 0.04977337
v 0.04978329 -0.01476026 0.05083244
v 0.04897593 -0.01597974 0.05376761
v 0.04741730 -0.01394189 0.05676291
v 0.04772616 -0.01183729 0.05708476
v 0.04541562 -0.01190653 0.05722974
v 0.04154082 -0.01214823 0.05586789
v 0.04156768 -0.01013414 0.05369423
v 0.04192849 -0.00942638 0.05313565
v 0.04187844 -0.00939293 0.05237080
v 0.04101594 -0.01169176 0.04974799
v 0.04324312 -0.01319729 0.04770394
v 0.04444597 -0.01266933 0.04754864
v 0.04697353 -0.01294268 0.04764633
v 0.04827997 -0.01321028 0.04818802
v 0.04840134 -0.01408330 0.04860193
v 0.04899768 -0.01561327 0.05046650
v 0.04999639 -0.01481717 0.05198720
v 0.05030972 -0.01434184 0.05198720
v 0.04911175 -0.01604381 0.05341733
v 0.04746687 -0.01676345 0.05518067
v 0.04098703 -0.01274469 0.05586847
v 0.04122825 -0.01032393 0.05294503
v 0.04101471 -0.01063030 0.05160564
v 0.04046173 -0.01163543 0.05066285
v 0.04200970 -0.00944172 0.05121598
v 0.04315614 -0.01097756 0.04844532
v 0.04641543 -0.01237984 0.04750762
v 0.04892413 -0.01616350 0.05132519
v 0.04898102 -0.01619318 0.05198720
v 0.04751899 -0.01772391 0.05376750
v 0.04699827 -0.01522783 0.05644852
v 0.04302163 -0.01319325 0.05698707
v 0.04040928 -0.01331996 0.05586902
v 0.03977035 -0.01204906 0.05141142
v 0.04193883 -0.00941086 0.05160446
v 0.04045967 -0.01390129 0.04846283
v 0.04159681 -0.01274213 0.04850176
v 0.04200874 -0.01327812 0.04806448
v 0.04232494 -0.01403551 0.04773502
v 0.04525269 -0.01393110 0.04750762
v 0.04576295 -0.01453817 0.04764634
v 0.04661166 -0.01462117 0.04791815
v 0.04735432 -0.01421109 0.04806802
v 0.04726556 -0.01716077 0.04977351
v 0.04764518 -0.01739464 0.05065628
v 0.04764904 -0.01779880 0.05341688
v 0.04595047 -0.01838888 0.05518059
v 0.04515530 -0.01409286 0.05723247
v 0.04692811 -0.01138711 0.05725829
v 0.04180009 -0.01448006 0.05698713
v 0.03980875 -0.01387299 0.05586964
v 0.04006996 -0.01187642 0.05369444
v 0.04048022 -0.01118468 0.05275441
v 0.03927520 -0.01244986 0.05205282
v 0.04103751 -0.01443102 0.04800315
v 0.04136465 -0.01512302 0.04770391
v 0.04359936 -0.01417871 0.04751051
v 0.04721719 -0.01588733 0.04873005
v 0.04847997 -0.01549767 0.04954663
v 0.04780163 -0.01743775 0.05122944
v 0.04789289 -0.01751570 0.05198720
v 0.04592553 -0.01935180 0.05376742
v 0.04536499 -0.01742663 0.05631077
v 0.04680690 -0.01585077 0.05631089
v 0.04535058 -0.01505701 0.05708474
v 0.04305196 -0.01476748 0.05722974
v 0.03918619 -0.01440307 0.05587028
v 0.03926846 -0.01239589 0.05246670
v 0.04168368 -0.00971772 0.05304034
v 0.03872243 -0.01388209 0.04974624
v 0.04008438 -0.01292002 0.04949156
v 0.04442663 -0.01603686 0.04764635
v 0.04567826 -0.01650302 0.04818803
v 0.04606507 -0.01677723 0.04851810
v 0.04640287 -0.01705804 0.04890076
v 0.04671802 -0.01876627 0.05198720
v 0.04750685 -0.01793757 0.05198720
v 0.04604889 -0.01943707 0.05341633
v 0.04430687 -0.01989449 0.05518027
v 0.04442241 -0.01706322 0.05682217
v 0.03854221 -0.01490952 0.05587085
v 0.03895690 -0.01293908 0.05369447
v 0.03894863 -0.01287875 0.05122858
v 0.04006672 -0.01180641 0.05122588
v 0.04189065 -0.01588750 0.04751187
v 0.04319120 -0.01586135 0.04748286
v 0.04483736 -0.01945443 0.04962125
v 0.04524545 -0.01980616 0.05065635
v 0.04420528 -0.02085346 0.05376723
v 0.04379949 -0.01888856 0.05631057
v 0.04382044 -0.01612427 0.05719781
v 0.04047734 -0.01567092 0.05698718
v 0.03787835 -0.01539132 0.05587148
v 0.03642690 -0.01467424 0.05289835
v 0.03944627 -0.01357545 0.04940699
v 0.04002114 -0.01404842 0.04864202
v 0.04256737 -0.01674683 0.04750762
v 0.04273210 -0.01712227 0.04756562
v 0.04329216 -0.01738158 0.04770702
v 0.04380083 -0.01764196 0.04791818
v 0.04460246 -0.01735024 0.04806822
v 0.04475010 -0.01852494 0.04876419
v 0.04630309 -0.01801622 0.04954712
v 0.04611709 -0.01907582 0.05083269
v 0.04547735 -0.01995542 0.05198720
v 0.04589628 -0.01956426 0.05198720
v 0.04432083 -0.02094877 0.05341555
v 0.04254671 -0.02127011 0.05518009
v 0.04464011 -0.01447980 0.05725829
v 0.03906168 -0.01675827 0.05698723
v 0.03719496 -0.01584803 0.05587203
v 0.03745882 -0.01413488 0.05370084
v 0.03752812 -0.01394096 0.05153973
v 0.03706373 -0.01643441 0.04849625
v 0.03904092 -0.01501019 0.04854035
v 0.04460851 -0.02070519 0.05198720
v 0.04236914 -0.02221931 0.05376710
v 0.04212060 -0.02022680 0.05631043
v 0.04282566 -0.01799977 0.05700042
v 0.04025356 -0.01723666 0.05722975
v 0.03649403 -0.01627856 0.05587271
v 0.03682250 -0.01457687 0.05370090
v 0.03858492 -0.01306034 0.05275305
v 0.03719528 -0.01408539 0.05237080
v 0.03710286 -0.01492097 0.04997319
v 0.03624106 -0.01619564 0.04908179
v 0.03950954 -0.01709546 0.04760180
v 0.03938116 -0.01788933 0.04750879
v 0.04140930 -0.01870820 0.04764635
v 0.04241726 -0.01928057 0.04808648
v 0.04199792 -0.02117069 0.04904319
v 0.04262411 -0.02122845 0.04959299
v 0.04547998 -0.01994358 0.05157381
v 0.04371002 -0.02142125 0.05198720
v 0.04415927 -0.02106322 0.05198720
v 0.04247599 -0.02232400 0.05341487
v 0.04068040 -0.02250782 0.05517976
v 0.04124451 -0.01972195 0.05682212
v 0.04187978 -0.01719065 0.05725829
v 0.03577553 -0.01668264 0.05587328
v 0.03392487 -0.01602381 0.05267707
v 0.03727828 -0.01450587 0.05046214
v 0.03694400 -0.01577220 0.04908207
v 0.03723553 -0.01719609 0.04803098
v 0.03748926 -0.01773129 0.04776705
v 0.03835482 -0.01708600 0.04779734
v 0.04021204 -0.01834539 0.04748286
v 0.04352423 -0.02130171 0.05083270
v 0.04278328 -0.02210251 0.05198720
v 0.04042777 -0.02344145 0.05376678
v 0.04033821 -0.02143363 0.05631019
v 0.04080271 -0.01869607 0.05719778
v 0.03756199 -0.01773540 0.05698728
v 0.03641087 -0.01683171 0.05623996
v 0.03549814 -0.01538732 0.05370088
v 0.03558538 -0.01547449 0.05067439
v 0.03575006 -0.01575273 0.04997306
v 0.03882446 -0.01714165 0.04769855
v 0.03955901 -0.01952192 0.04756562
v 0.04007302 -0.01986440 0.04770703
v 0.04053617 -0.02019989 0.04791819
v 0.04086169 -0.02060466 0.04818806
v 0.04117444 -0.02096102 0.04851809
v 0.04211813 -0.02068519 0.04875377
v 0.04056973 -0.02255044 0.04953794
v 0.04182970 -0.02274792 0.05198720
v 0.04230649 -0.02242521 0.05198720
v 0.04052506 -0.02355480 0.05341387
v 0.03871975 -0.02359959 0.05517947
v 0.03598700 -0.01859650 0.05698732
v 0.03566802 -0.01723343 0.05624004
v 0.03481183 -0.01575473 0.05370091
v 0.03574943 -0.01503182 0.05237080
v 0.03479158 -0.01566400 0.05141541
v 0.03594325 -0.01504149 0.05130804
v 0.03439311 -0.01669652 0.04960706
v 0.03636245 -0.01682996 0.04852760
v 0.03631987 -0.02024141 0.04748140
v 0.03945855 -0.01912287 0.04750763
v 0.03968267 -0.02378046 0.05083270
v 0.04229930 -0.02229562 0.05106917
v 0.04085077 -0.02335647 0.05198720
v 0.03839340 -0.02451203 0.05376635
v 0.03915360 -0.02253696 0.05597397
v 0.03951622 -0.02040301 0.05700033
v 0.03708901 -0.01925346 0.05722975
v 0.03490913 -0.01760690 0.05624009
v 0.03411117 -0.01609596 0.05370095
v 0.03507741 -0.01540872 0.05237080
v 0.03475370 -0.01561640 0.05179594
v 0.03730894 -0.01392057 0.05237080
v 0.03482579 -0.01574763 0.05104315
v 0.03471920 -0.01736338 0.04875576
v 0.03694910 -0.01705449 0.04818638
v 0.03696613 -0.01931591 0.04751050
v 0.03776915 -0.02012696 0.04750763
v 0.03799594 -0.02089012 0.04764634
v 0.03890566 -0.02161011 0.04808645
v 0.03947600 -0.02236468 0.04876419
v 0.03860542 -0.02363375 0.04953799
v 0.03990522 -0.02297312 0.04964329
v 0.04010889 -0.02329203 0.05031488
v 0.04154116 -0.02262040 0.05060310
v 0.03984800 -0.02392722 0.05198720
v 0.04034939 -0.02364185 0.05198720
v 0.03771392 -0.02500538 0.05259047
v 0.03848052 -0.02463308 0.05341292
v 0.03727274 -0.02425912 0.05520698
v 0.03767606 -0.02186673 0.05682207
v 0.03761738 -0.02023965 0.05723246
v 0.03515811 -0.01905439 0.05700710
v 0.03413559 -0.01795150 0.05624015
v 0.03339683 -0.01641068 0.05370091
v 0.03404001 -0.01592272 0.05237080
v 0.03370954 -0.01611742 0.05179686
v 0.03395438 -0.01770119 0.04875572
v 0.03421311 -0.01903623 0.04788494
v 0.03539775 -0.01883220 0.04777756
v 0.03474932 -0.01979230 0.04759356
v 0.03525565 -0.02016013 0.04750878
v 0.03827831 -0.02442787 0.05071293
v 0.03882292 -0.02445931 0.05198720
v 0.03627888 -0.02542422 0.05376595
v 0.03623532 -0.02469245 0.05520685
v 0.03719405 -0.02351127 0.05597396
v 0.03696681 -0.02294908 0.05644835
v 0.03654502 -0.02160643 0.05708582
v 0.03432796 -0.01940786 0.05700710
v 0.03334860 -0.01826666 0.05624021
v 0.03290229 -0.01730014 0.05509897
v 0.03267036 -0.01669825 0.05370100
v 0.03274225 -0.01679818 0.05067420
v 0.03286149 -0.01709871 0.04997296
v 0.03301068 -0.01750377 0.04932815
v 0.03386200 -0.01742635 0.04904947
v 0.03338236 -0.01935442 0.04788492
v 0.03559582 -0.01942147 0.04759357
v 0.03603646 -0.02141185 0.04756562
v 0.03649179 -0.02182922 0.04770701
v 0.03689848 -0.02223175 0.04791820
v 0.03715633 -0.02268242 0.04818802
v 0.03741032 -0.02308293 0.04851814
v 0.03761543 -0.02347134 0.04890081
v 0.03655950 -0.02456408 0.04953796
v 0.03790957 -0.02400422 0.04964332
v 0.03808749 -0.02433813 0.05031489
v 0.03720691 -0.02512367 0.05141249
v 0.03919143 -0.02418767 0.05125194
v 0.03777712 -0.02495190 0.05198720
v 0.03556227 -0.02586426 0.05259038
v 0.03519555 -0.02581917 0.05376574
v 0.03518032 -0.02508633 0.05520653
v 0.03577244 -0.02272932 0.05682207
v 0.03584302 -0.02110082 0.05723245
v 0.03618714 -0.02034514 0.05726003
v 0.03488298 -0.02029136 0.05723115
v 0.03348395 -0.01972979 0.05700711
v 0.03254927 -0.01855193 0.05624027
v 0.03214078 -0.01756881 0.05509899
v 0.03193244 -0.01695834 0.05370097
v 0.03297593 -0.01638406 0.05237080
v 0.03192619 -0.01686563 0.05141527
v 0.03200033 -0.01706102 0.05067415
v 0.03278361 -0.01693957 0.05032292
v 0.03292169 -0.01728847 0.04965287
v 0.03253908 -0.01964105 0.04788490
v 0.03342251 -0.02013023 0.04762712
v 0.03600286 -0.02100017 0.04750763
v 0.03617103 -0.02560994 0.05198720
v 0.03671221 -0.02540424 0.05198720
v 0.03409744 -0.02617232 0.05376576
v 0.03411088 -0.02543939 0.05520636
v 0.03516141 -0.02433367 0.05597390
v 0.03497921 -0.02375526 0.05644829
v 0.03466429 -0.02238317 0.05708580
v 0.03311005 -0.02094392 0.05723115
v 0.03262802 -0.02001948 0.05700713
v 0.03173877 -0.01880686 0.05624029
v 0.03136902 -0.01780860 0.05509905
v 0.03118469 -0.01719043 0.05370102
v 0.03225057 -0.01665573 0.05237080
v 0.03189695 -0.01681254 0.05179594
v 0.03332663 -0.01622131 0.05237080
v 0.03194779 -0.01695338 0.05104315
v 0.03168935 -0.01915737 0.04827004
v 0.03168499 -0.01989547 0.04788488
v 0.03252581 -0.02157579 0.04748219
v 0.03417110 -0.02215052 0.04756562
v 0.03459257 -0.02260177 0.04770700
v 0.03496735 -0.02303425 0.04791818
v 0.03518916 -0.02350369 0.04818803
v 0.03541103 -0.02392276 0.04851815
v 0.03558487 -0.02432606 0.04890079
v 0.03444390 -0.02533584 0.04953773
v 0.03583671 -0.02488017 0.04964331
v 0.03598803 -0.02522693 0.05031488
v 0.03607458 -0.02542485 0.05085373
v 0.03562984 -0.02581564 0.05198720
v 0.03334793 -0.02655649 0.05259034
v 0.03298518 -0.02648364 0.05376543
v 0.03302780 -0.02575149 0.05520616
v 0.03380450 -0.02344485 0.05682203
v 0.03400409 -0.02182490 0.05723245
v 0.03176026 -0.02027674 0.05700713
v 0.03091830 -0.01903102 0.05624029
v 0.03058787 -0.01801922 0.05509912
v 0.03042769 -0.01739430 0.05370100
v 0.03114192 -0.01700812 0.05237080
v 0.03078347 -0.01715114 0.05179681
v 0.03067069 -0.01823431 0.04932811
v 0.03077577 -0.01875651 0.04875564
v 0.03085474 -0.01937971 0.04827002
v 0.03186380 -0.01941108 0.04810007
v 0.03269973 -0.02066603 0.04757090
v 0.03417124 -0.02173675 0.04750763
v 0.03449458 -0.02607130 0.05122944
v 0.03552701 -0.02577548 0.05135154
v 0.03453167 -0.02618545 0.05198720
v 0.03186130 -0.02675226 0.05376514
v 0.03193261 -0.02602222 0.05520587
v 0.03306852 -0.02499893 0.05597381
v 0.03293219 -0.02440791 0.05644827
v 0.03272626 -0.02301483 0.05708579
v 0.03088280 -0.02050104 0.05700714
v 0.03008963 -0.01922410 0.05624034
v 0.02979873 -0.01820026 0.05509918
v 0.02966294 -0.01756957 0.05370103
v 0.02971798 -0.01767951 0.05067406
v 0.02978849 -0.01799510 0.04997279
v 0.02987274 -0.01841848 0.04932808
v 0.03072856 -0.01847009 0.04904951
v 0.03086848 -0.01901730 0.04852758
v 0.03113464 -0.02110875 0.04756830
v 0.03251660 -0.02130784 0.04749671
v 0.03225147 -0.02274540 0.04756562
v 0.03263655 -0.02322767 0.04770699
v 0.03297710 -0.02368762 0.04791818
v 0.03316153 -0.02417286 0.04818801
v 0.03334978 -0.02460799 0.04851815
v 0.03349153 -0.02502364 0.04890081
v 0.03227313 -0.02594396 0.04953762
v 0.03369905 -0.02559571 0.04964327
v 0.03382271 -0.02595325 0.05031482
v 0.03389364 -0.02615725 0.05085361
v 0.03285706 -0.02665560 0.05198720
v 0.03341939 -0.02651311 0.05198720
v 0.03108442 -0.02707788 0.05259015
v 0.03072750 -0.02697777 0.05376491
v 0.03082745 -0.02625091 0.05520567
v 0.03178476 -0.02400862 0.05682199
v 0.03211183 -0.02240744 0.05723245
v 0.03257045 -0.02171195 0.05726003
v 0.03128970 -0.02146026 0.05723115
v 0.02999703 -0.02069200 0.05700715
v 0.02925358 -0.01938582 0.05624040
v 0.02900256 -0.01835146 0.05509916
v 0.02889183 -0.01771590 0.05370106
v 0.03001552 -0.01730449 0.05237080
v 0.02889946 -0.01762339 0.05141507
v 0.02894203 -0.01782801 0.05067397
v 0.02973753 -0.01782549 0.05032298
v 0.02981923 -0.01819170 0.04965291
v 0.02856655 -0.02134277 0.04761592
v 0.03022323 -0.02130932 0.04756830
v 0.03186981 -0.02170771 0.04748191
v 0.03228473 -0.02233241 0.04750763
v 0.03284751 -0.02662283 0.05160537
v 0.03229473 -0.02679810 0.05198720
v 0.02958543 -0.02715988 0.05376466
v 0.02971451 -0.02643705 0.05520569
v 0.03092813 -0.02550287 0.05597378
v 0.03083873 -0.02490289 0.05644824
v 0.03074261 -0.02349760 0.05708577
v 0.02943249 -0.02183737 0.05723114
v 0.02910378 -0.02084938 0.05700714
v 0.02841146 -0.01951587 0.05624043
v 0.02820128 -0.01847257 0.05509924
v 0.02811500 -0.01783318 0.05370104
v 0.03040200 -0.01724611 0.05275308
v 0.02925467 -0.01746423 0.05237080
v 0.02887962 -0.01756632 0.05179591
v 0.03038851 -0.01719624 0.05237080
v 0.02890794 -0.01771335 0.05104312
v 0.02830576 -0.01985549 0.04827001
v 0.02818536 -0.02058519 0.04788481
v 0.02764748 -0.02144590 0.04761590
v 0.03035578 -0.02278318 0.04750764
v 0.03028937 -0.02319275 0.04756561
v 0.03063579 -0.02370310 0.04770697
v 0.03093987 -0.02418778 0.04791817
v 0.03108552 -0.02468594 0.04818798
v 0.03123971 -0.02513421 0.04851811
v 0.03134823 -0.02555972 0.04890078
v 0.03005907 -0.02638487 0.04953728
v 0.03151022 -0.02614629 0.04964329
v 0.03160558 -0.02651234 0.05031479
v 0.03166010 -0.02672131 0.05085362
v 0.03115941 -0.02704000 0.05198720
v 0.02878588 -0.02742515 0.05259019
v 0.02859378 -0.02658105 0.05520533
v 0.02972549 -0.02441720 0.05682198
v 0.03017754 -0.02284489 0.05723244
v 0.02810207 -0.01764633 0.05237080
v 0.02772434 -0.01773406 0.05179674
v 0.02843886 -0.02013271 0.04810006
v 0.02849316 -0.02083361 0.04777754
v 0.02999642 -0.02711989 0.05122944
v 0.03106376 -0.02698469 0.05135188
v 0.03001519 -0.02723843 0.05198720
v 0.02887008 -0.02732691 0.05332977
v 0.02779613 -0.02678893 0.05496858
v 0.02875364 -0.02584249 0.05597370
v 0.02871164 -0.02523721 0.05644821
v 0.02816296 -0.02438366 0.05693296
v 0.02872601 -0.02382826 0.05708575
v 0.02909679 -0.02301917 0.05723380
v 0.02855537 -0.02188185 0.05722066
v 0.02811852 -0.02124551 0.05708041
v 0.02793987 -0.01986145 0.05643686
v 0.02781991 -0.01874395 0.05539647
v 0.02774240 -0.01800145 0.05406159
v 0.02696929 -0.01800810 0.05085832
v 0.02699561 -0.01830114 0.05014781
v 0.02783136 -0.01851573 0.04965593
v 0.02789273 -0.01898655 0.04905282
v 0.02796515 -0.01954550 0.04853107
v 0.02760190 -0.02203970 0.04751577
v 0.02829776 -0.02348969 0.04756560
v 0.02860289 -0.02402511 0.04770696
v 0.02886873 -0.02453159 0.04791816
v 0.02897489 -0.02503957 0.04818799
v 0.02748396 -0.02587698 0.04864974
v 0.02916837 -0.02593110 0.04890079
v 0.02781673 -0.02665579 0.04953707
v 0.02928387 -0.02652844 0.04964323
v 0.02935027 -0.02690082 0.05031477
v 0.02938842 -0.02711342 0.05085368
v 0.02828546 -0.02744840 0.05198720
v 0.02886383 -0.02739308 0.05198720
v 0.02689142 -0.02757520 0.05252074
v 0.02808382 -0.02369983 0.05714850
v 0.02811154 -0.02314137 0.05723380
v 0.02877655 -0.02251573 0.05726003
v 0.02687454 -0.02136104 0.05708339
v 0.02634114 -0.02045209 0.05672271
v 0.02668056 -0.01996887 0.05644031
v 0.02632024 -0.01920847 0.05580564
v 0.02660763 -0.01884487 0.05539970
v 0.02630597 -0.01831525 0.05455313
v 0.02656604 -0.01809786 0.05406363
v 0.02655568 -0.01788984 0.05332489
v 0.02694108 -0.01777044 0.05237080
v 0.02649038 -0.01782963 0.05182779
v 0.02658405 -0.01824414 0.05032288
v 0.02631119 -0.01876791 0.04945136
v 0.02663569 -0.01909350 0.04904944
v 0.02628022 -0.01986613 0.04837839
v 0.02669294 -0.02029755 0.04810007
v 0.02598385 -0.02126128 0.04769511
v 0.02651827 -0.02176262 0.04756828
v 0.02877618 -0.02251578 0.04748158
v 0.02839568 -0.02308634 0.04750764
v 0.02828096 -0.02741453 0.05160537
v 0.02770710 -0.02750372 0.05198720
v 0.02701666 -0.02748543 0.05328722
v 0.02701035 -0.02728257 0.05402880
v 0.02699854 -0.02696603 0.05472965
v 0.02696144 -0.02602631 0.05594023
v 0.02694131 -0.02542584 0.05642046
v 0.02692853 -0.02475681 0.05680076
v 0.02635544 -0.02269978 0.05726003
v 0.02728008 -0.02213097 0.05723457
v 0.02628198 -0.02083019 0.05688786
v 0.02623078 -0.01952693 0.05608860
v 0.02619177 -0.01853424 0.05492542
v 0.02616879 -0.01794931 0.05351217
v 0.02733201 -0.01777070 0.05275308
v 0.02616349 -0.01781432 0.05237080
v 0.02596849 -0.01782948 0.05208369
v 0.02649960 -0.01797415 0.05107394
v 0.02623078 -0.01952693 0.04865301
v 0.02628198 -0.02083020 0.04785375
v 0.02579896 -0.02251617 0.04748349
v 0.02579796 -0.02348426 0.04753241
v 0.02655033 -0.02419176 0.04770695
v 0.02677574 -0.02471705 0.04791815
v 0.02684193 -0.02523166 0.04818796
v 0.02692442 -0.02569825 0.04851808
v 0.02695739 -0.02599100 0.04876761
v 0.02701127 -0.02651346 0.04933191
v 0.02703344 -0.02673998 0.04964328
v 0.02707029 -0.02711638 0.05031481
v 0.02709148 -0.02733124 0.05085353
v 0.02710951 -0.02747294 0.05141240
v 0.02654680 -0.02757017 0.05198720
v 0.02538470 -0.02637756 0.05256260
v 0.02538470 -0.02759987 0.05256260
v 0.02538470 -0.02754721 0.05313565
v 0.02538470 -0.02747231 0.05351217
v 0.02538470 -0.02750976 0.05332391
v 0.02538470 -0.02736811 0.05388166
v 0.02538470 -0.02723523 0.05424183
v 0.02538470 -0.02730167 0.05406174
v 0.02538470 -0.02707451 0.05459046
v 0.02538470 -0.02688693 0.05492542
v 0.02538470 -0.02698072 0.05475794
v 0.02538470 -0.02667364 0.05524462
v 0.02538470 -0.02643597 0.05554610
v 0.02538470 -0.02655481 0.05539536
v 0.02538470 -0.02617538 0.05582801
v 0.02538470 -0.02589347 0.05608860
v 0.02538470 -0.02603442 0.05595830
v 0.02538470 -0.02559199 0.05632627
v 0.02538470 -0.02527279 0.05653955
v 0.02538470 -0.02543239 0.05643291
v 0.02538470 -0.02493784 0.05672713
v 0.02538470 -0.02458920 0.05688786
v 0.02538470 -0.02476352 0.05680749
v 0.02538470 -0.02422903 0.05702073
v 0.02538470 -0.02385955 0.05712494
v 0.02538470 -0.02404429 0.05707284
v 0.02538470 -0.02348302 0.05719983
v 0.02538470 -0.02310178 0.05724495
v 0.02538470 -0.02271818 0.05726003
v 0.02538470 -0.02233458 0.05724495
v 0.02538470 -0.02290939 0.05723744
v 0.02538470 -0.02195334 0.05719983
v 0.02538470 -0.02157681 0.05712494
v 0.02538470 -0.02120733 0.05702073
v 0.02538470 -0.02084716 0.05688786
v 0.02538470 -0.02049852 0.05672713
v 0.02538470 -0.02103245 0.05694017
v 0.02538470 -0.02016357 0.05653955
v 0.02538470 -0.01984437 0.05632627
v 0.02538470 -0.01954288 0.05608860
v 0.02538470 -0.01926098 0.05582801
v 0.02538470 -0.01970295 0.05619561
v 0.02538470 -0.01900039 0.05554610
v 0.02538470 -0.01876272 0.05524462
v 0.02538470 -0.01854943 0.05492542
v 0.02538470 -0.01836185 0.05459046
v 0.02538470 -0.01866860 0.05507665
v 0.02538470 -0.01820113 0.05424183
v 0.02538470 -0.01806825 0.05388166
v 0.02538470 -0.01796405 0.05351217
v 0.02538470 -0.01788915 0.05313565
v 0.02538470 -0.01803065 0.05369283
v 0.02538470 -0.01784403 0.05275441
v 0.02538470 -0.01782896 0.05237080
v 0.02538470 -0.01905880 0.05217900
v 0.02538470 -0.01788915 0.05160596
v 0.02538470 -0.01796405 0.05122944
v 0.02538470 -0.01806825 0.05085995
v 0.02538470 -0.01801615 0.05104470
v 0.02538470 -0.01820113 0.05049978
v 0.02538470 -0.01836185 0.05015114
v 0.02538470 -0.01854943 0.04981619
v 0.02538470 -0.01876272 0.04949699
v 0.02538470 -0.01846878 0.04999103
v 0.02538470 -0.01900039 0.04919551
v 0.02538470 -0.01926098 0.04891360
v 0.02538470 -0.01954289 0.04865301
v 0.02538470 -0.01984437 0.04841534
v 0.02538470 -0.01941216 0.04879436
v 0.02538470 -0.02016357 0.04820206
v 0.02538470 -0.02049852 0.04801448
v 0.02538470 -0.02084716 0.04785375
v 0.02538470 -0.02120733 0.04772088
v 0.02538470 -0.02067914 0.04794779
v 0.02538470 -0.02157681 0.04761667
v 0.02538470 -0.02195334 0.04754178
v 0.02538470 -0.02233458 0.04749666
v 0.02538470 -0.02176507 0.04757923
v 0.02538470 -0.02271818 0.04748158
v 0.02538470 -0.02310178 0.04749666
v 0.02538470 -0.02348302 0.04754178
v 0.02538470 -0.02290998 0.04748912
v 0.02538470 -0.02385955 0.04761667
v 0.02538470 -0.02422903 0.04772088
v 0.02538470 -0.02458921 0.04785375
v 0.02538470 -0.02493784 0.04801448
v 0.02538470 -0.02527279 0.04820206
v 0.02538470 -0.02510531 0.04810827
v 0.02538470 -0.02559199 0.04841534
v 0.02538470 -0.02589348 0.04865301
v 0.02538470 -0.02617538 0.04891360
v 0.02538470 -0.02603443 0.04878330
v 0.02538470 -0.02643597 0.04919551
v 0.02538470 -0.02667365 0.04949699
v 0.02538470 -0.02688693 0.04981619
v 0.02538470 -0.02678029 0.04965659
v 0.02538470 -0.02707451 0.05015114
v 0.02538470 -0.02723523 0.05049978
v 0.02538470 -0.02736811 0.05085995
v 0.02538470 -0.02730167 0.05067987
v 0.02538470 -0.02747231 0.05122944
v 0.02538470 -0.02754721 0.05160596
v 0.02538470 -0.02759233 0.05198720
v 0.05010123 0.00100498 0.05237080
v 0.05493786 0.00100498 0.05179835
v 0.05452424 0.00100498 0.05033177
v 0.05367767 0.00100498 0.04906478
v 0.05248101 0.00100498 0.04812141
v 0.05105139 0.00100498 0.04759400
v 0.04952878 0.00100498 0.04753417
v 0.04806220 0.00100498 0.04794779
v 0.04679520 0.00100498 0.04879436
v 0.04585183 0.00100498 0.04999103
v 0.04539920 0.00100498 0.05104470
v 0.04526460 0.00100498 0.05179835
v 0.04532442 0.00100498 0.05332097
v 0.04585183 0.00100498 0.05475058
v 0.04679521 0.00100498 0.05594724
v 0.04806220 0.00100498 0.05679382
v 0.04952878 0.00100498 0.05720744
v 0.05105139 0.00100498 0.05714761
v 0.05248101 0.00100498 0.05662020
v 0.05367767 0.00100498 0.05567683
v 0.05452424 0.00100498 0.05440984
v 0.05493410 0.00100498 0.05303916
v 0.05497538 0.00100498 0.05275441
v 0.05490685 0.00320309 0.05193412
v 0.05485466 0.00268009 0.05141228
v 0.05468472 0.00100498 0.05067987
v 0.05468430 0.00312523 0.05083088
v 0.05449798 0.00264132 0.05031440
v 0.05416333 0.00100498 0.04965659
v 0.05419763 0.00306576 0.04978596
v 0.05389502 0.00258335 0.04933159
v 0.05341748 0.00100498 0.04878330
v 0.05348301 0.00298462 0.04888674
v 0.05307980 0.00249863 0.04851787
v 0.05248837 0.00100498 0.04810827
v 0.05258093 0.00286378 0.04818023
v 0.05195087 0.00204509 0.04784380
v 0.05142734 0.00100498 0.04766877
v 0.05101646 0.00189241 0.04756555
v 0.05029303 0.00100498 0.04748911
v 0.05059861 0.00194278 0.04750415
v 0.04914813 0.00100498 0.04757923
v 0.04875493 0.00223400 0.04765828
v 0.04805589 0.00100498 0.04793411
v 0.04826160 0.00232804 0.04782164
v 0.04767893 0.00226597 0.04810018
v 0.04707667 0.00100498 0.04853417
v 0.04724218 0.00237661 0.04837051
v 0.04674654 0.00222219 0.04877766
v 0.04626461 0.00100498 0.04934625
v 0.04638683 0.00235375 0.04913844
v 0.04600010 0.00217826 0.04965308
v 0.04566454 0.00100498 0.05032546
v 0.04573554 0.00232094 0.05008370
v 0.04547205 0.00207936 0.05070803
v 0.04539150 0.00138024 0.05104470
v 0.04530195 0.00138024 0.05141770
v 0.04522331 0.00100498 0.05246671
v 0.04519221 0.00166996 0.05211178
v 0.04538048 0.00100498 0.05360279
v 0.04526745 0.00167048 0.05326493
v 0.04579851 0.00100498 0.05467078
v 0.04561123 0.00166822 0.05436967
v 0.04645432 0.00100498 0.05561169
v 0.04620573 0.00166006 0.05536480
v 0.04731165 0.00100498 0.05637349
v 0.04702018 0.00164074 0.05619508
v 0.04832314 0.00100498 0.05691411
v 0.04801275 0.00163361 0.05681409
v 0.04892597 0.00214025 0.05713343
v 0.04914813 0.00100498 0.05716238
v 0.04951314 0.00280858 0.05723458
v 0.05019713 0.00100498 0.05724873
v 0.05062469 0.00193689 0.05723400
v 0.05105433 0.00100498 0.05716238
v 0.05161208 0.00100498 0.05702073
v 0.05159488 0.00209115 0.05702786
v 0.05214658 0.00100498 0.05680749
v 0.05265584 0.00100498 0.05653955
v 0.05263414 0.00223758 0.05654596
v 0.05312579 0.00100498 0.05620744
v 0.05355843 0.00100498 0.05582801
v 0.05353446 0.00232551 0.05583379
v 0.05393787 0.00100498 0.05539536
v 0.05426998 0.00100498 0.05492542
v 0.05424502 0.00238319 0.05493038
v 0.05453792 0.00100498 0.05441615
v 0.05475116 0.00100498 0.05388166
v 0.05472606 0.00241804 0.05388531
v 0.05492268 0.00156924 0.05303916
v 0.05495256 0.00213351 0.05275441
v 0.05497164 0.00100498 0.05208369
v 0.05478379 0.00446368 0.05215033
v 0.05223783 0.00305203 0.04801448
v 0.05129274 0.00317453 0.04764973
v 0.04972409 0.00221139 0.04748317
v 0.04951783 0.00258921 0.04750873
v 0.04851134 0.00337677 0.04769861
v 0.04552188 0.00252347 0.05049978
v 0.04528553 0.00250487 0.05122944
v 0.04511156 0.00324334 0.05179681
v 0.04508998 0.00323456 0.05275453
v 0.04521033 0.00287190 0.05332496
v 0.04531355 0.00325323 0.05388275
v 0.04556414 0.00290373 0.05441852
v 0.04579292 0.00330510 0.05492916
v 0.04616254 0.00296073 0.05539956
v 0.04650321 0.00339304 0.05583654
v 0.04697296 0.00304256 0.05621390
v 0.04740678 0.00353896 0.05655486
v 0.04795081 0.00316174 0.05681648
v 0.04844658 0.00390209 0.05704296
v 0.05198783 0.00371801 0.05682359
v 0.05236749 0.00450647 0.05658984
v 0.05297981 0.00373004 0.05622373
v 0.05331224 0.00444320 0.05587909
v 0.05379847 0.00377380 0.05540997
v 0.05405263 0.00443712 0.05496904
v 0.05440317 0.00381073 0.05442719
v 0.05455498 0.00443070 0.05391003
v 0.05484490 0.00325019 0.05319190
v 0.05488413 0.00326030 0.05275441
v 0.05467748 0.00431757 0.05120705
v 0.05454754 0.00435725 0.05085995
v 0.05427562 0.00420914 0.05011140
v 0.05406969 0.00430069 0.04981619
v 0.05363049 0.00405132 0.04914567
v 0.05336308 0.00421706 0.04891360
v 0.05278325 0.00381323 0.04836360
v 0.05246675 0.00411097 0.04820206
v 0.05154022 0.00427330 0.04776546
v 0.05056461 0.00319151 0.04750777
v 0.04929006 0.00441365 0.04751046
v 0.04893250 0.00314784 0.04759362
v 0.04807179 0.00359079 0.04785375
v 0.04741338 0.00348601 0.04818674
v 0.04707595 0.00347293 0.04841534
v 0.04650037 0.00341664 0.04890506
v 0.04623782 0.00337373 0.04919551
v 0.04578917 0.00333600 0.04981244
v 0.04560371 0.00329868 0.05015114
v 0.04515494 0.00362372 0.05122944
v 0.04507469 0.00323547 0.05237071
v 0.04899309 0.00338085 0.05716348
v 0.05095517 0.00354116 0.05716378
v 0.05149385 0.00473887 0.05696981
v 0.05184639 0.00557833 0.05677549
v 0.05465102 0.00436950 0.05351217
v 0.05477021 0.00438360 0.05275441
v 0.05441371 0.00669371 0.05215034
v 0.05418600 0.00697845 0.05097521
v 0.05421735 0.00649989 0.05083108
v 0.05409797 0.00595237 0.05031429
v 0.05374213 0.00633831 0.04977207
v 0.05350617 0.00582388 0.04933161
v 0.05304073 0.00610361 0.04886211
v 0.05270670 0.00564364 0.04851783
v 0.05216366 0.00575073 0.04815144
v 0.05173244 0.00536234 0.04790942
v 0.05073098 0.00479857 0.04756554
v 0.05035916 0.00456572 0.04750360
v 0.04973966 0.00520512 0.04748158
v 0.04808677 0.00529824 0.04773515
v 0.04737029 0.00477829 0.04810016
v 0.04682054 0.00509763 0.04840241
v 0.04644938 0.00462528 0.04877767
v 0.04598011 0.00495138 0.04918877
v 0.04571342 0.00449357 0.04965301
v 0.04535127 0.00482556 0.05014844
v 0.04527313 0.00400292 0.05067887
v 0.04475473 0.00507464 0.05217852
v 0.04478624 0.00507156 0.05294583
v 0.04510266 0.00398699 0.05351285
v 0.04520413 0.00401181 0.05388166
v 0.04549698 0.00404300 0.05459305
v 0.04567939 0.00408708 0.05492542
v 0.04613048 0.00414310 0.05555285
v 0.04638217 0.00419839 0.05582801
v 0.04696916 0.00429747 0.05633921
v 0.04727365 0.00433959 0.05653955
v 0.04796199 0.00458262 0.05690810
v 0.04830456 0.00450287 0.05702073
v 0.04929089 0.00460635 0.05723450
v 0.05000593 0.00334637 0.05726003
v 0.05047132 0.00384676 0.05723401
v 0.05125608 0.00666011 0.05693317
v 0.05231997 0.00513885 0.05653955
v 0.05285772 0.00550148 0.05614017
v 0.05321145 0.00528004 0.05582801
v 0.05366990 0.00551837 0.05529161
v 0.05391424 0.00539135 0.05492542
v 0.05425483 0.00553845 0.05427602
v 0.05438949 0.00546663 0.05388166
v 0.05450879 0.00605728 0.05275441
v 0.05461095 0.00550170 0.05275441
v 0.05392236 0.00807148 0.05097501
v 0.05180314 0.00609500 0.04801448
v 0.05084955 0.00610518 0.04764973
v 0.04789433 0.00615344 0.04773514
v 0.04753851 0.00566725 0.04792511
v 0.04695750 0.00595899 0.04818669
v 0.04519587 0.00478073 0.05049978
v 0.04496334 0.00473448 0.05122944
v 0.04478396 0.00508151 0.05179609
v 0.04513968 0.00362170 0.05122944
v 0.04475503 0.00507293 0.05256285
v 0.04484359 0.00509019 0.05332496
v 0.04489938 0.00548099 0.05388276
v 0.04519126 0.00516329 0.05441857
v 0.04536933 0.00558883 0.05492913
v 0.04577870 0.00529039 0.05539949
v 0.04606434 0.00576008 0.05583664
v 0.04657392 0.00546702 0.05621392
v 0.04694414 0.00601167 0.05655489
v 0.04753088 0.00570028 0.05681648
v 0.04793277 0.00649517 0.05704295
v 0.04877840 0.00717773 0.05723788
v 0.05016348 0.00573900 0.05723401
v 0.05052266 0.00592725 0.05717603
v 0.05093785 0.00577119 0.05708769
v 0.05180314 0.00609500 0.05672713
v 0.05245807 0.00685545 0.05622371
v 0.05270209 0.00760272 0.05587892
v 0.05326606 0.00699513 0.05540991
v 0.05343843 0.00768356 0.05496880
v 0.05386227 0.00710301 0.05442713
v 0.05393828 0.00773616 0.05390967
v 0.05436897 0.00659775 0.05319185
v 0.05440662 0.00661287 0.05275441
v 0.05386465 0.00888850 0.05215030
v 0.05361469 0.00915386 0.05097486
v 0.05368735 0.00748294 0.05011108
v 0.05347161 0.00755071 0.04981619
v 0.05306558 0.00725026 0.04914548
v 0.05277973 0.00738460 0.04891360
v 0.05225277 0.00691420 0.04836351
v 0.05190208 0.00717390 0.04820206
v 0.05096197 0.00722574 0.04776546
v 0.05012439 0.00603524 0.04750776
v 0.04893930 0.00621243 0.04751046
v 0.04766734 0.00700036 0.04773511
v 0.04662364 0.00590666 0.04841534
v 0.04605878 0.00578261 0.04890504
v 0.04580298 0.00570963 0.04919551
v 0.04536193 0.00561902 0.04981239
v 0.04518208 0.00556057 0.05015114
v 0.04469626 0.00583088 0.05122944
v 0.04450279 0.00616992 0.05179676
v 0.04853961 0.00604061 0.05716348
v 0.05123738 0.00701432 0.05688786
v 0.05189243 0.00782093 0.05644927
v 0.05212225 0.00860105 0.05614001
v 0.05404082 0.00768737 0.05351217
v 0.05415753 0.00771538 0.05275441
v 0.05326357 0.01022348 0.05097467
v 0.05267521 0.00978903 0.04953335
v 0.05223906 0.00947935 0.04891943
v 0.05223122 0.00922000 0.04886200
v 0.05195467 0.00872482 0.04851778
v 0.05140242 0.00876655 0.04815143
v 0.05102079 0.00833078 0.04790944
v 0.05009422 0.00765218 0.04756553
v 0.04975351 0.00737554 0.04750360
v 0.04844343 0.00797895 0.04751045
v 0.04740607 0.00783790 0.04773508
v 0.04591431 0.00780959 0.04850254
v 0.04535282 0.00766062 0.04903358
v 0.04535390 0.00724694 0.04918876
v 0.04514469 0.00676098 0.04965302
v 0.04474426 0.00704793 0.05014837
v 0.04476720 0.00622152 0.05067892
v 0.04415237 0.00722615 0.05294586
v 0.04429663 0.00726729 0.05369988
v 0.04455026 0.00734923 0.05442288
v 0.04498477 0.00628772 0.05459313
v 0.04516066 0.00635295 0.05492542
v 0.04560203 0.00646155 0.05555280
v 0.04584549 0.00654609 0.05582801
v 0.04641663 0.00671363 0.05633921
v 0.04671420 0.00679109 0.05653955
v 0.04736826 0.00711443 0.05690810
v 0.04771877 0.00707441 0.05702073
v 0.04830737 0.00845642 0.05723285
v 0.05004569 0.00781930 0.05717602
v 0.05065499 0.00775387 0.05703466
v 0.05127211 0.00875402 0.05664957
v 0.05148068 0.00957030 0.05637745
v 0.05250030 0.00842294 0.05582801
v 0.05292732 0.00871293 0.05529135
v 0.05318513 0.00861608 0.05492542
v 0.05350584 0.00880197 0.05427590
v 0.05364824 0.00874669 0.05388166
v 0.05369534 0.00934763 0.05275441
v 0.05386405 0.00880756 0.05275441
v 0.05313993 0.01103487 0.05215042
v 0.05286946 0.01127904 0.05097455
v 0.05229893 0.01082156 0.04953329
v 0.05238273 0.01003337 0.04933157
v 0.05100207 0.00906741 0.04801448
v 0.05005339 0.00896486 0.04764974
v 0.04711090 0.00866489 0.04773506
v 0.04562049 0.00857873 0.04850254
v 0.04560021 0.00774555 0.04877758
v 0.04459508 0.00698566 0.05049978
v 0.04436960 0.00691239 0.05122944
v 0.04385118 0.00792448 0.05217836
v 0.04388275 0.00792650 0.05294572
v 0.04420701 0.00725167 0.05332482
v 0.04440454 0.00731782 0.05406359
v 0.04507109 0.00839313 0.05570829
v 0.04533858 0.00806101 0.05583661
v 0.04588098 0.00782947 0.05621389
v 0.04618234 0.00841507 0.05655494
v 0.04680370 0.00817381 0.05681646
v 0.04710580 0.00901268 0.05704296
v 0.04786301 0.00979135 0.05723788
v 0.04932343 0.00703686 0.05726003
v 0.04970300 0.00760213 0.05723401
v 0.05077858 0.01051218 0.05658953
v 0.05191094 0.00936272 0.05608860
v 0.05234701 0.01013363 0.05540984
v 0.05243520 0.01083771 0.05496865
v 0.05292655 0.01031058 0.05442706
v 0.05292560 0.01094862 0.05390948
v 0.05349108 0.00986802 0.05319202
v 0.05352664 0.00988770 0.05275441
v 0.05243304 0.01231859 0.05097436
v 0.05188113 0.01183907 0.04953322
v 0.05135005 0.00993295 0.04836342
v 0.05096966 0.01015131 0.04820206
v 0.05002908 0.01009219 0.04776546
v 0.04934202 0.00880783 0.04750776
v 0.04678226 0.00948010 0.04773503
v 0.04529558 0.00933604 0.04850250
v 0.04465772 0.00783800 0.04981239
v 0.04448587 0.00775931 0.05015114
v 0.04396974 0.00797115 0.05122944
v 0.04387873 0.00793655 0.05179598
v 0.04446870 0.00654895 0.05122944
v 0.04385151 0.00792356 0.05256280
v 0.04482858 0.00829868 0.05539959
v 0.04776500 0.00863040 0.05716347
v 0.04909291 0.00942429 0.05723401
v 0.04941638 0.00966991 0.05717602
v 0.05002977 0.00965177 0.05703464
v 0.05041682 0.01048983 0.05677528
v 0.05126913 0.01026179 0.05632627
v 0.05171908 0.01107130 0.05570239
v 0.05180286 0.01180091 0.05529108
v 0.05303323 0.01091260 0.05351217
v 0.05314583 0.01095414 0.05275441
v 0.05224405 0.01311932 0.05215033
v 0.05195477 0.01334120 0.05097437
v 0.05142256 0.01283960 0.04953306
v 0.04995367 0.01119756 0.04790944
v 0.04911528 0.01041308 0.04756552
v 0.04881095 0.01009630 0.04750359
v 0.04875930 0.00883249 0.04748158
v 0.04780568 0.00970203 0.04751045
v 0.04642088 0.01028191 0.04773500
v 0.04493987 0.01008070 0.04850248
v 0.04395961 0.00966778 0.04964385
v 0.04361958 0.00950264 0.05031855
v 0.04399238 0.00836781 0.05067913
v 0.04342319 0.00896933 0.05179669
v 0.04363884 0.00946390 0.05442295
v 0.04397850 0.00962981 0.05509783
v 0.04462715 0.00820381 0.05509774
v 0.04557224 0.00905106 0.05633925
v 0.04585892 0.00916238 0.05653955
v 0.04646929 0.00956175 0.05690811
v 0.04682322 0.00956181 0.05702073
v 0.04723929 0.01100734 0.05723285
v 0.05103589 0.01196777 0.05597411
v 0.05110976 0.01272419 0.05559507
v 0.05207049 0.01173530 0.05492542
v 0.05236723 0.01195701 0.05427553
v 0.05251504 0.01191944 0.05388166
v 0.05248930 0.01252231 0.05275441
v 0.05272220 0.01200524 0.05275441
v 0.05143562 0.01434456 0.05097430
v 0.05092382 0.01382225 0.04953305
v 0.05087648 0.01232457 0.04876745
v 0.05033828 0.01204503 0.04829304
v 0.04891528 0.01171421 0.04764973
v 0.04702969 0.01137186 0.04751044
v 0.04602690 0.01106977 0.04773498
v 0.04455413 0.01081121 0.04850243
v 0.04359066 0.01036027 0.04964381
v 0.04378175 0.00956621 0.04998075
v 0.04349343 0.00942429 0.05067804
v 0.04351254 0.00900841 0.05122944
v 0.04290439 0.00996002 0.05294583
v 0.04304040 0.01002339 0.05369994
v 0.04327796 0.01014436 0.05442303
v 0.04378750 0.00955471 0.05476087
v 0.04451737 0.01087707 0.05623947
v 0.04504495 0.01129934 0.05667684
v 0.04553361 0.01195645 0.05700645
v 0.04597695 0.01141947 0.05704296
v 0.04667332 0.01123700 0.05717325
v 0.04663489 0.01228350 0.05723787
v 0.04863878 0.01146714 0.05717601
v 0.04925229 0.01149685 0.05703463
v 0.04981948 0.01154591 0.05682353
v 0.05007977 0.01351287 0.05613980
v 0.05035928 0.01360538 0.05587853
v 0.05142210 0.01265477 0.05524462
v 0.05160891 0.01338936 0.05442688
v 0.05153089 0.01402363 0.05390935
v 0.05222353 0.01301530 0.05319213
v 0.05225640 0.01303938 0.05275441
v 0.05118248 0.01512924 0.05215050
v 0.05087635 0.01532728 0.05097417
v 0.05038573 0.01478517 0.04953306
v 0.04929538 0.01263546 0.04791942
v 0.04822803 0.01147279 0.04750776
v 0.04560165 0.01184149 0.04773493
v 0.04413898 0.01152645 0.04850237
v 0.04319363 0.01103835 0.04964378
v 0.04287034 0.01016696 0.05132357
v 0.04249281 0.01060432 0.05217825
v 0.04252359 0.01061146 0.05294574
v 0.04295418 0.00999423 0.05332484
v 0.04313877 0.01009077 0.05406360
v 0.04425969 0.01068747 0.05596395
v 0.04479026 0.01097694 0.05644018
v 0.04537427 0.01131174 0.05681647
v 0.04805132 0.01057906 0.05726003
v 0.04833675 0.01119485 0.05723401
v 0.04993020 0.01241353 0.05658946
v 0.05071883 0.01352999 0.05554610
v 0.05092955 0.01430264 0.05477011
v 0.05085438 0.01496054 0.05427530
v 0.05164221 0.01400048 0.05351217
v 0.05174915 0.01405497 0.05275441
v 0.05027788 0.01628778 0.05097402
v 0.04980909 0.01572681 0.04953302
v 0.04988193 0.01422914 0.04876739
v 0.04936731 0.01390843 0.04829303
v 0.04823435 0.01307530 0.04765572
v 0.04514474 0.01259721 0.04773492
v 0.04369476 0.01222567 0.04850234
v 0.04276920 0.01170092 0.04964373
v 0.04237659 0.01116420 0.05096210
v 0.04210318 0.01125451 0.05198789
v 0.04332756 0.00933969 0.05122944
v 0.04249308 0.01060393 0.05256281
v 0.04318971 0.01193982 0.05570867
v 0.04402912 0.01056440 0.05570854
v 0.04575812 0.01338810 0.05722054
v 0.04743923 0.01290272 0.05723401
v 0.04771758 0.01319993 0.05717600
v 0.04832778 0.01327684 0.05703461
v 0.04888978 0.01337007 0.05682351
v 0.04936320 0.01358369 0.05655362
v 0.05019368 0.01516999 0.05509848
v 0.05011698 0.01585238 0.05462898
v 0.05100560 0.01494087 0.05388166
v 0.05090737 0.01553733 0.05275441
v 0.05120124 0.01505043 0.05275441
v 0.04996177 0.01705208 0.05215056
v 0.04964070 0.01722534 0.05097410
v 0.04919470 0.01664611 0.04953313
v 0.04827920 0.01441603 0.04791941
v 0.04736905 0.01307723 0.04750911
v 0.04720328 0.01226729 0.04748158
v 0.04612062 0.01297745 0.04751044
v 0.04465814 0.01333429 0.04773487
v 0.04322232 0.01290761 0.04850231
v 0.04231794 0.01234705 0.04964365
v 0.04179278 0.01197351 0.05104113
v 0.04203216 0.01209682 0.05442324
v 0.04234147 0.01231423 0.05509815
v 0.04272843 0.01260276 0.05570874
v 0.04364902 0.01345409 0.05667699
v 0.04405452 0.01416626 0.05700652
v 0.04534519 0.01418773 0.05723284
v 0.04865863 0.01636566 0.05587840
v 0.04912423 0.01659552 0.05529083
v 0.04932255 0.01669576 0.05496822
v 0.05030902 0.01583765 0.05424183
v 0.05058375 0.01599627 0.05319234
v 0.05061350 0.01602424 0.05275441
v 0.04896633 0.01813755 0.05097408
v 0.04854378 0.01754092 0.04953313
v 0.04873626 0.01605239 0.04876740
v 0.04824854 0.01569226 0.04829308
v 0.04718506 0.01477218 0.04765573
v 0.04508376 0.01450946 0.04751044
v 0.04414129 0.01405308 0.04773485
v 0.04272256 0.01357108 0.04850224
v 0.04184044 0.01297582 0.04964366
v 0.04133025 0.01258207 0.05104115
v 0.04191894 0.01158409 0.05160596
v 0.04186889 0.01155065 0.05237081
v 0.04156458 0.01271477 0.05442326
v 0.04216513 0.01220924 0.05476095
v 0.04251571 0.01245245 0.05539957
v 0.04343612 0.01310134 0.05644020
v 0.04397646 0.01350276 0.05681649
v 0.04485017 0.01351661 0.05708033
v 0.04665861 0.01485736 0.05717599
v 0.04726152 0.01498146 0.05703461
v 0.04781513 0.01511795 0.05682349
v 0.04827040 0.01536800 0.05655360
v 0.04839187 0.01624105 0.05613962
v 0.04926282 0.01546723 0.05587838
v 0.04955629 0.01668720 0.05459047
v 0.04951692 0.01736368 0.05370411
v 0.04921502 0.01792315 0.05339158
v 0.04998684 0.01697489 0.05275441
v 0.04858957 0.01887588 0.05215062
v 0.04825542 0.01902363 0.05097417
v 0.04785683 0.01841084 0.04953329
v 0.04712178 0.01611418 0.04791943
v 0.04632185 0.01470600 0.04750912
v 0.04359616 0.01475124 0.04773481
v 0.04219594 0.01421537 0.04850218
v 0.04133782 0.01358598 0.04964353
v 0.04084332 0.01317257 0.05104110
v 0.04147220 0.01219752 0.05160596
v 0.04143570 0.01217100 0.05198720
v 0.04122004 0.01247998 0.05294563
v 0.04106538 0.01283264 0.05351290
v 0.04125441 0.01297623 0.05424378
v 0.04317588 0.01297144 0.05623963
v 0.04478137 0.01490997 0.05723112
v 0.04622095 0.01388557 0.05726003
v 0.04640588 0.01453736 0.05723401
v 0.04873779 0.01820384 0.05407068
v 0.04850955 0.01877934 0.05353311
v 0.04932224 0.01790091 0.05275441
v 0.04750941 0.01988166 0.05097412
v 0.04713570 0.01925312 0.04953319
v 0.04744677 0.01778272 0.04876743
v 0.04698875 0.01738545 0.04829307
v 0.04600129 0.01638437 0.04765573
v 0.04302274 0.01542850 0.04773479
v 0.04164377 0.01483898 0.04850208
v 0.04081054 0.01417679 0.04964343
v 0.04033246 0.01374442 0.05104104
v 0.04096521 0.01276576 0.05198720
v 0.04167413 0.01187543 0.05170127
v 0.04071296 0.01304827 0.05256284
v 0.04050968 0.01336623 0.05313598
v 0.04153855 0.01223375 0.05351289
v 0.04118674 0.01448060 0.05570899
v 0.04158728 0.01489980 0.05623984
v 0.04199926 0.01543575 0.05667712
v 0.04231524 0.01619341 0.05700660
v 0.04524305 0.01608870 0.05723401
v 0.04546802 0.01642969 0.05717599
v 0.04606030 0.01659988 0.05703459
v 0.04660199 0.01677905 0.05682346
v 0.04703621 0.01706399 0.05655361
v 0.04744344 0.01730690 0.05622352
v 0.04707087 0.01919566 0.05529065
v 0.04725605 0.01931853 0.05496802
v 0.04756028 0.01951778 0.05427507
v 0.04767858 0.01959164 0.05390885
v 0.04862071 0.01880088 0.05275441
v 0.04707423 0.02058951 0.05215064
v 0.04672903 0.02071094 0.05097423
v 0.04638059 0.02006805 0.04953338
v 0.04583044 0.01771899 0.04791944
v 0.04514571 0.01625042 0.04750912
v 0.04510981 0.01542494 0.04748158
v 0.04392560 0.01595833 0.04751043
v 0.04242241 0.01608344 0.04773475
v 0.04106616 0.01544160 0.04850204
v 0.04025938 0.01474736 0.04964339
v 0.03979869 0.01429651 0.05104093
v 0.04047068 0.01334239 0.05198720
v 0.03994944 0.01389261 0.05256237
v 0.04056194 0.01342034 0.05351217
v 0.04099381 0.01430539 0.05539956
v 0.04138334 0.01465258 0.05596401
v 0.04183160 0.01505796 0.05644022
v 0.04232089 0.01552023 0.05681650
v 0.04318833 0.01563586 0.05708033
v 0.04358945 0.01633709 0.05723113
v 0.04734405 0.01808963 0.05587827
v 0.04798046 0.01847043 0.05496796
v 0.04779208 0.01959546 0.05351217
v 0.04788334 0.01967341 0.05275441
v 0.04591597 0.02150952 0.05097418
v 0.04559331 0.02085326 0.04953342
v 0.04602101 0.01940994 0.04876750
v 0.04559570 0.01897774 0.04829307
v 0.04469047 0.01790167 0.04765573
v 0.04265332 0.01731507 0.04751043
v 0.04179580 0.01671528 0.04773473
v 0.04046456 0.01602186 0.04850197
v 0.03968542 0.01529668 0.04964329
v 0.03924251 0.01482826 0.05104092
v 0.03925891 0.01455360 0.05227491
v 0.04021178 0.01362119 0.05198720
v 0.03926421 0.01480782 0.05370024
v 0.03945223 0.01499697 0.05442352
v 0.03978981 0.01479374 0.05459342
v 0.04007478 0.01507779 0.05525007
v 0.04024277 0.01524779 0.05555312
v 0.04415345 0.01790686 0.05717598
v 0.04473119 0.01812238 0.05703459
v 0.04525806 0.01834262 0.05682346
v 0.04566859 0.01866083 0.05655359
v 0.04605551 0.01893496 0.05622351
v 0.04639364 0.01921552 0.05584077
v 0.04670847 0.02092398 0.05275441
v 0.04711127 0.02051715 0.05275441
v 0.04542498 0.02218255 0.05215080
v 0.04507095 0.02227686 0.05097437
v 0.04477464 0.02160818 0.04953358
v 0.04441278 0.01922106 0.04791945
v 0.04384796 0.01770094 0.04750912
v 0.04114374 0.01732316 0.04773471
v 0.03983960 0.01657905 0.04850194
v 0.03908902 0.01582425 0.04964328
v 0.03866480 0.01533883 0.05104090
v 0.03919150 0.01475331 0.05332496
v 0.03933710 0.01490227 0.05406366
v 0.04034392 0.01424078 0.05459337
v 0.04041452 0.01543966 0.05582801
v 0.04228532 0.01766919 0.05723113
v 0.04387711 0.01687526 0.05726003
v 0.04395757 0.01754756 0.05723401
v 0.04488609 0.02168734 0.05496800
v 0.04516483 0.02192098 0.05427500
v 0.04527343 0.02200834 0.05390891
v 0.04668357 0.02090083 0.05313626
v 0.04630567 0.02133081 0.05275441
v 0.04419562 0.02301133 0.05097454
v 0.04392615 0.02233117 0.04953365
v 0.04446791 0.02092368 0.04876754
v 0.04407791 0.02045950 0.04829316
v 0.04326051 0.01931505 0.04765574
v 0.04046808 0.01790553 0.04773466
v 0.03919245 0.01711223 0.04850188
v 0.03847210 0.01632859 0.04964312
v 0.03806688 0.01582708 0.05104084
v 0.03803006 0.01574150 0.05332591
v 0.03835302 0.01553541 0.05351301
v 0.03879393 0.01668925 0.05570921
v 0.03979454 0.01658450 0.05621397
v 0.03976049 0.01724787 0.05655516
v 0.04080103 0.01700874 0.05681315
v 0.04127967 0.01755193 0.05708034
v 0.04255774 0.01890445 0.05723401
v 0.04272286 0.01927974 0.05717598
v 0.04328251 0.01953940 0.05703459
v 0.04379123 0.01979971 0.05682343
v 0.04417587 0.02014882 0.05655355
v 0.04454019 0.02045226 0.05622352
v 0.04485527 0.02075849 0.05584078
v 0.04471663 0.02154374 0.05529046
v 0.04570779 0.02092809 0.05496802
v 0.04610774 0.02123339 0.05390883
v 0.04546781 0.02211313 0.05275441
v 0.04365205 0.02364505 0.05215079
v 0.04329122 0.02371187 0.05097466
v 0.04304923 0.02302109 0.04953361
v 0.04287795 0.02061069 0.04791947
v 0.04243628 0.01904892 0.04750912
v 0.04253044 0.01822765 0.04748158
v 0.04127467 0.01857146 0.04751043
v 0.03976867 0.01846227 0.04773465
v 0.03852393 0.01762066 0.04850183
v 0.03783453 0.01680962 0.04964306
v 0.03744920 0.01629262 0.05104084
v 0.03825816 0.01543877 0.05237081
v 0.03741572 0.01620570 0.05332599
v 0.03841357 0.01562073 0.05388166
v 0.03814159 0.01718292 0.05570928
v 0.03896221 0.01688901 0.05596406
v 0.03890294 0.01751004 0.05633955
v 0.04041283 0.01669217 0.05655515
v 0.04087660 0.01889862 0.05723113
v 0.04459896 0.02286290 0.05275441
v 0.04235928 0.02437730 0.05097469
v 0.04214460 0.02367763 0.04953386
v 0.04279711 0.02231458 0.04876755
v 0.04244483 0.02182119 0.04829320
v 0.04172022 0.02061565 0.04765575
v 0.03979805 0.01971976 0.04751043
v 0.03904729 0.01899213 0.04773462
v 0.03783531 0.01810344 0.04850176
v 0.03717785 0.01726619 0.04964303
v 0.03681300 0.01673454 0.05104079
v 0.03857533 0.01521808 0.05198855
v 0.03765603 0.01591163 0.05237081
v 0.03737030 0.01616493 0.05294557
v 0.03853914 0.01518028 0.05237081
v 0.03709339 0.01707861 0.05476839
v 0.03747172 0.01693622 0.05492958
v 0.03773643 0.01730416 0.05555328
v 0.03910137 0.01774504 0.05653955
v 0.03924571 0.01872434 0.05696403
v 0.03880426 0.01978283 0.05714798
v 0.03937140 0.02004738 0.05723285
v 0.04118511 0.02053993 0.05717597
v 0.04172372 0.02084176 0.05703458
v 0.04221101 0.02114061 0.05682343
v 0.04256686 0.02151895 0.05655357
v 0.04290651 0.02184987 0.05622351
v 0.04319648 0.02217989 0.05584082
v 0.04243109 0.02347852 0.05520358
v 0.04249521 0.02403407 0.05427480
v 0.04259264 0.02413357 0.05390894
v 0.04489268 0.02251516 0.05349116
v 0.04370048 0.02357897 0.05275441
v 0.04176648 0.02496789 0.05215089
v 0.04140096 0.02500686 0.05097486
v 0.04121434 0.02429898 0.04953400
v 0.04123507 0.02187957 0.04791948
v 0.04091945 0.02028591 0.04750912
v 0.03830513 0.01949423 0.04773459
v 0.03712744 0.01855992 0.04850169
v 0.03650284 0.01769779 0.04964301
v 0.03615896 0.01715232 0.05104079
v 0.03671544 0.01657458 0.05237081
v 0.03642081 0.01681616 0.05294469
v 0.03642535 0.01750734 0.05476848
v 0.03811494 0.01646887 0.05492961
v 0.03729742 0.01923763 0.05667742
v 0.03738907 0.02005761 0.05700681
v 0.03805813 0.01979407 0.05704308
v 0.03955923 0.01925985 0.05714798
v 0.04107758 0.01947422 0.05726003
v 0.04105186 0.02015129 0.05723401
v 0.04315368 0.02310919 0.05496787
v 0.04351474 0.02345936 0.05390894
v 0.04277373 0.02426023 0.05275441
v 0.04041808 0.02559929 0.05097497
v 0.04025934 0.02488467 0.04953425
v 0.04101877 0.02357427 0.04876762
v 0.04070645 0.02305454 0.04829320
v 0.04007909 0.02179546 0.04765577
v 0.03754264 0.01996816 0.04773458
v 0.03640137 0.01898941 0.04850165
v 0.03581095 0.01810355 0.04964292
v 0.03548848 0.01754511 0.05104071
v 0.03557577 0.01763225 0.05406725
v 0.03574053 0.01791040 0.05476849
v 0.03619470 0.01876040 0.05598574
v 0.03724435 0.01882414 0.05644022
v 0.03758938 0.01940221 0.05681652
v 0.03847811 0.01990391 0.05712494
v 0.03954969 0.02167952 0.05717598
v 0.04006348 0.02202211 0.05703458
v 0.04052693 0.02235739 0.05682342
v 0.04085219 0.02276234 0.05655355
v 0.04116494 0.02311873 0.05622350
v 0.04142815 0.02347052 0.05584075
v 0.04056034 0.02470812 0.05520360
v 0.04180151 0.02395116 0.05509837
v 0.04182016 0.02490563 0.05275441
v 0.03977988 0.02614297 0.05215100
v 0.03941181 0.02615391 0.05097513
v 0.03928137 0.02543351 0.04953448
v 0.03949431 0.02301985 0.04791950
v 0.03930677 0.02140425 0.04750912
v 0.03952836 0.02060655 0.04748158
v 0.03823261 0.02075292 0.04751043
v 0.03676168 0.02041285 0.04773456
v 0.03565847 0.01939112 0.04850159
v 0.03510259 0.01848313 0.04964289
v 0.03480232 0.01791244 0.05104067
v 0.03573988 0.01718953 0.05237081
v 0.03478212 0.01782165 0.05332618
v 0.03488593 0.01800301 0.05406728
v 0.03563811 0.01776571 0.05441865
v 0.03545987 0.01915480 0.05598580
v 0.03635292 0.01898766 0.05621401
v 0.03618680 0.01963492 0.05655525
v 0.03818018 0.02121565 0.05725995
v 0.03944928 0.02128027 0.05723400
v 0.03967308 0.02593819 0.05390889
v 0.04215362 0.02459378 0.05349037
v 0.04084123 0.02551418 0.05275441
v 0.03838393 0.02666971 0.05097529
v 0.03828247 0.02594424 0.04953449
v 0.03914407 0.02469466 0.04876764
v 0.03887355 0.02415195 0.04829321
v 0.03834741 0.02284702 0.04765577
v 0.03658787 0.02166455 0.04751043
v 0.03596332 0.02082769 0.04773453
v 0.03489947 0.01976464 0.04850154
v 0.03437941 0.01883571 0.04964282
v 0.03410161 0.01825369 0.05104068
v 0.03608918 0.01701919 0.05198853
v 0.03506786 0.01756643 0.05237081
v 0.03474401 0.01777418 0.05294566
v 0.03605966 0.01697628 0.05237081
v 0.03481637 0.01790530 0.05369847
v 0.03470958 0.01952113 0.05598584
v 0.03637226 0.01989561 0.05672713
v 0.03695635 0.02147392 0.05723114
v 0.03775972 0.02228446 0.05723400
v 0.03782693 0.02269144 0.05717597
v 0.03831295 0.02307254 0.05703459
v 0.03874915 0.02344267 0.05682341
v 0.03904170 0.02387173 0.05655357
v 0.03932596 0.02425131 0.05622348
v 0.03956056 0.02462266 0.05584082
v 0.03859581 0.02579148 0.05520364
v 0.03989537 0.02513098 0.05509836
v 0.04009927 0.02544974 0.05442680
v 0.04067056 0.02537385 0.05390878
v 0.03983845 0.02608494 0.05275441
v 0.03770432 0.02716312 0.05215104
v 0.03733579 0.02714605 0.05097558
v 0.03726310 0.02641693 0.04953470
v 0.03766638 0.02402444 0.04791952
v 0.03760809 0.02239707 0.04750913
v 0.03514832 0.02121219 0.04773452
v 0.03412607 0.02010919 0.04850147
v 0.03364260 0.01916071 0.04964271
v 0.03338736 0.01856835 0.05104074
v 0.03403047 0.01808043 0.05237081
v 0.03370006 0.01827509 0.05294468
v 0.03375929 0.01935977 0.05541338
v 0.03394492 0.01985885 0.05598587
v 0.03420382 0.02119380 0.05685666
v 0.03538824 0.02098990 0.05696405
v 0.03473988 0.02194989 0.05714803
v 0.03524553 0.02231828 0.05723286
v 0.03826886 0.02658556 0.05402865
v 0.03881338 0.02661702 0.05275441
v 0.03626929 0.02758196 0.05097569
v 0.03622541 0.02685039 0.04953489
v 0.03718442 0.02566905 0.04876768
v 0.03695749 0.02510666 0.04829325
v 0.03653554 0.02376409 0.04765579
v 0.03431825 0.02156566 0.04773451
v 0.03333908 0.02042433 0.04850142
v 0.03289271 0.01945781 0.04964271
v 0.03266082 0.01885594 0.05104069
v 0.03273285 0.01895584 0.05406741
v 0.03285182 0.01925653 0.05476875
v 0.03300133 0.01966135 0.05541338
v 0.03385243 0.01958403 0.05569211
v 0.03337277 0.02151215 0.05685669
v 0.03558699 0.02157873 0.05714802
v 0.03602726 0.02356944 0.05717598
v 0.03648218 0.02398697 0.05703460
v 0.03688884 0.02438947 0.05682343
v 0.03714713 0.02484004 0.05655355
v 0.03740083 0.02524056 0.05622351
v 0.03760555 0.02562922 0.05584079
v 0.03655018 0.02672178 0.05520354
v 0.03789977 0.02616199 0.05509838
v 0.03807809 0.02649577 0.05442672
v 0.03719747 0.02728138 0.05332893
v 0.03918195 0.02634535 0.05348964
v 0.03776758 0.02710962 0.05275441
v 0.03555275 0.02802195 0.05215118
v 0.03518578 0.02797696 0.05097591
v 0.03517087 0.02724404 0.04953511
v 0.03576291 0.02488706 0.04791956
v 0.03583387 0.02325822 0.04750913
v 0.03617764 0.02250283 0.04748158
v 0.03487386 0.02244908 0.04751043
v 0.03347490 0.02188740 0.04773448
v 0.03253942 0.02070966 0.04850141
v 0.03213095 0.01972655 0.04964272
v 0.03192289 0.01911605 0.05104065
v 0.03296639 0.01854178 0.05237081
v 0.03191666 0.01902333 0.05332631
v 0.03199048 0.01921886 0.05406752
v 0.03277434 0.01909717 0.05441865
v 0.03291226 0.01944610 0.05508869
v 0.03252948 0.02179879 0.05685672
v 0.03341311 0.02228782 0.05711448
v 0.03617745 0.02250292 0.05726003
v 0.03599343 0.02315769 0.05723400
v 0.03616149 0.02776766 0.05275441
v 0.03670267 0.02756196 0.05275441
v 0.03408741 0.02833027 0.05097613
v 0.03410119 0.02759722 0.04953535
v 0.03515190 0.02649137 0.04876771
v 0.03496976 0.02591289 0.04829328
v 0.03465463 0.02454094 0.04765581
v 0.03310118 0.02310157 0.04751043
v 0.03261823 0.02217724 0.04773449
v 0.03172919 0.02096456 0.04850133
v 0.03135942 0.01996633 0.04964257
v 0.03117496 0.01934818 0.05104064
v 0.03333909 0.01842597 0.05198853
v 0.03224103 0.01881344 0.05237081
v 0.03188731 0.01897028 0.05294566
v 0.03331709 0.01837902 0.05237081
v 0.03193811 0.01911114 0.05369845
v 0.03167987 0.02131503 0.05647155
v 0.03167520 0.02205333 0.05685676
v 0.03251709 0.02373302 0.05725942
v 0.03416184 0.02430821 0.05717597
v 0.03458320 0.02475943 0.05703460
v 0.03495789 0.02519195 0.05682342
v 0.03517970 0.02566136 0.05655359
v 0.03540162 0.02608039 0.05622348
v 0.03557551 0.02648376 0.05584076
v 0.03443443 0.02749355 0.05520385
v 0.03582665 0.02703802 0.05509838
v 0.03597815 0.02738471 0.05442687
v 0.03606473 0.02758263 0.05388798
v 0.03562030 0.02797335 0.05275441
v 0.03333839 0.02871421 0.05215130
v 0.03297571 0.02864135 0.05097622
v 0.03301834 0.02790919 0.04953546
v 0.03379489 0.02560256 0.04791958
v 0.03399471 0.02398242 0.04750914
v 0.03175081 0.02243443 0.04773448
v 0.03090895 0.02118875 0.04850128
v 0.03057819 0.02017691 0.04964257
v 0.03041816 0.01955199 0.05104066
v 0.03113237 0.01916583 0.05237081
v 0.03077390 0.01930887 0.05294481
v 0.03066110 0.02039204 0.05541351
v 0.03076632 0.02091423 0.05598600
v 0.03084518 0.02153741 0.05647158
v 0.03185426 0.02156873 0.05664151
v 0.03269024 0.02282369 0.05717070
v 0.03416129 0.02389445 0.05723400
v 0.03448504 0.02822902 0.05351217
v 0.03551750 0.02793323 0.05338984
v 0.03452212 0.02834316 0.05275441
v 0.03185154 0.02891004 0.05097657
v 0.03192313 0.02817988 0.04953569
v 0.03305907 0.02715655 0.04876774
v 0.03292292 0.02656547 0.04829329
v 0.03271674 0.02517257 0.04765582
v 0.03087342 0.02265872 0.04773447
v 0.03008006 0.02138184 0.04850125
v 0.02978900 0.02035795 0.04964252
v 0.02965352 0.01972724 0.05104060
v 0.02970851 0.01983718 0.05406750
v 0.02977903 0.02015278 0.05476880
v 0.02986335 0.02057611 0.05541347
v 0.03071887 0.02062789 0.05569216
v 0.03085884 0.02117503 0.05621403
v 0.03112509 0.02326641 0.05717330
v 0.03250679 0.02346564 0.05724491
v 0.03224228 0.02490304 0.05717599
v 0.03262724 0.02538537 0.05703461
v 0.03296751 0.02584530 0.05682345
v 0.03315195 0.02633064 0.05655357
v 0.03334046 0.02676558 0.05622350
v 0.03348202 0.02718132 0.05584082
v 0.03226347 0.02810168 0.05520402
v 0.03368922 0.02775344 0.05509844
v 0.03381307 0.02811093 0.05442691
v 0.03388390 0.02831504 0.05388794
v 0.03284752 0.02881332 0.05275441
v 0.03340985 0.02867082 0.05275441
v 0.03107485 0.02923559 0.05215128
v 0.03071768 0.02913557 0.05097686
v 0.03081765 0.02840870 0.04953599
v 0.03177509 0.02616632 0.04791960
v 0.03210258 0.02456496 0.04750914
v 0.03256076 0.02386971 0.04748158
v 0.03128053 0.02361805 0.04751044
v 0.02998713 0.02284974 0.04773448
v 0.02924399 0.02154352 0.04850122
v 0.02899295 0.02050914 0.04964251
v 0.02888190 0.01987365 0.05104067
v 0.03000597 0.01946221 0.05237081
v 0.02888993 0.01978108 0.05332646
v 0.02893255 0.01998568 0.05406758
v 0.02972785 0.01998325 0.05441869
v 0.02980942 0.02034951 0.05508878
v 0.02855732 0.02350035 0.05712567
v 0.03021404 0.02346691 0.05717330
v 0.03186007 0.02386528 0.05725970
v 0.03227547 0.02448993 0.05723400
v 0.03283788 0.02878055 0.05313626
v 0.03228519 0.02895582 0.05275441
v 0.02957595 0.02931758 0.05097694
v 0.02970487 0.02859484 0.04953600
v 0.03091870 0.02766056 0.04876781
v 0.03082925 0.02706058 0.04829336
v 0.03073308 0.02565530 0.04765584
v 0.02942356 0.02399516 0.04751044
v 0.02909416 0.02300712 0.04773447
v 0.02840190 0.02167358 0.04850119
v 0.02819144 0.02063026 0.04964246
v 0.02810547 0.01999087 0.05104063
v 0.03039262 0.01940379 0.05198848
v 0.02924513 0.01962195 0.05237081
v 0.02887020 0.01972400 0.05294563
v 0.03037896 0.01935395 0.05237081
v 0.02889831 0.01987105 0.05369840
v 0.02829622 0.02201320 0.05647160
v 0.02817560 0.02274298 0.05685682
v 0.02763822 0.02360352 0.05712569
v 0.03034595 0.02494080 0.05723399
v 0.03028033 0.02535040 0.05717599
v 0.03062640 0.02586082 0.05703463
v 0.03093034 0.02634545 0.05682346
v 0.03107623 0.02684365 0.05655359
v 0.03123001 0.02729193 0.05622352
v 0.03133879 0.02771743 0.05584082
v 0.03005012 0.02854265 0.05520409
v 0.03150035 0.02830400 0.05509842
v 0.03159593 0.02867005 0.05442686
v 0.03165081 0.02887901 0.05388789
v 0.03114987 0.02919772 0.05275441
v 0.02877639 0.02958285 0.05215133
v 0.02858444 0.02873868 0.04953619
v 0.02971570 0.02657497 0.04791964
v 0.03016834 0.02500239 0.04750915
v 0.02809252 0.01980404 0.05237081
v 0.02771466 0.01989179 0.05294482
v 0.02842930 0.02229045 0.05664155
v 0.02848360 0.02299139 0.05696409
v 0.02998687 0.02927761 0.05351217
v 0.03105384 0.02914244 0.05338989
v 0.03000564 0.02939615 0.05275441
v 0.02886065 0.02948463 0.05141191
v 0.02778655 0.02894672 0.04977316
v 0.02874432 0.02800008 0.04876783
v 0.02870230 0.02739485 0.04829336
v 0.02815354 0.02654134 0.04780864
v 0.02871674 0.02598591 0.04765584
v 0.02908783 0.02517666 0.04750778
v 0.02854720 0.02403961 0.04752092
v 0.02810889 0.02340321 0.04766120
v 0.02793016 0.02201912 0.04830478
v 0.02781015 0.02090166 0.04934518
v 0.02773305 0.02015917 0.05067994
v 0.02695982 0.02016579 0.05388324
v 0.02698607 0.02045882 0.05459372
v 0.02782175 0.02067340 0.05508561
v 0.02788312 0.02114426 0.05568879
v 0.02795555 0.02170326 0.05621057
v 0.02759190 0.02419762 0.05722586
v 0.02828860 0.02564745 0.05717599
v 0.02859359 0.02618281 0.05703465
v 0.02885889 0.02668936 0.05682345
v 0.02896540 0.02719729 0.05655362
v 0.02747379 0.02803462 0.05609200
v 0.02915900 0.02808881 0.05584080
v 0.02780729 0.02881350 0.05520454
v 0.02927422 0.02868612 0.05509844
v 0.02934063 0.02905851 0.05442691
v 0.02937870 0.02927112 0.05388804
v 0.02827592 0.02960611 0.05275441
v 0.02885428 0.02955080 0.05275441
v 0.02688213 0.02973291 0.05222092
v 0.02807346 0.02585767 0.04759313
v 0.02810255 0.02529890 0.04750779
v 0.02876685 0.02467346 0.04748158
v 0.02686488 0.02351874 0.04765822
v 0.02633155 0.02260984 0.04801889
v 0.02667086 0.02212656 0.04830132
v 0.02631062 0.02136618 0.04893598
v 0.02659811 0.02100257 0.04934192
v 0.02629639 0.02047294 0.05018850
v 0.02655647 0.02025562 0.05067788
v 0.02654614 0.02004755 0.05141671
v 0.02693153 0.01992816 0.05237081
v 0.02648072 0.01998735 0.05291385
v 0.02657457 0.02040183 0.05441872
v 0.02630147 0.02092564 0.05529026
v 0.02662618 0.02125117 0.05569214
v 0.02627069 0.02202381 0.05636320
v 0.02668324 0.02245530 0.05664155
v 0.02597414 0.02341900 0.05704650
v 0.02650916 0.02392025 0.05717331
v 0.02876645 0.02467352 0.05726003
v 0.02838616 0.02524390 0.05723399
v 0.02827137 0.02957225 0.05313624
v 0.02769756 0.02966143 0.05275441
v 0.02700696 0.02964317 0.05145443
v 0.02700092 0.02944026 0.05071277
v 0.02698890 0.02912385 0.05001214
v 0.02695168 0.02818403 0.04880137
v 0.02693151 0.02758361 0.04832118
v 0.02691884 0.02691461 0.04794088
v 0.02634589 0.02485749 0.04748158
v 0.02727048 0.02428882 0.04750702
v 0.02627244 0.02298791 0.04785375
v 0.02622123 0.02168464 0.04865301
v 0.02618223 0.02069196 0.04981619
v 0.02615925 0.02010702 0.05122944
v 0.02732239 0.01992842 0.05198850
v 0.02615394 0.01997204 0.05237081
v 0.02595894 0.01998720 0.05265792
v 0.02649003 0.02013183 0.05366754
v 0.02622123 0.02168464 0.05608860
v 0.02627244 0.02298791 0.05688786
v 0.02579033 0.02467365 0.05725812
v 0.02578798 0.02564189 0.05720922
v 0.02654059 0.02634945 0.05703468
v 0.02676637 0.02687477 0.05682345
v 0.02683224 0.02738937 0.05655365
v 0.02691454 0.02785597 0.05622354
v 0.02694770 0.02814868 0.05597404
v 0.02700146 0.02867121 0.05540969
v 0.02702360 0.02889760 0.05509849
v 0.02706067 0.02927404 0.05442694
v 0.02708216 0.02948899 0.05388793
v 0.02709991 0.02963068 0.05332909
v 0.02653725 0.02972788 0.05275441
v 0.02537515 0.02853527 0.05217900
v 0.02537515 0.02975758 0.05217900
v 0.02537515 0.02970492 0.05160596
v 0.02537515 0.02963003 0.05122944
v 0.02537515 0.02966747 0.05141770
v 0.02537515 0.02952582 0.05085995
v 0.02537515 0.02939295 0.05049978
v 0.02537515 0.02945939 0.05067987
v 0.02537515 0.02923222 0.05015114
v 0.02537515 0.02904464 0.04981619
v 0.02537515 0.02913843 0.04998366
v 0.02537515 0.02883136 0.04949699
v 0.02537515 0.02859369 0.04919551
v 0.02537515 0.02871253 0.04934625
v 0.02537515 0.02833310 0.04891360
v 0.02537515 0.02805119 0.04865301
v 0.02537515 0.02819215 0.04878330
v 0.02537515 0.02774971 0.04841534
v 0.02537515 0.02743051 0.04820206
v 0.02537515 0.02759011 0.04830870
v 0.02537515 0.02709555 0.04801448
v 0.02537515 0.02674692 0.04785375
v 0.02537515 0.02692124 0.04793411
v 0.02537515 0.02638675 0.04772088
v 0.02537515 0.02601726 0.04761667
v 0.02537515 0.02620201 0.04766877
v 0.02537515 0.02564074 0.04754178
v 0.02537515 0.02525950 0.04749665
v 0.02537515 0.02487589 0.04748158
v 0.02537515 0.02449229 0.04749665
v 0.02537515 0.02506710 0.04750417
v 0.02537515 0.02411105 0.04754178
v 0.02537515 0.02373453 0.04761667
v 0.02537515 0.02336504 0.04772088
v 0.02537515 0.02300487 0.04785375
v 0.02537515 0.02265623 0.04801448
v 0.02537515 0.02319017 0.04780144
v 0.02537515 0.02232128 0.04820206
v 0.02537515 0.02200208 0.04841534
v 0.02537515 0.02170060 0.04865301
v 0.02537515 0.02141869 0.04891360
v 0.02537515 0.02186066 0.04854600
v 0.02537515 0.02115810 0.04919551
v 0.02537515 0.02092043 0.04949699
v 0.02537515 0.02070715 0.04981619
v 0.02537515 0.02051956 0.05015114
v 0.02537515 0.02082631 0.04966496
v 0.02537515 0.02035884 0.05049978
v 0.02537515 0.02022597 0.05085995
v 0.02537515 0.02012176 0.05122944
v 0.02537515 0.02004687 0.05160596
v 0.02537515 0.02018836 0.05104878
v 0.02537515 0.02000174 0.05198720
v 0.02537515 0.01998667 0.05237081
v 0.02537515 0.02121651 0.05256261
v 0.02537515 0.02004687 0.05313565
v 0.02537515 0.02012176 0.05351217
v 0.02537515 0.02022597 0.05388166
v 0.02537515 0.02017386 0.05369691
v 0.02537515 0.02035884 0.05424183
v 0.02537515 0.02051956 0.05459047
v 0.02537515 0.02070715 0.05492542
v 0.02537515 0.02092043 0.05524462
v 0.02537515 0.02062649 0.05475058
v 0.02537515 0.02115810 0.05554610
v 0.02537515 0.02141869 0.05582801
v 0.02537515 0.02170060 0.05608860
v 0.02537515 0.02200208 0.05632627
v 0.02537515 0.02156987 0.05594724
v 0.02537515 0.02232128 0.05653955
v 0.02537515 0.02265623 0.05672713
v 0.02537515 0.02300487 0.05688786
v 0.02537515 0.02336504 0.05702073
v 0.02537515 0.02283685 0.05679382
v 0.02537515 0.02373453 0.05712494
v 0.02537515 0.02411105 0.05719983
v 0.02537515 0.02449229 0.05724496
v 0.02537515 0.02392279 0.05716238
v 0.02537515 0.02487589 0.05726003
v 0.02537515 0.02525950 0.05724496
v 0.02537515 0.02564074 0.05719983
v 0.02537515 0.02506770 0.05725250
v 0.02537515 0.02601726 0.05712494
v 0.02537515 0.02638675 0.05702073
v 0.02537515 0.02674692 0.05688786
v 0.02537515 0.02709556 0.05672713
v 0.02537515 0.02743051 0.05653955
v 0.02537515 0.02726304 0.05663334
v 0.02537515 0.02774971 0.05632627
v 0.02537515 0.02805119 0.05608860
v 0.02537515 0.02833310 0.05582801
v 0.02537515 0.02819215 0.05595830
v 0.02537515 0.02859369 0.05554610
v 0.02537515 0.02883136 0.05524462
v 0.02537515 0.02904464 0.05492542
v 0.02537515 0.02893800 0.05508502
v 0.02537515 0.02923222 0.05459047
v 0.02537515 0.02939295 0.05424183
v 0.02537515 0.02952582 0.05388166
v 0.02537515 0.02945939 0.05406174
v 0.02537515 0.02963003 0.05351217
v 0.02537515 0.02970492 0.05313565
v 0.02537515 0.02975005 0.05275441
v -0.01226164 -0.03014874 0.04241941
v 0.02034864 -0.03014874 0.03855973
v -0.01226164 -0.04137998 0.04241941
v 0.02034864 -0.04137998 0.03855973
v 0.01755987 -0.03014874 0.02867151
v 0.01755987 -0.04137998 0.02867151
v 0.01185196 -0.03014874 0.02012902
v 0.01185196 -0.04137998 0.02012902
v 0.00378365 -0.03014874 0.01376848
v 0.00378365 -0.04137998 0.01376848
v -0.00585529 -0.03014874 0.01021249
v -0.00585529 -0.04137998 0.01021249
v -0.01612132 -0.03014874 0.00980913
v -0.01612132 -0.04137998 0.00980913
v -0.02600955 -0.03014874 0.01259790
v -0.02600955 -0.04137998 0.01259790
v -0.03455203 -0.03014874 0.01830580
v -0.03455203 -0.04137998 0.01830580
v -0.04091258 -0.03014874 0.02637412
v -0.04091258 -0.04137998 0.02637412
v -0.04446857 -0.03014874 0.03601306
v -0.04446857 -0.04137998 0.03601306
v -0.04487192 -0.03014874 0.04627909
v -0.04487192 -0.04137998 0.04627909
v -0.04208315 -0.03014874 0.05616731
v -0.04208315 -0.04137998 0.05616731
v -0.03637525 -0.03014874 0.06470980
v -0.03637525 -0.04137998 0.06470980
v -0.02830693 -0.03014874 0.07107034
v -0.02830693 -0.04137998 0.07107034
v -0.01866801 -0.03014874 0.07462633
v -0.01866801 -0.04137998 0.07462633
v -0.00840197 -0.03014874 0.07502969
v -0.00840197 -0.04137998 0.07502969
v 0.00148626 -0.03014874 0.07224092
v 0.00148626 -0.04137998 0.07224092
v 0.01002875 -0.03014874 0.06653301
v 0.01002875 -0.04137998 0.06653301
v 0.01638929 -0.03014874 0.05846470
v 0.01638929 -0.04137998 0.05846470
v 0.01994528 -0.03014874 0.04882577
v 0.01994528 -0.04137998 0.04882577
v 0.02445432 -0.04137998 0.04013522
v 0.02984718 -0.04137998 0.04242358
v 0.01914320 0.00000000 0.03992719
v 0.01924129 0.04137998 0.04242359
v 0.01924129 -0.04137998 0.04242358
v 0.02364044 -0.04137998 0.03437051
v 0.02932488 -0.04137998 0.03578707
v 0.02932488 0.04137998 0.03578708
v 0.02867501 0.04137998 0.03252000
v 0.01836216 0.00000000 0.03499589
v 0.02193477 -0.04137998 0.02880410
v 0.02777083 -0.04137998 0.02931397
v 0.02719435 0.00000000 0.02775138
v 0.01768402 0.04137998 0.03259138
v 0.01768402 -0.04137998 0.03259137
v 0.01681931 0.04137998 0.03024749
v 0.01681931 -0.04137998 0.03024748
v 0.01937932 -0.04137998 0.02357304
v 0.02522329 -0.04137998 0.02316367
v 0.01577336 -0.04137998 0.02797865
v 0.02214872 0.04137998 0.02309589
v 0.02359565 -0.04137998 0.02025732
v 0.02359565 0.04137998 0.02025733
v 0.01455264 0.04137998 0.02579889
v 0.01516300 0.00000000 0.02688877
v 0.01869767 0.04137998 0.01790165
v 0.01316465 0.04137998 0.02372162
v 0.01603702 -0.04137998 0.01880614
v 0.02174500 -0.04137998 0.01748762
v 0.02174500 0.04137998 0.01748763
v 0.01316465 0.00000000 0.02372162
v 0.01968274 -0.04137998 0.01487166
v 0.01619855 0.04137998 0.01129501
v 0.00992210 0.04137998 0.01992508
v 0.01409581 -0.04137998 0.01663396
v 0.01742160 0.00000000 0.01242558
v 0.00992210 0.00000000 0.01992508
v 0.00973305 -0.04137998 0.01277903
v 0.01497551 -0.04137998 0.01016443
v 0.01366753 0.00000001 0.00913331
v 0.00808753 0.04137998 0.01822923
v 0.00808753 -0.04137998 0.01822922
v 0.00958985 0.04137999 0.00625154
v 0.00612556 0.04137998 0.01668254
v 0.00612556 -0.04137998 0.01668253
v 0.00508693 0.04137998 0.01598854
v 0.00482095 -0.04137998 0.00965403
v 0.00958985 -0.04137998 0.00625153
v 0.00404829 0.04137998 0.01529455
v 0.00404829 -0.04137998 0.01529454
v 0.00370880 0.04137998 0.00908737
v 0.00186852 0.04137998 0.01407382
v 0.00186852 -0.04137998 0.01407381
v 0.00365840 0.04137999 0.00322931
v -0.00051953 -0.04137998 0.00733593
v 0.00365840 -0.04137998 0.00322930
v 0.00517095 0.02069000 0.00392660
v -0.00040030 0.00000000 0.01302788
v -0.00267282 0.04137999 0.00117217
v -0.00274420 0.04137998 0.01216317
v 0.00053320 -0.04137998 0.00207635
v -0.00615689 -0.04137998 0.00588181
v -0.00267282 -0.04137998 0.00117216
v -0.00106981 0.02069000 0.00162426
v -0.00780193 0.04137999 0.00296985
v -0.00759903 0.04137999 0.01099763
v -0.00759903 -0.04137998 0.01099762
v -0.01195231 -0.04137998 0.00532746
v -0.00924789 -0.04137998 0.00013077
v -0.01008002 0.04137999 0.01070398
v -0.01008002 -0.04137998 0.01070397
v -0.01403263 0.04137999 0.00270870
v -0.01257641 0.04137999 0.01060590
v -0.01507280 -0.04137998 0.01070397
v -0.01590492 -0.04137998 0.00013077
v -0.01714414 0.04137999 0.00294537
v -0.01776311 -0.04137998 0.00568655
v -0.02568602 0.04137999 0.00207636
v -0.02000410 0.04137999 0.01148502
v -0.02344619 -0.04137998 0.00695022
v -0.02248000 -0.04137998 0.00117216
v -0.02084646 0.00000001 0.00084724
v -0.02248000 0.04137999 0.00117217
v -0.02000410 0.00000001 0.01148502
v -0.02568602 -0.04137998 0.00207635
v -0.02724862 0.00000001 0.00265283
v -0.02240862 -0.04137998 0.01216316
v -0.03032377 0.04137999 0.00392660
v -0.02886162 -0.04137998 0.00908737
v -0.02881121 -0.04137998 0.00322930
v -0.02881121 0.04137999 0.00322931
v -0.02475251 0.04137998 0.01302788
v -0.02358056 0.00000000 0.01259552
v -0.02588692 0.04137998 0.01355085
v -0.03183632 -0.04137998 0.00462389
v -0.03183632 0.04137999 0.00462390
v -0.03023974 0.04137998 0.01598854
v -0.03387605 -0.04137998 0.01204535
v -0.03474268 -0.04137998 0.00625153
v -0.03474268 0.04137999 0.00625154
v -0.02920111 0.04137998 0.01529455
v -0.02756628 -0.02068999 0.01437900
v -0.03751236 0.04137999 0.00810218
v -0.03751236 -0.04137998 0.00810217
v -0.04135137 0.04137998 0.01129501
v -0.03836602 -0.04137998 0.01575136
v -0.04012832 -0.04137998 0.01016443
v -0.03882034 0.04137999 0.00913331
v -0.03176887 -0.02068999 0.01706920
v -0.03324034 0.04137998 0.01822923
v -0.04257441 -0.04137998 0.01242557
v -0.03507491 0.04137998 0.01992508
v -0.03415762 0.00000000 0.01907715
v -0.04080317 0.04137998 0.01831566
v -0.04222096 -0.04137998 0.02011412
v -0.04483556 -0.04137998 0.01487166
v -0.04483556 0.04137998 0.01487167
v -0.03677077 0.04137998 0.02175965
v -0.03677077 -0.04137998 0.02175964
v -0.04689781 -0.04137998 0.01748762
v -0.04689781 0.04137998 0.01748763
v -0.03831746 0.04137998 0.02372162
v -0.03831746 -0.04137998 0.02372161
v -0.04534596 -0.04137998 0.02502622
v -0.04874846 -0.04137998 0.02025732
v -0.05037611 0.00000000 0.02316368
v -0.04092618 0.04137998 0.02797866
v -0.04001063 -0.02068999 0.02634383
v -0.04766406 -0.04137998 0.03036670
v -0.05177070 -0.04137998 0.02618878
v -0.04197213 -0.04137998 0.03024748
v -0.05234717 0.04137998 0.02775138
v -0.04283683 0.00000000 0.03259138
v -0.04911818 -0.04137998 0.03600405
v -0.05382783 -0.04137998 0.03251998
v -0.05382783 0.04137998 0.03251999
v -0.04351498 -0.04137998 0.03499588
v -0.05447769 -0.04137998 0.03578706
v -0.04388052 0.02068999 0.03683362
v -0.04967253 -0.04137998 0.04179948
v -0.05486922 -0.04137998 0.03909506
v -0.04429602 0.04137998 0.03992720
v -0.04429602 -0.04137998 0.03992719
v -0.05500000 -0.04137998 0.04242358
v -0.05500000 0.04137998 0.04242359
v -0.04439410 0.04137998 0.04242359
v -0.04439410 -0.04137998 0.04242358
v -0.04931344 -0.04137998 0.04761028
v -0.05486922 -0.04137998 0.04575209
v -0.05486922 0.04137998 0.04575210
v -0.04429602 0.00000000 0.04491996
v -0.05447769 -0.04137998 0.04906009
v -0.05447769 0.04137998 0.04906010
v -0.04804977 -0.04137998 0.05329335
v -0.05382783 -0.04137998 0.05232717
v -0.05382783 0.04137998 0.05232718
v -0.05292364 -0.04137998 0.05553318
v -0.04591263 -0.04137998 0.05870878
v -0.05177070 -0.04137998 0.05865838
v -0.05177070 0.00000000 0.05865839
v -0.05037611 -0.04137998 0.06168348
v -0.04956228 0.00000000 0.06313666
v -0.04295463 -0.04137998 0.06372322
v -0.04874846 -0.04137998 0.06458984
v -0.03831746 0.04137998 0.06112555
v -0.03507491 -0.04137998 0.06492208
v -0.04483556 -0.04137998 0.06997549
v -0.04586669 0.00000000 0.06866751
v -0.04483556 0.04137998 0.06997550
v -0.03677077 0.04137998 0.06308752
v -0.03677077 -0.04137998 0.06308751
v -0.04257441 -0.04137998 0.07242158
v -0.04257441 0.04137998 0.07242159
v -0.03507491 0.04137998 0.06492209
v -0.03324034 -0.04137998 0.06661794
v -0.04012832 -0.04137999 0.07468272
v -0.04012832 0.04137998 0.07468273
v -0.03751236 -0.04137999 0.07674498
v -0.03751236 0.04137998 0.07674499
v -0.03324034 0.00000000 0.06661794
v -0.03474212 0.04137998 0.07540956
v -0.02969480 -0.04137998 0.06916381
v -0.03474267 -0.04137999 0.07859563
v -0.02930908 0.04137998 0.07847093
v -0.02702133 0.04137998 0.07077336
v -0.03183631 -0.04137999 0.08022327
v -0.03328949 -0.00000001 0.07940945
v -0.03183631 0.04137998 0.08022328
v -0.02240862 -0.04137998 0.07268399
v -0.02881120 -0.04137999 0.08161786
v -0.02724861 -0.00000001 0.08219434
v -0.02475250 -0.04137998 0.07181929
v -0.02346404 0.04137998 0.08064469
v -0.02240862 0.04137998 0.07268400
v -0.02000411 -0.04137999 0.07336214
v -0.02248001 -0.04137999 0.08367499
v -0.02000411 0.04137998 0.07336215
v -0.01735090 0.04137998 0.08187733
v -0.01755380 0.04137998 0.07384955
v -0.01755380 -0.04137999 0.07384954
v -0.01320051 -0.04137999 0.07951969
v -0.01590493 -0.04137999 0.08471638
v -0.01507280 0.04137998 0.07414319
v -0.01507280 -0.04137999 0.07414318
v -0.01112018 0.04137998 0.08213848
v -0.01257641 0.04137998 0.07424127
v -0.01424067 -0.00000001 0.08478178
v -0.01257641 0.04137998 0.08484717
v -0.01257641 -0.04137999 0.07424126
v -0.00738971 -0.04137999 0.07916061
v -0.00924789 -0.04137999 0.08471638
v -0.00924789 0.04137998 0.08471639
v -0.00492533 0.04137998 0.08142172
v -0.00759903 0.04137998 0.07384955
v -0.00593990 -0.04137999 0.08432485
v -0.00430636 -0.00000001 0.08399993
v 0.00053320 -0.04137999 0.08277080
v -0.00267282 -0.04137999 0.08367499
v -0.00514872 0.04137998 0.07336215
v -0.00514872 -0.04137999 0.07336214
v 0.00108113 0.04137998 0.07974470
v -0.00274420 0.04137998 0.07268401
v -0.00274420 -0.04137998 0.07268400
v 0.00314160 -0.04137998 0.07602127
v 0.00365840 -0.04137999 0.08161786
v -0.00040030 0.04137998 0.07181930
v -0.00040030 -0.04137998 0.07181929
v 0.00675129 0.04137998 0.07714870
v 0.00186852 0.04137998 0.07077335
v 0.00517095 -0.00000001 0.08092056
v 0.00668350 0.04137998 0.08022327
v 0.00186852 -0.04137998 0.07077334
v 0.00872324 -0.04137998 0.07280180
v 0.00958986 -0.04137999 0.07859562
v 0.01097471 -0.00000001 0.07767030
v 0.00404829 0.04137998 0.06955263
v 0.00404829 -0.04137998 0.06955262
v 0.01194554 0.04137998 0.07369766
v 0.00612556 0.04137998 0.06816464
v 0.00808753 -0.04137998 0.06661793
v 0.01497552 -0.04137999 0.07468272
v 0.01653598 0.04137998 0.06947654
v 0.00992210 0.04137998 0.06492209
v 0.01619857 0.04137998 0.07355216
v 0.00992210 0.00000000 0.06492208
v 0.01706815 -0.04137998 0.06473302
v 0.01968275 -0.04137998 0.06997548
v 0.02071387 0.00000000 0.06866751
v 0.01161796 0.04137998 0.06308752
v 0.01161796 -0.04137998 0.06308751
v 0.02040957 0.04137998 0.06458930
v 0.01316465 0.04137998 0.06112555
v 0.01316465 -0.04137998 0.06112554
v 0.01507749 -0.04137998 0.05791050
v 0.02359565 -0.04137998 0.06458985
v 0.02204698 0.04137998 0.06193294
v 0.02522328 -0.04137998 0.06168349
v 0.02522328 0.00000000 0.06168350
v 0.02467265 0.04137998 0.05627644
v 0.01681931 0.04137998 0.05459969
v 0.02661788 -0.04137998 0.05865838
v 0.02719435 0.00000000 0.05709579
v 0.02334905 -0.04137998 0.05169035
v 0.02777082 -0.04137998 0.05553319
v 0.02638112 0.04137998 0.05027886
v 0.01836216 0.04137998 0.04985128
v 0.01785356 -0.02068999 0.05165466
v 0.02435639 -0.04137998 0.04595628
v 0.02932488 -0.04137998 0.04906009
v 0.02899994 0.00000000 0.05069364
v 0.02932488 0.04137998 0.04906010
v 0.01884956 0.04137998 0.04740097
v 0.01884956 -0.04137998 0.04740096
v 0.02713032 0.04137998 0.04408785
v 0.01914320 0.04137998 0.04491997
v 0.02971640 -0.04137998 0.04575209
v 0.01914320 -0.04137998 0.04491996
f 3 2 1
f 4 3 1
f 5 4 1
f 6 5 1
f 8 7 1
f 9 8 1
f 10 9 1
f 11 10 1
f 12 11 1
f 1 2 13
f 53 78 14
f 53 15 78
f 53 17 15
f 17 53 16
f 16 18 17
f 16 55 18
f 55 16 19
f 19 56 55
f 19 20 56
f 19 57 20
f 57 19 21
f 57 21 22
f 22 24 57
f 24 22 23
f 23 26 24
f 26 23 25
f 25 28 26
f 28 25 27
f 27 30 28
f 30 27 29
f 29 31 30
f 32 35 33
f 35 32 34
f 34 36 35
f 34 38 36
f 38 34 37
f 37 39 38
f 37 66 39
f 66 37 40
f 40 41 66
f 40 42 41
f 42 40 43
f 43 110 42
f 43 44 110
f 43 68 44
f 68 43 45
f 45 70 68
f 70 45 46
f 46 48 70
f 48 46 47
f 47 50 48
f 50 47 49
f 49 95 50
f 95 49 51
f 51 74 95
f 14 52 53
f 57 85 84
f 57 58 85
f 58 57 24
f 87 24 26
f 89 26 28
f 91 28 30
f 102 30 31
f 59 31 29
f 32 60 205
f 60 32 33
f 35 62 33
f 36 63 35
f 38 64 36
f 39 65 38
f 41 109 66
f 93 44 68
f 69 68 70
f 71 70 48
f 72 48 50
f 73 50 95
f 75 74 51
f 54 75 14
f 52 14 75
f 14 77 76
f 77 14 78
f 15 79 78
f 79 15 17
f 17 80 97
f 80 17 18
f 18 82 81
f 82 18 55
f 119 55 56
f 83 56 20
f 20 57 83
f 57 84 99
f 24 86 58
f 26 88 87
f 28 90 89
f 30 92 91
f 31 59 102
f 33 162 61
f 162 33 62
f 104 35 63
f 105 36 64
f 106 38 65
f 107 39 66
f 66 109 67
f 109 41 42
f 42 110 109
f 68 94 93
f 50 113 72
f 113 50 73
f 117 54 14
f 14 136 117
f 136 14 76
f 78 137 77
f 79 96 78
f 96 79 17
f 17 97 96
f 18 118 80
f 118 18 81
f 82 55 119
f 98 119 56
f 56 99 98
f 99 56 83
f 57 99 83
f 121 84 85
f 24 100 86
f 100 24 87
f 26 143 88
f 143 26 89
f 28 101 90
f 101 28 91
f 92 102 91
f 102 92 30
f 103 60 33
f 66 108 107
f 108 66 67
f 44 146 169
f 146 44 93
f 93 170 146
f 68 111 94
f 111 68 69
f 70 131 69
f 131 70 71
f 72 112 48
f 73 114 113
f 95 114 73
f 114 95 74
f 74 115 114
f 115 74 75
f 75 54 116
f 136 76 77
f 78 152 137
f 152 78 96
f 138 97 80
f 118 81 82
f 156 99 84
f 120 84 121
f 121 85 58
f 58 122 121
f 122 58 86
f 143 89 90
f 123 102 59
f 124 205 60
f 161 60 103
f 33 125 103
f 125 33 61
f 62 163 162
f 163 62 35
f 35 126 163
f 126 35 104
f 63 164 104
f 164 63 36
f 36 127 164
f 127 36 105
f 64 165 105
f 165 64 38
f 38 187 165
f 187 38 106
f 65 166 106
f 166 65 39
f 39 128 166
f 128 39 107
f 67 167 108
f 167 67 109
f 190 109 110
f 110 44 169
f 93 129 170
f 129 93 94
f 69 130 111
f 71 132 131
f 132 71 48
f 112 133 48
f 133 112 72
f 72 134 133
f 134 72 113
f 116 54 135
f 149 54 117
f 77 137 136
f 80 139 138
f 139 80 118
f 179 118 82
f 179 82 119
f 155 119 98
f 98 99 155
f 84 140 156
f 140 84 120
f 86 141 122
f 141 86 100
f 88 142 87
f 142 88 143
f 90 160 143
f 160 90 101
f 91 160 101
f 160 91 102
f 102 144 160
f 144 102 123
f 145 205 124
f 107 108 128
f 109 190 167
f 110 169 168
f 94 147 129
f 147 94 111
f 130 69 131
f 48 173 132
f 173 48 133
f 148 114 115
f 176 175 54
f 135 54 175
f 54 149 176
f 136 150 117
f 137 151 136
f 137 152 151
f 96 153 152
f 153 96 97
f 97 215 153
f 215 97 138
f 139 118 179
f 154 179 119
f 119 155 154
f 99 218 155
f 99 156 218
f 239 121 122
f 100 157 141
f 157 100 87
f 142 158 87
f 158 142 143
f 143 159 158
f 108 167 128
f 191 190 110
f 191 110 168
f 146 170 169
f 171 170 129
f 111 172 147
f 172 111 130
f 131 195 130
f 195 131 132
f 173 133 134
f 113 197 134
f 197 113 114
f 114 174 197
f 174 114 148
f 177 117 150
f 136 178 150
f 178 136 151
f 200 152 153
f 202 156 140
f 121 180 120
f 180 121 239
f 157 87 158
f 143 181 159
f 181 143 160
f 182 160 144
f 260 205 145
f 183 145 124
f 60 184 124
f 184 60 161
f 103 185 161
f 185 103 125
f 61 226 125
f 226 61 162
f 163 261 162
f 261 163 126
f 164 186 104
f 186 164 127
f 186 127 105
f 165 187 105
f 188 187 106
f 166 189 106
f 189 166 128
f 189 128 167
f 208 191 168
f 208 168 169
f 169 263 208
f 169 192 263
f 192 169 170
f 129 193 171
f 193 129 147
f 130 194 172
f 132 196 195
f 196 132 173
f 197 173 134
f 213 212 176
f 175 176 212
f 176 198 213
f 117 199 149
f 199 117 177
f 138 201 215
f 201 138 139
f 201 139 179
f 217 179 154
f 154 155 217
f 219 218 156
f 120 180 140
f 160 203 181
f 203 160 182
f 204 205 260
f 162 206 226
f 206 162 261
f 104 227 126
f 227 104 186
f 105 246 186
f 246 105 187
f 106 189 188
f 167 207 189
f 207 167 190
f 207 190 191
f 207 191 208
f 170 209 192
f 209 170 171
f 147 210 193
f 210 147 172
f 194 130 195
f 173 211 196
f 211 173 197
f 214 149 199
f 152 236 151
f 236 152 200
f 153 215 200
f 216 201 179
f 179 217 216
f 155 218 217
f 156 237 219
f 237 156 202
f 220 140 180
f 122 221 239
f 221 122 141
f 157 222 141
f 158 181 157
f 181 158 159
f 205 223 272
f 223 205 204
f 184 224 124
f 224 184 161
f 185 225 161
f 225 185 125
f 186 228 227
f 187 229 246
f 229 187 188
f 207 249 248
f 249 207 208
f 208 250 249
f 208 263 250
f 171 230 209
f 230 171 193
f 172 231 210
f 231 172 194
f 195 232 194
f 232 195 196
f 197 233 211
f 233 197 174
f 254 233 213
f 212 213 233
f 213 234 254
f 149 235 176
f 235 149 214
f 150 178 177
f 151 236 178
f 216 215 201
f 256 217 218
f 218 219 256
f 140 238 202
f 238 140 220
f 141 240 221
f 240 141 222
f 222 157 181
f 241 181 203
f 145 242 260
f 242 145 183
f 124 243 183
f 243 124 224
f 161 244 224
f 244 161 225
f 225 125 226
f 126 245 261
f 245 126 227
f 186 246 228
f 188 247 229
f 189 207 188
f 262 207 248
f 251 263 192
f 251 192 209
f 193 252 230
f 252 193 210
f 194 253 231
f 232 211 194
f 211 232 196
f 176 255 198
f 255 176 235
f 267 178 236
f 215 297 200
f 297 215 216
f 216 217 256
f 268 219 237
f 257 202 238
f 258 180 239
f 181 259 222
f 259 181 241
f 318 223 204
f 273 246 229
f 188 207 247
f 275 262 248
f 275 248 249
f 249 276 275
f 276 249 250
f 276 250 263
f 209 277 251
f 277 209 230
f 210 264 252
f 264 210 231
f 253 194 211
f 265 211 233
f 282 281 254
f 233 254 281
f 254 266 282
f 198 255 213
f 199 177 214
f 178 267 177
f 216 284 297
f 284 216 256
f 298 256 219
f 202 269 237
f 269 202 257
f 180 270 220
f 270 180 258
f 271 272 223
f 328 223 318
f 229 247 273
f 207 274 247
f 274 207 262
f 274 262 275
f 263 292 276
f 292 263 251
f 230 278 277
f 278 230 252
f 231 279 264
f 279 231 253
f 279 253 211
f 211 280 279
f 280 211 265
f 213 283 234
f 283 213 255
f 296 177 267
f 200 297 236
f 219 285 298
f 285 219 268
f 286 237 269
f 221 300 239
f 300 221 240
f 240 222 259
f 362 272 271
f 260 287 204
f 287 260 242
f 183 288 242
f 288 183 243
f 225 319 244
f 226 289 225
f 289 226 206
f 261 290 206
f 290 261 245
f 227 305 245
f 305 227 228
f 246 291 228
f 291 246 273
f 306 274 275
f 275 336 306
f 275 307 336
f 307 275 276
f 276 308 307
f 276 292 308
f 251 352 292
f 251 293 352
f 293 251 277
f 252 294 278
f 294 252 264
f 312 311 282
f 281 282 311
f 282 295 312
f 234 283 254
f 235 214 255
f 177 296 214
f 342 297 284
f 342 284 256
f 256 298 342
f 237 299 268
f 299 237 286
f 239 300 258
f 301 240 259
f 302 271 223
f 204 303 318
f 303 204 287
f 319 225 289
f 206 304 289
f 304 206 290
f 245 305 290
f 305 228 291
f 273 247 291
f 320 247 274
f 320 274 306
f 277 309 293
f 309 277 278
f 264 321 294
f 321 264 279
f 310 279 280
f 254 313 266
f 313 254 283
f 357 255 214
f 324 214 296
f 236 358 267
f 358 236 297
f 325 298 285
f 314 268 299
f 240 315 300
f 315 240 301
f 302 316 271
f 316 302 223
f 223 317 316
f 317 223 328
f 291 247 305
f 334 320 306
f 306 335 334
f 306 336 335
f 307 351 336
f 351 307 308
f 278 321 309
f 321 278 294
f 279 322 321
f 322 279 310
f 339 322 312
f 311 312 322
f 312 323 339
f 266 313 282
f 255 357 283
f 214 324 357
f 297 341 358
f 341 297 342
f 359 342 298
f 268 326 285
f 326 268 314
f 270 345 220
f 345 270 258
f 271 327 362
f 271 377 327
f 377 271 316
f 242 329 287
f 329 242 288
f 243 330 288
f 330 243 224
f 244 331 224
f 331 244 319
f 332 319 289
f 305 350 290
f 379 305 247
f 247 333 379
f 333 247 320
f 333 320 334
f 308 396 351
f 396 308 292
f 292 337 396
f 337 292 352
f 338 352 293
f 338 293 309
f 282 340 295
f 340 282 313
f 356 283 357
f 267 358 296
f 298 343 359
f 343 298 325
f 344 285 326
f 220 345 238
f 346 300 315
f 347 362 327
f 328 388 317
f 388 328 318
f 224 348 330
f 348 224 331
f 319 349 331
f 349 319 332
f 289 304 332
f 290 350 304
f 305 379 350
f 365 333 334
f 334 394 365
f 334 366 394
f 366 334 335
f 366 335 336
f 336 367 366
f 336 368 367
f 368 336 351
f 309 353 338
f 353 309 321
f 354 321 322
f 371 370 339
f 322 339 370
f 339 355 371
f 295 340 312
f 283 356 313
f 324 373 357
f 373 324 296
f 402 358 341
f 402 341 342
f 342 359 402
f 285 360 325
f 360 285 344
f 238 375 257
f 375 238 345
f 300 361 258
f 361 300 346
f 316 363 377
f 363 316 317
f 318 364 388
f 364 318 303
f 378 304 350
f 379 333 365
f 351 396 368
f 352 397 337
f 397 352 338
f 353 426 338
f 426 353 321
f 321 369 426
f 369 321 354
f 312 372 323
f 372 312 340
f 383 313 356
f 296 384 373
f 384 296 358
f 385 359 343
f 374 325 360
f 257 375 269
f 258 416 345
f 416 258 361
f 484 362 347
f 376 347 327
f 287 389 303
f 389 287 329
f 329 288 330
f 304 378 332
f 350 379 378
f 379 392 391
f 392 379 365
f 365 393 392
f 365 394 393
f 366 395 394
f 395 366 367
f 395 367 368
f 368 380 395
f 380 368 396
f 381 396 337
f 381 337 397
f 338 426 397
f 400 399 371
f 370 371 399
f 371 382 400
f 323 372 339
f 313 383 340
f 357 412 356
f 412 357 373
f 384 358 402
f 413 402 359
f 325 386 343
f 386 325 374
f 269 387 286
f 387 269 375
f 435 347 376
f 329 439 389
f 330 348 329
f 331 349 348
f 332 378 349
f 440 378 379
f 379 390 440
f 390 379 391
f 398 426 369
f 339 401 355
f 401 339 372
f 411 340 383
f 412 373 384
f 359 403 413
f 403 359 385
f 404 343 386
f 286 405 299
f 405 286 387
f 345 416 375
f 406 484 347
f 377 436 327
f 436 377 363
f 317 407 363
f 407 317 388
f 364 408 388
f 408 364 303
f 408 303 389
f 420 348 349
f 422 390 391
f 422 391 392
f 392 423 422
f 423 392 393
f 423 393 394
f 394 457 423
f 394 424 457
f 424 394 395
f 395 425 424
f 425 395 380
f 396 441 380
f 441 396 381
f 397 426 381
f 409 426 398
f 429 428 400
f 399 400 428
f 400 410 429
f 355 401 371
f 340 411 372
f 356 431 383
f 431 356 412
f 384 432 412
f 432 384 402
f 402 413 432
f 343 414 385
f 414 343 404
f 299 415 314
f 415 299 405
f 417 416 361
f 376 418 435
f 418 376 327
f 327 419 418
f 419 327 436
f 389 438 408
f 438 389 439
f 329 451 439
f 451 329 348
f 348 420 451
f 349 421 420
f 421 349 378
f 440 390 422
f 380 496 425
f 380 474 496
f 474 380 441
f 381 474 441
f 381 426 474
f 427 426 409
f 371 430 382
f 430 371 401
f 444 372 411
f 412 445 431
f 446 413 403
f 433 385 414
f 314 434 326
f 434 314 415
f 387 375 416
f 416 417 387
f 468 484 406
f 408 437 388
f 378 440 421
f 440 453 452
f 453 440 422
f 422 454 453
f 422 455 454
f 455 422 423
f 423 456 455
f 423 457 456
f 424 458 457
f 426 442 474
f 442 426 427
f 461 460 429
f 428 429 460
f 429 443 461
f 382 430 400
f 372 444 401
f 383 478 411
f 478 383 431
f 445 412 432
f 479 432 413
f 385 447 403
f 447 385 433
f 326 448 344
f 448 326 434
f 406 449 468
f 347 450 406
f 450 347 435
f 388 487 407
f 487 388 437
f 437 408 438
f 471 420 421
f 471 421 440
f 440 472 471
f 472 440 452
f 459 474 442
f 400 462 410
f 462 400 430
f 477 401 444
f 478 431 445
f 413 463 479
f 463 413 446
f 464 403 447
f 344 465 360
f 465 344 448
f 405 387 415
f 466 387 417
f 467 484 468
f 406 469 449
f 469 406 450
f 363 470 436
f 470 363 407
f 451 488 439
f 488 451 420
f 420 471 488
f 490 472 452
f 490 452 453
f 453 491 490
f 491 453 454
f 491 454 455
f 455 492 491
f 492 455 456
f 492 456 457
f 457 493 492
f 457 494 493
f 494 457 458
f 424 495 458
f 495 424 425
f 425 473 495
f 473 425 496
f 541 496 474
f 475 474 459
f 500 498 461
f 460 461 498
f 461 476 500
f 410 462 429
f 401 477 430
f 411 502 444
f 502 411 478
f 445 503 478
f 548 445 432
f 432 479 548
f 403 480 446
f 480 403 464
f 360 481 374
f 481 360 465
f 415 387 434
f 482 387 466
f 483 484 467
f 468 485 467
f 418 486 435
f 486 418 419
f 530 437 438
f 439 488 438
f 489 471 472
f 489 472 490
f 474 497 541
f 497 474 475
f 429 501 443
f 501 429 462
f 518 430 477
f 519 477 444
f 478 520 502
f 445 548 503
f 504 479 463
f 505 446 480
f 374 506 386
f 506 374 481
f 387 507 434
f 507 387 482
f 484 508 576
f 508 484 483
f 435 509 450
f 509 435 486
f 470 510 436
f 510 470 407
f 487 511 407
f 511 487 437
f 437 512 511
f 512 437 530
f 438 513 530
f 513 438 488
f 489 532 531
f 532 489 490
f 490 533 532
f 490 534 533
f 534 490 491
f 491 535 534
f 491 536 535
f 536 491 492
f 492 537 536
f 492 538 537
f 538 492 493
f 494 539 493
f 539 494 458
f 458 514 539
f 514 458 495
f 514 495 473
f 496 541 473
f 515 541 497
f 499 515 500
f 498 500 515
f 500 516 499
f 443 517 461
f 517 443 501
f 430 518 462
f 477 519 518
f 444 546 519
f 546 444 502
f 478 547 520
f 547 478 503
f 549 548 479
f 521 479 504
f 446 522 463
f 522 446 505
f 447 523 464
f 523 447 433
f 386 524 404
f 524 386 506
f 448 434 465
f 483 525 508
f 525 483 467
f 485 526 467
f 526 485 468
f 449 527 468
f 527 449 469
f 450 528 469
f 528 450 509
f 436 529 419
f 529 436 510
f 407 560 510
f 560 407 511
f 488 471 513
f 561 471 489
f 561 489 531
f 540 514 473
f 473 541 540
f 542 541 515
f 515 499 542
f 544 499 516
f 461 545 476
f 545 461 517
f 566 462 518
f 567 518 519
f 502 568 546
f 568 502 520
f 503 548 547
f 479 550 549
f 550 479 521
f 551 463 522
f 464 552 480
f 552 464 523
f 404 553 414
f 553 404 524
f 465 434 481
f 554 434 507
f 555 576 508
f 556 508 525
f 467 557 525
f 557 467 526
f 468 558 526
f 558 468 527
f 419 559 486
f 559 419 529
f 560 511 512
f 530 580 512
f 580 530 513
f 513 471 580
f 561 582 581
f 582 561 531
f 582 531 532
f 532 583 582
f 532 584 583
f 584 532 533
f 584 533 534
f 534 585 584
f 534 586 585
f 586 534 535
f 586 535 536
f 536 587 586
f 536 588 587
f 588 536 537
f 538 589 537
f 589 538 493
f 493 590 589
f 590 493 539
f 590 539 514
f 514 610 590
f 610 514 540
f 541 562 540
f 562 541 542
f 543 563 499
f 542 499 563
f 499 564 543
f 564 499 544
f 476 565 500
f 565 476 545
f 462 566 501
f 518 567 566
f 519 595 567
f 595 519 546
f 520 596 568
f 596 520 547
f 645 547 548
f 548 569 645
f 569 548 549
f 570 549 550
f 463 571 504
f 571 463 551
f 480 572 505
f 572 480 552
f 414 573 433
f 573 414 553
f 481 434 506
f 574 434 554
f 575 576 555
f 508 577 555
f 577 508 556
f 528 578 469
f 578 528 509
f 486 579 509
f 579 486 559
f 560 607 510
f 512 580 560
f 471 608 580
f 608 471 561
f 608 561 581
f 540 562 610
f 563 543 591
f 593 543 564
f 500 594 516
f 594 500 565
f 501 614 517
f 614 501 566
f 615 566 567
f 546 616 595
f 616 546 568
f 547 645 596
f 549 597 569
f 597 549 570
f 504 598 521
f 598 504 571
f 505 599 522
f 599 505 572
f 433 600 523
f 600 433 573
f 506 672 524
f 672 506 434
f 434 601 672
f 601 434 574
f 576 602 675
f 602 576 575
f 557 603 525
f 603 557 526
f 558 604 526
f 604 558 527
f 469 605 527
f 605 469 578
f 509 606 578
f 606 509 579
f 510 607 529
f 560 627 607
f 627 560 580
f 608 629 628
f 629 608 581
f 629 581 582
f 582 630 629
f 582 631 630
f 631 582 583
f 631 583 584
f 584 632 631
f 584 633 632
f 633 584 585
f 633 585 586
f 586 634 633
f 586 635 634
f 635 586 587
f 588 636 587
f 636 588 537
f 537 637 636
f 637 537 589
f 637 589 590
f 590 609 637
f 590 610 609
f 611 610 562
f 592 611 543
f 591 543 611
f 543 612 592
f 612 543 593
f 516 613 544
f 613 516 594
f 517 614 545
f 566 615 614
f 567 643 615
f 643 567 595
f 568 644 616
f 644 568 596
f 646 645 569
f 617 569 597
f 521 618 550
f 618 521 598
f 522 619 551
f 619 522 599
f 523 620 552
f 620 523 600
f 524 672 553
f 575 621 602
f 621 575 555
f 577 622 555
f 622 577 556
f 525 623 556
f 623 525 603
f 526 624 603
f 624 526 604
f 527 625 604
f 625 527 605
f 529 626 559
f 626 529 607
f 658 627 580
f 580 659 658
f 659 580 608
f 659 608 628
f 609 660 637
f 660 609 610
f 610 638 660
f 638 610 611
f 611 592 639
f 641 592 612
f 544 642 564
f 642 544 613
f 545 664 565
f 664 545 614
f 665 614 615
f 595 666 643
f 666 595 616
f 596 645 644
f 569 647 646
f 647 569 617
f 550 648 570
f 648 550 618
f 551 649 571
f 649 551 619
f 552 650 572
f 650 552 620
f 553 672 573
f 651 672 601
f 652 675 602
f 653 602 621
f 555 654 621
f 654 555 622
f 556 655 622
f 655 556 623
f 606 656 578
f 656 606 579
f 559 657 579
f 657 559 626
f 607 658 626
f 658 607 627
f 659 682 681
f 682 659 628
f 682 628 629
f 629 683 682
f 629 684 683
f 684 629 630
f 684 630 631
f 631 685 684
f 631 686 685
f 686 631 632
f 686 632 633
f 633 687 686
f 633 688 687
f 688 633 634
f 635 689 634
f 689 635 587
f 587 690 689
f 690 587 636
f 690 636 637
f 637 701 690
f 637 660 701
f 640 661 592
f 639 592 661
f 592 662 640
f 662 592 641
f 564 663 593
f 663 564 642
f 565 664 594
f 614 665 664
f 615 694 665
f 694 615 643
f 616 695 666
f 695 616 644
f 736 644 645
f 645 667 736
f 667 645 646
f 668 646 647
f 570 669 597
f 669 570 648
f 571 670 598
f 670 571 649
f 572 671 599
f 671 572 650
f 573 672 600
f 673 672 651
f 674 675 652
f 602 676 652
f 676 602 653
f 624 677 603
f 677 624 604
f 625 678 604
f 678 625 605
f 578 679 605
f 679 578 656
f 579 720 656
f 720 579 657
f 626 658 657
f 658 680 754
f 680 658 659
f 680 659 681
f 660 691 701
f 691 660 638
f 661 640 691
f 703 640 662
f 593 693 612
f 693 593 663
f 594 705 613
f 705 594 664
f 706 664 665
f 643 708 694
f 708 643 666
f 644 736 695
f 646 711 667
f 711 646 668
f 597 712 617
f 712 597 669
f 598 713 618
f 713 598 670
f 599 714 619
f 714 599 671
f 600 770 620
f 770 600 672
f 672 696 770
f 696 672 673
f 675 697 696
f 697 675 674
f 654 717 621
f 717 654 622
f 655 718 622
f 718 655 623
f 603 719 623
f 719 603 677
f 604 698 677
f 698 604 678
f 605 699 678
f 699 605 679
f 720 657 658
f 658 754 720
f 680 722 721
f 722 680 681
f 722 681 682
f 682 723 722
f 682 724 723
f 724 682 683
f 724 683 684
f 684 725 724
f 684 726 725
f 726 684 685
f 726 685 686
f 686 727 726
f 686 728 727
f 728 686 687
f 688 729 687
f 729 688 634
f 634 730 729
f 730 634 689
f 730 689 690
f 690 700 730
f 690 701 700
f 702 701 691
f 692 702 640
f 691 640 702
f 640 703 692
f 612 704 641
f 704 612 693
f 613 705 642
f 664 706 705
f 665 707 706
f 707 665 694
f 666 709 708
f 709 666 695
f 710 736 667
f 617 712 647
f 618 713 648
f 619 714 649
f 620 770 650
f 674 715 697
f 715 674 652
f 676 716 652
f 716 676 653
f 621 717 653
f 622 718 717
f 623 719 718
f 755 754 680
f 755 680 721
f 700 756 730
f 756 700 701
f 701 731 756
f 731 701 702
f 702 692 732
f 758 692 703
f 759 703 662
f 641 760 662
f 760 641 704
f 642 761 663
f 761 642 705
f 762 705 706
f 763 706 707
f 694 734 707
f 734 694 708
f 735 708 709
f 695 736 709
f 765 736 710
f 667 737 710
f 737 667 711
f 738 711 668
f 647 739 668
f 739 647 712
f 740 712 669
f 648 741 669
f 741 648 713
f 742 713 670
f 649 743 670
f 743 649 714
f 744 714 671
f 650 770 671
f 745 770 696
f 696 746 772
f 746 696 697
f 773 697 715
f 652 747 715
f 747 652 716
f 653 748 716
f 748 653 717
f 749 717 718
f 750 718 719
f 751 719 677
f 698 752 677
f 752 698 678
f 699 753 678
f 753 699 679
f 656 776 679
f 776 656 720
f 720 754 776
f 755 778 777
f 778 755 721
f 778 721 722
f 722 779 778
f 722 780 779
f 780 722 723
f 780 723 724
f 724 781 780
f 724 782 781
f 782 724 725
f 726 783 725
f 726 784 783
f 784 726 727
f 728 785 727
f 785 728 687
f 687 786 785
f 786 687 729
f 786 729 730
f 730 787 786
f 730 756 787
f 733 757 692
f 732 692 757
f 692 758 733
f 703 759 758
f 662 760 759
f 663 761 693
f 705 762 761
f 706 763 762
f 734 708 735
f 709 764 735
f 764 709 736
f 736 765 764
f 711 766 737
f 766 711 738
f 738 668 739
f 712 767 739
f 767 712 740
f 740 669 741
f 713 768 741
f 768 713 742
f 742 670 743
f 714 769 743
f 769 714 744
f 671 770 744
f 771 770 745
f 697 773 746
f 748 717 749
f 718 774 749
f 774 718 750
f 750 719 751
f 677 775 751
f 775 677 752
f 752 678 753
f 679 776 753
f 754 777 776
f 777 754 755
f 756 788 787
f 788 756 731
f 757 733 788
f 733 793 790
f 793 733 758
f 789 791 792
f 789 792 794
f 758 796 793
f 796 758 759
f 789 794 795
f 789 795 797
f 759 799 796
f 799 759 760
f 789 797 798
f 789 798 800
f 760 802 799
f 802 760 704
f 789 800 801
f 802 704 693
f 789 801 803
f 693 805 802
f 805 693 761
f 789 803 804
f 789 804 806
f 761 808 805
f 808 761 762
f 789 806 807
f 789 807 809
f 762 811 808
f 811 762 763
f 789 809 810
f 789 810 812
f 763 814 811
f 814 763 707
f 789 812 813
f 814 707 734
f 789 813 815
f 734 819 814
f 789 815 816
f 819 734 735
f 789 816 817
f 819 735 764
f 789 817 818
f 819 764 765
f 789 818 820
f 765 820 819
f 789 820 821
f 765 825 820
f 825 765 710
f 789 821 822
f 825 710 737
f 789 822 823
f 825 737 766
f 789 823 824
f 825 766 738
f 789 824 826
f 738 830 825
f 789 826 827
f 830 738 739
f 789 827 828
f 830 739 767
f 789 828 829
f 830 767 740
f 789 829 831
f 740 835 830
f 789 831 832
f 835 740 741
f 789 832 833
f 835 741 768
f 789 833 834
f 835 768 742
f 789 834 836
f 742 840 835
f 789 836 837
f 840 742 743
f 789 837 838
f 840 743 769
f 789 838 839
f 840 769 744
f 789 839 841
f 744 841 840
f 841 744 770
f 789 841 842
f 770 842 841
f 842 770 771
f 843 844 845
f 746 847 772
f 847 746 773
f 843 845 846
f 843 846 848
f 773 852 847
f 852 773 715
f 843 848 849
f 852 715 747
f 843 849 850
f 852 747 716
f 843 850 851
f 852 716 748
f 843 851 853
f 748 857 852
f 843 853 854
f 857 748 749
f 843 854 855
f 857 749 774
f 843 855 856
f 857 774 750
f 843 856 858
f 750 862 857
f 843 858 859
f 862 750 751
f 843 859 860
f 862 751 775
f 843 860 861
f 862 775 752
f 843 861 863
f 752 866 862
f 843 863 864
f 866 752 753
f 843 864 865
f 866 753 776
f 843 865 867
f 776 870 866
f 843 867 868
f 870 776 777
f 843 868 869
f 843 869 871
f 777 871 870
f 843 871 872
f 777 872 871
f 872 777 778
f 843 872 873
f 778 873 872
f 843 873 874
f 778 876 873
f 876 778 779
f 843 874 875
f 876 779 780
f 843 875 877
f 780 877 876
f 843 877 878
f 780 880 877
f 880 780 781
f 843 878 879
f 880 781 782
f 843 879 881
f 782 881 880
f 881 782 725
f 843 881 882
f 725 884 881
f 884 725 783
f 843 882 883
f 884 783 784
f 843 883 885
f 784 885 884
f 885 784 727
f 843 885 886
f 727 888 885
f 888 727 785
f 843 886 887
f 888 785 786
f 843 887 889
f 786 889 888
f 843 889 890
f 786 890 889
f 890 786 787
f 843 890 891
f 890 787 788
f 790 788 733
f 894 893 892
f 895 894 892
f 896 895 892
f 897 896 892
f 898 897 892
f 899 898 892
f 900 899 892
f 901 900 892
f 902 901 892
f 904 903 892
f 905 904 892
f 906 905 892
f 907 906 892
f 908 907 892
f 909 908 892
f 910 909 892
f 911 910 892
f 912 911 892
f 913 912 892
f 892 893 914
f 983 916 915
f 983 918 916
f 918 983 917
f 917 919 918
f 917 921 919
f 921 917 920
f 920 922 921
f 920 924 922
f 924 920 923
f 923 925 924
f 923 927 925
f 927 923 926
f 926 928 927
f 928 926 929
f 929 930 928
f 929 932 930
f 932 929 931
f 931 987 932
f 987 931 933
f 933 934 987
f 933 936 934
f 936 933 935
f 935 937 936
f 935 939 937
f 939 935 938
f 938 940 939
f 938 942 940
f 942 938 941
f 941 943 942
f 941 945 943
f 945 941 944
f 944 946 945
f 946 944 947
f 950 948 949
f 949 952 950
f 952 949 951
f 951 954 952
f 954 951 953
f 953 956 954
f 956 953 955
f 955 958 956
f 958 955 957
f 957 960 958
f 960 957 959
f 959 961 960
f 961 959 962
f 962 963 961
f 963 962 964
f 964 1075 963
f 964 965 1075
f 965 964 966
f 966 968 965
f 968 966 967
f 968 967 969
f 969 971 968
f 971 969 970
f 971 970 972
f 972 974 971
f 974 972 973
f 974 973 975
f 975 977 974
f 977 975 976
f 977 976 978
f 978 980 977
f 980 978 979
f 980 979 981
f 981 1012 980
f 915 982 983
f 1014 915 916
f 1016 918 919
f 1018 921 922
f 1020 924 925
f 985 927 928
f 986 928 930
f 987 1025 988
f 987 989 1025
f 989 987 934
f 1027 936 937
f 1029 939 940
f 1031 942 943
f 990 945 946
f 991 946 947
f 948 992 1096
f 992 948 950
f 950 1034 992
f 950 993 1034
f 952 994 950
f 952 995 994
f 954 996 952
f 954 997 996
f 956 998 954
f 956 999 998
f 958 1000 956
f 958 1001 1000
f 960 1002 958
f 960 1003 1002
f 961 1035 960
f 1036 965 968
f 968 1005 1004
f 1005 968 971
f 971 1007 1006
f 1007 971 974
f 974 1009 1008
f 1009 974 977
f 977 1011 1010
f 1011 977 980
f 1013 1012 981
f 984 1013 915
f 982 915 1013
f 916 1015 1014
f 1015 916 918
f 919 1017 1016
f 1017 919 921
f 922 1019 1018
f 1019 922 924
f 925 1021 1020
f 1021 925 927
f 985 1022 927
f 1022 985 928
f 1022 928 986
f 1023 986 930
f 930 932 1023
f 1053 932 987
f 987 1024 1053
f 1024 987 988
f 934 1026 989
f 1026 934 936
f 937 1028 1027
f 1028 937 939
f 940 1030 1029
f 1030 940 942
f 943 1032 1031
f 1032 943 945
f 990 1061 945
f 1061 990 946
f 946 1033 1061
f 1033 946 991
f 950 1064 993
f 1064 950 994
f 952 1066 995
f 1066 952 996
f 954 1068 997
f 1068 954 998
f 956 1070 999
f 1070 956 1000
f 958 1072 1001
f 1072 958 1002
f 960 1035 1003
f 961 1074 1035
f 1074 961 963
f 963 1075 1074
f 1076 1075 965
f 1076 965 1036
f 1037 1036 968
f 968 1038 1037
f 1038 968 1004
f 971 1079 1005
f 1079 971 1006
f 974 1081 1007
f 1081 974 1008
f 977 1083 1009
f 1083 977 1010
f 980 1039 1011
f 1039 980 1012
f 1040 1012 1013
f 1013 984 1040
f 1042 984 915
f 915 1043 1042
f 1043 915 1014
f 1015 1044 1014
f 1044 1015 918
f 918 1045 1044
f 1045 918 1016
f 1017 1046 1016
f 1046 1017 921
f 921 1047 1046
f 1047 921 1018
f 1019 1048 1018
f 1048 1019 924
f 924 1049 1048
f 1049 924 1020
f 1021 1050 1020
f 1050 1021 927
f 1050 927 1022
f 1051 1022 986
f 986 1052 1051
f 1052 986 1023
f 932 1053 1023
f 988 1054 1024
f 1054 988 1025
f 1026 1055 989
f 1055 1026 936
f 936 1056 1055
f 1056 936 1027
f 1028 1057 1027
f 1057 1028 939
f 939 1058 1057
f 1058 939 1029
f 1030 1059 1029
f 1059 1030 942
f 942 1060 1059
f 1060 942 1031
f 1032 1061 1031
f 1061 1032 945
f 1062 1096 992
f 1063 992 1034
f 994 1065 1064
f 1065 994 995
f 996 1067 1066
f 1067 996 997
f 998 1069 1068
f 1069 998 999
f 1000 1071 1070
f 1071 1000 1001
f 1002 1073 1072
f 1073 1002 1003
f 1035 1074 1003
f 1076 1111 1110
f 1111 1076 1036
f 1036 1077 1111
f 1077 1036 1037
f 1004 1078 1038
f 1078 1004 1005
f 1006 1080 1079
f 1080 1006 1007
f 1008 1082 1081
f 1082 1008 1009
f 1010 1084 1083
f 1084 1010 1011
f 1039 1119 1011
f 1119 1039 1012
f 1012 1085 1119
f 1085 1012 1040
f 1041 1086 984
f 1040 984 1086
f 984 1087 1041
f 1087 984 1042
f 1014 1123 1043
f 1123 1014 1044
f 1016 1125 1045
f 1125 1016 1046
f 1018 1127 1047
f 1127 1018 1048
f 1020 1088 1049
f 1088 1020 1050
f 1089 1050 1022
f 1089 1022 1051
f 1023 1053 1052
f 1131 1053 1024
f 1090 1024 1054
f 1025 1091 1054
f 1091 1025 989
f 989 1092 1091
f 1092 989 1055
f 1027 1134 1056
f 1134 1027 1057
f 1029 1136 1058
f 1136 1029 1059
f 1031 1093 1060
f 1093 1031 1061
f 1094 1061 1033
f 1095 1096 1062
f 992 1097 1062
f 1097 992 1063
f 1034 1098 1063
f 1098 1034 993
f 993 1099 1098
f 1099 993 1064
f 1065 1100 1064
f 1100 1065 995
f 995 1101 1100
f 1101 995 1066
f 1067 1102 1066
f 1102 1067 997
f 997 1103 1102
f 1103 997 1068
f 1069 1104 1068
f 1104 1069 999
f 999 1105 1104
f 1105 999 1070
f 1071 1106 1070
f 1106 1071 1001
f 1001 1107 1106
f 1107 1001 1072
f 1073 1140 1072
f 1140 1073 1003
f 1003 1108 1140
f 1108 1003 1074
f 1208 1074 1075
f 1075 1109 1208
f 1109 1075 1076
f 1109 1076 1110
f 1037 1112 1077
f 1112 1037 1038
f 1078 1113 1038
f 1113 1078 1005
f 1005 1114 1113
f 1114 1005 1079
f 1080 1115 1079
f 1115 1080 1007
f 1007 1116 1115
f 1116 1007 1081
f 1082 1117 1081
f 1117 1082 1009
f 1009 1118 1117
f 1118 1009 1083
f 1084 1119 1083
f 1119 1084 1011
f 1086 1041 1120
f 1122 1041 1087
f 1044 1124 1123
f 1124 1044 1045
f 1046 1126 1125
f 1126 1046 1047
f 1048 1128 1127
f 1128 1048 1049
f 1088 1129 1049
f 1129 1088 1050
f 1129 1050 1089
f 1130 1089 1051
f 1051 1052 1130
f 1024 1132 1131
f 1132 1024 1090
f 1055 1133 1092
f 1133 1055 1056
f 1057 1135 1134
f 1135 1057 1058
f 1059 1137 1136
f 1137 1059 1060
f 1093 1162 1060
f 1162 1093 1061
f 1061 1138 1162
f 1138 1061 1094
f 1096 1139 1230
f 1139 1096 1095
f 1064 1166 1099
f 1166 1064 1100
f 1066 1168 1101
f 1168 1066 1102
f 1068 1170 1103
f 1170 1068 1104
f 1070 1172 1105
f 1172 1070 1106
f 1072 1140 1107
f 1074 1208 1108
f 1109 1176 1175
f 1176 1109 1110
f 1176 1110 1111
f 1111 1141 1176
f 1141 1111 1077
f 1112 1142 1077
f 1142 1112 1038
f 1038 1143 1142
f 1143 1038 1113
f 1079 1180 1114
f 1180 1079 1115
f 1081 1182 1116
f 1182 1081 1117
f 1083 1144 1118
f 1144 1083 1119
f 1145 1119 1085
f 1121 1145 1041
f 1120 1041 1145
f 1041 1146 1121
f 1146 1041 1122
f 1043 1147 1042
f 1147 1043 1123
f 1124 1148 1123
f 1148 1124 1045
f 1045 1149 1148
f 1149 1045 1125
f 1126 1150 1125
f 1150 1126 1047
f 1047 1151 1150
f 1151 1047 1127
f 1128 1152 1127
f 1152 1128 1049
f 1152 1049 1129
f 1153 1129 1089
f 1089 1154 1153
f 1154 1089 1130
f 1052 1249 1130
f 1249 1052 1053
f 1053 1155 1249
f 1155 1053 1131
f 1156 1131 1132
f 1091 1157 1054
f 1157 1091 1092
f 1133 1158 1092
f 1158 1133 1056
f 1056 1159 1158
f 1159 1056 1134
f 1135 1160 1134
f 1160 1135 1058
f 1058 1161 1160
f 1161 1058 1136
f 1137 1162 1136
f 1162 1137 1060
f 1095 1163 1139
f 1163 1095 1062
f 1097 1164 1062
f 1164 1097 1063
f 1098 1165 1063
f 1165 1098 1099
f 1100 1167 1166
f 1167 1100 1101
f 1102 1169 1168
f 1169 1102 1103
f 1104 1171 1170
f 1171 1104 1105
f 1106 1173 1172
f 1173 1106 1107
f 1140 1174 1107
f 1140 1108 1174
f 1209 1208 1109
f 1209 1109 1175
f 1141 1177 1176
f 1177 1141 1077
f 1077 1178 1177
f 1178 1077 1142
f 1113 1179 1143
f 1179 1113 1114
f 1115 1181 1180
f 1181 1115 1116
f 1117 1183 1182
f 1183 1117 1118
f 1144 1216 1118
f 1216 1144 1119
f 1119 1184 1216
f 1184 1119 1145
f 1145 1121 1185
f 1187 1121 1146
f 1042 1188 1087
f 1188 1042 1147
f 1123 1189 1147
f 1189 1123 1148
f 1125 1220 1149
f 1220 1125 1150
f 1127 1190 1151
f 1190 1127 1152
f 1191 1152 1129
f 1191 1129 1153
f 1130 1249 1154
f 1131 1192 1155
f 1192 1131 1156
f 1054 1193 1090
f 1193 1054 1157
f 1092 1194 1157
f 1194 1092 1158
f 1134 1226 1159
f 1226 1134 1160
f 1136 1195 1161
f 1195 1136 1162
f 1196 1162 1138
f 1197 1230 1139
f 1198 1139 1163
f 1062 1199 1163
f 1199 1062 1164
f 1063 1200 1164
f 1200 1063 1165
f 1099 1259 1165
f 1259 1099 1166
f 1167 1201 1166
f 1201 1167 1101
f 1101 1202 1201
f 1202 1101 1168
f 1169 1203 1168
f 1203 1169 1103
f 1103 1204 1203
f 1204 1103 1170
f 1171 1205 1170
f 1205 1171 1105
f 1105 1206 1205
f 1206 1105 1172
f 1173 1233 1172
f 1233 1173 1107
f 1107 1207 1233
f 1207 1107 1174
f 1108 1208 1174
f 1209 1236 1235
f 1236 1209 1175
f 1236 1175 1176
f 1176 1237 1236
f 1176 1210 1237
f 1210 1176 1177
f 1142 1211 1178
f 1211 1142 1143
f 1179 1212 1143
f 1212 1179 1114
f 1114 1213 1212
f 1213 1114 1180
f 1181 1214 1180
f 1214 1181 1116
f 1116 1215 1214
f 1215 1116 1182
f 1183 1216 1182
f 1216 1183 1118
f 1186 1217 1121
f 1185 1121 1217
f 1121 1218 1186
f 1218 1121 1187
f 1087 1219 1122
f 1219 1087 1188
f 1150 1221 1220
f 1221 1150 1151
f 1190 1222 1151
f 1222 1190 1152
f 1222 1152 1191
f 1223 1191 1153
f 1153 1154 1223
f 1250 1249 1155
f 1224 1155 1192
f 1090 1225 1132
f 1225 1090 1193
f 1160 1227 1226
f 1227 1160 1161
f 1195 1255 1161
f 1255 1195 1162
f 1162 1228 1255
f 1228 1162 1196
f 1229 1230 1197
f 1139 1231 1197
f 1231 1139 1198
f 1166 1232 1259
f 1232 1166 1201
f 1168 1260 1202
f 1260 1168 1203
f 1170 1262 1204
f 1262 1170 1205
f 1172 1233 1206
f 1174 1320 1207
f 1320 1174 1208
f 1208 1234 1320
f 1234 1208 1209
f 1234 1209 1235
f 1177 1238 1210
f 1238 1177 1178
f 1211 1239 1178
f 1239 1211 1143
f 1143 1240 1239
f 1240 1143 1212
f 1180 1268 1213
f 1268 1180 1214
f 1182 1241 1215
f 1241 1182 1216
f 1242 1216 1184
f 1217 1186 1242
f 1244 1186 1218
f 1122 1245 1146
f 1245 1122 1219
f 1189 1274 1147
f 1274 1189 1148
f 1149 1275 1148
f 1275 1149 1220
f 1221 1246 1220
f 1246 1221 1151
f 1246 1151 1222
f 1247 1222 1191
f 1191 1248 1247
f 1248 1191 1223
f 1154 1249 1223
f 1155 1251 1250
f 1251 1155 1224
f 1132 1252 1156
f 1252 1132 1225
f 1194 1253 1157
f 1253 1194 1158
f 1159 1254 1158
f 1254 1159 1226
f 1227 1255 1226
f 1255 1227 1161
f 1230 1256 1338
f 1256 1230 1229
f 1199 1257 1163
f 1257 1199 1164
f 1200 1258 1164
f 1258 1200 1165
f 1203 1261 1260
f 1261 1203 1204
f 1205 1263 1262
f 1263 1205 1206
f 1233 1264 1206
f 1233 1207 1264
f 1234 1295 1294
f 1295 1234 1235
f 1295 1235 1236
f 1236 1296 1295
f 1236 1322 1296
f 1322 1236 1237
f 1238 1265 1210
f 1265 1238 1178
f 1178 1266 1265
f 1266 1178 1239
f 1212 1267 1240
f 1267 1212 1213
f 1214 1269 1268
f 1269 1214 1215
f 1241 1302 1215
f 1302 1241 1216
f 1216 1270 1302
f 1270 1216 1242
f 1243 1271 1186
f 1242 1186 1271
f 1186 1272 1243
f 1272 1186 1244
f 1146 1273 1187
f 1273 1146 1245
f 1147 1274 1188
f 1148 1275 1274
f 1220 1307 1275
f 1307 1220 1246
f 1276 1246 1222
f 1276 1222 1247
f 1223 1358 1248
f 1358 1223 1249
f 1249 1277 1358
f 1277 1249 1250
f 1278 1250 1251
f 1156 1279 1192
f 1279 1156 1252
f 1157 1280 1193
f 1280 1157 1253
f 1158 1281 1253
f 1281 1158 1254
f 1226 1282 1254
f 1282 1226 1255
f 1283 1255 1228
f 1229 1284 1256
f 1284 1229 1197
f 1231 1285 1197
f 1285 1231 1198
f 1163 1286 1198
f 1286 1163 1257
f 1164 1287 1257
f 1287 1164 1258
f 1165 1341 1258
f 1341 1165 1259
f 1232 1288 1259
f 1288 1232 1201
f 1202 1289 1201
f 1289 1202 1260
f 1261 1290 1260
f 1290 1261 1204
f 1204 1291 1290
f 1291 1204 1262
f 1263 1292 1262
f 1292 1263 1206
f 1206 1293 1292
f 1293 1206 1264
f 1207 1320 1264
f 1321 1320 1234
f 1321 1234 1294
f 1237 1297 1322
f 1297 1237 1210
f 1210 1298 1297
f 1298 1210 1265
f 1239 1299 1266
f 1299 1239 1240
f 1267 1300 1240
f 1300 1267 1213
f 1213 1301 1300
f 1301 1213 1268
f 1269 1302 1268
f 1302 1269 1215
f 1271 1243 1303
f 1305 1243 1272
f 1187 1306 1218
f 1306 1187 1273
f 1188 1330 1219
f 1330 1188 1274
f 1331 1274 1275
f 1246 1332 1307
f 1332 1246 1276
f 1308 1276 1247
f 1247 1248 1308
f 1250 1309 1277
f 1309 1250 1278
f 1192 1310 1224
f 1310 1192 1279
f 1193 1311 1225
f 1311 1193 1280
f 1255 1312 1282
f 1312 1255 1283
f 1313 1338 1256
f 1314 1256 1284
f 1197 1315 1284
f 1315 1197 1285
f 1198 1316 1285
f 1316 1198 1286
f 1259 1317 1341
f 1317 1259 1288
f 1201 1318 1288
f 1318 1201 1289
f 1260 1319 1289
f 1319 1260 1290
f 1262 1342 1291
f 1342 1262 1292
f 1264 1320 1293
f 1321 1345 1344
f 1345 1321 1294
f 1345 1294 1295
f 1295 1346 1345
f 1295 1347 1346
f 1347 1295 1296
f 1347 1296 1322
f 1265 1323 1298
f 1323 1265 1266
f 1299 1324 1266
f 1324 1299 1240
f 1240 1325 1324
f 1325 1240 1300
f 1268 1326 1301
f 1326 1268 1302
f 1327 1302 1270
f 1304 1327 1243
f 1303 1243 1327
f 1243 1328 1304
f 1328 1243 1305
f 1218 1329 1244
f 1329 1218 1306
f 1219 1330 1245
f 1274 1331 1330
f 1275 1356 1331
f 1356 1275 1307
f 1276 1357 1332
f 1357 1276 1308
f 1248 1358 1308
f 1359 1358 1277
f 1333 1277 1309
f 1224 1334 1251
f 1334 1224 1310
f 1225 1335 1252
f 1335 1225 1311
f 1281 1336 1253
f 1336 1281 1254
f 1282 1312 1254
f 1337 1338 1313
f 1256 1339 1313
f 1339 1256 1314
f 1287 1340 1257
f 1340 1287 1258
f 1292 1293 1342
f 1420 1293 1320
f 1320 1343 1420
f 1343 1320 1321
f 1343 1321 1344
f 1322 1399 1347
f 1399 1322 1297
f 1323 1348 1298
f 1348 1323 1266
f 1266 1349 1348
f 1349 1266 1324
f 1300 1350 1325
f 1350 1300 1301
f 1326 1374 1301
f 1374 1326 1302
f 1302 1351 1374
f 1351 1302 1327
f 1327 1304 1352
f 1354 1304 1328
f 1244 1355 1272
f 1355 1244 1329
f 1245 1378 1273
f 1378 1245 1330
f 1379 1330 1331
f 1307 1380 1356
f 1380 1307 1332
f 1308 1358 1357
f 1277 1360 1359
f 1360 1277 1333
f 1251 1361 1278
f 1361 1251 1334
f 1252 1362 1279
f 1362 1252 1335
f 1253 1363 1280
f 1363 1253 1336
f 1336 1254 1312
f 1435 1338 1337
f 1315 1364 1284
f 1364 1315 1285
f 1316 1365 1285
f 1365 1316 1286
f 1257 1366 1286
f 1366 1257 1340
f 1258 1418 1340
f 1418 1258 1341
f 1317 1367 1341
f 1367 1317 1288
f 1318 1368 1288
f 1368 1318 1289
f 1319 1393 1289
f 1393 1319 1290
f 1291 1369 1290
f 1369 1291 1342
f 1293 1420 1342
f 1343 1395 1394
f 1395 1343 1344
f 1395 1344 1345
f 1345 1396 1395
f 1345 1397 1396
f 1397 1345 1346
f 1397 1346 1347
f 1347 1398 1397
f 1347 1370 1398
f 1370 1347 1399
f 1297 1371 1399
f 1371 1297 1298
f 1298 1372 1371
f 1372 1298 1348
f 1324 1373 1349
f 1373 1324 1325
f 1350 1374 1325
f 1374 1350 1301
f 1353 1375 1304
f 1352 1304 1375
f 1304 1376 1353
f 1376 1304 1354
f 1272 1377 1305
f 1377 1272 1355
f 1273 1378 1306
f 1330 1379 1378
f 1331 1407 1379
f 1407 1331 1356
f 1332 1408 1380
f 1408 1332 1357
f 1459 1357 1358
f 1358 1381 1459
f 1381 1358 1359
f 1382 1359 1360
f 1278 1383 1309
f 1383 1278 1361
f 1279 1384 1310
f 1384 1279 1362
f 1280 1385 1311
f 1385 1280 1363
f 1386 1336 1312
f 1387 1337 1313
f 1339 1438 1313
f 1438 1339 1314
f 1284 1388 1314
f 1388 1284 1364
f 1285 1389 1364
f 1389 1285 1365
f 1286 1390 1365
f 1390 1286 1366
f 1341 1391 1418
f 1391 1341 1367
f 1288 1392 1367
f 1392 1288 1368
f 1289 1393 1368
f 1290 1419 1393
f 1419 1290 1369
f 1342 1420 1369
f 1421 1420 1343
f 1421 1343 1394
f 1348 1400 1372
f 1400 1348 1349
f 1373 1401 1349
f 1401 1373 1325
f 1325 1402 1401
f 1402 1325 1374
f 1403 1374 1351
f 1375 1353 1403
f 1405 1353 1376
f 1305 1406 1328
f 1406 1305 1377
f 1306 1427 1329
f 1427 1306 1378
f 1428 1378 1379
f 1356 1429 1407
f 1429 1356 1380
f 1357 1459 1408
f 1359 1409 1381
f 1409 1359 1382
f 1309 1410 1333
f 1410 1309 1383
f 1310 1411 1334
f 1411 1310 1384
f 1311 1412 1335
f 1412 1311 1385
f 1336 1413 1363
f 1413 1336 1386
f 1414 1435 1337
f 1387 1415 1337
f 1415 1387 1313
f 1313 1416 1415
f 1416 1313 1438
f 1314 1417 1438
f 1417 1314 1388
f 1369 1420 1419
f 1421 1445 1444
f 1445 1421 1394
f 1445 1394 1395
f 1395 1446 1445
f 1395 1447 1446
f 1447 1395 1396
f 1447 1396 1397
f 1397 1448 1447
f 1397 1474 1448
f 1474 1397 1398
f 1399 1475 1370
f 1475 1399 1371
f 1400 1422 1372
f 1422 1400 1349
f 1349 1423 1422
f 1423 1349 1401
f 1374 1424 1402
f 1424 1374 1403
f 1404 1424 1353
f 1403 1353 1424
f 1353 1425 1404
f 1425 1353 1405
f 1328 1426 1354
f 1426 1328 1406
f 1329 1427 1355
f 1378 1428 1427
f 1379 1457 1428
f 1457 1379 1407
f 1380 1458 1429
f 1458 1380 1408
f 1460 1459 1381
f 1430 1381 1409
f 1333 1431 1360
f 1431 1333 1410
f 1334 1432 1361
f 1432 1334 1411
f 1335 1433 1362
f 1433 1335 1412
f 1413 1434 1363
f 1414 1436 1435
f 1436 1414 1337
f 1337 1437 1436
f 1437 1337 1415
f 1389 1439 1364
f 1439 1389 1365
f 1390 1440 1365
f 1440 1390 1366
f 1340 1441 1366
f 1441 1340 1418
f 1391 1442 1418
f 1442 1391 1367
f 1392 1472 1367
f 1472 1392 1368
f 1393 1473 1368
f 1473 1393 1419
f 1517 1419 1420
f 1420 1443 1517
f 1443 1420 1421
f 1443 1421 1444
f 1398 1449 1474
f 1449 1398 1370
f 1370 1450 1449
f 1450 1370 1475
f 1371 1451 1475
f 1451 1371 1372
f 1372 1452 1451
f 1452 1372 1422
f 1401 1402 1423
f 1453 1402 1424
f 1424 1404 1453
f 1455 1404 1425
f 1354 1456 1376
f 1456 1354 1426
f 1355 1480 1377
f 1480 1355 1427
f 1481 1427 1428
f 1407 1482 1457
f 1482 1407 1429
f 1408 1459 1458
f 1381 1461 1460
f 1461 1381 1430
f 1360 1462 1382
f 1462 1360 1431
f 1361 1463 1383
f 1463 1361 1432
f 1362 1464 1384
f 1464 1362 1433
f 1363 1465 1385
f 1465 1363 1434
f 1435 1466 1489
f 1466 1435 1436
f 1415 1467 1437
f 1467 1415 1416
f 1438 1514 1416
f 1514 1438 1417
f 1364 1468 1388
f 1468 1364 1439
f 1365 1469 1439
f 1469 1365 1440
f 1366 1470 1440
f 1470 1366 1441
f 1418 1471 1441
f 1471 1418 1442
f 1367 1472 1442
f 1368 1473 1472
f 1419 1517 1473
f 1443 1496 1495
f 1496 1443 1444
f 1496 1444 1445
f 1445 1497 1496
f 1445 1498 1497
f 1498 1445 1446
f 1498 1446 1447
f 1447 1499 1498
f 1447 1500 1499
f 1500 1447 1448
f 1500 1448 1474
f 1422 1476 1452
f 1476 1422 1423
f 1402 1477 1423
f 1477 1402 1453
f 1454 1477 1404
f 1453 1404 1477
f 1404 1478 1454
f 1478 1404 1455
f 1376 1479 1405
f 1479 1376 1456
f 1377 1480 1406
f 1427 1481 1480
f 1428 1506 1481
f 1506 1428 1457
f 1429 1507 1482
f 1507 1429 1458
f 1556 1458 1459
f 1459 1483 1556
f 1483 1459 1460
f 1484 1460 1461
f 1382 1485 1409
f 1485 1382 1462
f 1383 1486 1410
f 1486 1383 1463
f 1384 1487 1411
f 1487 1384 1464
f 1385 1488 1412
f 1488 1385 1465
f 1436 1490 1466
f 1490 1436 1437
f 1467 1491 1437
f 1491 1467 1416
f 1416 1492 1491
f 1492 1416 1514
f 1417 1493 1514
f 1493 1417 1388
f 1388 1494 1493
f 1494 1388 1468
f 1516 1472 1473
f 1518 1517 1443
f 1518 1443 1495
f 1474 1548 1500
f 1548 1474 1449
f 1475 1549 1450
f 1549 1475 1451
f 1476 1522 1452
f 1522 1476 1423
f 1423 1501 1522
f 1501 1423 1477
f 1477 1454 1502
f 1504 1454 1478
f 1405 1505 1425
f 1505 1405 1479
f 1406 1526 1426
f 1526 1406 1480
f 1527 1480 1481
f 1457 1528 1506
f 1528 1457 1482
f 1458 1556 1507
f 1460 1508 1483
f 1508 1460 1484
f 1409 1509 1430
f 1509 1409 1485
f 1410 1510 1431
f 1510 1410 1486
f 1411 1511 1432
f 1511 1411 1487
f 1412 1581 1433
f 1581 1412 1488
f 1584 1489 1466
f 1512 1466 1490
f 1437 1513 1490
f 1513 1437 1491
f 1468 1515 1494
f 1515 1468 1439
f 1469 1568 1439
f 1568 1469 1440
f 1470 1538 1440
f 1538 1470 1441
f 1471 1539 1441
f 1539 1471 1442
f 1472 1516 1442
f 1473 1517 1516
f 1518 1542 1541
f 1542 1518 1495
f 1542 1495 1496
f 1496 1543 1542
f 1496 1544 1543
f 1544 1496 1497
f 1544 1497 1498
f 1498 1545 1544
f 1498 1546 1545
f 1546 1498 1499
f 1546 1499 1500
f 1500 1547 1546
f 1500 1519 1547
f 1519 1500 1548
f 1449 1520 1548
f 1520 1449 1450
f 1450 1521 1520
f 1521 1450 1549
f 1451 1601 1549
f 1601 1451 1452
f 1452 1522 1601
f 1503 1523 1454
f 1502 1454 1523
f 1454 1524 1503
f 1524 1454 1504
f 1425 1525 1455
f 1525 1425 1505
f 1426 1526 1456
f 1480 1527 1526
f 1481 1554 1527
f 1554 1481 1506
f 1482 1555 1528
f 1555 1482 1507
f 1557 1556 1483
f 1529 1483 1508
f 1430 1530 1461
f 1530 1430 1509
f 1431 1531 1462
f 1531 1431 1510
f 1432 1532 1463
f 1532 1432 1511
f 1433 1581 1464
f 1533 1584 1466
f 1466 1534 1533
f 1534 1466 1512
f 1514 1535 1492
f 1535 1514 1493
f 1515 1536 1494
f 1536 1515 1439
f 1439 1537 1536
f 1537 1439 1568
f 1440 1538 1568
f 1441 1539 1538
f 1442 1569 1539
f 1569 1442 1516
f 1620 1516 1517
f 1517 1540 1620
f 1540 1517 1518
f 1540 1518 1541
f 1522 1550 1601
f 1550 1522 1501
f 1523 1503 1550
f 1552 1503 1524
f 1455 1553 1478
f 1553 1455 1525
f 1456 1573 1479
f 1573 1456 1526
f 1574 1526 1527
f 1506 1575 1554
f 1575 1506 1528
f 1507 1556 1555
f 1483 1558 1557
f 1558 1483 1529
f 1461 1559 1484
f 1559 1461 1530
f 1462 1560 1485
f 1560 1462 1531
f 1463 1561 1486
f 1561 1463 1532
f 1464 1581 1487
f 1562 1581 1488
f 1563 1584 1533
f 1512 1564 1534
f 1564 1512 1490
f 1513 1615 1490
f 1615 1513 1491
f 1492 1565 1491
f 1565 1492 1535
f 1493 1566 1535
f 1566 1493 1494
f 1494 1567 1566
f 1567 1494 1536
f 1619 1538 1539
f 1516 1620 1569
f 1540 1593 1592
f 1593 1540 1541
f 1593 1541 1542
f 1542 1594 1593
f 1542 1595 1594
f 1595 1542 1543
f 1595 1543 1544
f 1544 1596 1595
f 1544 1597 1596
f 1597 1544 1545
f 1597 1545 1546
f 1546 1598 1597
f 1546 1622 1598
f 1622 1546 1547
f 1548 1623 1519
f 1623 1548 1520
f 1549 1601 1521
f 1570 1601 1550
f 1551 1570 1503
f 1550 1503 1570
f 1503 1571 1551
f 1571 1503 1552
f 1478 1572 1504
f 1572 1478 1553
f 1479 1573 1505
f 1526 1574 1573
f 1527 1606 1574
f 1606 1527 1554
f 1528 1607 1575
f 1607 1528 1555
f 1654 1555 1556
f 1556 1576 1654
f 1576 1556 1557
f 1577 1557 1558
f 1484 1578 1508
f 1578 1484 1559
f 1485 1579 1509
f 1579 1485 1560
f 1486 1580 1510
f 1580 1486 1561
f 1487 1581 1511
f 1582 1581 1562
f 1583 1584 1563
f 1564 1585 1534
f 1585 1564 1490
f 1490 1586 1585
f 1586 1490 1615
f 1491 1587 1615
f 1587 1491 1565
f 1536 1588 1567
f 1588 1536 1537
f 1568 1589 1537
f 1589 1568 1538
f 1538 1590 1589
f 1590 1538 1619
f 1539 1591 1619
f 1591 1539 1569
f 1621 1620 1540
f 1621 1540 1592
f 1547 1599 1622
f 1599 1547 1519
f 1519 1600 1599
f 1600 1519 1623
f 1520 1670 1623
f 1670 1520 1521
f 1521 1601 1670
f 1602 1601 1570
f 1570 1551 1602
f 1604 1551 1571
f 1504 1605 1524
f 1605 1504 1572
f 1505 1627 1525
f 1627 1505 1573
f 1628 1573 1574
f 1554 1629 1606
f 1629 1554 1575
f 1555 1654 1607
f 1557 1608 1576
f 1608 1557 1577
f 1508 1609 1529
f 1609 1508 1578
f 1509 1610 1530
f 1610 1509 1579
f 1510 1611 1531
f 1611 1510 1580
f 1511 1682 1532
f 1682 1511 1581
f 1581 1612 1682
f 1612 1581 1582
f 1584 1613 1685
f 1613 1584 1583
f 1534 1614 1533
f 1614 1534 1585
f 1566 1616 1535
f 1616 1566 1567
f 1588 1617 1567
f 1617 1588 1537
f 1537 1618 1617
f 1618 1537 1589
f 1569 1620 1591
f 1621 1641 1640
f 1641 1621 1592
f 1641 1592 1593
f 1593 1642 1641
f 1593 1643 1642
f 1643 1593 1594
f 1643 1594 1595
f 1595 1644 1643
f 1595 1645 1644
f 1645 1595 1596
f 1645 1596 1597
f 1597 1646 1645
f 1597 1647 1646
f 1647 1597 1598
f 1601 1624 1670
f 1624 1601 1602
f 1603 1624 1551
f 1602 1551 1624
f 1551 1625 1603
f 1625 1551 1604
f 1524 1626 1552
f 1626 1524 1605
f 1525 1627 1553
f 1573 1628 1627
f 1574 1652 1628
f 1652 1574 1606
f 1575 1653 1629
f 1653 1575 1607
f 1655 1654 1576
f 1630 1576 1608
f 1529 1631 1558
f 1631 1529 1609
f 1530 1632 1559
f 1632 1530 1610
f 1531 1633 1560
f 1633 1531 1611
f 1532 1682 1561
f 1583 1634 1613
f 1634 1583 1563
f 1533 1635 1563
f 1635 1533 1614
f 1615 1636 1586
f 1636 1615 1587
f 1535 1637 1565
f 1637 1535 1616
f 1567 1638 1616
f 1638 1567 1617
f 1589 1639 1618
f 1639 1589 1590
f 1619 1667 1590
f 1667 1619 1591
f 1667 1591 1620
f 1620 1668 1667
f 1668 1620 1621
f 1668 1621 1640
f 1622 1700 1598
f 1700 1622 1599
f 1623 1670 1600
f 1648 1670 1624
f 1624 1603 1648
f 1650 1603 1625
f 1552 1651 1571
f 1651 1552 1626
f 1553 1674 1572
f 1674 1553 1627
f 1675 1627 1628
f 1606 1676 1652
f 1676 1606 1629
f 1607 1654 1653
f 1576 1656 1655
f 1656 1576 1630
f 1558 1657 1577
f 1657 1558 1631
f 1559 1658 1578
f 1658 1559 1632
f 1560 1659 1579
f 1659 1560 1633
f 1561 1682 1580
f 1660 1682 1612
f 1661 1685 1613
f 1662 1613 1634
f 1563 1663 1634
f 1663 1563 1635
f 1586 1664 1585
f 1664 1586 1636
f 1587 1665 1636
f 1665 1587 1565
f 1565 1666 1665
f 1666 1565 1637
f 1639 1689 1618
f 1689 1639 1590
f 1590 1667 1689
f 1668 1692 1691
f 1692 1668 1640
f 1692 1640 1641
f 1641 1693 1692
f 1641 1694 1693
f 1694 1641 1642
f 1694 1642 1643
f 1643 1695 1694
f 1643 1696 1695
f 1696 1643 1644
f 1696 1644 1645
f 1645 1697 1696
f 1645 1698 1697
f 1698 1645 1646
f 1647 1699 1646
f 1699 1647 1598
f 1598 1669 1699
f 1669 1598 1700
f 1599 1746 1700
f 1746 1599 1600
f 1600 1670 1746
f 1671 1670 1648
f 1649 1671 1603
f 1648 1603 1671
f 1603 1672 1649
f 1672 1603 1650
f 1571 1673 1604
f 1673 1571 1651
f 1572 1674 1605
f 1627 1675 1674
f 1628 1705 1675
f 1705 1628 1652
f 1629 1706 1676
f 1706 1629 1653
f 1753 1653 1654
f 1654 1677 1753
f 1677 1654 1655
f 1678 1655 1656
f 1577 1679 1608
f 1679 1577 1657
f 1578 1680 1609
f 1680 1578 1658
f 1579 1681 1610
f 1681 1579 1659
f 1580 1682 1611
f 1683 1682 1660
f 1684 1685 1661
f 1613 1686 1661
f 1686 1613 1662
f 1585 1687 1614
f 1687 1585 1664
f 1637 1688 1666
f 1688 1637 1616
f 1638 1735 1616
f 1735 1638 1617
f 1618 1689 1617
f 1667 1766 1689
f 1667 1690 1766
f 1690 1667 1668
f 1690 1668 1691
f 1670 1701 1746
f 1701 1670 1671
f 1671 1649 1701
f 1703 1649 1672
f 1604 1704 1625
f 1704 1604 1673
f 1605 1723 1626
f 1723 1605 1674
f 1724 1674 1675
f 1652 1725 1705
f 1725 1652 1676
f 1653 1753 1706
f 1655 1707 1677
f 1707 1655 1678
f 1608 1708 1630
f 1708 1608 1679
f 1609 1709 1631
f 1709 1609 1680
f 1610 1710 1632
f 1710 1610 1681
f 1611 1780 1633
f 1780 1611 1682
f 1682 1711 1780
f 1711 1682 1683
f 1685 1712 1783
f 1712 1685 1684
f 1663 1713 1634
f 1713 1663 1635
f 1614 1714 1635
f 1714 1614 1687
f 1665 1715 1636
f 1715 1665 1666
f 1688 1716 1666
f 1716 1688 1616
f 1616 1717 1716
f 1717 1616 1735
f 1617 1718 1735
f 1718 1617 1689
f 1690 1737 1736
f 1737 1690 1691
f 1737 1691 1692
f 1692 1738 1737
f 1692 1739 1738
f 1739 1692 1693
f 1739 1693 1694
f 1694 1740 1739
f 1694 1741 1740
f 1741 1694 1695
f 1741 1695 1696
f 1696 1742 1741
f 1696 1743 1742
f 1743 1696 1697
f 1698 1744 1697
f 1744 1698 1646
f 1646 1719 1744
f 1719 1646 1699
f 1719 1699 1669
f 1700 1746 1669
f 1720 1746 1701
f 1702 1720 1649
f 1701 1649 1720
f 1649 1721 1702
f 1721 1649 1703
f 1625 1722 1650
f 1722 1625 1704
f 1626 1723 1651
f 1674 1724 1723
f 1675 1751 1724
f 1751 1675 1705
f 1676 1752 1725
f 1752 1676 1706
f 1754 1753 1677
f 1726 1677 1707
f 1630 1727 1656
f 1727 1630 1708
f 1631 1728 1657
f 1728 1631 1709
f 1632 1729 1658
f 1729 1632 1710
f 1633 1780 1659
f 1684 1730 1712
f 1730 1684 1661
f 1686 1731 1661
f 1731 1686 1662
f 1634 1732 1662
f 1732 1634 1713
f 1635 1733 1713
f 1733 1635 1714
f 1636 1734 1664
f 1734 1636 1715
f 1666 1765 1715
f 1765 1666 1716
f 1689 1766 1718
f 1767 1766 1690
f 1767 1690 1736
f 1745 1719 1669
f 1669 1746 1745
f 1747 1746 1720
f 1720 1702 1747
f 1749 1702 1721
f 1650 1750 1672
f 1750 1650 1722
f 1651 1772 1673
f 1772 1651 1723
f 1773 1723 1724
f 1705 1774 1751
f 1774 1705 1725
f 1706 1753 1752
f 1677 1755 1754
f 1755 1677 1726
f 1656 1756 1678
f 1756 1656 1727
f 1657 1757 1679
f 1757 1657 1728
f 1658 1758 1680
f 1758 1658 1729
f 1659 1780 1681
f 1759 1780 1711
f 1760 1783 1712
f 1761 1712 1730
f 1661 1762 1730
f 1762 1661 1731
f 1662 1763 1731
f 1763 1662 1732
f 1664 1764 1687
f 1764 1664 1734
f 1765 1716 1717
f 1735 1787 1717
f 1787 1735 1718
f 1718 1766 1787
f 1767 1789 1788
f 1789 1767 1736
f 1789 1736 1737
f 1737 1790 1789
f 1737 1791 1790
f 1791 1737 1738
f 1791 1738 1739
f 1739 1792 1791
f 1739 1793 1792
f 1793 1739 1740
f 1793 1740 1741
f 1741 1794 1793
f 1741 1795 1794
f 1795 1741 1742
f 1743 1796 1742
f 1796 1743 1697
f 1697 1797 1796
f 1797 1697 1744
f 1797 1744 1719
f 1719 1817 1797
f 1817 1719 1745
f 1746 1768 1745
f 1768 1746 1747
f 1748 1769 1702
f 1747 1702 1769
f 1702 1770 1748
f 1770 1702 1749
f 1672 1771 1703
f 1771 1672 1750
f 1673 1772 1704
f 1723 1773 1772
f 1724 1802 1773
f 1802 1724 1751
f 1725 1803 1774
f 1803 1725 1752
f 1852 1752 1753
f 1753 1775 1852
f 1775 1753 1754
f 1776 1754 1755
f 1678 1777 1707
f 1777 1678 1756
f 1679 1778 1708
f 1778 1679 1757
f 1680 1779 1709
f 1779 1680 1758
f 1681 1780 1710
f 1781 1780 1759
f 1782 1783 1760
f 1712 1784 1760
f 1784 1712 1761
f 1733 1785 1713
f 1785 1733 1714
f 1687 1786 1714
f 1786 1687 1764
f 1765 1814 1715
f 1717 1787 1765
f 1766 1815 1787
f 1815 1766 1767
f 1815 1767 1788
f 1745 1768 1817
f 1769 1748 1798
f 1800 1748 1770
f 1703 1801 1721
f 1801 1703 1771
f 1704 1821 1722
f 1821 1704 1772
f 1822 1772 1773
f 1751 1823 1802
f 1823 1751 1774
f 1752 1852 1803
f 1754 1804 1775
f 1804 1754 1776
f 1707 1805 1726
f 1805 1707 1777
f 1708 1806 1727
f 1806 1708 1778
f 1709 1807 1728
f 1807 1709 1779
f 1710 1879 1729
f 1879 1710 1780
f 1780 1808 1879
f 1808 1780 1781
f 1783 1809 1882
f 1809 1783 1782
f 1762 1810 1730
f 1810 1762 1731
f 1763 1811 1731
f 1811 1763 1732
f 1713 1812 1732
f 1812 1713 1785
f 1714 1813 1785
f 1813 1714 1786
f 1715 1814 1734
f 1765 1834 1814
f 1834 1765 1787
f 1815 1836 1835
f 1836 1815 1788
f 1836 1788 1789
f 1789 1837 1836
f 1789 1838 1837
f 1838 1789 1790
f 1838 1790 1791
f 1791 1839 1838
f 1791 1840 1839
f 1840 1791 1792
f 1840 1792 1793
f 1793 1841 1840
f 1793 1842 1841
f 1842 1793 1794
f 1795 1843 1794
f 1843 1795 1742
f 1742 1844 1843
f 1844 1742 1796
f 1844 1796 1797
f 1797 1816 1844
f 1797 1817 1816
f 1818 1817 1768
f 1799 1818 1748
f 1798 1748 1818
f 1748 1819 1799
f 1819 1748 1800
f 1721 1820 1749
f 1820 1721 1801
f 1722 1821 1750
f 1772 1822 1821
f 1773 1850 1822
f 1850 1773 1802
f 1774 1851 1823
f 1851 1774 1803
f 1853 1852 1775
f 1824 1775 1804
f 1726 1825 1755
f 1825 1726 1805
f 1727 1826 1756
f 1826 1727 1806
f 1728 1827 1757
f 1827 1728 1807
f 1729 1879 1758
f 1782 1828 1809
f 1828 1782 1760
f 1784 1829 1760
f 1829 1784 1761
f 1730 1830 1761
f 1830 1730 1810
f 1731 1831 1810
f 1831 1731 1811
f 1732 1832 1811
f 1832 1732 1812
f 1734 1833 1764
f 1833 1734 1814
f 1865 1834 1787
f 1787 1866 1865
f 1866 1787 1815
f 1866 1815 1835
f 1816 1867 1844
f 1867 1816 1817
f 1817 1845 1867
f 1845 1817 1818
f 1818 1799 1846
f 1848 1799 1819
f 1749 1849 1770
f 1849 1749 1820
f 1750 1871 1771
f 1871 1750 1821
f 1872 1821 1822
f 1802 1873 1850
f 1873 1802 1823
f 1803 1852 1851
f 1775 1854 1853
f 1854 1775 1824
f 1755 1855 1776
f 1855 1755 1825
f 1756 1856 1777
f 1856 1756 1826
f 1757 1857 1778
f 1857 1757 1827
f 1758 1879 1779
f 1858 1879 1808
f 1859 1882 1809
f 1860 1809 1828
f 1760 1861 1828
f 1861 1760 1829
f 1761 1862 1829
f 1862 1761 1830
f 1813 1863 1785
f 1863 1813 1786
f 1764 1864 1786
f 1864 1764 1833
f 1814 1865 1833
f 1865 1814 1834
f 1866 1889 1888
f 1889 1866 1835
f 1889 1835 1836
f 1836 1890 1889
f 1836 1891 1890
f 1891 1836 1837
f 1891 1837 1838
f 1838 1892 1891
f 1838 1893 1892
f 1893 1838 1839
f 1893 1839 1840
f 1840 1894 1893
f 1840 1895 1894
f 1895 1840 1841
f 1842 1896 1841
f 1896 1842 1794
f 1794 1897 1896
f 1897 1794 1843
f 1897 1843 1844
f 1844 1908 1897
f 1844 1867 1908
f 1847 1868 1799
f 1846 1799 1868
f 1799 1869 1847
f 1869 1799 1848
f 1770 1870 1800
f 1870 1770 1849
f 1771 1871 1801
f 1821 1872 1871
f 1822 1901 1872
f 1901 1822 1850
f 1823 1902 1873
f 1902 1823 1851
f 1943 1851 1852
f 1852 1874 1943
f 1874 1852 1853
f 1875 1853 1854
f 1776 1876 1804
f 1876 1776 1855
f 1777 1877 1805
f 1877 1777 1856
f 1778 1878 1806
f 1878 1778 1857
f 1779 1879 1807
f 1880 1879 1858
f 1881 1882 1859
f 1809 1883 1859
f 1883 1809 1860
f 1831 1884 1810
f 1884 1831 1811
f 1832 1885 1811
f 1885 1832 1812
f 1785 1886 1812
f 1886 1785 1863
f 1786 1927 1863
f 1927 1786 1864
f 1833 1865 1864
f 1865 1887 1961
f 1887 1865 1866
f 1887 1866 1888
f 1867 1898 1908
f 1898 1867 1845
f 1868 1847 1898
f 1910 1847 1869
f 1800 1900 1819
f 1900 1800 1870
f 1801 1912 1820
f 1912 1801 1871
f 1913 1871 1872
f 1850 1915 1901
f 1915 1850 1873
f 1851 1943 1902
f 1853 1918 1874
f 1918 1853 1875
f 1804 1919 1824
f 1919 1804 1876
f 1805 1920 1825
f 1920 1805 1877
f 1806 1921 1826
f 1921 1806 1878
f 1807 1977 1827
f 1977 1807 1879
f 1879 1903 1977
f 1903 1879 1880
f 1882 1904 1903
f 1904 1882 1881
f 1861 1924 1828
f 1924 1861 1829
f 1862 1925 1829
f 1925 1862 1830
f 1810 1926 1830
f 1926 1810 1884
f 1811 1905 1884
f 1905 1811 1885
f 1812 1906 1885
f 1906 1812 1886
f 1927 1864 1865
f 1865 1961 1927
f 1887 1929 1928
f 1929 1887 1888
f 1929 1888 1889
f 1889 1930 1929
f 1889 1931 1930
f 1931 1889 1890
f 1931 1890 1891
f 1891 1932 1931
f 1891 1933 1932
f 1933 1891 1892
f 1933 1892 1893
f 1893 1934 1933
f 1893 1935 1934
f 1935 1893 1894
f 1895 1936 1894
f 1936 1895 1841
f 1841 1937 1936
f 1937 1841 1896
f 1937 1896 1897
f 1897 1907 1937
f 1897 1908 1907
f 1909 1908 1898
f 1899 1909 1847
f 1898 1847 1909
f 1847 1910 1899
f 1819 1911 1848
f 1911 1819 1900
f 1820 1912 1849
f 1871 1913 1912
f 1872 1914 1913
f 1914 1872 1901
f 1873 1916 1915
f 1916 1873 1902
f 1917 1943 1874
f 1824 1919 1854
f 1825 1920 1855
f 1826 1921 1856
f 1827 1977 1857
f 1881 1922 1904
f 1922 1881 1859
f 1883 1923 1859
f 1923 1883 1860
f 1828 1924 1860
f 1829 1925 1924
f 1830 1926 1925
f 1962 1961 1887
f 1962 1887 1928
f 1907 1963 1937
f 1963 1907 1908
f 1908 1938 1963
f 1938 1908 1909
f 1909 1899 1939
f 1965 1899 1910
f 1966 1910 1869
f 1848 1967 1869
f 1967 1848 1911
f 1849 1968 1870
f 1968 1849 1912
f 1969 1912 1913
f 1970 1913 1914
f 1901 1941 1914
f 1941 1901 1915
f 1942 1915 1916
f 1902 1943 1916
f 1972 1943 1917
f 1874 1944 1917
f 1944 1874 1918
f 1945 1918 1875
f 1854 1946 1875
f 1946 1854 1919
f 1947 1919 1876
f 1855 1948 1876
f 1948 1855 1920
f 1949 1920 1877
f 1856 1950 1877
f 1950 1856 1921
f 1951 1921 1878
f 1857 1977 1878
f 1952 1977 1903
f 1903 1953 1979
f 1953 1903 1904
f 1980 1904 1922
f 1859 1954 1922
f 1954 1859 1923
f 1860 1955 1923
f 1955 1860 1924
f 1956 1924 1925
f 1957 1925 1926
f 1958 1926 1884
f 1905 1959 1884
f 1959 1905 1885
f 1906 1960 1885
f 1960 1906 1886
f 1863 1983 1886
f 1983 1863 1927
f 1927 1961 1983
f 1962 1985 1984
f 1985 1962 1928
f 1985 1928 1929
f 1929 1986 1985
f 1929 1987 1986
f 1987 1929 1930
f 1987 1930 1931
f 1931 1988 1987
f 1931 1989 1988
f 1989 1931 1932
f 1933 1990 1932
f 1933 1991 1990
f 1991 1933 1934
f 1935 1992 1934
f 1992 1935 1894
f 1894 1993 1992
f 1993 1894 1936
f 1993 1936 1937
f 1937 1994 1993
f 1937 1963 1994
f 1940 1964 1899
f 1939 1899 1964
f 1899 1965 1940
f 1910 1966 1965
f 1869 1967 1966
f 1870 1968 1900
f 1912 1969 1968
f 1913 1970 1969
f 1941 1915 1942
f 1916 1971 1942
f 1971 1916 1943
f 1943 1972 1971
f 1918 1973 1944
f 1973 1918 1945
f 1945 1875 1946
f 1919 1974 1946
f 1974 1919 1947
f 1947 1876 1948
f 1920 1975 1948
f 1975 1920 1949
f 1949 1877 1950
f 1921 1976 1950
f 1976 1921 1951
f 1878 1977 1951
f 1978 1977 1952
f 1904 1980 1953
f 1955 1924 1956
f 1925 1981 1956
f 1981 1925 1957
f 1957 1926 1958
f 1884 1982 1958
f 1982 1884 1959
f 1959 1885 1960
f 1886 1983 1960
f 1961 1984 1983
f 1984 1961 1962
f 1963 1995 1994
f 1995 1963 1938
f 1964 1940 1995
f 1940 2000 1997
f 2000 1940 1965
f 1996 1998 1999
f 1996 1999 2001
f 1965 2003 2000
f 2003 1965 1966
f 1996 2001 2002
f 1996 2002 2004
f 1966 2006 2003
f 2006 1966 1967
f 1996 2004 2005
f 1996 2005 2007
f 1967 2009 2006
f 2009 1967 1911
f 1996 2007 2008
f 2009 1911 1900
f 1996 2008 2010
f 1900 2012 2009
f 2012 1900 1968
f 1996 2010 2011
f 1996 2011 2013
f 1968 2015 2012
f 2015 1968 1969
f 1996 2013 2014
f 1996 2014 2016
f 1969 2018 2015
f 2018 1969 1970
f 1996 2016 2017
f 1996 2017 2019
f 1970 2021 2018
f 2021 1970 1914
f 1996 2019 2020
f 2021 1914 1941
f 1996 2020 2022
f 1941 2026 2021
f 1996 2022 2023
f 2026 1941 1942
f 1996 2023 2024
f 2026 1942 1971
f 1996 2024 2025
f 2026 1971 1972
f 1996 2025 2027
f 1972 2027 2026
f 1996 2027 2028
f 1972 2032 2027
f 2032 1972 1917
f 1996 2028 2029
f 2032 1917 1944
f 1996 2029 2030
f 2032 1944 1973
f 1996 2030 2031
f 2032 1973 1945
f 1996 2031 2033
f 1945 2037 2032
f 1996 2033 2034
f 2037 1945 1946
f 1996 2034 2035
f 2037 1946 1974
f 1996 2035 2036
f 2037 1974 1947
f 1996 2036 2038
f 1947 2042 2037
f 1996 2038 2039
f 2042 1947 1948
f 1996 2039 2040
f 2042 1948 1975
f 1996 2040 2041
f 2042 1975 1949
f 1996 2041 2043
f 1949 2047 2042
f 1996 2043 2044
f 2047 1949 1950
f 1996 2044 2045
f 2047 1950 1976
f 1996 2045 2046
f 2047 1976 1951
f 1996 2046 2048
f 1951 2048 2047
f 2048 1951 1977
f 1996 2048 2049
f 1977 2049 2048
f 2049 1977 1978
f 2050 2051 2052
f 1953 2054 1979
f 2054 1953 1980
f 2050 2052 2053
f 2050 2053 2055
f 1980 2059 2054
f 2059 1980 1922
f 2050 2055 2056
f 2059 1922 1954
f 2050 2056 2057
f 2059 1954 1923
f 2050 2057 2058
f 2059 1923 1955
f 2050 2058 2060
f 1955 2064 2059
f 2050 2060 2061
f 2064 1955 1956
f 2050 2061 2062
f 2064 1956 1981
f 2050 2062 2063
f 2064 1981 1957
f 2050 2063 2065
f 1957 2069 2064
f 2050 2065 2066
f 2069 1957 1958
f 2050 2066 2067
f 2069 1958 1982
f 2050 2067 2068
f 2069 1982 1959
f 2050 2068 2070
f 1959 2073 2069
f 2050 2070 2071
f 2073 1959 1960
f 2050 2071 2072
f 2073 1960 1983
f 2050 2072 2074
f 1983 2077 2073
f 2050 2074 2075
f 2077 1983 1984
f 2050 2075 2076
f 2050 2076 2078
f 1984 2078 2077
f 2050 2078 2079
f 1984 2079 2078
f 2079 1984 1985
f 2050 2079 2080
f 1985 2080 2079
f 2050 2080 2081
f 1985 2083 2080
f 2083 1985 1986
f 2050 2081 2082
f 2083 1986 1987
f 2050 2082 2084
f 1987 2084 2083
f 2050 2084 2085
f 1987 2087 2084
f 2087 1987 1988
f 2050 2085 2086
f 2087 1988 1989
f 2050 2086 2088
f 1989 2088 2087
f 2088 1989 1932
f 2050 2088 2089
f 1932 2091 2088
f 2091 1932 1990
f 2050 2089 2090
f 2091 1990 1991
f 2050 2090 2092
f 1991 2092 2091
f 2092 1991 1934
f 2050 2092 2093
f 1934 2095 2092
f 2095 1934 1992
f 2050 2093 2094
f 2095 1992 1993
f 2050 2094 2096
f 1993 2096 2095
f 2050 2096 2097
f 1993 2097 2096
f 2097 1993 1994
f 2050 2097 2098
f 2097 1994 1995
f 1997 1995 1940
f 2099 2100 2103
f 2101 2104 2102
f 2099 2103 2105
f 2101 2106 2104
f 2099 2105 2107
f 2101 2108 2106
f 2099 2107 2109
f 2101 2110 2108
f 2099 2109 2111
f 2101 2112 2110
f 2099 2111 2113
f 2101 2114 2112
f 2099 2113 2115
f 2101 2116 2114
f 2099 2115 2117
f 2101 2118 2116
f 2099 2117 2119
f 2101 2120 2118
f 2099 2119 2121
f 2101 2122 2120
f 2099 2121 2123
f 2101 2124 2122
f 2099 2123 2125
f 2101 2126 2124
f 2099 2125 2127
f 2101 2128 2126
f 2099 2127 2129
f 2101 2130 2128
f 2099 2129 2131
f 2101 2132 2130
f 2099 2131 2133
f 2101 2134 2132
f 2099 2133 2135
f 2101 2136 2134
f 2099 2135 2137
f 2101 2138 2136
f 2099 2137 2139
f 2101 2140 2138
f 2099 2139 2100
f 2101 2102 2140
f 2145 2144 2143
f 2141 2146 2147
f 2146 2151 2152
f 2149 2152 2153
f 2152 2149 2148
f 2154 2155 2150
f 2156 2157 2154
f 2155 2154 2157
f 2151 2158 2159
f 2165 2160 2156
f 2157 2156 2160
f 2166 2167 2161
f 2158 2168 2169
f 2163 2169 2170
f 2169 2163 2162
f 2165 2164 2171
f 2170 2172 2176
f 2172 2170 2169
f 2173 2174 2166
f 2175 2178 2179
f 2176 2179 2180
f 2181 2182 2177
f 2183 2186 2173
f 2184 2185 2181
f 2182 2181 2185
f 2178 2187 2188
f 2189 2190 2184
f 2185 2184 2190
f 2183 2191 2186
f 2192 2193 2189
f 2190 2189 2193
f 2187 2195 2196
f 2193 2192 2198
f 2199 2200 2191
f 2194 2199 2191
f 2197 2201 2204
f 2195 2202 2203
f 2205 2206 2199
f 2202 2208 2209
f 2210 2211 2207
f 2212 2213 2205
f 2211 2210 2213
f 2208 2214 2215
f 2218 2219 2216
f 2217 2220 2221
f 2223 2225 2226
f 2225 2223 2222
f 2233 2227 2224
f 2228 2234 2218
f 2220 2229 2230
f 2231 2235 2236
f 2235 2231 2226
f 2233 2232 2242
f 2228 2237 2234
f 2229 2238 2239
f 2236 2239 2240
f 2239 2236 2235
f 2240 2244 2248
f 2244 2240 2239
f 2242 2241 2249
f 2245 2250 2237
f 2243 2245 2237
f 2238 2246 2247
f 2248 2251 2257
f 2245 2254 2250
f 2246 2255 2256
f 2258 2259 2252
f 2253 2252 2259
f 2257 2260 2261
f 2262 2263 2258
f 2259 2258 2263
f 2255 2264 2265
f 2261 2265 2266
f 2265 2261 2260
f 2263 2262 2268
f 2264 2269 2270
f 2266 2270 2272
f 2268 2267 2271
f 2269 2274 2275
f 2272 2275 2276
f 2279 2277 2273
f 2276 2278 2281
f 2278 2276 2275
f 2274 2280 2281
f 2282 2283 2279
f 2281 2284 2285
f 2286 2287 2282
f 2283 2282 2287
f 2280 2288 2289
f 2285 2289 2290
f 2289 2285 2284
f 2287 2286 2291
f 2290 2292 2293
f 2292 2290 2289
f 2288 2294 2295
f 2293 2295 2296
f 2295 2293 2292
f 2296 2297 2300
f 2297 2296 2295
f 2294 2298 2299
f 2300 2301 2302
f 2298 2303 2304
f 2303 2306 2307
f 2310 2311 2305
f 2309 2312 2313
f 2312 2309 2308
f 2314 2306 2310
f 2311 2310 2306
f 2306 2315 2316
f 2313 2316 2317
f 2316 2313 2312
f 2306 2314 2320
f 2317 2318 2319
f 2318 2317 2316
f 2322 2323 2318
f 2324 2325 2321
f 2322 2326 2323
f 2322 2329 2330
f 2322 2330 2326
f 2328 2330 2331
f 2330 2328 2327
f 2333 2334 2324
f 2334 2329 2332
f 2329 2335 2336
f 2337 2335 2334
f 2329 2334 2335
f 2338 2339 2333
f 2339 2340 2337
f 2335 2337 2340
f 2335 2341 2342
f 2343 2344 2339
f 2340 2339 2344
f 2345 2346 2338
f 2344 2343 2349
f 2341 2350 2351
f 2348 2351 2352
f 2351 2348 2347
f 2353 2354 2345
f 2352 2355 2356
f 2355 2352 2351
f 2350 2357 2358
f 2359 2360 2354
f 2361 2362 2353
f 2362 2363 2359
f 2360 2359 2363
f 2357 2364 2365
f 2366 2367 2362
f 2363 2362 2367
f 2368 2369 2361
f 2369 2372 2366
f 2367 2366 2372
f 2364 2373 2374
f 2371 2374 2375
f 2374 2371 2370
f 2376 2377 2369
f 2372 2369 2377
f 2378 2379 2368
f 2377 2376 2379
f 2373 2380 2381
f 2382 2383 2378
f 2380 2386 2387
f 2384 2387 2388
f 2389 2390 2385
f 2391 2392 2382
f 2392 2393 2389
f 2390 2389 2393
f 2394 2397 2395
f 2399 2400 2396
f 2394 2401 2397
f 2398 2401 2402
f 2394 2403 2404
f 2394 2404 2401
f 2405 2406 2399
f 2403 2408 2409
f 2412 2413 2406
f 2407 2406 2413
f 2414 2415 2405
f 2411 2416 2142
f 2416 2411 2410
f 2415 2417 2412
f 2413 2412 2417
f 2408 2141 2142
f 2144 2145 2415
f 2417 2415 2145

