# https://github.com/mikedh/trimesh
v -0.07647769 0.00498887 0.04446049
v -0.07295886 0.00498891 0.04446049
v -0.07322207 0.00510934 0.04433686
v -0.07295886 0.00522684 0.04420992
v -0.06944687 0.00498891 0.04446049
v -0.06944687 0.00510950 0.04433677
v -0.06594520 0.00498895 0.04446053
v -0.06594520 0.00510950 0.04433677
v -0.06594520 0.00522688 0.04420996
v -0.06944687 0.00522684 0.04420996
v -0.06944687 0.00534099 0.04408019
v -0.07295886 0.00534095 0.04408019
v -0.06594520 0.00534102 0.04408023
v -0.06594520 0.00545184 0.04394759
v -0.06944687 0.00545180 0.04394756
v -0.07295886 0.00545180 0.04394756
v -0.06245724 0.00498898 0.04446057
v -0.06245724 0.00510958 0.04433685
v -0.05898646 0.00498906 0.04446064
v -0.05898646 0.00510965 0.04433693
v -0.05898646 0.00522704 0.04421012
v -0.06242401 0.00528460 0.04414611
v -0.05553630 0.00498918 0.04446076
v -0.05553630 0.00510977 0.04433700
v -0.05211015 0.00498934 0.04446092
v -0.05211015 0.00510989 0.04433716
v -0.05211015 0.00522727 0.04421035
v -0.05553630 0.00522712 0.04421020
v -0.05898646 0.00534114 0.04408034
v -0.05211015 0.00534142 0.04408058
v -0.05211015 0.00545227 0.04394795
v -0.06378670 0.00555996 0.04381322
v -0.06245724 0.00545192 0.04394763
v -0.06594520 0.00555938 0.04381219
v -0.05898646 0.00566367 0.04367424
v -0.06594520 0.00566351 0.04367413
v -0.05542166 0.00545269 0.04394938
v -0.05211015 0.00555981 0.04381254
v -0.05211015 0.00566394 0.04367444
v -0.05553630 0.00566379 0.04367432
v -0.05553630 0.00576452 0.04353368
v -0.05898646 0.00576440 0.04353360
v -0.05211015 0.00576471 0.04353379
v -0.05211015 0.00586201 0.04339069
v -0.05553630 0.00586181 0.04339057
v -0.05898646 0.00586170 0.04339049
v -0.06245724 0.00576432 0.04353352
v -0.06594520 0.00576425 0.04353348
v -0.06245724 0.00586162 0.04339041
v -0.06594520 0.00586154 0.04339038
v -0.07647769 0.00539472 0.04401245
v -0.07295886 0.00555930 0.04381215
v -0.07295886 0.00566347 0.04367409
v -0.06944687 0.00555934 0.04381215
v -0.06944395 0.00571439 0.04360483
v -0.06944687 0.00586150 0.04339034
v -0.07295886 0.00586150 0.04339034
v -0.07471828 0.00573903 0.04356860
v -0.04871148 0.00498949 0.04446107
v -0.04871148 0.00511008 0.04433736
v -0.04534373 0.00498973 0.04446131
v -0.04534373 0.00511032 0.04433755
v -0.04534373 0.00522774 0.04421074
v -0.04871148 0.00522747 0.04421051
v -0.04201030 0.00499004 0.04446162
v -0.04201030 0.00511063 0.04433786
v -0.03871467 0.00499035 0.04446193
v -0.03871467 0.00511098 0.04433818
v -0.03871467 0.00522837 0.04421133
v -0.04201030 0.00522802 0.04421102
v -0.04201030 0.00534216 0.04408120
v -0.04534373 0.00534188 0.04408097
v -0.03871467 0.00534255 0.04408155
v -0.03871467 0.00545341 0.04394888
v -0.04201030 0.00545305 0.04394857
v -0.04534373 0.00545274 0.04394830
v -0.04871148 0.00534161 0.04408073
v -0.04871148 0.00545247 0.04394810
v -0.03546024 0.00499078 0.04446236
v -0.03546024 0.00511137 0.04433857
v -0.03225045 0.00499125 0.04446283
v -0.03435715 0.00517138 0.04427569
v -0.03812069 0.00528654 0.04414695
v -0.02792987 0.00505173 0.04440388
v -0.02566311 0.00528839 0.04414931
v -0.03231498 0.00528776 0.04414729
v -0.03165621 0.00540073 0.04401573
v -0.02694937 0.00545516 0.04395079
v -0.03546024 0.00545388 0.04394924
v -0.03871467 0.00556098 0.04381344
v -0.03351202 0.00556147 0.04381430
v -0.03453289 0.00566607 0.04367529
v -0.03018126 0.00560616 0.04375792
v -0.03175220 0.00572645 0.04359371
v -0.02908874 0.00586490 0.04339260
v -0.03546024 0.00576640 0.04353497
v -0.03839334 0.00571643 0.04360566
v -0.03395396 0.00591148 0.04332018
v -0.03871467 0.00586322 0.04339151
v -0.04871148 0.00556000 0.04381270
v -0.04534373 0.00556028 0.04381289
v -0.04534373 0.00566441 0.04367479
v -0.04871148 0.00566418 0.04367459
v -0.04201030 0.00556059 0.04381313
v -0.04422634 0.00571584 0.04360502
v -0.04534373 0.00576518 0.04353415
v -0.04201030 0.00586283 0.04339123
v -0.04534373 0.00586248 0.04339100
v -0.04871148 0.00576491 0.04353395
v -0.04871148 0.00586220 0.04339084
v -0.04871148 0.00595602 0.04324531
v -0.05211015 0.00595582 0.04324520
v -0.04534373 0.00595629 0.04324551
v -0.04534373 0.00604659 0.04309775
v -0.04871148 0.00604632 0.04309756
v -0.05211015 0.00604608 0.04309744
v -0.04201030 0.00595664 0.04324570
v -0.04327635 0.00604800 0.04309780
v -0.04743975 0.00617564 0.04287198
v -0.04163381 0.00625748 0.04271936
v -0.05067651 0.00613293 0.04294742
v -0.04871148 0.00621612 0.04279559
v -0.02125309 0.00596011 0.04325205
v -0.02851628 0.00600496 0.04317376
v -0.03476558 0.00613519 0.04295006
v -0.02653887 0.00617886 0.04287406
v -0.03172755 0.00625890 0.04272051
v -0.03750110 0.00633548 0.04256502
v -0.02908874 0.00644628 0.04232937
v -0.03244995 0.00641064 0.04240795
v -0.02597855 0.00644706 0.04232976
v -0.02908874 0.00651453 0.04217000
v -0.03912999 0.00651410 0.04217266
v -0.04871148 0.00629555 0.04264162
v -0.05211015 0.00629531 0.04264150
v -0.04871148 0.00637130 0.04248573
v -0.05211015 0.00637107 0.04248561
v -0.04601460 0.00641006 0.04240899
v -0.04871148 0.00644331 0.04232808
v -0.05211015 0.00644307 0.04232796
v -0.04871148 0.00651156 0.04216875
v -0.05211015 0.00651132 0.04216863
v -0.07647769 0.00595528 0.04324484
v -0.07295886 0.00595532 0.04324484
v -0.07295886 0.00604557 0.04309713
v -0.07647769 0.00604557 0.04309713
v -0.06944687 0.00595532 0.04324488
v -0.06594520 0.00595535 0.04324488
v -0.06594520 0.00604561 0.04309716
v -0.06944687 0.00604557 0.04309713
v -0.06944687 0.00613227 0.04294722
v -0.07295886 0.00613227 0.04294718
v -0.06594520 0.00613231 0.04294722
v -0.06761332 0.00621546 0.04279510
v -0.07295886 0.00621534 0.04279520
v -0.07647769 0.00625322 0.04271725
v -0.08000000 0.00603527 0.04312241
v -0.06245724 0.00595543 0.04324492
v -0.05898646 0.00595551 0.04324500
v -0.06245724 0.00604569 0.04309720
v -0.05553630 0.00595563 0.04324508
v -0.05558567 0.00608982 0.04302348
v -0.05914194 0.00608973 0.04302328
v -0.05415861 0.00621587 0.04279521
v -0.05898646 0.00621557 0.04279532
v -0.06245724 0.00613239 0.04294726
v -0.06280886 0.00625619 0.04271858
v -0.06873851 0.00629482 0.04264122
v -0.05821519 0.00633375 0.04256404
v -0.06266919 0.00640733 0.04240756
v -0.05553630 0.00629516 0.04264138
v -0.05553630 0.00637087 0.04248553
v -0.05553630 0.00644288 0.04232788
v -0.05898646 0.00644276 0.04232785
v -0.05553630 0.00651113 0.04216856
v -0.05898646 0.00651097 0.04216852
v -0.06594520 0.00644257 0.04232777
v -0.06245724 0.00651089 0.04216848
v -0.06594520 0.00651082 0.04216844
v -0.07155181 0.00633359 0.04256375
v -0.06740618 0.00637046 0.04248553
v -0.06944687 0.00644253 0.04232773
v -0.06944687 0.00651078 0.04216844
v -0.07295886 0.00651074 0.04216840
v -0.02369083 0.00524229 0.04420359
v -0.02271220 0.00498621 0.04447344
v -0.01520825 0.00534221 0.04409509
v -0.01963057 0.00556524 0.04381860
v -0.02302188 0.00551063 0.04388476
v -0.01270051 0.00511692 0.04434572
v -0.01091825 0.00540660 0.04402454
v -0.00036245 0.00522085 0.04425357
v -0.01144241 0.00540575 0.04402184
v -0.01280406 0.00561095 0.04376266
v -0.01052892 0.00582535 0.04347358
v -0.01348926 0.00577362 0.04353936
v -0.02582577 0.00581811 0.04346794
v -0.01702054 0.00568540 0.04366066
v -0.01699138 0.00586842 0.04339499
v 0.00376344 0.00607330 0.04311785
v -0.00287787 0.00573439 0.04362406
v -0.00430019 0.00583143 0.04347990
v 0.00005955 0.00627497 0.04272827
v 0.02963202 0.00688329 0.04161978
v -0.00394594 0.00627206 0.04272770
v -0.00134631 0.00643190 0.04240738
v -0.02202295 0.00601417 0.04316241
v -0.01540948 0.00605425 0.04310297
v -0.01611147 0.00600812 0.04317719
v -0.01755718 0.00618153 0.04287605
v -0.02285615 0.00618723 0.04286109
v -0.01588352 0.00626409 0.04272206
v -0.02292328 0.00613747 0.04295015
v -0.00835241 0.00601193 0.04317933
v -0.00526705 0.00601549 0.04318175
v -0.00354027 0.00646447 0.04233719
v -0.01164435 0.00621769 0.04281731
v -0.01424011 0.00634248 0.04256746
v -0.01283531 0.00642326 0.04239720
v -0.01869759 0.00656520 0.04205845
v -0.02002693 0.00641391 0.04240985
v -0.02559247 0.00633821 0.04256578
v -0.02555420 0.00648311 0.04224844
v -0.01721893 0.00667290 0.04176599
v -0.02250651 0.00672630 0.04159848
v -0.01876924 0.00677339 0.04145001
v -0.02637469 0.00672459 0.04159967
v -0.01401497 0.00689024 0.04101580
v -0.00944439 0.00680934 0.04135346
v -0.01320128 0.00680791 0.04135309
v -0.02718090 0.00682166 0.04126770
v -0.02374770 0.00682253 0.04126864
v -0.01908293 0.00686880 0.04109932
v -0.01538707 0.00692458 0.04084713
v -0.02115585 0.00692711 0.04082960
v -0.03098751 0.00690521 0.04091517
v 0.00599066 0.00671695 0.04172490
v -0.00603430 0.00664460 0.04188541
v -0.00495048 0.00691565 0.04093994
v 0.00200857 0.00695609 0.04076338
v 0.00256513 0.00702424 0.04033456
v 0.01050499 0.00697610 0.04074796
v 0.00566175 0.00703967 0.04024854
v 0.00976176 0.00707352 0.03877913
v -0.00271531 0.00706417 0.04006981
v 0.00264155 0.00706174 0.03998924
v 0.00443174 0.00708430 0.03938202
v -0.00642918 0.00706474 0.03998417
v -0.02338487 0.00698319 0.04050486
v -0.02030913 0.00697060 0.04058796
v -0.01638108 0.00697435 0.04057522
v -0.02482242 0.00702861 0.04013925
v -0.01355257 0.00700042 0.04042360
v -0.00742357 0.00701842 0.04033350
v -0.01472191 0.00703096 0.04016132
v -0.00818383 0.00705680 0.03990151
v -0.00840118 0.00706770 0.03963233
v -0.02191007 0.00705596 0.03975597
v -0.02395742 0.00706063 0.03957256
v -0.02736823 0.00705546 0.03973024
v -0.02597855 0.00706033 0.03947158
v -0.07322107 0.00660639 0.04192671
v -0.06944687 0.00657520 0.04200755
v -0.06594520 0.00657523 0.04200755
v -0.06594520 0.00663578 0.04184517
v -0.06944687 0.00663575 0.04184517
v -0.06944687 0.00669239 0.04168138
v -0.07295886 0.00669235 0.04168138
v -0.06594520 0.00669242 0.04168142
v -0.06594520 0.00674512 0.04151635
v -0.06944687 0.00674508 0.04151635
v -0.07295886 0.00674508 0.04151635
v -0.06245724 0.00657527 0.04200759
v -0.05898646 0.00657539 0.04200763
v -0.05898646 0.00663594 0.04184525
v -0.06245724 0.00663582 0.04184521
v -0.05553630 0.00657555 0.04200766
v -0.05211015 0.00657570 0.04200774
v -0.05211015 0.00663629 0.04184536
v -0.05553630 0.00663610 0.04184529
v -0.05553630 0.00669274 0.04168150
v -0.05898646 0.00669258 0.04168146
v -0.05211015 0.00669293 0.04168158
v -0.05211015 0.00674566 0.04151651
v -0.05553630 0.00674547 0.04151647
v -0.05898646 0.00674531 0.04151643
v -0.06245724 0.00669250 0.04168142
v -0.06245724 0.00674520 0.04151639
v -0.06245724 0.00679394 0.04135014
v -0.06594520 0.00679386 0.04135014
v -0.05898646 0.00679406 0.04135018
v -0.05898646 0.00683874 0.04118288
v -0.06245724 0.00683866 0.04118284
v -0.06594520 0.00683858 0.04118280
v -0.05553630 0.00679417 0.04135022
v -0.05211015 0.00679437 0.04135026
v -0.05211015 0.00683909 0.04118296
v -0.05553630 0.00683889 0.04118288
v -0.05553630 0.00687955 0.04101460
v -0.05898646 0.00687939 0.04101456
v -0.05211015 0.00687974 0.04101464
v -0.05211015 0.00691629 0.04084542
v -0.05553630 0.00691609 0.04084538
v -0.05898646 0.00691594 0.04084534
v -0.06245724 0.00687927 0.04101452
v -0.06594520 0.00687923 0.04101452
v -0.06245724 0.00691582 0.04084534
v -0.06594520 0.00691574 0.04084530
v -0.07295886 0.00679378 0.04135010
v -0.07647769 0.00675943 0.04143038
v -0.06944687 0.00679382 0.04135010
v -0.06721787 0.00688055 0.04101481
v -0.07189445 0.00685977 0.04109920
v -0.04664256 0.00660757 0.04192661
v -0.04878150 0.00660737 0.04192660
v -0.04163433 0.00660806 0.04192693
v -0.04201030 0.00669387 0.04168189
v -0.04534373 0.00669348 0.04168178
v -0.03871467 0.00669434 0.04168205
v -0.03871467 0.00674707 0.04151694
v -0.04201030 0.00674660 0.04151682
v -0.04534373 0.00674621 0.04151670
v -0.04871148 0.00669317 0.04168166
v -0.04871148 0.00674590 0.04151658
v -0.02934298 0.00658004 0.04200973
v -0.02723844 0.00661077 0.04192817
v -0.02908874 0.00669626 0.04168267
v -0.03225045 0.00669551 0.04168244
v -0.03225045 0.00674824 0.04151733
v -0.03546024 0.00669489 0.04168221
v -0.03546024 0.00674762 0.04151713
v -0.03871467 0.00679582 0.04135069
v -0.03515568 0.00681984 0.04126719
v -0.03871467 0.00684053 0.04118331
v -0.03043042 0.00679739 0.04135109
v -0.03261072 0.00686300 0.04109960
v -0.03860015 0.00690056 0.04093034
v -0.04534373 0.00679496 0.04135045
v -0.04534373 0.00683967 0.04118307
v -0.04837117 0.00681806 0.04126686
v -0.04201030 0.00679535 0.04135053
v -0.04201030 0.00684007 0.04118319
v -0.04201030 0.00688072 0.04101483
v -0.04534373 0.00688033 0.04101475
v -0.04201030 0.00691727 0.04084561
v -0.04534373 0.00691688 0.04084554
v -0.04871148 0.00688001 0.04101468
v -0.04871148 0.00691656 0.04084546
v -0.04871148 0.00694893 0.04067546
v -0.05211015 0.00694869 0.04067542
v -0.04534373 0.00694928 0.04067554
v -0.04534373 0.00697750 0.04050479
v -0.04871148 0.00697715 0.04050475
v -0.05211015 0.00697692 0.04050471
v -0.03737177 0.00696560 0.04058993
v -0.04364751 0.00697916 0.04050446
v -0.04534373 0.00700147 0.04033350
v -0.03871467 0.00700237 0.04033362
v -0.03871467 0.00702207 0.04016182
v -0.04201030 0.00702160 0.04016174
v -0.04534373 0.00702121 0.04016170
v -0.04871148 0.00700115 0.04033346
v -0.05211015 0.00700088 0.04033342
v -0.04871148 0.00702085 0.04016170
v -0.05211015 0.00702062 0.04016167
v -0.03048425 0.00696692 0.04059077
v -0.03445825 0.00702402 0.04016082
v -0.03546024 0.00700291 0.04033370
v -0.02982735 0.00702574 0.04016060
v -0.04154884 0.00704374 0.03990255
v -0.03644376 0.00705270 0.03974500
v -0.02908874 0.00705947 0.03947158
v -0.03730737 0.00705780 0.03954256
v -0.03871467 0.00705521 0.03964439
v -0.04871148 0.00703629 0.03998952
v -0.05211015 0.00703602 0.03998948
v -0.04534373 0.00703661 0.03998952
v -0.04534373 0.00704767 0.03981705
v -0.04871148 0.00704732 0.03981701
v -0.05211015 0.00704708 0.03981701
v -0.04201034 0.00705474 0.03964436
v -0.04534373 0.00705431 0.03964436
v -0.04201030 0.00705697 0.03947158
v -0.04534373 0.00705658 0.03947158
v -0.04871148 0.00705400 0.03964436
v -0.05211015 0.00705373 0.03964436
v -0.04871148 0.00705623 0.03947158
v -0.05211015 0.00705596 0.03947158
v -0.07259737 0.00693278 0.04076126
v -0.07295886 0.00697629 0.04050464
v -0.06944687 0.00694811 0.04067530
v -0.06594520 0.00694815 0.04067534
v -0.06587751 0.00700189 0.04033255
v -0.06944687 0.00697633 0.04050464
v -0.07140682 0.00701129 0.04024687
v -0.07326682 0.00700029 0.04033335
v -0.06944687 0.00702003 0.04016159
v -0.07647769 0.00701999 0.04016159
v -0.06245724 0.00694823 0.04067534
v -0.05898646 0.00694834 0.04067534
v -0.05898646 0.00697653 0.04050468
v -0.06245724 0.00697645 0.04050468
v -0.05553630 0.00694850 0.04067538
v -0.05553630 0.00697668 0.04050471
v -0.05553630 0.00700068 0.04033342
v -0.05898646 0.00700053 0.04033339
v -0.05553630 0.00702039 0.04016163
v -0.05898646 0.00702023 0.04016163
v -0.06245724 0.00700041 0.04033339
v -0.06245724 0.00702015 0.04016163
v -0.06245724 0.00703555 0.03998944
v -0.06594520 0.00703547 0.03998944
v -0.05898646 0.00703567 0.03998948
v -0.05898646 0.00704673 0.03981701
v -0.06245724 0.00704661 0.03981697
v -0.06594520 0.00704654 0.03981697
v -0.05553630 0.00703583 0.03998948
v -0.05553630 0.00704685 0.03981701
v -0.05553630 0.00705353 0.03964436
v -0.05898646 0.00705338 0.03964436
v -0.05553630 0.00705576 0.03947158
v -0.05898646 0.00705560 0.03947158
v -0.06245724 0.00705326 0.03964436
v -0.06594520 0.00705318 0.03964432
v -0.06245724 0.00705549 0.03947158
v -0.06594520 0.00705545 0.03947158
v -0.07295886 0.00703540 0.03998944
v -0.07295886 0.00704646 0.03981697
v -0.07647769 0.00704093 0.03990320
v -0.06944687 0.00703543 0.03998944
v -0.06954774 0.00705092 0.03973093
v -0.07295886 0.00705314 0.03964432
v -0.06969740 0.00705465 0.03929996
v -0.06594520 0.00705318 0.03929884
v -0.06594520 0.00704654 0.03912619
v -0.06944687 0.00704650 0.03912619
v -0.06944687 0.00703543 0.03895372
v -0.07295886 0.00703540 0.03895372
v -0.06594520 0.00703547 0.03895372
v -0.06594520 0.00702007 0.03878153
v -0.06944687 0.00702003 0.03878157
v -0.07295886 0.00701999 0.03878157
v -0.06245724 0.00705326 0.03929884
v -0.05898646 0.00705338 0.03929880
v -0.05898646 0.00704673 0.03912615
v -0.06245724 0.00704661 0.03912619
v -0.05553630 0.00705353 0.03929880
v -0.05211015 0.00705373 0.03929880
v -0.05211015 0.00704708 0.03912615
v -0.05553630 0.00704685 0.03912615
v -0.05553630 0.00703583 0.03895368
v -0.05898646 0.00703567 0.03895368
v -0.05211015 0.00703602 0.03895368
v -0.05211015 0.00702062 0.03878150
v -0.05553630 0.00702039 0.03878153
v -0.05898646 0.00702023 0.03878153
v -0.06245724 0.00703555 0.03895372
v -0.06245724 0.00702015 0.03878153
v -0.06245724 0.00700041 0.03860978
v -0.06594520 0.00700033 0.03860978
v -0.05898646 0.00700053 0.03860978
v -0.05898646 0.00697653 0.03843849
v -0.06245724 0.00697645 0.03843852
v -0.06594520 0.00697637 0.03843852
v -0.05553630 0.00700068 0.03860974
v -0.05211015 0.00700088 0.03860974
v -0.05211015 0.00697692 0.03843845
v -0.05553630 0.00697668 0.03843849
v -0.05553630 0.00694850 0.03826778
v -0.05898646 0.00694834 0.03826782
v -0.05211015 0.00694870 0.03826774
v -0.05211015 0.00691629 0.03809774
v -0.05553630 0.00691609 0.03809778
v -0.05898646 0.00691594 0.03809782
v -0.06245724 0.00694823 0.03826782
v -0.06594520 0.00694815 0.03826782
v -0.06245724 0.00691582 0.03809782
v -0.06594520 0.00691574 0.03809786
v -0.07295886 0.00700029 0.03860981
v -0.07295886 0.00697629 0.03843852
v -0.07559798 0.00705065 0.03932049
v -0.06944687 0.00700029 0.03860978
v -0.06944687 0.00697633 0.03843852
v -0.06944687 0.00694811 0.03826786
v -0.07295886 0.00694807 0.03826786
v -0.06944687 0.00691570 0.03809786
v -0.07295886 0.00691570 0.03809786
v -0.07647769 0.00694807 0.03826786
v -0.07647769 0.00691566 0.03809786
v -0.04871148 0.00705400 0.03929880
v -0.04534373 0.00705431 0.03929880
v -0.04534373 0.00704767 0.03912611
v -0.04871148 0.00704732 0.03912615
v -0.03926352 0.00705290 0.03921223
v -0.04196933 0.00705254 0.03921327
v -0.04534373 0.00703661 0.03895365
v -0.04218966 0.00703035 0.03886734
v -0.04534373 0.00702121 0.03878146
v -0.04871148 0.00703629 0.03895365
v -0.04871148 0.00702085 0.03878146
v -0.03202000 0.00705874 0.03938709
v -0.03225045 0.00705646 0.03929877
v -0.03225045 0.00704978 0.03912603
v -0.03546024 0.00704912 0.03912603
v -0.02908874 0.00705721 0.03929873
v -0.03208748 0.00703981 0.03895314
v -0.03665905 0.00703126 0.03886794
v -0.03546024 0.00700291 0.03860946
v -0.04177218 0.00699212 0.03853233
v -0.03225045 0.00700358 0.03860938
v -0.03225045 0.00697958 0.03843806
v -0.03546024 0.00697891 0.03843813
v -0.02908874 0.00700436 0.03860931
v -0.02597855 0.00700522 0.03860919
v -0.02791600 0.00696751 0.03835177
v -0.02908874 0.00698036 0.03843794
v -0.02597855 0.00692055 0.03809688
v -0.02691899 0.00693791 0.03818387
v -0.03177488 0.00693642 0.03818269
v -0.03546024 0.00695073 0.03826739
v -0.03759841 0.00696555 0.03835311
v -0.03665968 0.00691813 0.03809773
v -0.04871148 0.00700115 0.03860970
v -0.04849752 0.00695042 0.03826785
v -0.04556950 0.00693414 0.03818269
v -0.04225200 0.00693448 0.03818238
v -0.04871148 0.00688002 0.03792849
v -0.05211015 0.00687974 0.03792852
v -0.04650992 0.00686100 0.03784447
v -0.04871148 0.00683936 0.03776017
v -0.05211015 0.00683909 0.03776021
v -0.04201034 0.00688072 0.03792833
v -0.04233093 0.00684095 0.03775946
v -0.04918247 0.00672179 0.03734338
v -0.04871148 0.00679464 0.03759282
v -0.05211015 0.00679437 0.03759290
v -0.05211015 0.00674566 0.03742666
v -0.03225045 0.00688240 0.03792794
v -0.03225045 0.00684175 0.03775954
v -0.03409246 0.00684295 0.03776036
v -0.02908874 0.00688314 0.03792778
v -0.02597855 0.00688400 0.03792759
v -0.02597855 0.00684331 0.03775915
v -0.02802108 0.00679960 0.03759240
v -0.02365551 0.00678072 0.03752473
v -0.03290481 0.00672468 0.03734233
v -0.03526533 0.00673980 0.03739730
v -0.03127812 0.00655617 0.03687306
v -0.02837466 0.00666910 0.03717821
v -0.03363828 0.00657887 0.03693407
v -0.05384024 0.00666524 0.03717871
v -0.04184086 0.00660800 0.03701619
v -0.03852087 0.00651271 0.03677403
v -0.04534373 0.00651187 0.03677429
v -0.04914357 0.00654458 0.03685422
v -0.05380245 0.00654439 0.03685464
v -0.07647769 0.00687915 0.03792868
v -0.07146103 0.00685978 0.03784400
v -0.06944687 0.00687915 0.03792868
v -0.06594520 0.00687923 0.03792864
v -0.06594520 0.00683858 0.03776036
v -0.06944687 0.00683854 0.03776036
v -0.06944687 0.00679382 0.03759306
v -0.07295886 0.00679378 0.03759306
v -0.06594520 0.00679386 0.03759302
v -0.06594520 0.00674512 0.03742681
v -0.06944687 0.00674508 0.03742681
v -0.07295886 0.00674508 0.03742681
v -0.07647769 0.00681614 0.03767671
v -0.06245724 0.00687927 0.03792864
v -0.05898646 0.00687939 0.03792860
v -0.05898646 0.00683874 0.03776028
v -0.06245724 0.00683866 0.03776032
v -0.05553630 0.00687955 0.03792856
v -0.05553630 0.00683889 0.03776028
v -0.05553630 0.00679417 0.03759294
v -0.05898646 0.00679406 0.03759298
v -0.05553630 0.00674547 0.03742669
v -0.05898646 0.00674531 0.03742673
v -0.06245724 0.00679394 0.03759302
v -0.06245724 0.00674520 0.03742677
v -0.06245724 0.00669250 0.03726174
v -0.06594520 0.00669242 0.03726174
v -0.05898646 0.00669258 0.03726170
v -0.05898646 0.00663594 0.03709791
v -0.06245724 0.00663582 0.03709795
v -0.06594520 0.00663578 0.03709799
v -0.05553630 0.00669274 0.03726166
v -0.05765320 0.00660673 0.03701647
v -0.05898646 0.00657539 0.03693554
v -0.05553630 0.00651113 0.03677460
v -0.05898646 0.00651097 0.03677464
v -0.06245724 0.00657527 0.03693557
v -0.06594520 0.00657523 0.03693561
v -0.06245724 0.00651089 0.03677468
v -0.06594520 0.00651082 0.03677472
v -0.07295886 0.00669235 0.03726178
v -0.07295886 0.00663571 0.03709803
v -0.06944687 0.00669239 0.03726178
v -0.06944687 0.00663575 0.03709799
v -0.06944687 0.00657520 0.03693561
v -0.07295886 0.00657516 0.03693565
v -0.06944687 0.00651078 0.03677472
v -0.07647769 0.00666207 0.03718057
v -0.02602832 0.00706001 0.03936984
v -0.02564399 0.00704229 0.03895464
v -0.01790703 0.00706109 0.03921424
v -0.02474494 0.00705311 0.03912630
v -0.01448725 0.00703837 0.03886747
v -0.01828896 0.00702773 0.03878079
v -0.02298411 0.00703481 0.03886797
v -0.01333708 0.00705256 0.03899057
v -0.00409834 0.00704748 0.03874952
v -0.01233748 0.00700088 0.03849526
v -0.02330424 0.00699519 0.03852375
v -0.01725413 0.00699974 0.03853955
v -0.01582679 0.00699822 0.03852342
v -0.01964850 0.00693970 0.03817983
v -0.01992645 0.00695507 0.03826665
v -0.01674310 0.00690668 0.03801112
v -0.02292328 0.00695397 0.03826684
v -0.02292332 0.00692153 0.03809669
v 0.00440297 0.00682385 0.03758591
v -0.00175563 0.00690046 0.03792216
v 0.00720013 0.00701118 0.03840258
v 0.00549070 0.00663599 0.03700301
v 0.00072395 0.00656874 0.03685351
v -0.02292328 0.00688498 0.03792735
v -0.02183670 0.00686605 0.03784298
v -0.01705521 0.00684734 0.03775828
v -0.02215835 0.00672322 0.03733472
v -0.00373376 0.00666680 0.03711436
v -0.01165035 0.00671367 0.03728157
v -0.01581733 0.00654492 0.03682154
v -0.02119202 0.00648864 0.03668975
v -0.02539010 0.00640486 0.03651834
v -0.01602455 0.00630374 0.03629793
v -0.01806214 0.00618125 0.03606709
v -0.02727291 0.00621623 0.03613637
v -0.02090957 0.00618755 0.03608111
v -0.00140702 0.00631835 0.03628918
v -0.00729791 0.00641345 0.03651622
v -0.00815064 0.00626737 0.03621763
v -0.01234177 0.00614431 0.03598853
v -0.00874994 0.00610097 0.03591411
v -0.01022525 0.00596629 0.03569077
v -0.00795035 0.00622827 0.03614098
v -0.00784648 0.00600420 0.03575069
v -0.02101871 0.00609638 0.03591853
v -0.02597855 0.00604983 0.03584349
v -0.02273868 0.00596989 0.03570859
v -0.02592917 0.00591324 0.03562190
v 0.02426647 0.00620183 0.03596043
v 0.00147706 0.00621844 0.03609154
v 0.00204821 0.00597714 0.03568138
v -0.00798223 0.00577513 0.03539795
v 0.00723586 0.00554709 0.03506251
v -0.00194685 0.00535827 0.03484205
v 0.00724852 0.00524849 0.03470946
v 0.01052388 0.00525428 0.03470345
v -0.02839349 0.00571698 0.03533465
v -0.01925329 0.00577023 0.03540360
v -0.02533044 0.00576904 0.03540522
v -0.01986813 0.00556495 0.03512447
v -0.02110310 0.00556452 0.03512693
v -0.02769243 0.00556375 0.03512713
v -0.00703783 0.00481989 0.03429791
v -0.02035146 0.00528880 0.03478674
v -0.02574467 0.00511363 0.03459869
v -0.07268752 0.00647727 0.03669394
v -0.06944687 0.00644253 0.03661543
v -0.06594520 0.00644257 0.03661539
v -0.06594520 0.00637056 0.03645778
v -0.06944687 0.00637052 0.03645778
v -0.06944687 0.00629481 0.03630193
v -0.07121860 0.00633362 0.03637948
v -0.06594520 0.00629485 0.03630193
v -0.06594520 0.00621542 0.03614792
v -0.06944687 0.00621538 0.03614796
v -0.07295886 0.00621534 0.03614796
v -0.06245724 0.00644264 0.03661539
v -0.05898646 0.00644276 0.03661531
v -0.05898646 0.00637076 0.03645771
v -0.06245724 0.00637064 0.03645775
v -0.05553630 0.00644288 0.03661528
v -0.05211015 0.00644307 0.03661520
v -0.05211015 0.00637107 0.03645755
v -0.05553630 0.00637088 0.03645763
v -0.05553630 0.00629516 0.03630178
v -0.05898646 0.00629500 0.03630182
v -0.05211015 0.00629531 0.03630166
v -0.05211015 0.00621589 0.03614769
v -0.05553630 0.00621569 0.03614777
v -0.05898646 0.00621557 0.03614784
v -0.06245724 0.00629492 0.03630190
v -0.06245724 0.00621546 0.03614792
v -0.06245724 0.00613239 0.03599590
v -0.06594520 0.00613231 0.03599594
v -0.05898646 0.00613247 0.03599586
v -0.05898646 0.00604577 0.03584592
v -0.06245724 0.00604569 0.03584596
v -0.06594520 0.00604561 0.03584600
v -0.05553630 0.00613262 0.03599579
v -0.05211015 0.00613278 0.03599567
v -0.05211015 0.00604608 0.03584572
v -0.05553630 0.00604592 0.03584584
v -0.05553630 0.00595563 0.03569808
v -0.05898646 0.00595551 0.03569816
v -0.05211015 0.00595582 0.03569796
v -0.05211015 0.00586201 0.03555247
v -0.05553630 0.00586181 0.03555259
v -0.05898646 0.00586170 0.03555267
v -0.06245724 0.00595543 0.03569824
v -0.06594520 0.00595535 0.03569828
v -0.06245724 0.00586162 0.03555275
v -0.06594520 0.00586154 0.03555279
v -0.07647769 0.00617381 0.03607197
v -0.07295886 0.00613227 0.03599598
v -0.07295886 0.00604557 0.03584603
v -0.06944687 0.00613227 0.03599594
v -0.06944687 0.00604557 0.03584603
v -0.06944687 0.00595532 0.03569828
v -0.07295886 0.00595532 0.03569832
v -0.06944687 0.00586150 0.03555282
v -0.07295886 0.00586150 0.03555282
v -0.07514687 0.00600204 0.03577281
v -0.07647769 0.00586150 0.03555282
v -0.04506084 0.00638000 0.03647169
v -0.04534373 0.00637162 0.03645728
v -0.04904183 0.00640792 0.03653518
v -0.04534373 0.00629586 0.03630139
v -0.04042264 0.00625750 0.03622347
v -0.04201030 0.00621675 0.03614722
v -0.04534373 0.00621639 0.03614741
v -0.04871148 0.00629555 0.03630154
v -0.04871148 0.00621612 0.03614757
v -0.03668211 0.00641635 0.03654998
v -0.03225045 0.00644558 0.03661410
v -0.03292680 0.00634336 0.03639249
v -0.03200862 0.00632903 0.03635804
v -0.03546024 0.00621768 0.03614671
v -0.03499285 0.00604915 0.03584469
v -0.02708116 0.00596054 0.03569529
v -0.03913670 0.00604817 0.03584373
v -0.04143178 0.00586197 0.03554876
v -0.04871148 0.00613302 0.03599555
v -0.04534373 0.00613333 0.03599540
v -0.04534373 0.00604659 0.03584545
v -0.04871148 0.00604632 0.03584560
v -0.04201030 0.00613364 0.03599516
v -0.04466216 0.00600258 0.03577131
v -0.04534373 0.00595629 0.03569765
v -0.04499487 0.00581380 0.03547862
v -0.04534373 0.00586248 0.03555216
v -0.04871148 0.00595602 0.03569785
v -0.04871148 0.00586220 0.03555232
v -0.04871148 0.00576491 0.03540921
v -0.04534373 0.00566441 0.03526837
v -0.04871148 0.00566418 0.03526857
v -0.05240552 0.00571535 0.03533868
v -0.04201030 0.00576550 0.03540878
v -0.03871467 0.00566515 0.03526782
v -0.04201030 0.00566476 0.03526814
v -0.04201030 0.00556059 0.03513003
v -0.04534373 0.00556028 0.03513027
v -0.03871467 0.00556098 0.03512972
v -0.03871467 0.00545341 0.03499428
v -0.04201030 0.00545306 0.03499459
v -0.04534373 0.00545274 0.03499486
v -0.04871148 0.00556000 0.03513046
v -0.05211015 0.00555981 0.03513066
v -0.04871148 0.00545247 0.03499506
v -0.05211015 0.00545227 0.03499521
v -0.03536435 0.00581455 0.03547715
v -0.03117502 0.00576681 0.03540725
v -0.03225045 0.00566613 0.03526708
v -0.03546024 0.00566558 0.03526751
v -0.03067228 0.00551759 0.03507092
v -0.03546024 0.00556141 0.03512937
v -0.03578629 0.00538972 0.03491567
v -0.03225045 0.00534349 0.03486082
v -0.03225045 0.00522931 0.03473097
v -0.03546024 0.00522880 0.03473144
v -0.03061494 0.00528815 0.03479237
v -0.03225045 0.00511188 0.03460412
v -0.02895433 0.00493220 0.03442011
v -0.03225045 0.00499125 0.03448033
v -0.03546024 0.00511137 0.03460459
v -0.03871467 0.00511098 0.03460498
v -0.03546024 0.00499078 0.03448080
v -0.03871467 0.00499035 0.03448123
v -0.04871148 0.00534161 0.03486243
v -0.05211015 0.00534142 0.03486258
v -0.04534373 0.00534188 0.03486219
v -0.04871148 0.00522747 0.03473265
v -0.05211015 0.00522727 0.03473281
v -0.04201030 0.00534216 0.03486196
v -0.03996180 0.00522843 0.03473219
v -0.04201034 0.00511063 0.03460534
v -0.04509120 0.00516999 0.03466839
v -0.04201030 0.00499004 0.03448154
v -0.04534373 0.00498973 0.03448185
v -0.04871148 0.00511008 0.03460580
v -0.05211015 0.00510989 0.03460600
v -0.04871148 0.00498949 0.03448209
v -0.05211015 0.00498934 0.03448224
v -0.08000000 0.00582243 0.03549358
v -0.07295886 0.00571384 0.03533939
v -0.06944687 0.00576421 0.03540972
v -0.06594520 0.00576425 0.03540968
v -0.06594520 0.00566351 0.03526904
v -0.06944687 0.00566347 0.03526907
v -0.06944687 0.00555934 0.03513101
v -0.07295886 0.00555930 0.03513101
v -0.06594520 0.00555938 0.03513097
v -0.06594520 0.00545184 0.03499557
v -0.06944687 0.00545180 0.03499560
v -0.07295886 0.00545180 0.03499560
v -0.07647769 0.00560969 0.03520135
v -0.08000000 0.00557319 0.03514675
v -0.06245724 0.00576432 0.03540964
v -0.05898646 0.00576440 0.03540956
v -0.06245724 0.00566359 0.03526900
v -0.05553630 0.00576452 0.03540948
v -0.05553630 0.00566379 0.03526884
v -0.05553630 0.00555965 0.03513078
v -0.05871744 0.00561266 0.03519952
v -0.05553630 0.00545212 0.03499537
v -0.05898646 0.00545200 0.03499545
v -0.06245724 0.00555942 0.03513093
v -0.06245724 0.00545192 0.03499553
v -0.06245724 0.00534106 0.03486290
v -0.05898646 0.00534114 0.03486282
v -0.05898646 0.00522704 0.03473304
v -0.06245724 0.00522692 0.03473312
v -0.06612680 0.00528503 0.03479764
v -0.05553630 0.00534126 0.03486274
v -0.05553630 0.00522712 0.03473296
v -0.05553630 0.00510977 0.03460616
v -0.05898646 0.00510965 0.03460623
v -0.05553630 0.00498918 0.03448240
v -0.05898646 0.00498906 0.03448252
v -0.06245724 0.00510958 0.03460631
v -0.06594520 0.00510950 0.03460639
v -0.06245724 0.00498899 0.03448260
v -0.06594520 0.00498895 0.03448263
v -0.07295886 0.00534095 0.03486297
v -0.07647769 0.00519668 0.03470227
v -0.06944687 0.00534099 0.03486297
v -0.07158298 0.00522692 0.03473332
v -0.07086808 0.00510935 0.03460627
v -0.06944687 0.00498891 0.03448267
v -0.07647769 0.00498887 0.03448271
v -0.08000000 0.00518603 0.03468443
v -0.07295886 -0.00000000 0.04652695
v -0.07295886 0.00034539 0.04651804
v -0.06948212 0.00008471 0.04652700
v -0.06944687 0.00017274 0.04652472
v -0.06594520 -0.00000000 0.04652703
v -0.06594520 0.00017274 0.04652476
v -0.06594520 0.00034539 0.04651812
v -0.06944687 0.00034539 0.04651808
v -0.06944687 0.00051786 0.04650702
v -0.06594520 0.00051786 0.04650705
v -0.06594520 0.00069005 0.04649165
v -0.06944687 0.00069001 0.04649161
v -0.07282024 0.00060320 0.04650043
v -0.07647769 0.00025900 0.04651917
v -0.07647769 0.00145789 0.04636694
v -0.06245724 -0.00000000 0.04652711
v -0.06245724 0.00017274 0.04652484
v -0.05898646 -0.00000000 0.04652719
v -0.05898646 0.00017277 0.04652496
v -0.05898646 0.00034543 0.04651831
v -0.06245724 0.00034539 0.04651819
v -0.05553630 -0.00000000 0.04652734
v -0.05553630 0.00017277 0.04652511
v -0.05211015 -0.00000000 0.04652754
v -0.05211015 0.00017277 0.04652531
v -0.05211015 0.00034543 0.04651866
v -0.05553630 0.00034543 0.04651843
v -0.05553630 0.00051790 0.04650741
v -0.05898646 0.00051790 0.04650725
v -0.05211015 0.00051790 0.04650760
v -0.05211015 0.00069008 0.04649220
v -0.05553630 0.00069005 0.04649197
v -0.05898646 0.00069005 0.04649181
v -0.06245724 0.00051786 0.04650713
v -0.06245724 0.00069005 0.04649173
v -0.06245724 0.00086180 0.04647199
v -0.06594520 0.00086180 0.04647191
v -0.05898646 0.00086180 0.04647211
v -0.05898646 0.00103309 0.04644811
v -0.06245724 0.00103309 0.04644803
v -0.06594520 0.00103306 0.04644795
v -0.05553630 0.00086184 0.04647226
v -0.05211015 0.00086184 0.04647246
v -0.05211015 0.00103313 0.04644850
v -0.05553630 0.00103309 0.04644826
v -0.05553630 0.00120380 0.04642008
v -0.05898646 0.00120376 0.04641992
v -0.05211015 0.00120384 0.04642028
v -0.05211015 0.00137384 0.04638787
v -0.05553630 0.00137380 0.04638767
v -0.05898646 0.00137376 0.04638752
v -0.06245724 0.00120376 0.04641981
v -0.06594520 0.00120376 0.04641973
v -0.06245724 0.00137376 0.04638740
v -0.06594520 0.00137372 0.04638732
v -0.07295886 0.00086177 0.04647187
v -0.07295886 0.00103306 0.04644787
v -0.06944687 0.00086180 0.04647187
v -0.06944687 0.00103306 0.04644791
v -0.06944687 0.00120372 0.04641969
v -0.07295886 0.00120372 0.04641965
v -0.06944687 0.00137372 0.04638728
v -0.07295886 0.00137372 0.04638728
v -0.04871148 -0.00000000 0.04652781
v -0.04871148 0.00017277 0.04652558
v -0.04534373 -0.00000000 0.04652816
v -0.04534373 0.00017277 0.04652589
v -0.04534373 0.00034547 0.04651925
v -0.04871148 0.00034543 0.04651890
v -0.04201030 -0.00000000 0.04652855
v -0.03725168 -0.00007102 0.04652939
v -0.03803335 0.00024422 0.04652519
v -0.04187789 0.00025830 0.04652413
v -0.04201030 0.00051797 0.04650858
v -0.04534373 0.00051793 0.04650819
v -0.03871467 0.00051801 0.04650909
v -0.03871467 0.00069024 0.04649365
v -0.04201030 0.00069016 0.04649318
v -0.04534373 0.00069012 0.04649279
v -0.04871148 0.00051793 0.04650784
v -0.04871148 0.00069012 0.04649243
v -0.03237982 0.00008626 0.04653024
v -0.03379345 0.00034541 0.04652102
v -0.02600870 -0.00007307 0.04653194
v -0.02791680 0.00017338 0.04652909
v -0.02897182 0.00043156 0.04651776
v -0.03218130 0.00060440 0.04650369
v -0.02597855 0.00051821 0.04651194
v -0.03546024 0.00051805 0.04650963
v -0.03546024 0.00069028 0.04649423
v -0.03546024 0.00086212 0.04647449
v -0.03871467 0.00086204 0.04647395
v -0.03216659 0.00094759 0.04646430
v -0.03546024 0.00103345 0.04645053
v -0.03871467 0.00103337 0.04644994
v -0.02859931 0.00086186 0.04647756
v -0.03491333 0.00130481 0.04640418
v -0.02607245 0.00127193 0.04641267
v -0.02566883 0.00145954 0.04637498
v -0.03546024 0.00120419 0.04642227
v -0.03871467 0.00120407 0.04642172
v -0.03871467 0.00137411 0.04638932
v -0.04871148 0.00086188 0.04647273
v -0.04529857 0.00094802 0.04646208
v -0.04201030 0.00086200 0.04647344
v -0.04201030 0.00103329 0.04644948
v -0.04201030 0.00120399 0.04642125
v -0.04534373 0.00120395 0.04642086
v -0.04201030 0.00137403 0.04638885
v -0.04534373 0.00137395 0.04638846
v -0.04849752 0.00120373 0.04642200
v -0.04871148 0.00154309 0.04635160
v -0.05211015 0.00154306 0.04635132
v -0.04534373 0.00154317 0.04635191
v -0.04534373 0.00171149 0.04631125
v -0.04871148 0.00171141 0.04631094
v -0.05211015 0.00171137 0.04631067
v -0.04201030 0.00154325 0.04635230
v -0.03926693 0.00171181 0.04631345
v -0.04201030 0.00171161 0.04631165
v -0.04457487 0.00197729 0.04623877
v -0.04534373 0.00187887 0.04626654
v -0.03871467 0.00204535 0.04621865
v -0.04871148 0.00187876 0.04626622
v -0.05211015 0.00187868 0.04626595
v -0.04871148 0.00204500 0.04621748
v -0.05211015 0.00204492 0.04621725
v -0.03008002 0.00154372 0.04635447
v -0.03003262 0.00171191 0.04631388
v -0.03535197 0.00162733 0.04633417
v -0.02263473 0.00179665 0.04629458
v -0.03186288 0.00210989 0.04620250
v -0.02588425 0.00212942 0.04619594
v -0.03835671 0.00196368 0.04624370
v -0.03546024 0.00221062 0.04616647
v -0.03871467 0.00221047 0.04616592
v -0.03604225 0.00245586 0.04608041
v -0.03871467 0.00237425 0.04610924
v -0.02392443 0.00244172 0.04608890
v -0.02837466 0.00229337 0.04614068
v -0.02980386 0.00260377 0.04602482
v -0.03871467 0.00253671 0.04604869
v -0.03871467 0.00269764 0.04598427
v -0.04935684 0.00229289 0.04613715
v -0.05367386 0.00220996 0.04616441
v -0.04558672 0.00229307 0.04613746
v -0.05511570 0.00237367 0.04610770
v -0.04201030 0.00221031 0.04616545
v -0.04201030 0.00237410 0.04610881
v -0.04201030 0.00253651 0.04604822
v -0.04534373 0.00253636 0.04604787
v -0.04201030 0.00269744 0.04598380
v -0.04534373 0.00269729 0.04598345
v -0.05380244 0.00261694 0.04601597
v -0.04914357 0.00261736 0.04601616
v -0.07167610 0.00162712 0.04633148
v -0.06944687 0.00154290 0.04635074
v -0.06594520 0.00154294 0.04635081
v -0.06594520 0.00171122 0.04631016
v -0.06944687 0.00171122 0.04631012
v -0.06944687 0.00187852 0.04626540
v -0.07295886 0.00187852 0.04626536
v -0.06594520 0.00187856 0.04626544
v -0.06594520 0.00204477 0.04621670
v -0.06944687 0.00204477 0.04621666
v -0.07295886 0.00204477 0.04621666
v -0.06245724 0.00154294 0.04635085
v -0.05898646 0.00154298 0.04635097
v -0.05898646 0.00171130 0.04631032
v -0.06245724 0.00171126 0.04631024
v -0.05553630 0.00154302 0.04635113
v -0.05553630 0.00171130 0.04631047
v -0.05553630 0.00187864 0.04626576
v -0.05898646 0.00187860 0.04626564
v -0.05553630 0.00204489 0.04621705
v -0.05881398 0.00212679 0.04619180
v -0.06245724 0.00187856 0.04626552
v -0.06245724 0.00204481 0.04621678
v -0.06245724 0.00220984 0.04616408
v -0.06594520 0.00220984 0.04616400
v -0.06237702 0.00245505 0.04607814
v -0.06594520 0.00237359 0.04610736
v -0.05759227 0.00253601 0.04604704
v -0.05553630 0.00269698 0.04598271
v -0.05898646 0.00269694 0.04598255
v -0.06866862 0.00253607 0.04604675
v -0.06245724 0.00269690 0.04598247
v -0.07295886 0.00220980 0.04616393
v -0.07295886 0.00237355 0.04610729
v -0.06944687 0.00220980 0.04616397
v -0.06944687 0.00237359 0.04610733
v -0.07295886 0.00253593 0.04604674
v -0.06721420 0.00269669 0.04598245
v -0.02406111 0.00017355 0.04653168
v -0.01830731 0.00025685 0.04653184
v -0.01190633 0.00078820 0.04651150
v -0.01993240 0.00079496 0.04648916
v -0.02131679 0.00120451 0.04642616
v -0.00145655 0.00260083 0.04608136
v -0.02130144 0.00227311 0.04615165
v -0.01937729 0.00181172 0.04630308
v -0.01636874 0.00284526 0.04593089
v -0.02146651 0.00253853 0.04605416
v -0.02044823 0.00278087 0.04595714
v -0.02747882 0.00284301 0.04592644
v -0.02385392 0.00332793 0.04569260
v -0.02951567 0.00332708 0.04569048
v -0.01542658 0.00332880 0.04569572
v -0.01459216 0.00372337 0.04547242
v -0.01346076 0.00370696 0.04548040
v -0.00735118 0.00323132 0.04575639
v -0.01353720 0.00414442 0.04519723
v -0.02024970 0.00369685 0.04548288
v -0.03016541 0.00363002 0.04552041
v -0.00506790 0.00398922 0.04530848
v -0.00303350 0.00486784 0.04461679
v -0.02307049 0.00406516 0.04524195
v -0.02589332 0.00399321 0.04528979
v -0.02702446 0.00425671 0.04510111
v -0.01503893 0.00399542 0.04529342
v -0.01433841 0.00413811 0.04519433
v -0.01782321 0.00427810 0.04508933
v -0.01527841 0.00441457 0.04498517
v -0.02233691 0.00454797 0.04487263
v -0.02110308 0.00434465 0.04503610
v -0.02493914 0.00447966 0.04492717
v -0.01378998 0.00455820 0.04487212
v -0.02597855 0.00461185 0.04481632
v -0.02007719 0.00467872 0.04476167
v -0.02516878 0.00480683 0.04464363
v -0.02597855 0.00474170 0.04470210
v -0.07233481 0.00277750 0.04594891
v -0.07647769 0.00277241 0.04593872
v -0.08000000 -0.00014834 0.04625328
v -0.06944687 0.00285615 0.04591411
v -0.06594520 0.00285619 0.04591415
v -0.06594520 0.00301380 0.04584214
v -0.06944687 0.00301380 0.04584210
v -0.06944687 0.00316964 0.04576639
v -0.07132669 0.00309190 0.04580529
v -0.06594520 0.00316964 0.04576643
v -0.06594520 0.00332366 0.04568700
v -0.06944687 0.00332362 0.04568696
v -0.07295886 0.00332362 0.04568692
v -0.06245724 0.00285619 0.04591422
v -0.05898646 0.00285626 0.04591434
v -0.05898646 0.00301387 0.04584234
v -0.06245724 0.00301383 0.04584222
v -0.05553630 0.00285630 0.04591446
v -0.05211015 0.00285638 0.04591465
v -0.05211015 0.00301403 0.04584265
v -0.05553630 0.00301395 0.04584246
v -0.05553630 0.00316980 0.04576674
v -0.05898646 0.00316976 0.04576658
v -0.05211015 0.00316992 0.04576690
v -0.05211015 0.00332389 0.04568747
v -0.05553630 0.00332381 0.04568727
v -0.05898646 0.00332374 0.04568715
v -0.06245724 0.00316968 0.04576650
v -0.06245724 0.00332366 0.04568704
v -0.06245724 0.00347568 0.04560397
v -0.06594520 0.00347564 0.04560389
v -0.05898646 0.00347572 0.04560405
v -0.05898646 0.00362566 0.04551735
v -0.06245724 0.00362562 0.04551727
v -0.06594520 0.00362558 0.04551719
v -0.05553630 0.00347579 0.04560421
v -0.05211015 0.00347591 0.04560436
v -0.05211015 0.00362586 0.04551766
v -0.05553630 0.00362574 0.04551751
v -0.05553630 0.00377350 0.04542721
v -0.05898646 0.00377342 0.04542709
v -0.05211015 0.00377362 0.04542740
v -0.05211015 0.00391911 0.04533359
v -0.05553630 0.00391899 0.04533339
v -0.05898646 0.00391891 0.04533328
v -0.06245724 0.00377334 0.04542701
v -0.06594520 0.00377330 0.04542693
v -0.06245724 0.00391883 0.04533320
v -0.06594520 0.00391879 0.04533312
v -0.07295886 0.00347560 0.04560385
v -0.07295886 0.00362554 0.04551715
v -0.06944687 0.00347564 0.04560385
v -0.06944687 0.00362554 0.04551715
v -0.06944687 0.00377330 0.04542690
v -0.07295886 0.00377330 0.04542690
v -0.06944687 0.00391875 0.04533308
v -0.07647769 0.00377326 0.04542686
v -0.07647769 0.00391875 0.04533308
v -0.04871148 0.00285650 0.04591489
v -0.04534373 0.00285662 0.04591520
v -0.04534373 0.00301430 0.04584320
v -0.04871148 0.00301415 0.04584289
v -0.03891513 0.00293553 0.04588124
v -0.04208302 0.00293643 0.04588031
v -0.04201030 0.00317035 0.04576779
v -0.04534373 0.00317019 0.04576744
v -0.03871467 0.00317058 0.04576822
v -0.03871467 0.00332460 0.04568876
v -0.04201030 0.00332436 0.04568837
v -0.04534373 0.00332417 0.04568797
v -0.04871148 0.00317004 0.04576713
v -0.04871148 0.00332401 0.04568770
v -0.03046350 0.00285759 0.04591755
v -0.03225045 0.00301520 0.04584511
v -0.03475963 0.00285767 0.04591799
v -0.02915080 0.00309369 0.04580896
v -0.03594333 0.00325040 0.04572869
v -0.03546024 0.00317082 0.04576873
v -0.03548370 0.00362795 0.04552043
v -0.04073986 0.00355279 0.04556245
v -0.03154428 0.00356710 0.04555608
v -0.03054068 0.00384871 0.04538392
v -0.03536435 0.00399443 0.04528613
v -0.03493868 0.00384939 0.04538229
v -0.03871467 0.00391993 0.04533480
v -0.04871148 0.00347603 0.04560460
v -0.04534373 0.00347618 0.04560491
v -0.04534373 0.00362617 0.04551817
v -0.04871148 0.00362598 0.04551790
v -0.04201030 0.00347642 0.04560522
v -0.04500827 0.00370095 0.04547372
v -0.04108682 0.00377445 0.04542816
v -0.04201030 0.00391965 0.04533441
v -0.04534373 0.00391942 0.04533406
v -0.04871148 0.00377373 0.04542760
v -0.04871148 0.00391926 0.04533378
v -0.04871148 0.00406237 0.04523649
v -0.04534373 0.00406256 0.04523676
v -0.04395940 0.00427417 0.04508401
v -0.05058196 0.00427323 0.04508393
v -0.05240552 0.00413290 0.04518693
v -0.04201030 0.00406280 0.04523712
v -0.03766150 0.00420512 0.04513771
v -0.04028575 0.00442390 0.04496828
v -0.04201030 0.00447699 0.04492464
v -0.04534373 0.00447672 0.04492432
v -0.05610245 0.00441062 0.04497709
v -0.04871148 0.00447652 0.04492405
v -0.05211015 0.00447637 0.04492385
v -0.03300144 0.00413550 0.04518818
v -0.03087608 0.00441197 0.04498022
v -0.03546024 0.00461033 0.04481456
v -0.03871467 0.00460997 0.04481413
v -0.03225045 0.00461076 0.04481507
v -0.03225045 0.00474061 0.04470089
v -0.03546024 0.00474014 0.04470038
v -0.03871467 0.00473975 0.04469995
v -0.02908874 0.00461126 0.04481565
v -0.02908874 0.00474112 0.04470143
v -0.02908874 0.00486796 0.04458401
v -0.03225045 0.00486746 0.04458346
v -0.03546024 0.00486699 0.04458295
v -0.03871467 0.00486660 0.04458256
v -0.04871148 0.00460915 0.04481319
v -0.05211015 0.00460900 0.04481300
v -0.04534373 0.00460939 0.04481346
v -0.04534373 0.00473916 0.04469932
v -0.04871148 0.00473893 0.04469905
v -0.05211015 0.00473877 0.04469885
v -0.04201030 0.00460962 0.04481374
v -0.04201030 0.00473944 0.04469960
v -0.04201030 0.00486624 0.04458221
v -0.04534373 0.00486597 0.04458190
v -0.04871148 0.00486577 0.04458166
v -0.05211015 0.00486558 0.04458147
v -0.07295886 0.00409641 0.04520974
v -0.06944687 0.00406186 0.04523579
v -0.06594520 0.00406190 0.04523583
v -0.06594520 0.00420254 0.04513509
v -0.06944687 0.00420251 0.04513505
v -0.06944687 0.00434057 0.04503092
v -0.07295886 0.00434057 0.04503088
v -0.06594520 0.00434061 0.04503096
v -0.06594520 0.00447601 0.04492342
v -0.06944687 0.00447597 0.04492338
v -0.07295886 0.00447597 0.04492338
v -0.06245724 0.00406194 0.04523590
v -0.05898646 0.00406202 0.04523598
v -0.06245724 0.00420258 0.04513517
v -0.05553630 0.00406210 0.04523610
v -0.05553630 0.00420274 0.04513537
v -0.05553630 0.00434080 0.04503123
v -0.05871743 0.00427206 0.04508424
v -0.05898646 0.00447613 0.04492358
v -0.06245724 0.00434065 0.04503100
v -0.06245724 0.00447605 0.04492350
v -0.06245724 0.00460868 0.04481264
v -0.06594520 0.00460864 0.04481261
v -0.05898646 0.00460876 0.04481272
v -0.05898646 0.00473854 0.04469858
v -0.06245724 0.00473846 0.04469850
v -0.06594520 0.00473838 0.04469846
v -0.05553630 0.00460884 0.04481284
v -0.05553630 0.00473862 0.04469870
v -0.05553630 0.00486542 0.04458135
v -0.05898646 0.00486534 0.04458123
v -0.06245724 0.00486527 0.04458116
v -0.06594520 0.00486519 0.04458108
v -0.07295886 0.00460861 0.04481253
v -0.07295886 0.00473834 0.04469842
v -0.06944687 0.00460861 0.04481257
v -0.06944687 0.00473838 0.04469842
v -0.06944687 0.00486519 0.04458108
v -0.07295886 0.00486515 0.04458104
v -0.07647769 0.00441936 0.04495661
v 0.01587575 0.00073033 0.03240207
v -0.00408738 -0.00000000 0.03239970
v 0.00086503 0.00049143 0.03240975
v -0.01555647 -0.00000000 0.03240718
v -0.00960056 0.00038533 0.03241266
v -0.00796476 0.00091206 0.03245998
v -0.02295250 -0.00000000 0.03241019
v -0.01741758 0.00036118 0.03241625
v -0.02416527 0.00023180 0.03241434
v -0.02316670 0.00054141 0.03243064
v -0.01370550 0.00060350 0.03243057
v -0.02076806 0.00099829 0.03248190
v -0.02768665 0.00128834 0.03253185
v -0.02219562 0.00120408 0.03251582
v -0.01851489 0.00145928 0.03256547
v -0.00541092 0.00140062 0.03254291
v -0.01648486 0.00126992 0.03252398
v -0.00858683 0.00188113 0.03266168
v -0.00555212 0.00196562 0.03268649
v -0.02217476 0.00171170 0.03262592
v -0.01771592 0.00181155 0.03265067
v -0.01760921 0.00215190 0.03275002
v -0.02277450 0.00245647 0.03285931
v -0.02689968 0.00215151 0.03275478
v -0.01991323 0.00283693 0.03301132
v -0.01717876 0.00275558 0.03297470
v -0.00242558 0.00221657 0.03275415
v -0.00772684 0.00228101 0.03278854
v -0.01004231 0.00259809 0.03290585
v -0.00009901 0.00140327 0.03253518
v -0.00147206 0.00238045 0.03281431
v 0.02057760 0.00249629 0.03281458
v -0.03225045 -0.00000000 0.03241289
v -0.02801022 0.00027410 0.03241696
v -0.03708745 -0.00000000 0.03241384
v -0.03402379 0.00034298 0.03242032
v -0.03952247 0.00017301 0.03241651
v -0.03839952 0.00041549 0.03242648
v -0.03871467 0.00051801 0.03243407
v -0.03871467 0.00069024 0.03244951
v -0.03491260 0.00075937 0.03245577
v -0.02725560 0.00068966 0.03244585
v -0.04201030 -0.00000000 0.03241461
v -0.04534373 0.00017278 0.03241727
v -0.04534373 0.00034547 0.03242391
v -0.04201034 0.00034547 0.03242352
v -0.04871148 -0.00000000 0.03241535
v -0.05211015 -0.00000000 0.03241562
v -0.05318518 0.00025882 0.03242013
v -0.04888368 0.00025820 0.03241979
v -0.04871148 0.00051794 0.03243532
v -0.04534373 0.00051794 0.03243497
v -0.05211015 0.00051790 0.03243556
v -0.05211015 0.00069008 0.03245096
v -0.04871148 0.00069012 0.03245073
v -0.04534373 0.00069012 0.03245037
v -0.04201030 0.00051797 0.03243458
v -0.04201034 0.00069016 0.03244998
v -0.03871467 0.00086204 0.03246921
v -0.04534373 0.00086192 0.03247011
v -0.04534373 0.00103321 0.03249408
v -0.04389586 0.00103286 0.03249245
v -0.04871148 0.00086188 0.03247043
v -0.05211015 0.00086184 0.03247070
v -0.05211015 0.00103313 0.03249466
v -0.04871148 0.00103317 0.03249443
v -0.04871148 0.00120388 0.03252265
v -0.04534373 0.00120395 0.03252230
v -0.05211015 0.00120384 0.03252288
v -0.05211015 0.00137384 0.03255529
v -0.04871148 0.00137388 0.03255502
v -0.04534373 0.00137395 0.03255470
v -0.03739018 0.00111834 0.03250599
v -0.04201030 0.00137403 0.03255431
v -0.03860015 0.00145876 0.03257102
v -0.03612208 0.00130069 0.03253639
v -0.03546024 0.00086212 0.03246867
v -0.05553630 0.00017278 0.03241805
v -0.05898646 -0.00000000 0.03241597
v -0.05883367 0.00025734 0.03242037
v -0.05553630 0.00034543 0.03242473
v -0.06245724 -0.00000000 0.03241609
v -0.06762876 0.00017290 0.03241843
v -0.06728707 0.00034541 0.03242506
v -0.06295450 0.00025890 0.03242055
v -0.06245724 0.00051786 0.03243603
v -0.05898646 0.00051790 0.03243591
v -0.06594520 0.00051786 0.03243611
v -0.06594520 0.00069005 0.03245151
v -0.06245724 0.00069005 0.03245143
v -0.05898646 0.00069005 0.03245135
v -0.05553630 0.00051790 0.03243575
v -0.05553630 0.00069005 0.03245119
v -0.06944687 -0.00000000 0.03241621
v -0.07317913 0.00025814 0.03242064
v -0.07647769 -0.00000000 0.03241621
v -0.08000000 -0.00000000 0.03241621
v -0.07647769 0.00025907 0.03242178
v -0.07295886 0.00051786 0.03243618
v -0.08000000 0.00088265 0.03247260
v -0.07647769 0.00077589 0.03246144
v -0.07295886 0.00069001 0.03245159
v -0.06944687 0.00051786 0.03243614
v -0.06943369 0.00077470 0.03246020
v -0.06594520 0.00086180 0.03247125
v -0.07295886 0.00086177 0.03247129
v -0.07295886 0.00103306 0.03249529
v -0.06944687 0.00103306 0.03249525
v -0.06594520 0.00103306 0.03249521
v -0.07647769 0.00120372 0.03252351
v -0.08000000 0.00130438 0.03254167
v -0.07295270 0.00128964 0.03253879
v -0.06944687 0.00120372 0.03252347
v -0.06594520 0.00120376 0.03252343
v -0.06762927 0.00145774 0.03257294
v -0.06594520 0.00137372 0.03255584
v -0.05553630 0.00086184 0.03247090
v -0.05898646 0.00086180 0.03247105
v -0.05898646 0.00103309 0.03249505
v -0.05553630 0.00103309 0.03249490
v -0.06245724 0.00086180 0.03247117
v -0.06245724 0.00103309 0.03249513
v -0.06245724 0.00120376 0.03252335
v -0.05898646 0.00120376 0.03252324
v -0.06245724 0.00137376 0.03255576
v -0.05898646 0.00137376 0.03255564
v -0.05553630 0.00120380 0.03252308
v -0.05553630 0.00137380 0.03255549
v -0.05553630 0.00154302 0.03259203
v -0.05211015 0.00154306 0.03259184
v -0.05898646 0.00154298 0.03259219
v -0.05898646 0.00171130 0.03263284
v -0.05553630 0.00171130 0.03263269
v -0.05211015 0.00171137 0.03263249
v -0.06245724 0.00154294 0.03259231
v -0.06594520 0.00154294 0.03259235
v -0.06594520 0.00171122 0.03263300
v -0.06245724 0.00171126 0.03263292
v -0.06245724 0.00187856 0.03267764
v -0.05898646 0.00187860 0.03267752
v -0.06594520 0.00187856 0.03267772
v -0.06594520 0.00204477 0.03272646
v -0.06245724 0.00204481 0.03272638
v -0.05898646 0.00204485 0.03272627
v -0.05553630 0.00187864 0.03267741
v -0.05211015 0.00187868 0.03267721
v -0.05553630 0.00204489 0.03272611
v -0.05211015 0.00204492 0.03272592
v -0.07523772 0.00145845 0.03257313
v -0.07295886 0.00171122 0.03263308
v -0.06944687 0.00171122 0.03263304
v -0.07647769 0.00154290 0.03259243
v -0.07647769 0.00179487 0.03265544
v -0.07295886 0.00187852 0.03267780
v -0.07295886 0.00204477 0.03272650
v -0.06944687 0.00187852 0.03267776
v -0.06944687 0.00204477 0.03272650
v -0.06944687 0.00220980 0.03277919
v -0.06594520 0.00220984 0.03277916
v -0.07295886 0.00220980 0.03277923
v -0.06944687 0.00237359 0.03283583
v -0.06594520 0.00237359 0.03283580
v -0.08000000 0.00255587 0.03290274
v -0.07647769 0.00229167 0.03280755
v -0.07295886 0.00246946 0.03287059
v -0.07186644 0.00277761 0.03299430
v -0.06944687 0.00253597 0.03289638
v -0.06594520 0.00253597 0.03289635
v -0.06944687 0.00269686 0.03296080
v -0.06594520 0.00269686 0.03296076
v -0.05553630 0.00220992 0.03277884
v -0.05192130 0.00227755 0.03280100
v -0.05898646 0.00220988 0.03277900
v -0.05898646 0.00237367 0.03283564
v -0.05553630 0.00237371 0.03283548
v -0.05211015 0.00237378 0.03283529
v -0.06245724 0.00220984 0.03277908
v -0.06245724 0.00237363 0.03283576
v -0.06245724 0.00253601 0.03289631
v -0.05898646 0.00253604 0.03289619
v -0.06245724 0.00269690 0.03296069
v -0.05898646 0.00269694 0.03296061
v -0.05553630 0.00253608 0.03289603
v -0.05211015 0.00253616 0.03289584
v -0.03165777 0.00187796 0.03267297
v -0.03871467 0.00171173 0.03263105
v -0.03500347 0.00179553 0.03265170
v -0.03871467 0.00187911 0.03267576
v -0.03871467 0.00204535 0.03272451
v -0.03546024 0.00204555 0.03272396
v -0.03225045 0.00204575 0.03272334
v -0.04201030 0.00154325 0.03259086
v -0.04534373 0.00154317 0.03259125
v -0.04534373 0.00171149 0.03263191
v -0.04201030 0.00171161 0.03263151
v -0.04871148 0.00154309 0.03259156
v -0.04871148 0.00171141 0.03263222
v -0.04871148 0.00187876 0.03267694
v -0.04534373 0.00187887 0.03267662
v -0.04871148 0.00204500 0.03272568
v -0.04534373 0.00204512 0.03272537
v -0.04201030 0.00187895 0.03267623
v -0.04201030 0.00204524 0.03272498
v -0.04201030 0.00221031 0.03277771
v -0.03871467 0.00221047 0.03277724
v -0.04534373 0.00221020 0.03277810
v -0.03985900 0.00246988 0.03286872
v -0.03871467 0.00237425 0.03283392
v -0.04664257 0.00245503 0.03286401
v -0.04887623 0.00261729 0.03292694
v -0.04220907 0.00277721 0.03299245
v -0.04134285 0.00269737 0.03295924
v -0.02957495 0.00230881 0.03280826
v -0.03789196 0.00229207 0.03280426
v -0.03546024 0.00253690 0.03289396
v -0.03225045 0.00253714 0.03289334
v -0.03146479 0.00277825 0.03299075
v -0.02913910 0.00261835 0.03292390
v -0.02452326 0.00292426 0.03305315
v -0.02912493 0.00293742 0.03306054
v -0.04052701 0.00324774 0.03321391
v -0.03358444 0.00317174 0.03317294
v -0.03158710 0.00334179 0.03326034
v -0.02455606 0.00332727 0.03325050
v -0.04165272 0.00288690 0.03303988
v -0.05346579 0.00277650 0.03299327
v -0.04877191 0.00293637 0.03306362
v -0.04534373 0.00317019 0.03317572
v -0.05264206 0.00309250 0.03313753
v -0.05211015 0.00332389 0.03325569
v -0.04979017 0.00324758 0.03321497
v -0.04831527 0.00347789 0.03333802
v -0.03710590 0.00347666 0.03333722
v -0.04084236 0.00362739 0.03342345
v -0.05074768 0.00347583 0.03333865
v -0.05050492 0.00362578 0.03342532
v -0.04746598 0.00383448 0.03355343
v -0.05211015 0.00377362 0.03351576
v -0.05211015 0.00391911 0.03360957
v -0.04871148 0.00391926 0.03360938
v -0.04291252 0.00405018 0.03369562
v -0.02309897 0.00369593 0.03346096
v -0.03240377 0.00375005 0.03349673
v -0.02351482 0.00380248 0.03352665
v -0.05617283 0.00277655 0.03299345
v -0.05898646 0.00285627 0.03302882
v -0.05898646 0.00301387 0.03310082
v -0.05553630 0.00301395 0.03310070
v -0.06245724 0.00285619 0.03302894
v -0.06594520 0.00285619 0.03302901
v -0.06594520 0.00301380 0.03310102
v -0.06245724 0.00301383 0.03310094
v -0.06245724 0.00316968 0.03317666
v -0.05898646 0.00316976 0.03317658
v -0.06594520 0.00316965 0.03317673
v -0.06594520 0.00332366 0.03325616
v -0.06245724 0.00332366 0.03325612
v -0.05898646 0.00332374 0.03325601
v -0.05553630 0.00316980 0.03317642
v -0.05553630 0.00332381 0.03325589
v -0.06944687 0.00285615 0.03302905
v -0.07295886 0.00301380 0.03310106
v -0.06944687 0.00301380 0.03310106
v -0.08000000 0.00303362 0.03310897
v -0.07295886 0.00316965 0.03317681
v -0.07647769 0.00324663 0.03321652
v -0.07295886 0.00332362 0.03325624
v -0.06944687 0.00316965 0.03317677
v -0.06944687 0.00332362 0.03325620
v -0.06944687 0.00347564 0.03333931
v -0.06594520 0.00347564 0.03333927
v -0.07295886 0.00347560 0.03333931
v -0.06944687 0.00362555 0.03342601
v -0.06594520 0.00362558 0.03342597
v -0.07647769 0.00362555 0.03342601
v -0.07578951 0.00384802 0.03356324
v -0.07295886 0.00377330 0.03351626
v -0.07295886 0.00391876 0.03361008
v -0.06944687 0.00377330 0.03351626
v -0.06594520 0.00377330 0.03351623
v -0.06944687 0.00391876 0.03361008
v -0.06594520 0.00391879 0.03361004
v -0.05898646 0.00347572 0.03333911
v -0.05898646 0.00362566 0.03342581
v -0.05558568 0.00355190 0.03338176
v -0.06280183 0.00355173 0.03338196
v -0.06245724 0.00377334 0.03351619
v -0.05898646 0.00377342 0.03351607
v -0.06245724 0.00391883 0.03360996
v -0.05898646 0.00391891 0.03360988
v -0.05553630 0.00377350 0.03351595
v -0.05553630 0.00391899 0.03360977
v -0.05876604 0.00412069 0.03374798
v -0.05898646 0.00420266 0.03380791
v -0.06245724 0.00406194 0.03370726
v -0.06594520 0.00406190 0.03370733
v -0.06594520 0.00420254 0.03380807
v -0.06245724 0.00420258 0.03380799
v -0.06245724 0.00434065 0.03391216
v -0.06594520 0.00434061 0.03391220
v -0.06594520 0.00447601 0.03401974
v -0.06245724 0.00447605 0.03401966
v -0.05871529 0.00441013 0.03396579
v -0.05327922 0.00441004 0.03396538
v -0.05072425 0.00420425 0.03380676
v -0.05211015 0.00447637 0.03401931
v -0.06944687 0.00406186 0.03370737
v -0.07295886 0.00406186 0.03370737
v -0.07295886 0.00420251 0.03380811
v -0.06944687 0.00420251 0.03380811
v -0.07647769 0.00413219 0.03375774
v -0.07295886 0.00434057 0.03391228
v -0.08000000 0.00469525 0.03420260
v -0.07647769 0.00447598 0.03401978
v -0.06944687 0.00434057 0.03391224
v -0.06965971 0.00447613 0.03401990
v -0.06944687 0.00460861 0.03413059
v -0.06594520 0.00460864 0.03413056
v -0.07295886 0.00460861 0.03413063
v -0.07295886 0.00473834 0.03424474
v -0.06944687 0.00473838 0.03424474
v -0.06594520 0.00473838 0.03424470
v -0.07647769 0.00467347 0.03418769
v -0.07457295 0.00492864 0.03442241
v -0.07295886 0.00486515 0.03436212
v -0.06944687 0.00486519 0.03436208
v -0.06594520 0.00486519 0.03436208
v -0.05553630 0.00460884 0.03413032
v -0.05211015 0.00460900 0.03413016
v -0.05898646 0.00460876 0.03413044
v -0.05898646 0.00473854 0.03424458
v -0.05553630 0.00473862 0.03424446
v -0.05211015 0.00473877 0.03424431
v -0.06245724 0.00460868 0.03413052
v -0.06245724 0.00473846 0.03424466
v -0.06245724 0.00486527 0.03436200
v -0.05898646 0.00486535 0.03436193
v -0.05553630 0.00486542 0.03436181
v -0.05211015 0.00486558 0.03436169
v -0.03452127 0.00413422 0.03375445
v -0.03340933 0.00441212 0.03396379
v -0.03871467 0.00434186 0.03391060
v -0.03871467 0.00447730 0.03401817
v -0.03546024 0.00447766 0.03401770
v -0.04613365 0.00413349 0.03375602
v -0.04871148 0.00434112 0.03391158
v -0.04534373 0.00434131 0.03391130
v -0.04871148 0.00447652 0.03401911
v -0.04534373 0.00447672 0.03401884
v -0.04201030 0.00434155 0.03391099
v -0.04201030 0.00447699 0.03401852
v -0.04201030 0.00460962 0.03412942
v -0.03871467 0.00460997 0.03412903
v -0.04534373 0.00460939 0.03412970
v -0.04534373 0.00473916 0.03424384
v -0.04201034 0.00473944 0.03424356
v -0.03871467 0.00473975 0.03424321
v -0.04871148 0.00460915 0.03412997
v -0.04871148 0.00473893 0.03424411
v -0.04871148 0.00486578 0.03436150
v -0.04534373 0.00486597 0.03436126
v -0.04201030 0.00486624 0.03436095
v -0.03871467 0.00486660 0.03436060
v -0.03119221 0.00466514 0.03417426
v -0.03812069 0.00467537 0.03418504
v -0.03546024 0.00486699 0.03436021
v -0.03435714 0.00480411 0.03430020
v 0.01400109 0.00355987 0.03332918
v -0.00466853 0.00309951 0.03312252
v -0.00353352 0.00342151 0.03328220
v -0.01058947 0.00335161 0.03325632
v -0.00490888 0.00310068 0.03312274
v -0.02362467 0.00309531 0.03313318
v -0.01992645 0.00317281 0.03317048
v -0.01536446 0.00317430 0.03316741
v -0.01676705 0.00363130 0.03341770
v -0.01766065 0.00339171 0.03328334
v -0.02122739 0.00406647 0.03370129
v -0.01783357 0.00410768 0.03372691
v -0.01208648 0.00445297 0.03398456
v -0.00604254 0.00413188 0.03372488
v -0.01804134 0.00448145 0.03400974
v -0.02743862 0.00427695 0.03385504
v -0.01794796 0.00480350 0.03429292
v 0.00682393 0.00449777 0.03399327
v 0.00584091 0.00521629 0.03466587
v -0.08000000 0.00036576 0.03242479
v -0.08000000 0.00620712 0.03611949
v -0.08000000 0.00190389 0.03268067
v -0.08000000 0.00694345 0.03812894
v -0.08000000 0.00341364 0.03330433
v -0.08000000 0.00386940 0.03357464
v -0.08000000 0.00655501 0.03687726
v -0.08000000 0.00428385 0.03386822
v -0.08000000 0.00422093 0.04508772
v -0.08000000 0.00543837 0.04397755
v -0.08000000 0.00294216 0.03877286
v -0.08000000 0.00698069 0.04095098
v -0.07295886 -0.00498891 0.04446049
v -0.07295886 -0.00486515 0.04458104
v -0.07295886 -0.00473834 0.04469842
v -0.06944687 -0.00498891 0.04446049
v -0.06944687 -0.00486519 0.04458108
v -0.06594520 -0.00498895 0.04446053
v -0.06594520 -0.00486519 0.04458108
v -0.06594520 -0.00473838 0.04469846
v -0.06944687 -0.00473838 0.04469842
v -0.06944687 -0.00460861 0.04481257
v -0.07295886 -0.00460861 0.04481253
v -0.06594520 -0.00460865 0.04481260
v -0.06594520 -0.00447602 0.04492342
v -0.06944687 -0.00447598 0.04492338
v -0.07295886 -0.00447598 0.04492338
v -0.06245724 -0.00498899 0.04446056
v -0.06245724 -0.00486527 0.04458116
v -0.05898646 -0.00498906 0.04446064
v -0.05898646 -0.00486535 0.04458123
v -0.05898646 -0.00473854 0.04469858
v -0.06245724 -0.00473846 0.04469850
v -0.05553630 -0.00498918 0.04446076
v -0.05553630 -0.00486542 0.04458135
v -0.05211015 -0.00498934 0.04446092
v -0.05211015 -0.00486558 0.04458147
v -0.05211015 -0.00473877 0.04469885
v -0.05553630 -0.00473862 0.04469870
v -0.05553630 -0.00460884 0.04481284
v -0.05898646 -0.00460876 0.04481272
v -0.05211015 -0.00460900 0.04481300
v -0.05211015 -0.00447637 0.04492385
v -0.05871527 -0.00441013 0.04497737
v -0.06245724 -0.00460868 0.04481264
v -0.06245724 -0.00447605 0.04492350
v -0.06242218 -0.00427200 0.04508413
v -0.06594520 -0.00434061 0.04503096
v -0.05898646 -0.00420266 0.04513525
v -0.06594520 -0.00420255 0.04513509
v -0.05327923 -0.00441004 0.04497778
v -0.05072424 -0.00420425 0.04513640
v -0.05876604 -0.00412069 0.04519518
v -0.05211015 -0.00391911 0.04533359
v -0.05553630 -0.00391899 0.04533339
v -0.05898646 -0.00391891 0.04533328
v -0.06245724 -0.00406194 0.04523590
v -0.06594520 -0.00406190 0.04523583
v -0.06245724 -0.00391883 0.04533320
v -0.06594520 -0.00391880 0.04533312
v -0.07647769 -0.00454087 0.04486630
v -0.07295886 -0.00434057 0.04503088
v -0.07295886 -0.00420251 0.04513505
v -0.06944687 -0.00434057 0.04503092
v -0.06944395 -0.00413325 0.04518597
v -0.06944687 -0.00391876 0.04533308
v -0.07295886 -0.00391876 0.04533308
v -0.08000000 -0.00453524 0.04485970
v -0.07471828 -0.00409702 0.04521061
v -0.04871148 -0.00498949 0.04446107
v -0.04871148 -0.00486578 0.04458166
v -0.04534373 -0.00498973 0.04446131
v -0.04534373 -0.00486597 0.04458190
v -0.04534373 -0.00473917 0.04469932
v -0.04871148 -0.00473893 0.04469905
v -0.04201030 -0.00499004 0.04446162
v -0.04201030 -0.00486625 0.04458221
v -0.03871467 -0.00499035 0.04446193
v -0.03871467 -0.00486660 0.04458256
v -0.03871467 -0.00473975 0.04469995
v -0.04201030 -0.00473944 0.04469960
v -0.04201030 -0.00460962 0.04481374
v -0.04534373 -0.00460939 0.04481346
v -0.03871467 -0.00460997 0.04481413
v -0.03871467 -0.00447731 0.04492499
v -0.04201030 -0.00447699 0.04492464
v -0.04534373 -0.00447672 0.04492432
v -0.04871148 -0.00460915 0.04481319
v -0.04871148 -0.00447652 0.04492405
v -0.03546024 -0.00499078 0.04446236
v -0.03546024 -0.00486699 0.04458295
v -0.03225045 -0.00499125 0.04446283
v -0.03265626 -0.00480471 0.04464293
v -0.03757581 -0.00467558 0.04475808
v -0.02856709 -0.00493221 0.04452318
v -0.02220868 -0.00487185 0.04458570
v -0.02434254 -0.00473085 0.04471465
v -0.03236331 -0.00467559 0.04475943
v -0.03238672 -0.00453230 0.04488188
v -0.03546024 -0.00447766 0.04492546
v -0.03871467 -0.00434186 0.04503256
v -0.03225045 -0.00434260 0.04503354
v -0.03515774 -0.00420584 0.04513724
v -0.03871467 -0.00420376 0.04513673
v -0.02855934 -0.00427483 0.04508712
v -0.02892107 -0.00401488 0.04527364
v -0.03355665 -0.00387653 0.04536467
v -0.03546024 -0.00406339 0.04523798
v -0.03871467 -0.00406307 0.04523751
v -0.03871467 -0.00391993 0.04533480
v -0.04871148 -0.00434112 0.04503158
v -0.04534373 -0.00434131 0.04503186
v -0.04534373 -0.00420321 0.04513599
v -0.04871148 -0.00420301 0.04513576
v -0.04201030 -0.00434155 0.04503217
v -0.04201030 -0.00420344 0.04513634
v -0.04201030 -0.00406280 0.04523708
v -0.04534373 -0.00406257 0.04523676
v -0.04201030 -0.00391966 0.04533441
v -0.04534373 -0.00391942 0.04533406
v -0.04871148 -0.00406237 0.04523649
v -0.04871148 -0.00391926 0.04533378
v -0.04871148 -0.00377373 0.04542760
v -0.05211015 -0.00377362 0.04542740
v -0.04534373 -0.00377393 0.04542787
v -0.04534373 -0.00362617 0.04551817
v -0.04871148 -0.00362598 0.04551790
v -0.05211015 -0.00362586 0.04551766
v -0.04201030 -0.00377413 0.04542822
v -0.03905436 -0.00370120 0.04547454
v -0.04201030 -0.00362637 0.04551852
v -0.04201030 -0.00347642 0.04560522
v -0.04534373 -0.00347619 0.04560491
v -0.03882342 -0.00340123 0.04564804
v -0.04201030 -0.00332436 0.04568836
v -0.04534373 -0.00332417 0.04568797
v -0.04871148 -0.00347603 0.04560460
v -0.05211015 -0.00347591 0.04560436
v -0.04871148 -0.00332401 0.04568770
v -0.05211015 -0.00332389 0.04568747
v -0.03436435 -0.00371437 0.04546737
v -0.03028830 -0.00355434 0.04556506
v -0.02464766 -0.00326337 0.04572515
v -0.03546024 -0.00347693 0.04560616
v -0.03871467 -0.00317058 0.04576822
v -0.03859527 -0.00316970 0.04577044
v -0.03025702 -0.00301599 0.04584678
v -0.02908874 -0.00269842 0.04598611
v -0.03232420 -0.00261877 0.04601825
v -0.04871148 -0.00317004 0.04576713
v -0.05136150 -0.00309265 0.04580566
v -0.04286354 -0.00317060 0.04576754
v -0.04196387 -0.00293647 0.04588031
v -0.03820855 -0.00277019 0.04595436
v -0.05093864 -0.00269717 0.04598442
v -0.04515653 -0.00277830 0.04595212
v -0.07647769 -0.00377327 0.04542686
v -0.07295886 -0.00377327 0.04542690
v -0.07295886 -0.00362555 0.04551715
v -0.07647769 -0.00362555 0.04551715
v -0.06944687 -0.00377330 0.04542690
v -0.06594520 -0.00377330 0.04542693
v -0.06594520 -0.00362559 0.04551719
v -0.06944687 -0.00362555 0.04551715
v -0.06944687 -0.00347564 0.04560385
v -0.07295886 -0.00347560 0.04560385
v -0.06594520 -0.00347564 0.04560389
v -0.06594520 -0.00332366 0.04568700
v -0.06944687 -0.00332362 0.04568696
v -0.07295886 -0.00332362 0.04568692
v -0.07647769 -0.00293064 0.04586871
v -0.06245724 -0.00377334 0.04542701
v -0.05898646 -0.00377342 0.04542709
v -0.05898646 -0.00362566 0.04551735
v -0.06245724 -0.00362562 0.04551727
v -0.05553630 -0.00377350 0.04542721
v -0.05558567 -0.00355190 0.04556140
v -0.05898646 -0.00347572 0.04560405
v -0.05553630 -0.00332381 0.04568727
v -0.05898646 -0.00332374 0.04568715
v -0.06245724 -0.00347568 0.04560397
v -0.06245724 -0.00332366 0.04568704
v -0.06245724 -0.00316969 0.04576650
v -0.06594520 -0.00316965 0.04576643
v -0.05898646 -0.00316976 0.04576658
v -0.05898646 -0.00301387 0.04584234
v -0.06245724 -0.00301384 0.04584222
v -0.06594520 -0.00301380 0.04584214
v -0.05568609 -0.00309294 0.04580523
v -0.05625204 -0.00277670 0.04594964
v -0.05898646 -0.00285627 0.04591434
v -0.05898646 -0.00269694 0.04598255
v -0.06245724 -0.00285619 0.04591422
v -0.06594520 -0.00285619 0.04591415
v -0.06245724 -0.00269690 0.04598247
v -0.06594520 -0.00269686 0.04598240
v -0.07155181 -0.00309217 0.04580517
v -0.08000000 -0.00355058 0.04556050
v -0.06944687 -0.00316965 0.04576639
v -0.06944687 -0.00301380 0.04584210
v -0.06944687 -0.00285615 0.04591411
v -0.06944687 -0.00269686 0.04598236
v -0.07173657 -0.00277750 0.04594890
v -0.01604288 -0.00492327 0.04453802
v -0.01729703 -0.00460311 0.04483003
v -0.02462381 -0.00447855 0.04492925
v -0.00823621 -0.00489263 0.04457431
v -0.00942490 -0.00468438 0.04476568
v -0.00840334 -0.00428304 0.04509257
v -0.02251424 -0.00426933 0.04509356
v -0.01614422 -0.00398883 0.04529718
v -0.00028919 -0.00435673 0.04504849
v 0.00545406 -0.00437680 0.04506820
v -0.00588355 -0.00408123 0.04525313
v 0.00899383 -0.00359720 0.04558086
v -0.00626036 -0.00341072 0.04566325
v 0.00250364 -0.00294276 0.04590479
v -0.00447114 -0.00252825 0.04607691
v -0.01825583 -0.00370522 0.04547879
v -0.01752553 -0.00331021 0.04570423
v -0.02178482 -0.00361494 0.04553257
v -0.00725093 -0.00392733 0.04534570
v -0.01036864 -0.00378445 0.04543767
v -0.00685645 -0.00348441 0.04561669
v -0.00769439 -0.00355849 0.04557276
v -0.00727958 -0.00339264 0.04566593
v -0.01018881 -0.00294070 0.04589122
v -0.01956540 -0.00301731 0.04584996
v -0.02323415 -0.00293938 0.04588515
v -0.01752677 -0.00293889 0.04588635
v -0.01995963 -0.00261972 0.04602189
v -0.02263143 -0.00245630 0.04608401
v -0.02597855 -0.00237523 0.04611198
v -0.01360629 -0.00262088 0.04602606
v -0.02578485 -0.00212691 0.04619674
v -0.02597855 -0.00221137 0.04616866
v -0.01280646 -0.00204777 0.04623096
v -0.00556922 -0.00157776 0.04637054
v -0.01648124 -0.00190599 0.04627521
v -0.01681753 -0.00187006 0.04627765
v -0.02904518 -0.00172204 0.04631324
v -0.02052171 -0.00126607 0.04641732
v 0.00577233 -0.00131888 0.04643778
v -0.01981095 -0.00092244 0.04647290
v -0.01734326 -0.00085693 0.04648408
v -0.00350806 -0.00048695 0.04652854
v -0.00944093 -0.00024301 0.04653528
v -0.02453526 -0.00057866 0.04650958
v -0.01741753 -0.00036118 0.04652691
v -0.02686090 -0.00025798 0.04652723
v -0.07322107 -0.00245513 0.04607797
v -0.06944687 -0.00253597 0.04604678
v -0.06594520 -0.00253597 0.04604681
v -0.06594520 -0.00237359 0.04610736
v -0.06944687 -0.00237359 0.04610733
v -0.06944687 -0.00220980 0.04616397
v -0.07295886 -0.00220980 0.04616393
v -0.06594520 -0.00220984 0.04616400
v -0.06594520 -0.00204477 0.04621670
v -0.06944687 -0.00204477 0.04621666
v -0.07295886 -0.00204477 0.04621666
v -0.06245724 -0.00253601 0.04604685
v -0.05898646 -0.00253605 0.04604697
v -0.05898646 -0.00237367 0.04610752
v -0.06245724 -0.00237363 0.04610740
v -0.05553630 -0.00253608 0.04604713
v -0.04965328 -0.00237392 0.04610800
v -0.05578925 -0.00229299 0.04613667
v -0.05898646 -0.00220988 0.04616416
v -0.05211015 -0.00221000 0.04616451
v -0.05211015 -0.00204493 0.04621724
v -0.05553630 -0.00204489 0.04621705
v -0.05898646 -0.00204485 0.04621689
v -0.06245724 -0.00220984 0.04616408
v -0.06245724 -0.00204481 0.04621678
v -0.06245724 -0.00187856 0.04626552
v -0.06594520 -0.00187856 0.04626544
v -0.05898646 -0.00187860 0.04626564
v -0.05898646 -0.00171130 0.04631032
v -0.06245724 -0.00171126 0.04631024
v -0.06594520 -0.00171122 0.04631016
v -0.05553630 -0.00187864 0.04626575
v -0.05211015 -0.00187868 0.04626595
v -0.05211015 -0.00171138 0.04631067
v -0.05553630 -0.00171130 0.04631047
v -0.05553630 -0.00154302 0.04635113
v -0.05898646 -0.00154298 0.04635097
v -0.05211015 -0.00154306 0.04635132
v -0.05211015 -0.00137384 0.04638787
v -0.05553630 -0.00137380 0.04638767
v -0.05898646 -0.00137376 0.04638752
v -0.06245724 -0.00154294 0.04635085
v -0.06594520 -0.00154294 0.04635081
v -0.06245724 -0.00137376 0.04638740
v -0.06594520 -0.00137372 0.04638732
v -0.07295886 -0.00187852 0.04626536
v -0.06944687 -0.00187852 0.04626540
v -0.06944687 -0.00171122 0.04631012
v -0.06944687 -0.00154290 0.04635074
v -0.07222571 -0.00162713 0.04633148
v -0.06944687 -0.00137372 0.04638728
v -0.07647769 -0.00162471 0.04632020
v -0.04534373 -0.00237398 0.04610842
v -0.03633138 -0.00253713 0.04604894
v -0.03751519 -0.00237405 0.04610951
v -0.04180143 -0.00245469 0.04607988
v -0.04201030 -0.00221031 0.04616545
v -0.04534373 -0.00221020 0.04616506
v -0.03871467 -0.00221047 0.04616592
v -0.03871467 -0.00204536 0.04621865
v -0.04201030 -0.00204524 0.04621818
v -0.04534373 -0.00204512 0.04621779
v -0.04871148 -0.00221008 0.04616475
v -0.04871148 -0.00204500 0.04621748
v -0.03225045 -0.00237468 0.04611041
v -0.02736302 -0.00253752 0.04605102
v -0.02908874 -0.00237496 0.04611116
v -0.02908874 -0.00221109 0.04616784
v -0.03225045 -0.00221086 0.04616709
v -0.02908874 -0.00204594 0.04622057
v -0.03225045 -0.00204575 0.04621982
v -0.03546024 -0.00221063 0.04616647
v -0.03546024 -0.00204555 0.04621920
v -0.03871467 -0.00187911 0.04626740
v -0.03515568 -0.00179561 0.04629142
v -0.03871467 -0.00171173 0.04631211
v -0.03169099 -0.00162020 0.04633665
v -0.03860015 -0.00145876 0.04637214
v -0.04871148 -0.00187876 0.04626622
v -0.04534373 -0.00187887 0.04626654
v -0.04534373 -0.00171149 0.04631125
v -0.04871148 -0.00171141 0.04631094
v -0.04201030 -0.00187895 0.04626693
v -0.04201030 -0.00171161 0.04631165
v -0.04201030 -0.00154325 0.04635230
v -0.04534373 -0.00154317 0.04635191
v -0.04201030 -0.00137403 0.04638885
v -0.04534373 -0.00137396 0.04638846
v -0.04871148 -0.00154310 0.04635160
v -0.04871148 -0.00137388 0.04638814
v -0.04871148 -0.00120388 0.04642051
v -0.05211015 -0.00120384 0.04642028
v -0.04534373 -0.00120396 0.04642086
v -0.04534373 -0.00103321 0.04644908
v -0.04871148 -0.00103317 0.04644873
v -0.05211015 -0.00103313 0.04644850
v -0.03798484 -0.00103226 0.04645165
v -0.04364751 -0.00103288 0.04645074
v -0.04534373 -0.00086192 0.04647305
v -0.04201030 -0.00069016 0.04649318
v -0.04534373 -0.00069012 0.04649279
v -0.04871148 -0.00086188 0.04647273
v -0.05211015 -0.00086184 0.04647246
v -0.04871148 -0.00069012 0.04649243
v -0.05211015 -0.00069009 0.04649220
v -0.02879607 -0.00121275 0.04642374
v -0.03405323 -0.00067294 0.04649775
v -0.03841969 -0.00045632 0.04651616
v -0.03871467 -0.00017282 0.04652679
v -0.04871148 -0.00051794 0.04650784
v -0.05211015 -0.00051790 0.04650760
v -0.04702992 -0.00027387 0.04652286
v -0.05318518 -0.00025882 0.04652303
v -0.04335437 -0.00043978 0.04651447
v -0.04429246 -0.00017230 0.04652602
v -0.07252586 -0.00128953 0.04640439
v -0.06944687 -0.00120372 0.04641969
v -0.06594520 -0.00120376 0.04641973
v -0.06572875 -0.00094825 0.04646090
v -0.06944687 -0.00103306 0.04644791
v -0.07174325 -0.00094691 0.04646103
v -0.06594520 -0.00069005 0.04649165
v -0.07019399 -0.00075993 0.04648458
v -0.06245724 -0.00120376 0.04641981
v -0.05898646 -0.00120376 0.04641992
v -0.05898646 -0.00103310 0.04644811
v -0.06245724 -0.00103310 0.04644803
v -0.05553630 -0.00120380 0.04642008
v -0.05553630 -0.00103310 0.04644826
v -0.05553630 -0.00086184 0.04647226
v -0.05898646 -0.00086181 0.04647211
v -0.05553630 -0.00069005 0.04649197
v -0.05898646 -0.00069005 0.04649181
v -0.06245724 -0.00086181 0.04647199
v -0.06245724 -0.00069005 0.04649173
v -0.06245724 -0.00051786 0.04650713
v -0.06594520 -0.00051786 0.04650705
v -0.05898646 -0.00051790 0.04650725
v -0.05898646 -0.00034543 0.04651831
v -0.06245724 -0.00034539 0.04651819
v -0.06594520 -0.00034539 0.04651812
v -0.05553630 -0.00051790 0.04650741
v -0.05553630 -0.00034543 0.04651843
v -0.05553630 -0.00017278 0.04652511
v -0.05898646 -0.00017278 0.04652496
v -0.06245724 -0.00017274 0.04652484
v -0.06594520 -0.00017274 0.04652476
v -0.07299109 -0.00043136 0.04651362
v -0.06944687 -0.00051786 0.04650702
v -0.06944687 -0.00034539 0.04651808
v -0.06944687 -0.00017274 0.04652472
v -0.07295886 -0.00017274 0.04652472
v -0.07647769 -0.00060376 0.04649712
v 0.00204753 -0.00506583 0.03452233
v 0.00164958 -0.00485649 0.03430764
v 0.00361990 -0.00446624 0.03397717
v 0.02216053 -0.00349023 0.03323779
v -0.00852338 -0.00500099 0.03447175
v -0.00956424 -0.00476935 0.03425035
v -0.00948692 -0.00461864 0.03412102
v -0.01820150 -0.00493498 0.03441565
v -0.02232925 -0.00481017 0.03429828
v -0.02828024 -0.00499308 0.03447874
v -0.02597855 -0.00474171 0.03424106
v -0.02554817 -0.00454783 0.03407178
v -0.02011530 -0.00453324 0.03405451
v -0.02363924 -0.00440077 0.03395156
v -0.02413538 -0.00409438 0.03372243
v -0.02557641 -0.00399338 0.03365337
v -0.01308919 -0.00414007 0.03374772
v -0.00670918 -0.00426784 0.03383833
v -0.01018946 -0.00392620 0.03359945
v -0.00821280 -0.00385571 0.03355003
v -0.00859141 -0.00378022 0.03350532
v -0.01528421 -0.00370578 0.03346311
v -0.00875074 -0.00355745 0.03337060
v -0.00878457 -0.00325582 0.03319946
v -0.00859141 -0.00332972 0.03324479
v -0.00795035 -0.00333060 0.03324331
v -0.01985303 -0.00369174 0.03345701
v -0.02333805 -0.00384320 0.03355325
v -0.02421201 -0.00355382 0.03337697
v -0.02781052 -0.00326332 0.03321906
v -0.01444989 -0.00341834 0.03329607
v -0.02097215 -0.00332927 0.03325011
v -0.02549069 -0.00325041 0.03321160
v -0.02288793 -0.00294628 0.03306258
v -0.01787580 -0.00294075 0.03305336
v -0.00489583 -0.00294254 0.03304874
v -0.00798903 -0.00275822 0.03296592
v -0.00215661 -0.00402775 0.03365708
v 0.00267199 -0.00352853 0.03334134
v 0.00567633 -0.00364455 0.03339912
v -0.02955475 -0.00487037 0.03435956
v -0.03225045 -0.00499125 0.03448033
v -0.03225045 -0.00486746 0.03435970
v -0.03225045 -0.00474061 0.03424227
v -0.03546024 -0.00499078 0.03448080
v -0.03546024 -0.00486699 0.03436021
v -0.03871467 -0.00499035 0.03448123
v -0.03871467 -0.00486660 0.03436060
v -0.03546024 -0.00474014 0.03424278
v -0.03031773 -0.00461109 0.03412779
v -0.04135371 -0.00461014 0.03412975
v -0.03871467 -0.00447730 0.03401817
v -0.03572578 -0.00454458 0.03407228
v -0.02919482 -0.00436830 0.03392716
v -0.04201030 -0.00499004 0.03448154
v -0.04201030 -0.00486624 0.03436095
v -0.04534373 -0.00498973 0.03448185
v -0.04509034 -0.00480319 0.03430159
v -0.03996167 -0.00473939 0.03424315
v -0.04871148 -0.00498949 0.03448209
v -0.04871148 -0.00486578 0.03436150
v -0.05211015 -0.00498934 0.03448224
v -0.05211015 -0.00486558 0.03436169
v -0.05211015 -0.00473877 0.03424431
v -0.04871148 -0.00473893 0.03424411
v -0.04871148 -0.00460915 0.03412997
v -0.04534373 -0.00460939 0.03412970
v -0.05211015 -0.00460900 0.03413016
v -0.05211015 -0.00447637 0.03401931
v -0.04871148 -0.00447652 0.03401911
v -0.04534373 -0.00447672 0.03401884
v -0.04201034 -0.00447699 0.03401852
v -0.04201030 -0.00434155 0.03391099
v -0.03871467 -0.00434186 0.03391060
v -0.04534373 -0.00434131 0.03391130
v -0.04534373 -0.00420321 0.03380717
v -0.04201030 -0.00420344 0.03380682
v -0.03871467 -0.00420376 0.03380643
v -0.04871148 -0.00434112 0.03391158
v -0.05211015 -0.00434092 0.03391177
v -0.04784072 -0.00412141 0.03374764
v -0.05211015 -0.00391911 0.03360957
v -0.04387413 -0.00391974 0.03360912
v -0.04201030 -0.00406280 0.03370608
v -0.03871467 -0.00406307 0.03370565
v -0.03871467 -0.00391993 0.03360836
v -0.03225045 -0.00434260 0.03390966
v -0.03225045 -0.00420450 0.03380545
v -0.02908874 -0.00420493 0.03380482
v -0.03546024 -0.00434221 0.03391017
v -0.03546024 -0.00420407 0.03380600
v -0.03536435 -0.00399443 0.03365703
v -0.03117503 -0.00406433 0.03370477
v -0.03054068 -0.00384871 0.03355924
v -0.05553630 -0.00498918 0.03448240
v -0.05553630 -0.00486542 0.03436181
v -0.05898646 -0.00498906 0.03448252
v -0.05898646 -0.00486535 0.03436193
v -0.05898646 -0.00473854 0.03424458
v -0.05553630 -0.00473862 0.03424446
v -0.06245724 -0.00498899 0.03448259
v -0.06245724 -0.00486527 0.03436200
v -0.06594520 -0.00498895 0.03448263
v -0.06594520 -0.00486519 0.03436208
v -0.06594520 -0.00473838 0.03424470
v -0.06245724 -0.00473846 0.03424466
v -0.06245724 -0.00460868 0.03413052
v -0.05898646 -0.00460876 0.03413044
v -0.06594520 -0.00460865 0.03413055
v -0.06594520 -0.00447601 0.03401974
v -0.06245724 -0.00447605 0.03401966
v -0.05898646 -0.00447613 0.03401958
v -0.05553630 -0.00460884 0.03413032
v -0.05553630 -0.00447621 0.03401946
v -0.06944687 -0.00498891 0.03448267
v -0.06944687 -0.00486519 0.03436208
v -0.07295886 -0.00498891 0.03448267
v -0.07295886 -0.00486515 0.03436212
v -0.07295886 -0.00473834 0.03424474
v -0.06944687 -0.00473838 0.03424474
v -0.07647769 -0.00498887 0.03448271
v -0.07647769 -0.00480174 0.03430343
v -0.07295886 -0.00460861 0.03413063
v -0.07647769 -0.00447598 0.03401978
v -0.06944687 -0.00460861 0.03413059
v -0.06960204 -0.00447583 0.03401966
v -0.06944687 -0.00434057 0.03391224
v -0.06594520 -0.00434061 0.03391220
v -0.07295886 -0.00434057 0.03391228
v -0.06944687 -0.00420251 0.03380811
v -0.06594520 -0.00420254 0.03380807
v -0.07295886 -0.00413219 0.03375774
v -0.08000000 -0.00307961 0.03310509
v -0.07647769 -0.00391876 0.03361008
v -0.06944687 -0.00406186 0.03370737
v -0.06594520 -0.00406190 0.03370733
v -0.06954763 -0.00391864 0.03361000
v -0.06594520 -0.00391879 0.03361004
v -0.05553630 -0.00434080 0.03391193
v -0.05871744 -0.00427206 0.03385892
v -0.05347679 -0.00414538 0.03376534
v -0.06245724 -0.00434065 0.03391216
v -0.06245724 -0.00420258 0.03380799
v -0.06245724 -0.00406194 0.03370726
v -0.05898646 -0.00406202 0.03370718
v -0.06245724 -0.00391883 0.03360996
v -0.05898646 -0.00391891 0.03360988
v -0.05553630 -0.00406210 0.03370706
v -0.05553630 -0.00391899 0.03360977
v -0.05553630 -0.00377350 0.03351595
v -0.05211015 -0.00377362 0.03351576
v -0.05898646 -0.00377342 0.03351607
v -0.05898646 -0.00362566 0.03342581
v -0.05553630 -0.00362574 0.03342566
v -0.05211015 -0.00362586 0.03342550
v -0.06245724 -0.00377334 0.03351615
v -0.06632151 -0.00377307 0.03351609
v -0.06594520 -0.00362558 0.03342597
v -0.06245724 -0.00362562 0.03342589
v -0.06245724 -0.00347568 0.03333919
v -0.05898646 -0.00347572 0.03333911
v -0.06594520 -0.00347564 0.03333927
v -0.06594520 -0.00332366 0.03325616
v -0.06245724 -0.00332366 0.03325612
v -0.05898646 -0.00332374 0.03325601
v -0.05553630 -0.00347579 0.03333895
v -0.05211015 -0.00347591 0.03333880
v -0.05553630 -0.00332381 0.03325589
v -0.05211015 -0.00332389 0.03325569
v -0.07295886 -0.00377326 0.03351626
v -0.07295886 -0.00362555 0.03342601
v -0.06944687 -0.00362555 0.03342601
v -0.07514687 -0.00369877 0.03346954
v -0.07295886 -0.00347560 0.03333931
v -0.07295886 -0.00332362 0.03325624
v -0.06944687 -0.00347564 0.03333931
v -0.06944687 -0.00332362 0.03325620
v -0.06944687 -0.00316965 0.03317677
v -0.06594520 -0.00316965 0.03317673
v -0.07121860 -0.00309210 0.03313796
v -0.06944687 -0.00301380 0.03310106
v -0.06594520 -0.00301380 0.03310102
v -0.07233481 -0.00277750 0.03299425
v -0.07647769 -0.00309081 0.03314079
v -0.06944687 -0.00285615 0.03302905
v -0.06594520 -0.00285619 0.03302901
v -0.06944687 -0.00269686 0.03296080
v -0.06594520 -0.00269686 0.03296076
v -0.05553630 -0.00316980 0.03317642
v -0.05211015 -0.00316992 0.03317626
v -0.05898646 -0.00316976 0.03317658
v -0.05898646 -0.00301387 0.03310082
v -0.05553630 -0.00301395 0.03310070
v -0.05211015 -0.00301403 0.03310051
v -0.06245724 -0.00316968 0.03317666
v -0.06245724 -0.00301384 0.03310094
v -0.06245724 -0.00285619 0.03302894
v -0.05898646 -0.00285627 0.03302882
v -0.06245724 -0.00269690 0.03296069
v -0.05898646 -0.00269694 0.03296061
v -0.05553630 -0.00285630 0.03302870
v -0.05211015 -0.00285638 0.03302851
v -0.05553630 -0.00269698 0.03296045
v -0.05211015 -0.00269705 0.03296026
v -0.03493868 -0.00384939 0.03356087
v -0.03154428 -0.00356710 0.03338708
v -0.04129924 -0.00365331 0.03343943
v -0.03548370 -0.00362795 0.03342273
v -0.03794810 -0.00340125 0.03329497
v -0.03287764 -0.00340248 0.03329453
v -0.05053722 -0.00377467 0.03351466
v -0.04871148 -0.00347603 0.03333856
v -0.04871148 -0.00332401 0.03325546
v -0.04508371 -0.00340066 0.03329579
v -0.04242915 -0.00324765 0.03321415
v -0.04534373 -0.00317019 0.03317572
v -0.04534373 -0.00301430 0.03309996
v -0.04871148 -0.00317004 0.03317603
v -0.04871148 -0.00301415 0.03310027
v -0.04417369 -0.00292281 0.03305699
v -0.04879938 -0.00277665 0.03299295
v -0.03589163 -0.00303122 0.03310486
v -0.04211999 -0.00269741 0.03295938
v -0.03594333 -0.00325040 0.03321447
v -0.03385202 -0.00301504 0.03309838
v -0.03308411 -0.00299227 0.03308602
v -0.03583814 -0.00262016 0.03292407
v -0.02431885 -0.00239430 0.03283328
v -0.03905096 -0.00245592 0.03286335
v -0.03743377 -0.00214267 0.03275435
v -0.03201521 -0.00212845 0.03274860
v -0.02825924 -0.00187918 0.03267205
v -0.04490344 -0.00245509 0.03286383
v -0.04871148 -0.00253624 0.03289560
v -0.05211015 -0.00253616 0.03289588
v -0.05211015 -0.00237378 0.03283529
v -0.04871148 -0.00237386 0.03283505
v -0.04534373 -0.00221020 0.03277810
v -0.05335627 -0.00204497 0.03272601
v -0.04974270 -0.00212747 0.03275103
v -0.04623262 -0.00187971 0.03267591
v -0.04421520 -0.00212774 0.03275056
v -0.04092272 -0.00196204 0.03269936
v -0.04534373 -0.00171149 0.03263191
v -0.04871148 -0.00187876 0.03267694
v -0.05211015 -0.00187868 0.03267721
v -0.05211015 -0.00171137 0.03263249
v -0.04871148 -0.00171141 0.03263222
v -0.04871148 -0.00154309 0.03259156
v -0.04534373 -0.00154317 0.03259125
v -0.05211015 -0.00154306 0.03259184
v -0.05211015 -0.00137384 0.03255529
v -0.04849752 -0.00120373 0.03252116
v -0.04534373 -0.00137395 0.03255470
v -0.04201030 -0.00154325 0.03259086
v -0.03886548 -0.00162761 0.03260967
v -0.03429351 -0.00179503 0.03265141
v -0.02532851 -0.00166436 0.03261391
v -0.02658570 -0.00111676 0.03250135
v -0.05553630 -0.00253608 0.03289603
v -0.05898646 -0.00253604 0.03289619
v -0.05898646 -0.00237367 0.03283564
v -0.05553630 -0.00237371 0.03283548
v -0.06245724 -0.00253601 0.03289631
v -0.06594520 -0.00253597 0.03289635
v -0.06594520 -0.00237359 0.03283580
v -0.06245724 -0.00237363 0.03283576
v -0.06245724 -0.00220984 0.03277908
v -0.06594520 -0.00220984 0.03277916
v -0.06594520 -0.00204477 0.03272646
v -0.06245724 -0.00204481 0.03272638
v -0.05881398 -0.00212679 0.03275136
v -0.05369622 -0.00220994 0.03277874
v -0.06944687 -0.00253597 0.03289638
v -0.07295886 -0.00253593 0.03289642
v -0.07295886 -0.00237355 0.03283587
v -0.06944687 -0.00237359 0.03283583
v -0.07295886 -0.00220980 0.03277923
v -0.08000000 -0.00185814 0.03267073
v -0.07647769 -0.00212729 0.03275286
v -0.07295886 -0.00204477 0.03272650
v -0.06944687 -0.00220980 0.03277919
v -0.06944687 -0.00204477 0.03272650
v -0.06944687 -0.00187852 0.03267776
v -0.06594520 -0.00187856 0.03267772
v -0.07295886 -0.00187852 0.03267780
v -0.06944687 -0.00171122 0.03263304
v -0.06594520 -0.00171122 0.03263300
v -0.07181581 -0.00162704 0.03261166
v -0.08000000 -0.00144296 0.03256982
v -0.07295886 -0.00137372 0.03255588
v -0.06944687 -0.00154290 0.03259242
v -0.06594520 -0.00154294 0.03259235
v -0.06944687 -0.00137372 0.03255588
v -0.06594520 -0.00137372 0.03255584
v -0.05553630 -0.00187864 0.03267740
v -0.05898646 -0.00187860 0.03267752
v -0.05898646 -0.00171130 0.03263284
v -0.05553630 -0.00171130 0.03263269
v -0.06245724 -0.00187856 0.03267764
v -0.06245724 -0.00171126 0.03263292
v -0.06245724 -0.00154294 0.03259231
v -0.05898646 -0.00154298 0.03259219
v -0.06245724 -0.00137376 0.03255576
v -0.05898646 -0.00137376 0.03255564
v -0.05553630 -0.00154302 0.03259203
v -0.05553630 -0.00137380 0.03255549
v -0.05553630 -0.00120380 0.03252308
v -0.05211015 -0.00120384 0.03252288
v -0.05898646 -0.00120376 0.03252324
v -0.05898646 -0.00103309 0.03249505
v -0.05553630 -0.00103309 0.03249490
v -0.05211015 -0.00103313 0.03249466
v -0.06245724 -0.00120376 0.03252335
v -0.06594520 -0.00120376 0.03252343
v -0.06594520 -0.00103306 0.03249521
v -0.06245724 -0.00103309 0.03249513
v -0.06245724 -0.00086180 0.03247117
v -0.05898646 -0.00086180 0.03247105
v -0.06594520 -0.00086180 0.03247125
v -0.06594520 -0.00069005 0.03245151
v -0.06245724 -0.00069005 0.03245143
v -0.05898646 -0.00069005 0.03245135
v -0.05553630 -0.00086184 0.03247090
v -0.05211015 -0.00086184 0.03247070
v -0.05553630 -0.00069005 0.03245119
v -0.05211015 -0.00069009 0.03245096
v -0.06944687 -0.00120372 0.03252347
v -0.07295886 -0.00120372 0.03252351
v -0.07295886 -0.00103306 0.03249529
v -0.06944687 -0.00103306 0.03249525
v -0.08000000 -0.00100998 0.03249042
v -0.07647769 -0.00111839 0.03250940
v -0.07295886 -0.00086177 0.03247129
v -0.08000000 -0.00049530 0.03243309
v -0.07286998 -0.00060321 0.03244273
v -0.06944687 -0.00086180 0.03247129
v -0.06944687 -0.00069001 0.03245155
v -0.06944687 -0.00051786 0.03243614
v -0.06594520 -0.00051786 0.03243611
v -0.07295886 -0.00034539 0.03242512
v -0.06944687 -0.00034539 0.03242508
v -0.06594520 -0.00034539 0.03242504
v -0.07647769 -0.00017274 0.03241844
v -0.07295886 -0.00000000 0.03241621
v -0.06944687 -0.00017274 0.03241844
v -0.06594520 -0.00017274 0.03241840
v -0.05553630 -0.00051790 0.03243575
v -0.05211015 -0.00051790 0.03243556
v -0.05898646 -0.00051790 0.03243591
v -0.05898646 -0.00034543 0.03242485
v -0.05553630 -0.00034543 0.03242473
v -0.05211015 -0.00034543 0.03242450
v -0.06245724 -0.00051786 0.03243603
v -0.06245724 -0.00034539 0.03242497
v -0.06245724 -0.00017274 0.03241832
v -0.05898646 -0.00017278 0.03241820
v -0.05553630 -0.00017278 0.03241805
v -0.05211015 -0.00017278 0.03241785
v -0.05553630 -0.00000000 0.03241582
v -0.03565689 -0.00128874 0.03253381
v -0.04197842 -0.00094806 0.03248069
v -0.04023462 -0.00068989 0.03244972
v -0.03593943 -0.00077555 0.03245773
v -0.03218130 -0.00060440 0.03243947
v -0.02479185 -0.00075321 0.03245127
v -0.04313726 -0.00128048 0.03253561
v -0.04871148 -0.00086188 0.03247043
v -0.04871148 -0.00069012 0.03245073
v -0.04534373 -0.00069012 0.03245037
v -0.04534373 -0.00051794 0.03243497
v -0.04534373 -0.00034547 0.03242391
v -0.04196353 -0.00043135 0.03242793
v -0.03871467 -0.00034551 0.03242305
v -0.04871148 -0.00051794 0.03243532
v -0.04871148 -0.00034543 0.03242426
v -0.04871148 -0.00017278 0.03241758
v -0.04534373 -0.00017278 0.03241727
v -0.04201030 -0.00017278 0.03241684
v -0.03871467 -0.00017281 0.03241637
v -0.03871467 -0.00000000 0.03241414
v -0.02897182 -0.00043156 0.03242540
v -0.03613659 -0.00051752 0.03243362
v -0.03352466 -0.00034530 0.03242208
v -0.03546024 -0.00017281 0.03241578
v -0.03225045 -0.00017281 0.03241512
v -0.02908874 -0.00017285 0.03241437
v -0.02597855 -0.00000000 0.03241125
v -0.00189554 -0.00196667 0.03268155
v 0.00635173 -0.00269334 0.03292244
v -0.00012471 -0.00108738 0.03246451
v 0.00086959 -0.00180072 0.03263306
v -0.01702282 -0.00219192 0.03276192
v -0.00618219 -0.00213256 0.03273228
v -0.01670946 -0.00168721 0.03261556
v -0.00842820 -0.00154551 0.03257819
v -0.00275672 -0.00129193 0.03252018
v -0.00756552 -0.00086342 0.03245634
v -0.01342411 -0.00103450 0.03248390
v -0.00915390 -0.00120286 0.03250704
v -0.01664029 -0.00095652 0.03247495
v -0.01193552 -0.00051759 0.03242375
v -0.00838775 -0.00060478 0.03242972
v -0.01914805 -0.00126352 0.03252659
v -0.02349628 -0.00122057 0.03251915
v -0.01515317 -0.00043040 0.03241808
v -0.01448725 -0.00060411 0.03243321
v -0.01118883 -0.00025003 0.03240907
v -0.02471582 -0.00041616 0.03242326
v -0.02384478 -0.00017231 0.03241281
v -0.01992287 -0.00025819 0.03241355
v -0.01992645 -0.00000000 0.03240913
v -0.00681728 -0.00034477 0.03240942
v -0.00315828 -0.00068927 0.03243005
v -0.00862919 -0.00000000 0.03240317
v -0.00211745 -0.00000000 0.03239827
v -0.00125732 -0.00111984 0.03248405
v -0.00042785 -0.00046157 0.03240833
v 0.00709098 -0.00000000 0.03238784
v 0.08000000 0.00000000 0.03001455
v -0.08000000 -0.00566878 0.03520911
v -0.08000000 -0.00425488 0.03384373
v -0.08000000 -0.00466295 0.03417705
v -0.08000000 -0.00706355 0.03833730
v -0.08000000 -0.00115071 0.03400793
v -0.08000000 -0.00017274 0.03241844
v -0.08000000 -0.00620541 0.04297421
v -0.08000000 -0.00692510 0.04081968
v -0.07295886 -0.00705537 0.03947158
v -0.07295886 -0.00704646 0.03981697
v -0.06948212 -0.00705542 0.03955629
v -0.06944687 -0.00705314 0.03964432
v -0.06594520 -0.00705545 0.03947158
v -0.06594520 -0.00705318 0.03964432
v -0.06594520 -0.00704654 0.03981697
v -0.06944687 -0.00704650 0.03981697
v -0.06944687 -0.00703544 0.03998944
v -0.07295886 -0.00703540 0.03998944
v -0.06594520 -0.00703547 0.03998944
v -0.06594520 -0.00702007 0.04016163
v -0.06944687 -0.00702003 0.04016159
v -0.07295886 -0.00702000 0.04016159
v -0.07647769 -0.00704759 0.03973058
v -0.06245724 -0.00705549 0.03947158
v -0.06245724 -0.00705326 0.03964436
v -0.05898646 -0.00705561 0.03947158
v -0.05898646 -0.00705338 0.03964436
v -0.05898646 -0.00704673 0.03981701
v -0.06245724 -0.00704661 0.03981697
v -0.05553630 -0.00705576 0.03947158
v -0.05553630 -0.00705353 0.03964436
v -0.05211015 -0.00705596 0.03947158
v -0.05211015 -0.00705373 0.03964436
v -0.05211015 -0.00704708 0.03981701
v -0.05553630 -0.00704685 0.03981701
v -0.05553630 -0.00703583 0.03998948
v -0.05898646 -0.00703567 0.03998948
v -0.05211015 -0.00703602 0.03998948
v -0.05211015 -0.00702062 0.04016166
v -0.05553630 -0.00702039 0.04016163
v -0.05898646 -0.00702023 0.04016163
v -0.06245724 -0.00703555 0.03998944
v -0.06245724 -0.00702015 0.04016163
v -0.06245724 -0.00700041 0.04033338
v -0.06594520 -0.00700033 0.04033338
v -0.05898646 -0.00700053 0.04033338
v -0.05898646 -0.00697653 0.04050467
v -0.06245724 -0.00697645 0.04050467
v -0.06594520 -0.00697637 0.04050464
v -0.05553630 -0.00700068 0.04033342
v -0.05211015 -0.00700088 0.04033342
v -0.05211015 -0.00697692 0.04050471
v -0.05553630 -0.00697668 0.04050471
v -0.05553630 -0.00694850 0.04067538
v -0.05898646 -0.00694834 0.04067534
v -0.05173140 -0.00693365 0.04076012
v -0.05553630 -0.00691610 0.04084538
v -0.05898646 -0.00691594 0.04084534
v -0.06245724 -0.00694823 0.04067534
v -0.06594520 -0.00694815 0.04067534
v -0.06245724 -0.00691582 0.04084534
v -0.06594520 -0.00691574 0.04084530
v -0.07647769 -0.00700029 0.04033335
v -0.07295886 -0.00700029 0.04033338
v -0.07295886 -0.00697629 0.04050464
v -0.07647769 -0.00697629 0.04050464
v -0.06944687 -0.00700029 0.04033338
v -0.06944687 -0.00697633 0.04050464
v -0.06944687 -0.00694811 0.04067530
v -0.07295886 -0.00694807 0.04067530
v -0.06944687 -0.00691570 0.04084530
v -0.07295886 -0.00691570 0.04084530
v -0.07647769 -0.00694807 0.04067530
v -0.07647769 -0.00691567 0.04084530
v -0.04871148 -0.00705623 0.03947158
v -0.04871148 -0.00705400 0.03964436
v -0.04534373 -0.00705658 0.03947158
v -0.04534373 -0.00705432 0.03964436
v -0.04534373 -0.00704767 0.03981705
v -0.04871148 -0.00704732 0.03981701
v -0.04201030 -0.00705697 0.03947158
v -0.04341916 -0.00705236 0.03972972
v -0.03871467 -0.00705744 0.03947158
v -0.03639839 -0.00705340 0.03973039
v -0.04201030 -0.00703700 0.03998955
v -0.04534373 -0.00703661 0.03998951
v -0.03871467 -0.00703751 0.03998959
v -0.04023463 -0.00702186 0.04016147
v -0.04534373 -0.00702121 0.04016170
v -0.04871148 -0.00703630 0.03998951
v -0.04871148 -0.00702085 0.04016170
v -0.03105581 -0.00705896 0.03938636
v -0.03099003 -0.00705504 0.03971506
v -0.02908874 -0.00705948 0.03947158
v -0.02597855 -0.00706034 0.03947158
v -0.03455818 -0.00702269 0.04017748
v -0.03546024 -0.00703805 0.03998963
v -0.03593943 -0.00701385 0.04024713
v -0.03436217 -0.00696595 0.04059115
v -0.03732164 -0.00696281 0.04060649
v -0.02858341 -0.00699125 0.04043539
v -0.01939033 -0.00693490 0.04078732
v -0.03124665 -0.00690404 0.04093092
v -0.03415715 -0.00691846 0.04084617
v -0.03871467 -0.00691774 0.04084569
v -0.04871148 -0.00700115 0.04033346
v -0.04529857 -0.00699050 0.04041960
v -0.04060489 -0.00699115 0.04041929
v -0.04534373 -0.00694928 0.04067553
v -0.04061024 -0.00693471 0.04076069
v -0.04586451 -0.00689964 0.04093006
v -0.04849752 -0.00695042 0.04067531
v -0.04871148 -0.00688002 0.04101467
v -0.05211015 -0.00687974 0.04101464
v -0.04534373 -0.00683968 0.04118307
v -0.04871148 -0.00683936 0.04118299
v -0.05211015 -0.00683909 0.04118295
v -0.04201030 -0.00688072 0.04101483
v -0.03886548 -0.00686191 0.04109919
v -0.04552765 -0.00681799 0.04126815
v -0.04092724 -0.00679544 0.04135074
v -0.04361970 -0.00674637 0.04151682
v -0.04871148 -0.00679464 0.04135034
v -0.05211015 -0.00679437 0.04135026
v -0.04871148 -0.00674590 0.04151658
v -0.05211015 -0.00674567 0.04151650
v -0.03225045 -0.00688240 0.04101522
v -0.02348121 -0.00686758 0.04109119
v -0.03126551 -0.00679857 0.04135004
v -0.02513535 -0.00675166 0.04151738
v -0.03244397 -0.00672298 0.04159971
v -0.03578325 -0.00684257 0.04118298
v -0.03650072 -0.00669632 0.04168088
v -0.03889735 -0.00660242 0.04194297
v -0.02908874 -0.00669626 0.04168267
v -0.02944535 -0.00651481 0.04217170
v -0.03474326 -0.00647981 0.04225037
v -0.04935684 -0.00666557 0.04176447
v -0.05367385 -0.00669283 0.04168154
v -0.04240784 -0.00663265 0.04186246
v -0.05511570 -0.00663612 0.04184525
v -0.04148069 -0.00651224 0.04216914
v -0.04534373 -0.00651187 0.04216887
v -0.05380245 -0.00654439 0.04208852
v -0.04914357 -0.00654458 0.04208894
v -0.07647769 -0.00687916 0.04101448
v -0.07167610 -0.00685990 0.04109870
v -0.06944687 -0.00687916 0.04101448
v -0.06594520 -0.00687923 0.04101452
v -0.06594520 -0.00683858 0.04118280
v -0.06944687 -0.00683854 0.04118280
v -0.06944687 -0.00679382 0.04135010
v -0.07295886 -0.00679378 0.04135010
v -0.06594520 -0.00679386 0.04135014
v -0.06594520 -0.00674512 0.04151635
v -0.06944687 -0.00674508 0.04151635
v -0.07295886 -0.00674508 0.04151635
v -0.06245724 -0.00687927 0.04101452
v -0.05898646 -0.00687939 0.04101456
v -0.05898646 -0.00683874 0.04118288
v -0.06245724 -0.00683866 0.04118284
v -0.05553630 -0.00687955 0.04101460
v -0.05553630 -0.00683889 0.04118288
v -0.05553630 -0.00679418 0.04135022
v -0.05898646 -0.00679406 0.04135018
v -0.05553630 -0.00674547 0.04151647
v -0.05881398 -0.00672022 0.04159837
v -0.06245724 -0.00679394 0.04135014
v -0.06245724 -0.00674520 0.04151639
v -0.06245724 -0.00669250 0.04168142
v -0.06594520 -0.00669243 0.04168142
v -0.06241147 -0.00660657 0.04192662
v -0.06594520 -0.00663579 0.04184517
v -0.05759227 -0.00657546 0.04200759
v -0.05553630 -0.00651113 0.04216856
v -0.05898646 -0.00651097 0.04216852
v -0.06594520 -0.00657524 0.04200755
v -0.06245724 -0.00651089 0.04216848
v -0.07647769 -0.00676743 0.04143266
v -0.07295886 -0.00669235 0.04168138
v -0.07295886 -0.00663571 0.04184513
v -0.06944687 -0.00669239 0.04168138
v -0.06944687 -0.00663575 0.04184517
v -0.06944687 -0.00657520 0.04200755
v -0.07295886 -0.00657516 0.04200751
v -0.06721421 -0.00651087 0.04216827
v -0.02400021 -0.00705381 0.03980477
v -0.01527507 -0.00706463 0.03954245
v -0.01927281 -0.00702886 0.04016150
v -0.01518926 -0.00704568 0.03998982
v -0.02510377 -0.00703175 0.04009924
v -0.00927305 -0.00706704 0.03924276
v -0.01335159 -0.00705553 0.03986831
v -0.01328559 -0.00701140 0.04033495
v -0.01268213 -0.00697097 0.04061606
v -0.01972613 -0.00699788 0.04041841
v -0.01850220 -0.00695556 0.04067704
v -0.01665394 -0.00687064 0.04109910
v -0.00173697 -0.00707510 0.03930031
v 0.01048476 -0.00706377 0.03876311
v -0.00259295 -0.00702830 0.04033068
v 0.01814288 -0.00703536 0.04058807
v 0.01062055 -0.00669715 0.04180270
v -0.00704445 -0.00679007 0.04143446
v -0.01304235 -0.00650776 0.04221210
v -0.02858843 -0.00663481 0.04186247
v -0.01846343 -0.00673535 0.04157990
v -0.02325486 -0.00650944 0.04218967
v -0.02493972 -0.00640517 0.04242450
v -0.01149945 -0.00622564 0.04280180
v -0.01940411 -0.00630255 0.04264453
v -0.02951567 -0.00621890 0.04279866
v -0.00574225 -0.00627002 0.04272617
v -0.01626728 -0.00605274 0.04310401
v -0.00966067 -0.00605112 0.04311403
v -0.01048337 -0.00545754 0.04397683
v -0.02009925 -0.00577924 0.04352606
v -0.02164153 -0.00616566 0.04290108
v -0.02612255 -0.00609370 0.04302579
v -0.02816132 -0.00595824 0.04324997
v -0.00033630 -0.00639430 0.04249665
v 0.00143356 -0.00622583 0.04283408
v 0.01547592 -0.00618087 0.04296947
v 0.00862392 -0.00559962 0.04382181
v -0.00253679 -0.00583136 0.04347776
v 0.00890910 -0.00542294 0.04404088
v 0.00607593 -0.00512885 0.04435522
v -0.00270328 -0.00510189 0.04439189
v -0.02543753 -0.00570908 0.04362089
v -0.02688134 -0.00580921 0.04347738
v -0.01203139 -0.00556842 0.04382210
v -0.01918455 -0.00551177 0.04388558
v -0.01059824 -0.00582416 0.04347042
v -0.01223135 -0.00523506 0.04421900
v -0.01143428 -0.00510046 0.04436460
v -0.01857536 -0.00529018 0.04415111
v -0.02577703 -0.00517153 0.04427867
v -0.02777540 -0.00541516 0.04400195
v -0.01699138 -0.00511552 0.04434248
v -0.02103939 -0.00511434 0.04434127
v -0.07233481 -0.00647733 0.04224908
v -0.06944687 -0.00644253 0.04232773
v -0.06594520 -0.00644257 0.04232777
v -0.06594520 -0.00637056 0.04248538
v -0.06944687 -0.00637052 0.04248538
v -0.06944687 -0.00629481 0.04264123
v -0.07121860 -0.00633362 0.04256368
v -0.06594520 -0.00629485 0.04264126
v -0.06594520 -0.00621542 0.04279524
v -0.06944687 -0.00621538 0.04279520
v -0.07295886 -0.00621534 0.04279520
v -0.06245724 -0.00644264 0.04232777
v -0.05898646 -0.00644276 0.04232785
v -0.05898646 -0.00637076 0.04248545
v -0.06245724 -0.00637064 0.04248541
v -0.05553630 -0.00644288 0.04232788
v -0.05211015 -0.00644307 0.04232796
v -0.05211015 -0.00637107 0.04248561
v -0.05553630 -0.00637088 0.04248553
v -0.05553630 -0.00629516 0.04264138
v -0.05898646 -0.00629500 0.04264134
v -0.05211015 -0.00629532 0.04264150
v -0.05211015 -0.00621589 0.04279547
v -0.05553630 -0.00621569 0.04279539
v -0.05898646 -0.00621557 0.04279532
v -0.06245724 -0.00629492 0.04264126
v -0.06245724 -0.00621546 0.04279528
v -0.06245724 -0.00613239 0.04294726
v -0.06594520 -0.00613231 0.04294722
v -0.05898646 -0.00613247 0.04294730
v -0.05898646 -0.00604577 0.04309724
v -0.06245724 -0.00604569 0.04309720
v -0.06594520 -0.00604561 0.04309716
v -0.05553630 -0.00613263 0.04294737
v -0.05211015 -0.00613278 0.04294749
v -0.05211015 -0.00604608 0.04309744
v -0.05553630 -0.00604593 0.04309732
v -0.05553630 -0.00595563 0.04324508
v -0.05898646 -0.00595551 0.04324500
v -0.05211015 -0.00595582 0.04324520
v -0.05211015 -0.00586201 0.04339069
v -0.05553630 -0.00586181 0.04339057
v -0.05898646 -0.00586170 0.04339049
v -0.06245724 -0.00595543 0.04324492
v -0.06594520 -0.00595536 0.04324488
v -0.06245724 -0.00586162 0.04339041
v -0.06594520 -0.00586154 0.04339037
v -0.07647769 -0.00635742 0.04247919
v -0.07295886 -0.00613227 0.04294718
v -0.07295886 -0.00604557 0.04309713
v -0.06944687 -0.00613227 0.04294722
v -0.06944687 -0.00604557 0.04309713
v -0.06944687 -0.00595532 0.04324488
v -0.07295886 -0.00595532 0.04324484
v -0.06944687 -0.00586150 0.04339034
v -0.07295886 -0.00586150 0.04339034
v -0.07514687 -0.00600204 0.04317035
v -0.07647769 -0.00586150 0.04339034
v -0.04871148 -0.00644331 0.04232808
v -0.04534373 -0.00644362 0.04232820
v -0.04534373 -0.00637162 0.04248588
v -0.04871148 -0.00637131 0.04248573
v -0.03931978 -0.00637358 0.04248677
v -0.04208303 -0.00640873 0.04240801
v -0.04201030 -0.00629621 0.04264193
v -0.04534373 -0.00629586 0.04264177
v -0.04201030 -0.00621675 0.04279594
v -0.04534373 -0.00621639 0.04279575
v -0.04871148 -0.00629555 0.04264162
v -0.04871148 -0.00621612 0.04279559
v -0.03225045 -0.00637353 0.04248678
v -0.02915079 -0.00633738 0.04256527
v -0.03594333 -0.00625711 0.04272198
v -0.03722012 -0.00633530 0.04256550
v -0.03567977 -0.00609216 0.04302386
v -0.03893521 -0.00613481 0.04294969
v -0.03154429 -0.00608450 0.04303868
v -0.03225045 -0.00595809 0.04324664
v -0.03054069 -0.00591234 0.04332029
v -0.03225045 -0.00586428 0.04339217
v -0.03546024 -0.00595754 0.04324629
v -0.03871467 -0.00595707 0.04324598
v -0.03546024 -0.00586369 0.04339182
v -0.03871467 -0.00586322 0.04339151
v -0.04871148 -0.00613302 0.04294761
v -0.04534373 -0.00613333 0.04294776
v -0.04871148 -0.00604632 0.04309756
v -0.04201030 -0.00586283 0.04339123
v -0.04577794 -0.00595780 0.04324919
v -0.04893287 -0.00590940 0.04331953
v -0.04871148 -0.00576491 0.04353395
v -0.05211015 -0.00576472 0.04353379
v -0.04534373 -0.00566441 0.04367479
v -0.04871148 -0.00566418 0.04367459
v -0.05211015 -0.00566394 0.04367444
v -0.04201030 -0.00576550 0.04353438
v -0.03871467 -0.00576593 0.04353465
v -0.03910244 -0.00561332 0.04374572
v -0.04201030 -0.00566476 0.04367502
v -0.04201030 -0.00556059 0.04381313
v -0.04534373 -0.00556028 0.04381289
v -0.03871467 -0.00545341 0.04394888
v -0.04363327 -0.00545265 0.04394873
v -0.04871148 -0.00556000 0.04381270
v -0.05211015 -0.00555981 0.04381254
v -0.04871148 -0.00545247 0.04394810
v -0.05211015 -0.00545227 0.04394795
v -0.03391161 -0.00572611 0.04359339
v -0.03036156 -0.00566672 0.04367601
v -0.03329918 -0.00556188 0.04381386
v -0.03578630 -0.00538972 0.04402749
v -0.03135626 -0.00529690 0.04413715
v -0.03225045 -0.00522931 0.04421219
v -0.03546024 -0.00522880 0.04421172
v -0.02908874 -0.00511243 0.04433954
v -0.03225045 -0.00511188 0.04433904
v -0.03546024 -0.00511137 0.04433857
v -0.03871467 -0.00511098 0.04433818
v -0.05211015 -0.00534142 0.04408058
v -0.04534373 -0.00534189 0.04408097
v -0.04888497 -0.00528512 0.04414659
v -0.05211015 -0.00522728 0.04421035
v -0.04201030 -0.00534216 0.04408120
v -0.03987595 -0.00522835 0.04421108
v -0.04201030 -0.00511063 0.04433786
v -0.04508503 -0.00516987 0.04427490
v -0.04871148 -0.00511009 0.04433736
v -0.05211015 -0.00510989 0.04433716
v -0.07295886 -0.00571384 0.04360377
v -0.06944687 -0.00576421 0.04353344
v -0.06594520 -0.00576425 0.04353348
v -0.06594520 -0.00566351 0.04367412
v -0.06944687 -0.00566347 0.04367409
v -0.06944687 -0.00555934 0.04381215
v -0.07295886 -0.00555930 0.04381215
v -0.06594520 -0.00555938 0.04381219
v -0.06594520 -0.00545184 0.04394759
v -0.06944687 -0.00545180 0.04394756
v -0.07295886 -0.00545180 0.04394756
v -0.06245724 -0.00576433 0.04353352
v -0.05898646 -0.00576440 0.04353360
v -0.06245724 -0.00566359 0.04367416
v -0.05553630 -0.00576452 0.04353368
v -0.05553630 -0.00566379 0.04367432
v -0.05553630 -0.00555965 0.04381238
v -0.05871743 -0.00561266 0.04374364
v -0.05553630 -0.00545212 0.04394779
v -0.05898646 -0.00545200 0.04394771
v -0.06245724 -0.00555942 0.04381223
v -0.06245724 -0.00545192 0.04394763
v -0.06245724 -0.00534106 0.04408026
v -0.06594520 -0.00534103 0.04408022
v -0.05898646 -0.00534114 0.04408034
v -0.05898646 -0.00522704 0.04421012
v -0.06245724 -0.00522692 0.04421004
v -0.06594520 -0.00522688 0.04420996
v -0.05553630 -0.00534126 0.04408042
v -0.05553630 -0.00522712 0.04421020
v -0.05553630 -0.00510977 0.04433700
v -0.05898646 -0.00510965 0.04433693
v -0.06245724 -0.00510958 0.04433685
v -0.06594520 -0.00510950 0.04433677
v -0.07295886 -0.00534095 0.04408019
v -0.07295886 -0.00522685 0.04420992
v -0.07647769 -0.00540319 0.04399135
v -0.06944687 -0.00534099 0.04408019
v -0.06944687 -0.00522685 0.04420996
v -0.06944687 -0.00510950 0.04433677
v -0.07326678 -0.00498991 0.04446155
v -0.07647769 -0.00510946 0.03460643
v -0.07295886 -0.00510946 0.03460643
v -0.07295886 -0.00522684 0.03473324
v -0.06944687 -0.00510950 0.03460639
v -0.06594520 -0.00510950 0.03460639
v -0.06594520 -0.00522688 0.03473320
v -0.06944687 -0.00522684 0.03473320
v -0.06944687 -0.00534099 0.03486297
v -0.07295886 -0.00534095 0.03486297
v -0.06594520 -0.00534103 0.03486293
v -0.06594520 -0.00545184 0.03499557
v -0.06944687 -0.00545180 0.03499560
v -0.07295886 -0.00545180 0.03499560
v -0.06245724 -0.00510958 0.03460631
v -0.05898646 -0.00510965 0.03460623
v -0.05898646 -0.00522704 0.03473304
v -0.06245724 -0.00522692 0.03473312
v -0.05553630 -0.00510977 0.03460616
v -0.05211015 -0.00510989 0.03460600
v -0.05211015 -0.00522727 0.03473281
v -0.05553630 -0.00522712 0.03473296
v -0.05553630 -0.00534126 0.03486274
v -0.05898646 -0.00534114 0.03486282
v -0.05211015 -0.00534142 0.03486258
v -0.05211015 -0.00545227 0.03499521
v -0.06281532 -0.00539736 0.03492859
v -0.06242218 -0.00561255 0.03519958
v -0.06594520 -0.00555938 0.03513097
v -0.05898646 -0.00566367 0.03526892
v -0.06594520 -0.00566351 0.03526903
v -0.05592946 -0.00550609 0.03506164
v -0.05072424 -0.00566482 0.03526733
v -0.05876604 -0.00572360 0.03535089
v -0.05211015 -0.00586201 0.03555247
v -0.05553630 -0.00586181 0.03555259
v -0.05898646 -0.00586170 0.03555267
v -0.06245724 -0.00576432 0.03540964
v -0.06594520 -0.00576425 0.03540968
v -0.06245724 -0.00586162 0.03555275
v -0.06594520 -0.00586154 0.03555279
v -0.07295886 -0.00555930 0.03513101
v -0.07295886 -0.00566347 0.03526907
v -0.06944687 -0.00555934 0.03513101
v -0.06944395 -0.00571439 0.03533833
v -0.07295886 -0.00576421 0.03540972
v -0.06944687 -0.00586150 0.03555282
v -0.07295886 -0.00586150 0.03555282
v -0.07647769 -0.00559120 0.03518841
v -0.04871148 -0.00511008 0.03460580
v -0.04534373 -0.00511032 0.03460561
v -0.04534373 -0.00522774 0.03473242
v -0.04871148 -0.00522747 0.03473265
v -0.04201034 -0.00511063 0.03460534
v -0.03871467 -0.00511098 0.03460498
v -0.03871467 -0.00522837 0.03473183
v -0.04201030 -0.00522802 0.03473214
v -0.04201030 -0.00534216 0.03486196
v -0.04534373 -0.00534188 0.03486219
v -0.03871467 -0.00534255 0.03486161
v -0.03871467 -0.00545341 0.03499428
v -0.04201030 -0.00545306 0.03499459
v -0.04534373 -0.00545274 0.03499486
v -0.04871148 -0.00534161 0.03486243
v -0.04871148 -0.00545247 0.03499506
v -0.03546024 -0.00511137 0.03460459
v -0.03225045 -0.00511188 0.03460412
v -0.03225045 -0.00522931 0.03473101
v -0.03546024 -0.00522880 0.03473144
v -0.02899659 -0.00517196 0.03466627
v -0.02696689 -0.00524991 0.03475017
v -0.03165620 -0.00540073 0.03492743
v -0.03225045 -0.00534349 0.03486082
v -0.02597855 -0.00545564 0.03499248
v -0.02983614 -0.00550908 0.03505976
v -0.03546024 -0.00534298 0.03486125
v -0.03546024 -0.00545388 0.03499392
v -0.03871467 -0.00556098 0.03512972
v -0.03397213 -0.00560482 0.03518483
v -0.03172051 -0.00571756 0.03533692
v -0.03203689 -0.00591163 0.03562247
v -0.03578900 -0.00571797 0.03533893
v -0.03839540 -0.00571643 0.03533750
v -0.03546024 -0.00586369 0.03555134
v -0.03871467 -0.00586322 0.03555165
v -0.04871148 -0.00556000 0.03513046
v -0.04534373 -0.00556028 0.03513027
v -0.04201030 -0.00556059 0.03513003
v -0.04422612 -0.00571584 0.03533814
v -0.04201030 -0.00586283 0.03555193
v -0.04534373 -0.00586248 0.03555216
v -0.04613364 -0.00571556 0.03533809
v -0.04871148 -0.00586220 0.03555232
v -0.04871148 -0.00595602 0.03569785
v -0.05211015 -0.00595582 0.03569796
v -0.04534373 -0.00595629 0.03569765
v -0.04534373 -0.00604659 0.03584545
v -0.04871148 -0.00604632 0.03584560
v -0.05211015 -0.00604608 0.03584572
v -0.04201034 -0.00595664 0.03569746
v -0.03911690 -0.00600296 0.03577041
v -0.04490238 -0.00609081 0.03591978
v -0.04534373 -0.00613329 0.03599539
v -0.04163381 -0.00625748 0.03622380
v -0.04534373 -0.00621639 0.03614741
v -0.04871148 -0.00613302 0.03599555
v -0.05211015 -0.00613278 0.03599567
v -0.04871148 -0.00621612 0.03614757
v -0.05211015 -0.00621589 0.03614769
v -0.03002252 -0.00596025 0.03569704
v -0.03501633 -0.00613524 0.03599329
v -0.02509216 -0.00622913 0.03615967
v -0.02667121 -0.00622055 0.03614473
v -0.03762559 -0.00627030 0.03624786
v -0.03225045 -0.00637353 0.03645638
v -0.02830436 -0.00644051 0.03659673
v -0.03247931 -0.00648044 0.03669313
v -0.03711695 -0.00640346 0.03652193
v -0.03871467 -0.00651269 0.03677394
v -0.04871148 -0.00629555 0.03630154
v -0.05211015 -0.00629532 0.03630166
v -0.04534373 -0.00629586 0.03630139
v -0.04877191 -0.00640796 0.03653521
v -0.05211015 -0.00637107 0.03645755
v -0.04291686 -0.00640846 0.03653484
v -0.04534373 -0.00651187 0.03677429
v -0.05211015 -0.00644307 0.03661520
v -0.04871148 -0.00651156 0.03677441
v -0.05211015 -0.00651132 0.03677453
v -0.07647769 -0.00595528 0.03569832
v -0.07295886 -0.00595532 0.03569832
v -0.07295886 -0.00604557 0.03584603
v -0.07647769 -0.00604557 0.03584603
v -0.06944687 -0.00595532 0.03569828
v -0.06594520 -0.00595535 0.03569828
v -0.06594520 -0.00604561 0.03584600
v -0.06944687 -0.00604557 0.03584603
v -0.06944687 -0.00613227 0.03599594
v -0.07295886 -0.00613227 0.03599598
v -0.06594520 -0.00613231 0.03599594
v -0.06944687 -0.00621538 0.03614796
v -0.07295886 -0.00621534 0.03614796
v -0.07647769 -0.00639713 0.03654094
v -0.06245724 -0.00595543 0.03569824
v -0.05898646 -0.00595551 0.03569816
v -0.06101339 -0.00608972 0.03592000
v -0.06245724 -0.00604569 0.03584596
v -0.05553630 -0.00595563 0.03569808
v -0.05571038 -0.00608984 0.03591971
v -0.05553630 -0.00621569 0.03614777
v -0.05898646 -0.00621557 0.03614784
v -0.06453467 -0.00617497 0.03607172
v -0.06264431 -0.00626330 0.03623853
v -0.05837940 -0.00633376 0.03637915
v -0.06266919 -0.00640733 0.03653560
v -0.05420066 -0.00633360 0.03637837
v -0.05553630 -0.00644288 0.03661528
v -0.05898646 -0.00644276 0.03661531
v -0.05553630 -0.00651113 0.03677460
v -0.05898646 -0.00651097 0.03677464
v -0.06245724 -0.00651089 0.03677468
v -0.06594520 -0.00651082 0.03677472
v -0.06931897 -0.00633711 0.03638669
v -0.06846052 -0.00644265 0.03661569
v -0.06944687 -0.00651078 0.03677472
v -0.07173657 -0.00647732 0.03669408
v -0.01604101 -0.00529383 0.03479125
v -0.00459021 -0.00535322 0.03485074
v -0.00945849 -0.00562476 0.03518595
v -0.01144242 -0.00540575 0.03492132
v -0.01691365 -0.00566141 0.03525030
v -0.00355439 -0.00583074 0.03546596
v -0.00700095 -0.00577816 0.03539776
v -0.00663496 -0.00592442 0.03561178
v -0.01659367 -0.00596279 0.03568829
v -0.02500211 -0.00556401 0.03512671
v -0.02744471 -0.00573390 0.03535822
v -0.02297346 -0.00572241 0.03533463
v 0.00163800 -0.00535746 0.03484689
v 0.01704158 -0.00548694 0.03492850
v 0.00379933 -0.00568514 0.03525091
v -0.00297683 -0.00593208 0.03560331
v 0.00462967 -0.00612732 0.03591518
v -0.00561652 -0.00647903 0.03665624
v -0.02348307 -0.00600647 0.03576905
v -0.02131720 -0.00607975 0.03588435
v -0.00593794 -0.00605828 0.03583841
v -0.00617242 -0.00618750 0.03606440
v -0.00961468 -0.00625907 0.03620380
v -0.00728242 -0.00630731 0.03629612
v -0.00767975 -0.00671359 0.03725632
v -0.01097912 -0.00648991 0.03669099
v -0.01862348 -0.00634071 0.03637681
v -0.02132620 -0.00647448 0.03667128
v -0.02685499 -0.00661278 0.03701630
v -0.01491515 -0.00658478 0.03693189
v -0.01778161 -0.00667277 0.03717760
v -0.02021644 -0.00664356 0.03709517
v -0.01739556 -0.00675391 0.03742522
v -0.02393992 -0.00678368 0.03752809
v -0.03381053 -0.00670533 0.03728850
v -0.00391597 -0.00673963 0.03733901
v -0.01274280 -0.00675941 0.03742377
v -0.01590573 -0.00688919 0.03792675
v -0.01515133 -0.00696159 0.03826785
v -0.02114237 -0.00684276 0.03774611
v -0.02379796 -0.00693250 0.03814591
v -0.00094902 -0.00685673 0.03772811
v -0.00218306 -0.00655861 0.03681620
v 0.00842153 -0.00693476 0.03796898
v -0.02226807 -0.00697073 0.03836069
v -0.01755943 -0.00696866 0.03833705
v -0.01964741 -0.00699689 0.03852617
v -0.01855444 -0.00702874 0.03878123
v -0.01419403 -0.00702091 0.03869494
v -0.02477090 -0.00701664 0.03869624
v -0.02960024 -0.00703282 0.03886853
v -0.00490497 -0.00700638 0.03852309
v -0.01030493 -0.00698103 0.03835322
v -0.01251107 -0.00704750 0.03895417
v -0.00640037 -0.00705881 0.03904126
v -0.01532425 -0.00706581 0.03936335
v -0.02292328 -0.00704138 0.03895329
v -0.02084666 -0.00705314 0.03912548
v -0.02587264 -0.00704704 0.03904001
v -0.01576694 -0.00704429 0.03895323
v -0.02220108 -0.00706171 0.03940186
v -0.02292328 -0.00705908 0.03929869
v -0.02597855 -0.00705811 0.03929869
v -0.07322107 -0.00660639 0.03701645
v -0.06944687 -0.00657520 0.03693561
v -0.06594520 -0.00657524 0.03693561
v -0.06594520 -0.00663578 0.03709799
v -0.06944687 -0.00663575 0.03709799
v -0.06944687 -0.00669239 0.03726178
v -0.07295886 -0.00669235 0.03726178
v -0.06594520 -0.00669243 0.03726174
v -0.06594520 -0.00674512 0.03742681
v -0.06944687 -0.00674508 0.03742681
v -0.07295886 -0.00674508 0.03742681
v -0.06245724 -0.00657527 0.03693557
v -0.05898646 -0.00657539 0.03693553
v -0.05898646 -0.00663594 0.03709791
v -0.06245724 -0.00663582 0.03709795
v -0.05553630 -0.00657555 0.03693550
v -0.05211015 -0.00657570 0.03693542
v -0.05211015 -0.00663629 0.03709780
v -0.05553630 -0.00663610 0.03709787
v -0.05553630 -0.00669274 0.03726166
v -0.05898646 -0.00669258 0.03726170
v -0.05211015 -0.00669293 0.03726158
v -0.05211015 -0.00674567 0.03742665
v -0.05553630 -0.00674547 0.03742669
v -0.05898646 -0.00674531 0.03742673
v -0.06245724 -0.00669250 0.03726174
v -0.06245724 -0.00674520 0.03742677
v -0.06245724 -0.00679394 0.03759302
v -0.06594520 -0.00679386 0.03759302
v -0.05898646 -0.00679406 0.03759298
v -0.05898646 -0.00683874 0.03776028
v -0.06245724 -0.00683866 0.03776032
v -0.06594520 -0.00683858 0.03776036
v -0.05553630 -0.00679418 0.03759294
v -0.05211015 -0.00679437 0.03759290
v -0.05211015 -0.00683909 0.03776020
v -0.05553630 -0.00683889 0.03776028
v -0.05553630 -0.00687955 0.03792856
v -0.05898646 -0.00687939 0.03792860
v -0.05211015 -0.00687974 0.03792852
v -0.05211015 -0.00691629 0.03809774
v -0.05553630 -0.00691609 0.03809778
v -0.05898646 -0.00691594 0.03809782
v -0.06245724 -0.00687927 0.03792864
v -0.06594520 -0.00687923 0.03792864
v -0.06245724 -0.00691582 0.03809782
v -0.06594520 -0.00691574 0.03809786
v -0.07295886 -0.00679378 0.03759306
v -0.06944687 -0.00679382 0.03759306
v -0.06944687 -0.00683854 0.03776036
v -0.06944687 -0.00687916 0.03792868
v -0.07222571 -0.00685990 0.03784445
v -0.06944687 -0.00691570 0.03809786
v -0.07647769 -0.00693708 0.03835734
v -0.04664256 -0.00660757 0.03701655
v -0.04878150 -0.00660737 0.03701656
v -0.04218169 -0.00657818 0.03693525
v -0.04201030 -0.00669387 0.03726127
v -0.04534373 -0.00669348 0.03726138
v -0.04217986 -0.00672603 0.03735894
v -0.04534373 -0.00674621 0.03742646
v -0.04871148 -0.00669317 0.03726150
v -0.04871148 -0.00674590 0.03742658
v -0.03826368 -0.00660838 0.03701568
v -0.03433080 -0.00660373 0.03700159
v -0.03824051 -0.00677698 0.03752455
v -0.03066461 -0.00684373 0.03776029
v -0.03546024 -0.00684108 0.03775974
v -0.03871467 -0.00684054 0.03775985
v -0.03786667 -0.00693741 0.03818323
v -0.03841076 -0.00691924 0.03809758
v -0.04871148 -0.00679464 0.03759282
v -0.04534373 -0.00679496 0.03759271
v -0.04534373 -0.00683967 0.03776009
v -0.04871148 -0.00683936 0.03776017
v -0.04201030 -0.00679535 0.03759263
v -0.04201030 -0.00684007 0.03775997
v -0.04201030 -0.00688072 0.03792833
v -0.04534373 -0.00688033 0.03792841
v -0.04201030 -0.00691727 0.03809755
v -0.04534373 -0.00691688 0.03809762
v -0.04871148 -0.00688002 0.03792848
v -0.04871148 -0.00691656 0.03809770
v -0.04871148 -0.00694893 0.03826770
v -0.05211015 -0.00694870 0.03826774
v -0.04534373 -0.00694928 0.03826762
v -0.04534373 -0.00697750 0.03843837
v -0.04871148 -0.00697715 0.03843841
v -0.05211015 -0.00697692 0.03843845
v -0.04201030 -0.00694967 0.03826759
v -0.03871467 -0.00697836 0.03843821
v -0.04201030 -0.00697790 0.03843829
v -0.04201030 -0.00700186 0.03860962
v -0.04534373 -0.00700147 0.03860966
v -0.03871467 -0.00700237 0.03860954
v -0.04201030 -0.00702160 0.03878142
v -0.04534373 -0.00702121 0.03878146
v -0.04871148 -0.00700115 0.03860970
v -0.05211015 -0.00700088 0.03860974
v -0.04871148 -0.00702085 0.03878146
v -0.05211015 -0.00702062 0.03878149
v -0.03134790 -0.00700539 0.03861056
v -0.02731367 -0.00700479 0.03860900
v -0.03546024 -0.00700291 0.03860946
v -0.03840487 -0.00702952 0.03885276
v -0.04154690 -0.00704963 0.03912710
v -0.03366489 -0.00705664 0.03927090
v -0.04871148 -0.00703630 0.03895364
v -0.05211015 -0.00703602 0.03895368
v -0.04534373 -0.00703661 0.03895364
v -0.04534373 -0.00704767 0.03912611
v -0.04871148 -0.00704732 0.03912615
v -0.05211015 -0.00704708 0.03912615
v -0.04243812 -0.00704359 0.03904021
v -0.04201030 -0.00705475 0.03929880
v -0.04534373 -0.00705432 0.03929880
v -0.04871148 -0.00705400 0.03929880
v -0.05211015 -0.00705373 0.03929880
v -0.07252586 -0.00693281 0.03818205
v -0.06944687 -0.00694811 0.03826786
v -0.06594520 -0.00694815 0.03826782
v -0.06594520 -0.00697637 0.03843852
v -0.06944687 -0.00697633 0.03843852
v -0.06944687 -0.00700029 0.03860977
v -0.07164028 -0.00698943 0.03852451
v -0.06594520 -0.00700033 0.03860977
v -0.06594520 -0.00702007 0.03878153
v -0.06944687 -0.00702003 0.03878157
v -0.07295886 -0.00702000 0.03878157
v -0.06245724 -0.00694823 0.03826782
v -0.05898646 -0.00694834 0.03826782
v -0.05898646 -0.00697653 0.03843848
v -0.06245724 -0.00697645 0.03843852
v -0.05553630 -0.00694850 0.03826778
v -0.05553630 -0.00697668 0.03843848
v -0.05553630 -0.00700068 0.03860974
v -0.05898646 -0.00700053 0.03860977
v -0.05553630 -0.00702039 0.03878153
v -0.05898646 -0.00702023 0.03878153
v -0.06245724 -0.00700041 0.03860977
v -0.06245724 -0.00702015 0.03878153
v -0.06245724 -0.00703555 0.03895372
v -0.06594520 -0.00703547 0.03895372
v -0.05898646 -0.00703567 0.03895368
v -0.05898646 -0.00704673 0.03912615
v -0.06245724 -0.00704661 0.03912619
v -0.06594520 -0.00704654 0.03912619
v -0.05553630 -0.00703583 0.03895368
v -0.05553630 -0.00704685 0.03912615
v -0.05553630 -0.00705353 0.03929880
v -0.05898646 -0.00705338 0.03929880
v -0.06245724 -0.00705326 0.03929884
v -0.06594520 -0.00705318 0.03929884
v -0.07295886 -0.00703540 0.03895372
v -0.06944687 -0.00703544 0.03895372
v -0.06944687 -0.00704650 0.03912619
v -0.06944687 -0.00705314 0.03929884
v -0.07317913 -0.00705094 0.03921344
v 0.08000000 0.00668711 0.03278447
v 0.07999931 0.00967918 0.03758019
v 0.07257937 0.00943587 0.04010812
v 0.07259908 0.00943029 0.04016573
v 0.07259908 0.00940961 0.04039648
v 0.07448906 0.00940342 0.04042501
v 0.06436277 0.00917374 0.03676060
v 0.07259908 -0.00318153 0.04836611
v 0.07259908 -0.00339918 0.04828492
v 0.07259908 -0.00361484 0.04819861
v 0.07259908 -0.00393402 0.04805888
v 0.08000247 0.00218812 0.05024121
v 0.07999117 -0.00360501 0.03031062
v 0.08000000 -0.00668711 0.03278447
v 0.07999274 -0.01032475 0.04003748
v 0.06210095 -0.00005536 0.04869411
v 0.06754655 0.00852744 0.04330324
v 0.07259267 0.00940961 0.04039648
v 0.07258505 0.00940957 0.04039648
v 0.07256321 0.00939595 0.04052458
v 0.07259267 0.00943029 0.04016573
v 0.07998700 0.00526998 0.03128852
v 0.07257197 -0.00386372 0.04809326
v 0.07259267 -0.00382838 0.04810714
v 0.07259267 -0.00361484 0.04819861
v 0.07258505 -0.00361484 0.04819853
v 0.07258509 -0.00382834 0.04810710
v 0.07259267 -0.00339918 0.04828492
v 0.07373657 -0.00160368 0.04888377
v 0.07542459 -0.00666532 0.04652006
v 0.02975984 0.00711758 0.03806465
v 0.03062739 0.00577368 0.04376036
v 0.03377889 0.00392362 0.03315698
v 0.01025896 0.00067607 0.04687859
v 0.07154667 -0.00341651 0.04825948
v 0.01763767 -0.00216628 0.04624428
v 0.03330884 -0.00730212 0.04055364
v 0.03113833 -0.00557921 0.04419161
v 0.04865912 -0.00771028 0.03564567
v 0.02913527 -0.00660491 0.03669984
v 0.02119742 -0.00692969 0.03787343
v 0.03543982 -0.00000000 0.03208985
v 0.07999060 0.00287986 0.03007814
v 0.00901556 -0.00000000 0.03238443
v 0.03595299 0.00193379 0.03222885
v 0.02546015 -0.00000000 0.03233060
v 0.03224199 -0.00209468 0.03246684
v -0.07701853 -0.01417356 0.02591027
v -0.05420610 -0.01294149 0.06661154
v -0.05564582 -0.01417356 0.03197667
v -0.07793948 0.00018757 0.06327998
v -0.07793948 0.01417356 0.04497501
v -0.05375558 -0.01417356 0.03223417
v -0.05375558 -0.01417356 0.03510286
v -0.07012159 0.01417356 0.00000000
v -0.07793948 0.01417356 0.05772893
v -0.06584753 0.01417356 0.06327998
v -0.05375558 0.01417356 0.01566318
v -0.05375558 0.01417356 0.05956297
v -0.07793948 -0.01417356 0.02845938
v -0.05375558 0.00005645 0.01566318
v -0.05375558 -0.01417356 0.02197818
v -0.05375558 -0.00775759 0.02539277
v -0.06964474 -0.00457405 0.00018073
v -0.05375558 -0.01417356 0.03367287
v -0.05375558 -0.01417356 0.03652340
v -0.05375558 -0.01061107 0.03218883
v -0.05375558 -0.01088494 0.04308319
v -0.07793948 -0.01417356 0.02086626
v -0.05375558 -0.01144957 0.02952689
v -0.07793948 -0.01417356 0.04953666
v -0.07793948 -0.01417356 0.02253337
v -0.07012159 -0.01417356 0.00000000
v -0.05375558 -0.01417356 0.02345812
v -0.05375558 -0.01417356 0.02493434
v -0.05375558 -0.01417356 0.02640609
v -0.05375558 -0.01417356 0.02787262
v -0.05375558 -0.01417356 0.02933332
v -0.05375558 0.01349640 0.01566318
v -0.05375558 0.00005645 0.03316017
v -0.05375558 -0.01417356 0.04800781
v -0.07697424 0.01205549 0.06592620
v -0.07793948 0.00063011 0.01566317
v -0.07793948 0.00029735 0.05723831
v -0.07634963 0.00018757 0.06625735
v -0.07780041 -0.01402283 0.06353911
v -0.05375558 -0.01417356 0.03078739
v -0.05844911 -0.01417356 0.02168365
v -0.05402356 -0.01417356 0.02248609
f 1656 1655 1
f 1 3 1656
f 3 1 2
f 3 4 51
f 3 51 1656
f 3 2 5
f 5 6 3
f 6 5 7
f 7 8 6
f 10 6 8
f 8 9 10
f 4 3 6
f 6 10 4
f 12 4 10
f 10 11 12
f 11 10 9
f 9 13 11
f 15 11 13
f 13 14 15
f 16 12 11
f 11 15 16
f 4 12 51
f 12 16 51
f 8 7 17
f 17 18 8
f 18 17 19
f 19 20 18
f 22 18 20
f 20 21 22
f 9 8 18
f 18 22 9
f 20 19 23
f 23 24 20
f 24 23 25
f 25 26 24
f 28 24 26
f 26 27 28
f 21 20 24
f 24 28 21
f 29 21 28
f 28 37 29
f 37 28 27
f 27 30 37
f 30 31 37
f 32 29 37
f 13 9 22
f 21 29 22
f 33 22 29
f 29 32 33
f 14 13 22
f 22 33 14
f 34 14 33
f 33 32 34
f 36 34 32
f 31 38 37
f 40 37 38
f 38 39 40
f 35 32 37
f 37 40 35
f 42 35 40
f 40 41 42
f 41 40 39
f 39 43 41
f 45 41 43
f 43 44 45
f 46 42 41
f 41 45 46
f 48 36 32
f 32 47 48
f 47 32 35
f 35 42 47
f 49 47 42
f 42 46 49
f 50 48 47
f 47 49 50
f 16 52 51
f 58 51 52
f 52 53 58
f 51 58 1656
f 52 16 15
f 15 54 52
f 54 15 14
f 14 34 54
f 55 54 34
f 34 36 55
f 53 52 54
f 54 55 53
f 58 53 55
f 36 48 55
f 56 55 48
f 48 50 56
f 57 58 55
f 55 56 57
f 157 1656 58
f 26 25 59
f 59 60 26
f 60 59 61
f 61 62 60
f 64 60 62
f 62 63 64
f 27 26 60
f 60 64 27
f 62 61 65
f 65 66 62
f 66 65 67
f 67 68 66
f 70 66 68
f 68 69 70
f 63 62 66
f 66 70 63
f 72 63 70
f 70 71 72
f 71 70 69
f 69 73 71
f 75 71 73
f 73 74 75
f 76 72 71
f 71 75 76
f 30 27 64
f 64 77 30
f 77 64 63
f 63 72 77
f 78 77 72
f 72 76 78
f 31 30 77
f 77 78 31
f 68 67 79
f 79 80 68
f 80 79 81
f 81 82 80
f 83 80 82
f 69 68 80
f 80 83 69
f 82 81 84
f 84 85 86
f 84 86 82
f 87 86 85
f 88 87 85
f 73 69 83
f 82 86 83
f 89 83 86
f 86 87 89
f 74 73 83
f 83 89 74
f 90 74 89
f 89 91 90
f 91 89 87
f 97 90 91
f 91 92 97
f 91 87 88
f 88 93 91
f 92 91 93
f 93 94 92
f 93 197 94
f 95 94 197
f 94 95 98
f 92 96 97
f 92 94 96
f 98 96 94
f 99 97 96
f 96 98 99
f 38 31 78
f 78 100 38
f 100 78 76
f 76 101 100
f 103 100 101
f 101 102 103
f 39 38 100
f 100 103 39
f 101 76 75
f 75 104 101
f 104 75 74
f 74 90 104
f 105 104 90
f 90 97 105
f 102 101 104
f 104 105 102
f 106 102 105
f 107 105 97
f 97 99 107
f 108 106 105
f 105 107 108
f 43 39 103
f 103 109 43
f 109 103 102
f 102 106 109
f 110 109 106
f 106 108 110
f 44 43 109
f 109 110 44
f 112 44 110
f 110 111 112
f 111 110 108
f 108 113 111
f 115 111 113
f 113 114 115
f 116 112 111
f 111 115 116
f 113 108 107
f 107 117 113
f 117 107 99
f 99 118 117
f 114 113 117
f 117 118 114
f 119 114 118
f 120 118 125
f 118 120 119
f 121 116 115
f 121 115 114
f 114 119 121
f 122 121 119
f 121 122 164
f 118 99 98
f 98 125 118
f 95 124 98
f 124 95 197
f 197 123 124
f 125 98 124
f 124 126 125
f 126 124 123
f 127 125 126
f 128 125 127
f 127 130 128
f 126 222 127
f 130 127 222
f 222 129 130
f 222 131 129
f 132 129 131
f 131 223 132
f 325 130 129
f 129 132 325
f 133 128 130
f 130 325 133
f 135 164 122
f 122 134 135
f 134 122 119
f 119 138 134
f 136 134 138
f 137 135 134
f 134 136 137
f 138 119 120
f 125 128 120
f 133 120 128
f 120 133 138
f 140 137 136
f 136 139 140
f 139 136 138
f 141 139 138
f 142 140 139
f 139 141 142
f 58 143 157
f 143 58 57
f 57 144 143
f 146 143 144
f 144 145 146
f 143 146 157
f 144 57 56
f 56 147 144
f 147 56 50
f 50 148 147
f 150 147 148
f 148 149 150
f 145 144 147
f 147 150 145
f 152 145 150
f 150 151 152
f 151 150 149
f 149 153 151
f 154 151 153
f 155 152 151
f 151 154 155
f 146 156 157
f 156 146 145
f 145 152 156
f 152 155 156
f 148 50 49
f 49 158 148
f 158 49 46
f 46 159 158
f 160 158 159
f 159 163 160
f 149 148 158
f 158 160 149
f 159 46 45
f 45 161 159
f 161 45 44
f 44 112 161
f 162 161 112
f 112 116 162
f 163 159 161
f 161 162 163
f 116 121 162
f 164 162 121
f 165 163 162
f 162 164 165
f 153 149 160
f 160 166 153
f 166 160 163
f 167 166 163
f 163 165 167
f 154 153 166
f 166 167 154
f 168 154 167
f 165 169 167
f 170 167 169
f 181 168 167
f 167 170 181
f 169 165 164
f 164 171 169
f 164 135 171
f 172 171 135
f 135 137 172
f 171 172 169
f 174 169 172
f 172 173 174
f 173 172 137
f 137 140 173
f 175 173 140
f 140 142 175
f 176 174 173
f 173 175 176
f 177 181 170
f 169 174 170
f 178 170 174
f 174 176 178
f 179 177 170
f 170 178 179
f 1658 157 156
f 155 180 156
f 180 155 154
f 154 168 180
f 168 181 180
f 182 180 181
f 181 177 182
f 183 182 177
f 177 179 183
f 182 183 184
f 180 182 156
f 182 184 156
f 186 185 84
f 186 187 185
f 85 84 185
f 187 186 190
f 188 185 187
f 185 188 189
f 88 85 185
f 185 189 88
f 1070 191 190
f 192 202 1070
f 190 193 187
f 193 190 191
f 194 187 193
f 194 193 191
f 196 194 191
f 191 195 196
f 1070 195 191
f 195 1070 202
f 215 195 202
f 93 88 189
f 197 189 188
f 189 197 93
f 187 198 188
f 187 194 198
f 194 196 198
f 199 198 196
f 198 199 123
f 198 197 188
f 198 123 197
f 202 192 201
f 200 192 3296
f 192 200 201
f 203 201 200
f 200 206 203
f 201 203 202
f 202 203 205
f 237 200 3296
f 237 206 200
f 216 205 203
f 203 206 216
f 207 123 199
f 199 209 207
f 209 199 196
f 196 208 209
f 211 207 209
f 209 210 211
f 210 209 208
f 208 212 210
f 126 123 207
f 207 213 126
f 207 211 213
f 213 211 126
f 208 196 195
f 214 195 215
f 217 214 215
f 202 205 215
f 216 215 205
f 215 216 217
f 195 217 208
f 217 195 214
f 212 208 217
f 218 212 217
f 219 218 217
f 217 238 219
f 238 217 216
f 219 238 220
f 222 126 211
f 211 212 222
f 212 221 222
f 212 211 210
f 212 218 221
f 218 220 221
f 218 219 220
f 222 223 131
f 223 222 221
f 220 223 221
f 326 223 220
f 225 220 224
f 220 230 224
f 226 224 230
f 226 225 224
f 227 326 220
f 220 225 227
f 230 220 238
f 238 229 230
f 229 228 230
f 238 239 229
f 229 239 228
f 234 230 228
f 231 227 225
f 225 232 231
f 232 225 226
f 226 233 232
f 233 226 230
f 234 233 230
f 236 231 232
f 232 235 236
f 235 232 233
f 238 206 237
f 206 238 216
f 3296 204 237
f 242 237 204
f 239 238 237
f 240 237 242
f 245 239 237
f 237 240 245
f 248 239 245
f 241 240 242
f 242 243 241
f 246 240 241
f 240 246 245
f 242 3295 243
f 244 243 3295
f 3295 242 204
f 246 247 245
f 246 241 243
f 243 244 246
f 247 246 244
f 249 236 235
f 235 250 249
f 235 233 234
f 234 250 235
f 234 251 250
f 252 250 251
f 251 255 252
f 250 252 249
f 252 369 249
f 251 234 228
f 228 253 251
f 253 228 239
f 239 248 254
f 253 239 254
f 255 251 253
f 253 256 255
f 257 255 256
f 256 253 254
f 256 254 248
f 613 256 248
f 256 613 257
f 252 258 260
f 258 252 255
f 255 257 258
f 607 258 257
f 258 607 259
f 258 259 260
f 261 260 259
f 259 605 261
f 156 310 1658
f 310 156 184
f 184 262 310
f 262 184 183
f 183 263 262
f 263 183 179
f 179 264 263
f 266 263 264
f 264 265 266
f 263 266 262
f 268 262 266
f 266 267 268
f 267 266 265
f 265 269 267
f 271 267 269
f 269 270 271
f 272 268 267
f 267 271 272
f 262 268 310
f 268 272 310
f 264 179 178
f 178 273 264
f 273 178 176
f 176 274 273
f 276 273 274
f 274 275 276
f 265 264 273
f 273 276 265
f 274 176 175
f 175 277 274
f 277 175 142
f 142 278 277
f 280 277 278
f 278 279 280
f 275 274 277
f 277 280 275
f 282 275 280
f 280 281 282
f 281 280 279
f 279 283 281
f 285 281 283
f 283 284 285
f 286 282 281
f 281 285 286
f 269 265 276
f 276 287 269
f 287 276 275
f 275 282 287
f 288 287 282
f 282 286 288
f 270 269 287
f 287 288 270
f 290 270 288
f 288 289 290
f 289 288 286
f 286 291 289
f 293 289 291
f 291 292 293
f 294 290 289
f 289 293 294
f 291 286 285
f 285 295 291
f 295 285 284
f 284 296 295
f 298 295 296
f 296 297 298
f 292 291 295
f 295 298 292
f 300 292 298
f 298 299 300
f 299 298 297
f 297 301 299
f 303 299 301
f 301 302 303
f 304 300 299
f 299 303 304
f 306 294 293
f 293 305 306
f 305 293 292
f 292 300 305
f 307 305 300
f 300 304 307
f 308 306 305
f 305 307 308
f 272 309 310
f 309 313 310
f 309 272 271
f 271 311 309
f 311 271 270
f 270 290 311
f 312 311 290
f 290 294 312
f 313 309 311
f 311 312 313
f 294 306 312
f 306 308 312
f 389 313 312
f 313 389 310
f 278 142 141
f 141 315 278
f 315 141 138
f 138 314 315
f 279 278 315
f 314 138 133
f 133 316 314
f 318 314 316
f 316 317 318
f 316 319 317
f 321 317 319
f 319 320 321
f 322 318 317
f 317 321 322
f 283 279 315
f 315 323 283
f 323 315 314
f 314 318 323
f 324 323 318
f 318 322 324
f 284 283 323
f 323 324 284
f 132 326 325
f 326 132 223
f 328 325 326
f 326 327 328
f 326 227 327
f 329 328 327
f 327 227 329
f 319 316 133
f 133 330 319
f 330 133 325
f 325 328 330
f 331 330 328
f 328 329 331
f 320 319 330
f 330 331 320
f 332 320 331
f 331 333 332
f 333 331 329
f 329 335 333
f 335 336 333
f 334 332 333
f 335 329 227
f 227 231 335
f 336 335 231
f 236 336 231
f 337 334 333
f 333 336 337
f 336 236 337
f 296 284 324
f 324 340 296
f 340 324 322
f 322 338 340
f 338 339 340
f 297 296 340
f 338 322 321
f 321 341 338
f 341 321 320
f 320 332 341
f 342 341 332
f 332 334 342
f 339 338 341
f 341 342 339
f 344 339 342
f 342 343 344
f 343 342 334
f 334 337 343
f 345 343 337
f 346 344 343
f 343 345 346
f 301 297 340
f 340 347 301
f 347 340 339
f 339 344 347
f 348 347 344
f 344 346 348
f 302 301 347
f 347 348 302
f 350 302 348
f 348 349 350
f 349 348 346
f 346 351 349
f 353 349 351
f 351 352 353
f 354 350 349
f 349 353 354
f 351 346 345
f 345 356 351
f 356 345 337
f 337 355 356
f 352 351 356
f 357 352 356
f 355 358 356
f 360 356 358
f 358 359 360
f 361 357 356
f 356 360 361
f 363 354 353
f 353 362 363
f 362 353 352
f 352 357 362
f 364 362 357
f 357 361 364
f 365 363 362
f 362 364 365
f 355 337 236
f 236 366 355
f 236 249 366
f 366 369 367
f 369 366 249
f 355 368 358
f 368 355 366
f 366 367 368
f 359 358 368
f 368 367 359
f 370 359 367
f 371 367 369
f 367 371 370
f 260 369 252
f 369 260 371
f 260 261 372
f 501 371 260
f 260 372 501
f 374 370 371
f 371 373 374
f 371 501 373
f 376 365 364
f 364 375 376
f 375 364 361
f 361 377 375
f 379 375 377
f 377 378 379
f 380 376 375
f 375 379 380
f 377 361 360
f 360 370 377
f 370 360 359
f 378 377 370
f 382 378 370
f 370 381 382
f 370 374 381
f 383 381 374
f 374 373 383
f 384 382 381
f 381 383 384
f 386 380 379
f 379 385 386
f 385 379 378
f 378 382 385
f 387 385 382
f 382 384 387
f 388 386 385
f 385 387 388
f 389 390 310
f 312 391 389
f 391 312 308
f 308 392 391
f 394 391 392
f 392 393 394
f 390 389 391
f 391 394 390
f 396 390 394
f 394 395 396
f 395 394 393
f 397 395 393
f 310 396 1658
f 396 310 390
f 396 395 398
f 396 398 1658
f 392 308 307
f 307 399 392
f 399 307 304
f 304 400 399
f 402 399 400
f 400 401 402
f 393 392 399
f 399 402 393
f 400 304 303
f 303 403 400
f 403 303 302
f 302 350 403
f 404 403 350
f 350 354 404
f 401 400 403
f 403 404 401
f 406 401 404
f 404 405 406
f 405 404 354
f 354 363 405
f 407 405 363
f 363 365 407
f 408 406 405
f 405 407 408
f 402 409 393
f 409 402 401
f 401 406 409
f 410 409 406
f 406 408 410
f 409 410 393
f 412 393 410
f 410 411 412
f 411 410 408
f 408 413 411
f 415 411 413
f 413 414 415
f 416 412 411
f 411 415 416
f 413 408 407
f 407 417 413
f 417 407 365
f 365 376 417
f 418 417 376
f 376 380 418
f 414 413 417
f 417 418 414
f 420 414 418
f 418 419 420
f 419 418 380
f 380 386 419
f 421 419 386
f 386 388 421
f 422 420 419
f 419 421 422
f 424 416 415
f 415 423 424
f 423 415 414
f 414 420 423
f 425 423 420
f 420 422 425
f 426 424 423
f 423 425 426
f 398 429 1658
f 429 398 395
f 395 427 429
f 427 428 429
f 427 395 397
f 397 430 427
f 430 397 393
f 393 412 430
f 431 430 412
f 412 416 431
f 428 427 430
f 430 431 428
f 432 428 431
f 416 424 431
f 433 431 424
f 424 426 433
f 481 432 431
f 431 433 481
f 429 481 1658
f 481 429 428
f 428 432 481
f 426 434 433
f 436 433 434
f 434 435 436
f 438 433 436
f 436 437 438
f 437 436 435
f 435 439 437
f 441 437 439
f 439 440 441
f 442 438 437
f 437 441 442
f 1650 1658 481
f 433 438 481
f 438 442 481
f 434 426 425
f 425 443 434
f 443 425 422
f 422 444 443
f 446 443 444
f 444 445 446
f 435 434 443
f 443 446 435
f 444 422 421
f 421 447 444
f 447 421 388
f 388 448 447
f 450 447 448
f 448 449 450
f 445 444 447
f 447 450 445
f 452 445 450
f 450 451 452
f 451 450 449
f 449 453 451
f 455 451 453
f 453 454 455
f 456 452 451
f 451 455 456
f 439 435 446
f 446 457 439
f 457 446 445
f 445 452 457
f 458 457 452
f 452 456 458
f 440 439 457
f 457 458 440
f 460 440 458
f 458 459 460
f 459 458 456
f 456 461 459
f 463 459 461
f 461 462 463
f 464 460 459
f 459 463 464
f 461 456 455
f 455 465 461
f 465 455 454
f 454 466 465
f 468 465 466
f 466 467 468
f 462 461 465
f 465 468 462
f 470 462 468
f 468 469 470
f 469 468 467
f 467 471 469
f 473 469 471
f 471 472 473
f 474 470 469
f 469 473 474
f 476 464 463
f 463 475 476
f 475 463 462
f 462 470 475
f 477 475 470
f 470 474 477
f 478 476 475
f 475 477 478
f 442 479 481
f 479 480 481
f 479 442 441
f 441 482 479
f 482 441 440
f 440 460 482
f 483 482 460
f 460 464 483
f 480 479 482
f 482 483 480
f 485 480 483
f 483 484 485
f 484 483 464
f 464 476 484
f 486 484 476
f 476 478 486
f 487 485 484
f 484 486 487
f 481 488 1650
f 488 481 480
f 480 485 488
f 489 488 485
f 485 487 489
f 488 489 1650
f 448 388 387
f 387 490 448
f 490 387 384
f 384 491 490
f 493 490 491
f 491 492 493
f 449 448 490
f 490 493 449
f 491 384 383
f 383 495 491
f 495 383 373
f 373 494 495
f 492 491 495
f 496 492 495
f 495 497 496
f 497 495 494
f 494 507 497
f 498 496 497
f 453 449 493
f 493 499 453
f 499 493 492
f 492 496 499
f 500 499 496
f 496 498 500
f 454 453 499
f 499 500 454
f 373 501 494
f 504 501 502
f 502 503 504
f 501 504 494
f 502 501 372
f 372 505 502
f 505 372 261
f 261 605 505
f 506 505 605
f 605 606 506
f 503 502 505
f 505 506 503
f 507 494 504
f 507 504 503
f 503 506 507
f 507 508 509
f 508 507 506
f 506 510 508
f 512 508 510
f 510 511 512
f 521 509 508
f 508 512 521
f 510 506 606
f 606 513 510
f 606 514 513
f 516 513 514
f 514 515 516
f 511 510 513
f 513 516 511
f 519 511 516
f 516 515 519
f 515 518 519
f 512 520 521
f 520 512 511
f 511 519 520
f 522 520 519
f 522 521 520
f 466 454 500
f 500 523 466
f 523 500 498
f 498 509 523
f 524 523 509
f 467 466 523
f 523 524 467
f 509 498 497
f 509 497 507
f 509 526 525
f 526 509 521
f 521 522 526
f 471 467 524
f 509 525 524
f 472 471 524
f 528 472 524
f 524 527 528
f 527 524 525
f 525 529 527
f 530 527 529
f 531 528 527
f 527 530 531
f 529 525 526
f 526 532 529
f 532 526 522
f 522 533 532
f 532 533 529
f 534 529 533
f 533 547 534
f 536 531 530
f 530 535 536
f 535 530 529
f 529 534 535
f 537 536 535
f 535 534 537
f 522 540 533
f 540 522 519
f 519 538 540
f 538 539 540
f 538 519 518
f 518 541 538
f 541 518 517
f 517 542 541
f 544 541 542
f 542 543 544
f 539 538 541
f 541 544 539
f 546 539 544
f 543 545 544
f 547 533 540
f 539 546 540
f 547 540 546
f 550 547 546
f 547 550 552
f 544 549 546
f 549 544 545
f 545 631 549
f 631 548 549
f 550 546 549
f 549 548 550
f 553 552 550
f 551 537 534
f 552 534 547
f 552 553 554
f 556 551 534
f 534 555 556
f 555 534 552
f 552 554 555
f 489 557 1650
f 557 489 487
f 487 558 557
f 569 557 558
f 557 569 1650
f 558 487 486
f 486 559 558
f 559 486 478
f 478 560 559
f 562 559 560
f 560 561 562
f 559 562 558
f 564 558 562
f 562 563 564
f 563 562 561
f 561 565 563
f 567 563 565
f 565 566 567
f 568 564 563
f 563 567 568
f 558 564 569
f 604 569 564
f 564 568 604
f 569 604 1650
f 560 478 477
f 477 570 560
f 570 477 474
f 474 571 570
f 573 570 571
f 571 572 573
f 561 560 570
f 570 573 561
f 571 474 473
f 473 574 571
f 574 473 472
f 472 528 574
f 575 574 528
f 528 531 575
f 572 571 574
f 574 575 572
f 577 572 575
f 575 576 577
f 576 575 531
f 531 536 576
f 578 576 536
f 536 537 578
f 579 577 576
f 576 578 579
f 565 561 573
f 573 580 565
f 580 573 572
f 572 577 580
f 581 580 577
f 577 579 581
f 566 565 580
f 580 581 566
f 583 566 581
f 581 582 583
f 582 581 579
f 579 584 582
f 586 582 584
f 584 585 586
f 587 583 582
f 582 586 587
f 584 579 578
f 578 588 584
f 588 578 537
f 537 551 588
f 589 588 551
f 585 584 588
f 588 589 585
f 590 585 589
f 551 556 589
f 591 589 556
f 592 590 589
f 589 591 592
f 594 587 586
f 586 593 594
f 593 586 585
f 585 590 593
f 595 593 590
f 590 592 595
f 596 594 593
f 593 595 596
f 568 597 604
f 597 598 604
f 1653 1650 604
f 597 568 567
f 567 599 597
f 599 567 566
f 566 583 599
f 600 599 583
f 583 587 600
f 598 597 599
f 599 600 598
f 602 598 600
f 600 601 602
f 601 600 587
f 587 594 601
f 603 601 594
f 594 596 603
f 670 602 601
f 601 603 670
f 598 602 604
f 670 604 602
f 604 670 1653
f 259 608 605
f 606 605 608
f 608 259 607
f 257 612 607
f 612 609 607
f 610 607 609
f 610 608 607
f 611 606 608
f 608 610 611
f 612 257 613
f 248 625 613
f 614 612 613
f 617 609 612
f 614 617 612
f 624 614 613
f 514 606 611
f 611 615 514
f 615 611 610
f 610 616 615
f 515 514 615
f 616 610 609
f 609 617 616
f 619 616 617
f 617 618 619
f 618 617 614
f 620 618 614
f 518 515 615
f 615 621 518
f 621 615 616
f 616 619 621
f 622 621 619
f 619 618 622
f 517 518 621
f 621 622 517
f 625 245 247
f 625 248 245
f 625 247 244
f 625 623 624
f 625 624 613
f 632 624 623
f 626 244 3295
f 244 626 625
f 625 626 623
f 627 632 623
f 627 623 626
f 542 517 622
f 622 628 542
f 628 622 618
f 618 629 628
f 543 542 628
f 628 629 543
f 629 618 620
f 614 630 620
f 630 629 620
f 631 630 633
f 545 543 629
f 545 629 630
f 631 545 630
f 614 624 630
f 633 630 624
f 633 624 632
f 627 641 632
f 633 632 634
f 631 635 548
f 633 634 631
f 635 631 634
f 636 548 635
f 634 637 635
f 640 635 637
f 637 638 640
f 639 636 635
f 640 639 635
f 632 642 634
f 642 632 641
f 642 647 643
f 647 642 641
f 634 644 637
f 644 634 642
f 642 643 644
f 643 645 644
f 646 644 645
f 645 643 647
f 648 647 641
f 647 648 645
f 641 656 648
f 645 648 646
f 648 656 646
f 662 644 646
f 650 639 640
f 640 649 650
f 649 640 638
f 637 644 638
f 651 638 644
f 651 649 638
f 662 651 644
f 652 650 649
f 649 651 652
f 651 663 652
f 627 654 641
f 654 627 626
f 3295 653 626
f 654 626 653
f 654 655 641
f 656 641 655
f 658 656 655
f 655 1646 658
f 657 655 654
f 655 657 1646
f 657 654 653
f 660 653 3297
f 653 660 657
f 659 657 660
f 1646 657 659
f 661 652 663
f 651 662 663
f 666 661 663
f 665 662 664
f 662 668 664
f 668 665 664
f 663 665 666
f 665 663 662
f 665 668 666
f 646 656 662
f 668 656 658
f 668 662 656
f 670 676 1648
f 1648 1653 670
f 603 671 670
f 671 603 596
f 596 672 671
f 674 671 672
f 672 673 674
f 676 670 671
f 671 674 676
f 674 675 676
f 675 674 673
f 673 677 675
f 679 675 677
f 677 678 679
f 680 676 675
f 675 679 680
f 717 1648 676
f 676 680 717
f 672 596 595
f 595 681 672
f 681 595 592
f 592 682 681
f 684 681 682
f 682 683 684
f 673 672 681
f 681 684 673
f 682 592 591
f 591 685 682
f 685 591 556
f 556 686 685
f 688 685 686
f 686 687 688
f 683 682 685
f 685 688 683
f 690 683 688
f 688 689 690
f 689 688 687
f 687 691 689
f 693 689 691
f 691 692 693
f 694 690 689
f 689 693 694
f 677 673 684
f 684 695 677
f 695 684 683
f 683 690 695
f 696 695 690
f 690 694 696
f 678 677 695
f 695 696 678
f 698 678 696
f 696 697 698
f 697 696 694
f 694 699 697
f 701 697 699
f 699 700 701
f 702 698 697
f 697 701 702
f 699 694 693
f 693 703 699
f 703 693 692
f 692 704 703
f 706 703 704
f 704 705 706
f 700 699 703
f 703 706 700
f 708 700 706
f 706 707 708
f 707 706 705
f 705 709 707
f 711 707 709
f 709 710 711
f 712 708 707
f 707 711 712
f 714 702 701
f 701 713 714
f 713 701 700
f 700 708 713
f 715 713 708
f 708 712 715
f 716 714 713
f 713 715 716
f 680 718 717
f 726 717 718
f 718 719 726
f 717 726 1648
f 718 680 679
f 679 720 718
f 720 679 678
f 678 698 720
f 721 720 698
f 698 702 721
f 719 718 720
f 720 721 719
f 723 719 721
f 721 722 723
f 722 721 702
f 702 714 722
f 724 722 714
f 714 716 724
f 725 723 722
f 722 724 725
f 719 723 726
f 727 726 723
f 723 725 727
f 807 1648 726
f 726 727 807
f 686 556 555
f 555 730 686
f 730 555 554
f 554 728 730
f 728 729 730
f 687 686 730
f 728 554 553
f 553 737 728
f 731 729 728
f 737 732 728
f 733 728 732
f 734 731 728
f 728 733 734
f 691 687 730
f 730 735 691
f 735 730 729
f 729 731 735
f 736 735 731
f 731 734 736
f 692 691 735
f 735 736 692
f 737 553 550
f 550 738 737
f 739 737 738
f 738 550 548
f 548 740 738
f 548 636 740
f 739 738 740
f 636 639 740
f 732 737 739
f 741 739 740
f 739 741 732
f 744 732 741
f 741 742 744
f 742 741 740
f 740 639 742
f 639 650 743
f 639 743 742
f 650 652 743
f 774 742 743
f 742 745 744
f 742 774 745
f 704 692 736
f 736 746 704
f 746 736 734
f 734 747 746
f 749 746 747
f 747 748 749
f 705 704 746
f 746 749 705
f 747 734 733
f 733 750 747
f 750 733 732
f 732 744 750
f 751 750 744
f 748 747 750
f 750 751 748
f 752 748 751
f 753 751 744
f 744 745 753
f 754 752 751
f 751 753 754
f 709 705 749
f 749 755 709
f 755 749 748
f 748 752 755
f 756 755 752
f 752 754 756
f 710 709 755
f 755 756 710
f 760 710 756
f 756 757 760
f 757 756 754
f 754 753 757
f 759 757 753
f 753 758 759
f 757 759 760
f 761 753 745
f 763 761 745
f 745 762 763
f 758 753 761
f 761 763 758
f 765 758 763
f 763 764 765
f 764 763 762
f 762 766 764
f 768 764 766
f 766 767 768
f 769 765 764
f 764 768 769
f 771 760 759
f 759 770 771
f 770 759 758
f 758 765 770
f 772 770 765
f 765 769 772
f 773 771 770
f 770 772 773
f 777 774 775
f 775 776 777
f 762 745 774
f 774 777 762
f 775 774 743
f 775 743 652
f 652 661 775
f 775 661 776
f 778 776 661
f 778 661 666
f 784 778 666
f 766 762 777
f 777 779 766
f 779 777 776
f 776 778 779
f 780 779 778
f 767 766 779
f 779 780 767
f 778 781 780
f 783 780 781
f 781 782 783
f 780 783 798
f 781 778 784
f 666 668 784
f 668 669 784
f 782 781 784
f 785 782 784
f 786 784 669
f 787 785 784
f 784 786 787
f 789 798 783
f 783 788 789
f 788 783 782
f 782 785 788
f 790 788 785
f 785 787 790
f 791 789 788
f 788 790 791
f 793 773 772
f 772 792 793
f 792 772 769
f 769 794 792
f 795 792 794
f 794 800 795
f 796 793 792
f 792 795 796
f 794 769 768
f 768 797 794
f 797 768 767
f 767 780 797
f 798 797 780
f 800 794 797
f 797 798 800
f 798 799 800
f 798 789 799
f 801 799 789
f 789 791 801
f 802 800 799
f 799 801 802
f 804 796 795
f 795 803 804
f 803 795 800
f 805 803 800
f 800 802 805
f 806 804 803
f 803 805 806
f 727 819 807
f 819 727 725
f 725 808 819
f 820 807 819
f 808 725 724
f 724 809 808
f 809 724 716
f 716 810 809
f 812 809 810
f 810 811 812
f 809 812 808
f 814 808 812
f 812 813 814
f 813 812 811
f 811 815 813
f 817 813 815
f 815 816 817
f 818 814 813
f 813 817 818
f 808 814 819
f 814 818 819
f 810 716 715
f 715 821 810
f 821 715 712
f 712 822 821
f 823 821 822
f 822 827 823
f 811 810 821
f 821 823 811
f 822 712 711
f 711 824 822
f 824 711 710
f 710 760 824
f 825 824 760
f 827 822 824
f 824 825 827
f 825 826 827
f 826 825 760
f 760 771 826
f 828 826 771
f 771 773 828
f 829 827 826
f 826 828 829
f 815 811 823
f 823 830 815
f 830 823 827
f 831 830 827
f 827 829 831
f 816 815 830
f 830 831 816
f 836 816 831
f 831 832 836
f 832 831 829
f 829 833 832
f 835 832 833
f 833 834 835
f 832 835 836
f 833 829 828
f 828 837 833
f 837 828 773
f 773 793 837
f 838 837 793
f 793 796 838
f 834 833 837
f 837 838 834
f 840 834 838
f 838 839 840
f 839 838 796
f 796 804 839
f 841 839 804
f 804 806 841
f 842 840 839
f 839 841 842
f 844 836 835
f 835 843 844
f 843 835 834
f 834 840 843
f 845 843 840
f 840 842 845
f 846 844 843
f 843 845 846
f 854 820 819
f 819 848 854
f 848 819 818
f 818 847 848
f 847 850 848
f 847 818 817
f 817 849 847
f 849 817 816
f 816 836 849
f 850 849 836
f 850 847 849
f 851 850 836
f 836 844 851
f 852 851 844
f 844 846 852
f 851 852 1584
f 850 851 848
f 853 848 851
f 851 1584 853
f 848 853 854
f 855 857 868
f 857 856 868
f 858 857 859
f 859 860 858
f 862 858 860
f 860 861 862
f 856 857 858
f 858 862 856
f 867 856 862
f 862 863 867
f 863 862 861
f 861 864 863
f 866 863 864
f 864 865 866
f 863 866 867
f 856 867 868
f 869 868 867
f 868 869 1088
f 860 859 870
f 870 871 860
f 871 870 872
f 872 873 871
f 875 871 873
f 873 874 875
f 861 860 871
f 871 875 861
f 873 872 876
f 876 877 873
f 877 876 878
f 878 879 877
f 881 877 879
f 879 880 881
f 874 873 877
f 877 881 874
f 883 874 881
f 881 882 883
f 882 881 880
f 880 884 882
f 886 882 884
f 884 885 886
f 887 883 882
f 882 886 887
f 864 861 875
f 875 888 864
f 888 875 874
f 874 883 888
f 889 888 883
f 883 887 889
f 865 864 888
f 888 889 865
f 891 865 889
f 889 890 891
f 890 889 887
f 887 892 890
f 894 890 892
f 892 893 894
f 895 891 890
f 890 894 895
f 892 887 886
f 886 896 892
f 896 886 885
f 885 897 896
f 899 896 897
f 897 898 899
f 893 892 896
f 896 899 893
f 901 893 899
f 899 900 901
f 900 899 898
f 898 902 900
f 904 900 902
f 902 903 904
f 905 901 900
f 900 904 905
f 907 895 894
f 894 906 907
f 906 894 893
f 893 901 906
f 908 906 901
f 901 905 908
f 909 907 906
f 906 908 909
f 867 910 869
f 910 911 869
f 910 867 866
f 866 912 910
f 912 866 865
f 865 891 912
f 913 912 891
f 891 895 913
f 911 910 912
f 912 913 911
f 915 911 913
f 913 914 915
f 914 913 895
f 895 907 914
f 916 914 907
f 907 909 916
f 917 915 914
f 914 916 917
f 911 915 869
f 915 917 869
f 879 878 918
f 918 919 879
f 919 918 920
f 920 921 919
f 923 919 921
f 921 922 923
f 880 879 919
f 919 923 880
f 921 920 924
f 924 927 921
f 927 924 925
f 925 926 927
f 922 921 927
f 929 922 927
f 927 928 929
f 928 927 926
f 926 930 928
f 932 928 930
f 930 931 932
f 933 929 928
f 928 932 933
f 884 880 923
f 923 934 884
f 934 923 922
f 922 929 934
f 935 934 929
f 929 933 935
f 885 884 934
f 934 935 885
f 926 925 936
f 937 926 936
f 938 939 936
f 939 1048 940
f 937 936 939
f 939 940 937
f 941 937 940
f 1048 942 940
f 950 940 942
f 942 1051 950
f 940 950 941
f 930 926 937
f 937 943 930
f 937 941 943
f 944 943 941
f 931 930 943
f 943 944 931
f 946 931 944
f 944 945 946
f 945 944 941
f 941 947 945
f 948 945 947
f 949 946 945
f 945 948 949
f 947 941 950
f 951 947 950
f 950 952 951
f 952 950 1051
f 955 949 948
f 948 954 955
f 954 948 947
f 947 951 954
f 956 955 954
f 954 951 956
f 897 885 935
f 935 957 897
f 957 935 933
f 933 958 957
f 965 957 958
f 898 897 957
f 957 965 898
f 958 933 932
f 932 959 958
f 959 932 931
f 931 946 959
f 960 959 946
f 946 949 960
f 959 960 958
f 962 958 960
f 960 961 962
f 961 960 949
f 949 955 961
f 963 961 955
f 955 956 963
f 964 962 961
f 961 963 964
f 902 898 965
f 958 962 965
f 962 964 965
f 903 902 965
f 967 903 965
f 965 966 967
f 966 965 964
f 964 968 966
f 970 966 968
f 968 969 970
f 971 967 966
f 966 970 971
f 968 964 963
f 963 972 968
f 972 963 956
f 956 973 972
f 974 972 973
f 969 968 972
f 972 974 969
f 976 969 974
f 974 975 976
f 975 974 973
f 973 977 975
f 979 971 970
f 970 978 979
f 978 970 969
f 969 976 978
f 980 978 976
f 976 975 980
f 981 979 978
f 978 980 981
f 973 956 951
f 951 984 973
f 951 982 984
f 982 983 984
f 982 951 952
f 982 952 953
f 983 982 953
f 953 985 983
f 986 983 985
f 985 987 986
f 984 988 973
f 988 984 983
f 983 986 988
f 977 973 988
f 990 977 988
f 988 989 990
f 989 988 986
f 991 989 986
f 992 990 989
f 989 991 992
f 994 986 987
f 987 993 994
f 995 986 994
f 995 994 993
f 1059 995 993
f 996 992 991
f 986 995 991
f 1160 991 995
f 997 996 991
f 991 1160 997
f 999 981 980
f 980 998 999
f 998 980 975
f 975 1000 998
f 1001 999 998
f 975 1002 1000
f 1002 975 977
f 977 990 1002
f 1003 1002 990
f 990 992 1003
f 1002 1003 1000
f 1005 1000 1003
f 1003 1004 1005
f 1004 1003 992
f 992 996 1004
f 1006 1004 996
f 996 997 1006
f 1007 1005 1004
f 1004 1006 1007
f 1008 1001 998
f 998 1009 1008
f 1009 998 1000
f 1000 1005 1009
f 1005 1007 1009
f 917 1010 869
f 1010 917 916
f 916 1011 1010
f 1011 916 909
f 909 1012 1011
f 1014 1011 1012
f 1012 1013 1014
f 1011 1014 1010
f 1016 1010 1014
f 1014 1015 1016
f 1015 1014 1013
f 1013 1017 1015
f 1019 1015 1017
f 1017 1018 1019
f 1020 1016 1015
f 1015 1019 1020
f 1010 1016 869
f 1016 1020 869
f 1012 909 908
f 908 1021 1012
f 1021 908 905
f 905 1022 1021
f 1024 1021 1022
f 1022 1023 1024
f 1013 1012 1021
f 1021 1024 1013
f 1022 905 904
f 904 1025 1022
f 1025 904 903
f 903 967 1025
f 1026 1025 967
f 967 971 1026
f 1023 1022 1025
f 1025 1026 1023
f 1028 1023 1026
f 1026 1027 1028
f 1027 1026 971
f 971 979 1027
f 1029 1027 979
f 979 981 1029
f 1030 1028 1027
f 1027 1029 1030
f 1017 1013 1024
f 1024 1031 1017
f 1031 1024 1023
f 1023 1028 1031
f 1032 1031 1028
f 1028 1030 1032
f 1018 1017 1031
f 1031 1032 1018
f 1034 1018 1032
f 1032 1033 1034
f 1033 1032 1030
f 1035 1033 1030
f 1030 1001 1035
f 1036 1034 1033
f 1033 1035 1036
f 1029 999 1030
f 999 1029 981
f 1001 1030 999
f 1001 1008 1037
f 1038 1037 1008
f 1037 1038 1039
f 1040 1036 1035
f 1001 1037 1035
f 1041 1035 1037
f 1037 1039 1041
f 1047 1040 1035
f 1035 1041 1047
f 869 1087 1088
f 1087 869 1020
f 1020 1042 1087
f 1042 1043 1087
f 1042 1020 1019
f 1019 1044 1042
f 1044 1019 1018
f 1018 1034 1044
f 1045 1044 1034
f 1034 1036 1045
f 1043 1042 1044
f 1044 1045 1043
f 1046 1043 1045
f 1045 1040 1046
f 1040 1045 1036
f 1086 1046 1040
f 1040 1047 1086
f 1043 1046 1087
f 1046 1086 1087
f 938 1048 939
f 942 1048 1049
f 1051 942 1049
f 1051 1049 1050
f 1055 1051 1050
f 1051 1055 1052
f 1051 1052 952
f 953 952 1052
f 1052 1055 953
f 3298 1053 1050
f 985 953 1055
f 1054 985 1055
f 985 1054 987
f 1053 1055 1050
f 1053 1056 1055
f 1054 1057 993
f 993 987 1054
f 1055 1056 1054
f 1054 1056 1057
f 1058 993 1057
f 1059 993 1058
f 1057 1056 1058
f 1061 1059 1058
f 1058 1060 1061
f 1060 1058 1056
f 1056 1062 1060
f 1065 1056 1053
f 1062 1056 1065
f 1064 1062 1065
f 1062 1064 1063
f 1069 1065 1053
f 1066 1064 1065
f 1065 1069 1066
f 1074 1064 1066
f 1068 1061 1060
f 1067 1060 1062
f 1060 1067 1068
f 1067 1062 1063
f 1064 1074 1063
f 1067 1063 1071
f 1072 1068 1067
f 1067 1071 1072
f 1069 1070 1081
f 1069 1053 3298
f 1070 1069 3298
f 192 1070 3298
f 3298 3296 192
f 1073 1072 1071
f 1063 1074 1071
f 1076 1074 1075
f 1074 1076 1071
f 1079 1071 1076
f 1075 1077 1076
f 1078 1079 1076
f 1076 1077 1078
f 1079 1073 1071
f 1079 1078 1080
f 1080 1073 1079
f 1075 1074 1066
f 1077 1075 1066
f 1069 1081 1066
f 1081 1077 1066
f 190 1081 1070
f 1080 1078 1082
f 1084 1078 1083
f 1085 1082 1078
f 1078 1084 1085
f 1083 1078 1077
f 1077 1081 1083
f 186 1083 1081
f 1081 190 186
f 186 1084 1083
f 84 1084 186
f 1086 1094 1087
f 1047 1089 1086
f 1047 1090 1089
f 1092 1089 1090
f 1090 1091 1092
f 1094 1086 1089
f 1089 1092 1094
f 1092 1093 1094
f 1093 1092 1091
f 1091 1095 1093
f 1097 1093 1095
f 1095 1096 1097
f 1098 1094 1093
f 1093 1097 1098
f 1655 1088 1087
f 1094 1098 1087
f 1090 1047 1041
f 1041 1099 1090
f 1099 1041 1039
f 1039 1100 1099
f 1102 1099 1100
f 1100 1101 1102
f 1091 1090 1099
f 1099 1102 1091
f 1100 1039 1038
f 1038 1103 1100
f 1103 1038 1008
f 1008 1104 1103
f 1106 1103 1104
f 1104 1105 1106
f 1101 1100 1103
f 1103 1106 1101
f 1108 1101 1106
f 1106 1107 1108
f 1107 1106 1105
f 1105 1109 1107
f 1111 1107 1109
f 1109 1110 1111
f 1112 1108 1107
f 1107 1111 1112
f 1095 1091 1102
f 1102 1113 1095
f 1113 1102 1101
f 1101 1108 1113
f 1114 1113 1108
f 1108 1112 1114
f 1096 1095 1113
f 1113 1114 1096
f 1116 1096 1114
f 1114 1115 1116
f 1115 1114 1112
f 1112 1117 1115
f 1119 1115 1117
f 1117 1118 1119
f 1120 1116 1115
f 1115 1119 1120
f 1117 1112 1111
f 1111 1121 1117
f 1121 1111 1110
f 1110 1122 1121
f 1124 1121 1122
f 1122 1123 1124
f 1118 1117 1121
f 1121 1124 1118
f 1126 1118 1124
f 1124 1125 1126
f 1125 1124 1123
f 1123 1127 1125
f 1129 1125 1127
f 1127 1128 1129
f 1130 1126 1125
f 1125 1129 1130
f 1132 1120 1119
f 1119 1131 1132
f 1131 1119 1118
f 1118 1126 1131
f 1133 1131 1126
f 1126 1130 1133
f 1134 1132 1131
f 1131 1133 1134
f 1098 1135 1087
f 1135 1136 1087
f 1135 1098 1097
f 1097 1137 1135
f 1137 1097 1096
f 1096 1116 1137
f 1138 1137 1116
f 1116 1120 1138
f 1136 1135 1137
f 1137 1138 1136
f 1140 1136 1138
f 1138 1139 1140
f 1139 1138 1120
f 1120 1132 1139
f 1141 1139 1132
f 1132 1134 1141
f 1221 1140 1139
f 1139 1141 1221
f 1087 1142 1655
f 1142 1087 1136
f 1136 1140 1142
f 1143 1142 1140
f 1140 1221 1143
f 1142 1143 1655
f 1104 1008 1009
f 1009 1144 1104
f 1144 1009 1007
f 1007 1145 1144
f 1147 1144 1145
f 1145 1146 1147
f 1105 1104 1144
f 1144 1147 1105
f 1145 1007 1006
f 1006 1149 1145
f 1149 1006 997
f 997 1148 1149
f 1146 1145 1149
f 1151 1146 1149
f 1149 1150 1151
f 1150 1149 1148
f 1148 1152 1150
f 1154 1150 1152
f 1152 1153 1154
f 1155 1151 1150
f 1150 1154 1155
f 1109 1105 1147
f 1147 1156 1109
f 1156 1147 1146
f 1146 1151 1156
f 1157 1156 1151
f 1151 1155 1157
f 1110 1109 1156
f 1156 1157 1110
f 1148 997 1160
f 995 1158 1160
f 1158 1159 1160
f 1158 995 1059
f 1161 1158 1059
f 1158 1161 1159
f 1162 1159 1161
f 1059 1061 1161
f 1061 1162 1161
f 1152 1148 1160
f 1160 1163 1152
f 1163 1160 1159
f 1159 1162 1163
f 1153 1152 1163
f 1163 1162 1153
f 1165 1153 1162
f 1162 1164 1165
f 1164 1162 1061
f 1061 1166 1164
f 1061 1068 1166
f 1166 1167 1169
f 1167 1166 1068
f 1068 1072 1167
f 1168 1169 1167
f 1177 1165 1164
f 1166 1169 1164
f 1170 1177 1164
f 1164 1169 1170
f 1122 1110 1157
f 1157 1171 1122
f 1171 1157 1155
f 1155 1172 1171
f 1174 1171 1172
f 1172 1173 1174
f 1123 1122 1171
f 1171 1174 1123
f 1172 1155 1154
f 1154 1175 1172
f 1175 1154 1153
f 1153 1165 1175
f 1176 1175 1165
f 1173 1172 1175
f 1175 1176 1173
f 1177 1176 1165
f 1177 1170 1178
f 1179 1176 1177
f 1177 1178 1179
f 1127 1123 1174
f 1174 1180 1127
f 1180 1174 1173
f 1173 1176 1180
f 1181 1180 1176
f 1176 1179 1181
f 1128 1127 1180
f 1180 1181 1128
f 1186 1128 1181
f 1181 1182 1186
f 1182 1181 1179
f 1179 1183 1182
f 1185 1182 1183
f 1183 1184 1185
f 1182 1185 1186
f 1183 1179 1178
f 1178 1187 1183
f 1187 1178 1170
f 1170 1188 1187
f 1184 1187 1188
f 1184 1183 1187
f 1190 1184 1188
f 1188 1189 1190
f 1184 1190 1191
f 1192 1186 1185
f 1193 1185 1184
f 1184 1191 1193
f 1194 1192 1185
f 1185 1193 1194
f 1188 1170 1169
f 1169 1168 1188
f 1168 1195 1188
f 1195 1168 1167
f 1195 1167 1072
f 1073 1195 1072
f 1196 1195 1073
f 1073 1080 1196
f 1195 1189 1188
f 1195 1196 1189
f 1189 1197 1198
f 1197 1189 1196
f 1196 1199 1197
f 1201 1197 1199
f 1199 1200 1201
f 1202 1198 1197
f 1197 1201 1202
f 1196 1203 1199
f 1203 1196 1080
f 1080 1082 1203
f 1204 1203 1082
f 1082 1085 1204
f 1200 1199 1203
f 1203 1204 1200
f 1206 1200 1204
f 1204 1205 1206
f 1205 1204 1085
f 1085 1084 1205
f 84 1205 1084
f 81 1206 1205
f 1205 84 81
f 1208 1202 1201
f 1201 1207 1208
f 1207 1201 1200
f 1200 1206 1207
f 79 1207 1206
f 1206 81 79
f 67 1208 1207
f 1207 79 67
f 1210 1194 1193
f 1193 1209 1210
f 1209 1193 1191
f 1191 1211 1209
f 1213 1209 1211
f 1211 1212 1213
f 1214 1210 1209
f 1209 1213 1214
f 1211 1191 1190
f 1190 1215 1211
f 1215 1190 1189
f 1189 1198 1215
f 1216 1215 1198
f 1198 1202 1216
f 1212 1211 1215
f 1215 1216 1212
f 1218 1212 1216
f 1216 1217 1218
f 1217 1216 1202
f 1202 1208 1217
f 65 1217 1208
f 1208 67 65
f 61 1218 1217
f 1217 65 61
f 1220 1214 1213
f 1213 1219 1220
f 1219 1213 1212
f 1212 1218 1219
f 59 1219 1218
f 1218 61 59
f 25 1220 1219
f 1219 59 25
f 1143 1260 1655
f 1260 1143 1221
f 1141 1222 1221
f 1222 1141 1134
f 1134 1223 1222
f 1225 1222 1223
f 1223 1224 1225
f 1222 1225 1221
f 1227 1221 1225
f 1225 1226 1227
f 1226 1225 1224
f 1224 1228 1226
f 1230 1226 1228
f 1228 1229 1230
f 1231 1227 1226
f 1226 1230 1231
f 1221 1227 1260
f 1227 1231 1260
f 1223 1134 1133
f 1133 1232 1223
f 1232 1133 1130
f 1130 1233 1232
f 1234 1232 1233
f 1233 1238 1234
f 1224 1223 1232
f 1232 1234 1224
f 1233 1130 1129
f 1129 1235 1233
f 1235 1129 1128
f 1128 1186 1235
f 1236 1235 1186
f 1238 1233 1235
f 1235 1236 1238
f 1236 1237 1238
f 1237 1236 1186
f 1186 1192 1237
f 1239 1238 1237
f 1237 1192 1239
f 1228 1224 1234
f 1234 1240 1228
f 1240 1234 1238
f 1241 1240 1238
f 1238 1239 1241
f 1229 1228 1240
f 1240 1241 1229
f 1243 1229 1241
f 1241 1242 1243
f 1242 1241 1239
f 1239 1244 1242
f 1246 1242 1244
f 1244 1245 1246
f 1247 1243 1242
f 1242 1246 1247
f 1244 1239 1192
f 1192 1248 1244
f 1248 1192 1194
f 1194 1210 1248
f 1249 1248 1210
f 1210 1214 1249
f 1245 1244 1248
f 1248 1249 1245
f 1251 1245 1249
f 1249 1250 1251
f 1250 1249 1214
f 1214 1220 1250
f 23 1250 1220
f 1220 25 23
f 19 1251 1250
f 1250 23 19
f 1253 1247 1246
f 1246 1252 1253
f 1252 1246 1245
f 1245 1251 1252
f 17 1252 1251
f 1251 19 17
f 7 1253 1252
f 1252 17 7
f 1231 1254 1260
f 1254 1255 1260
f 1254 1231 1230
f 1230 1256 1254
f 1256 1230 1229
f 1229 1243 1256
f 1257 1256 1243
f 1243 1247 1257
f 1255 1254 1256
f 1256 1257 1255
f 1259 1255 1257
f 1257 1258 1259
f 1258 1257 1247
f 1247 1253 1258
f 5 1258 1253
f 1253 7 5
f 2 1259 1258
f 1258 5 2
f 1255 1259 1260
f 1 1260 1259
f 1259 2 1
f 1260 1 1655
f 3308 1263 1261
f 1263 3308 1262
f 1263 1290 1261
f 1290 1263 1266
f 1262 1265 1263
f 1265 1262 1264
f 1266 1265 1271
f 1264 1268 1265
f 1268 1264 1267
f 1267 1269 1268
f 1271 1265 1268
f 1269 1294 1270
f 1268 1269 1270
f 1294 1302 1270
f 1268 1270 1271
f 1270 1272 1271
f 1277 1271 1272
f 1272 1270 1302
f 1272 1273 1274
f 1275 1272 1274
f 1272 1275 1277
f 1266 1263 1265
f 1277 1266 1271
f 1266 1277 1276
f 1277 1281 1276
f 1278 1276 1281
f 1281 1282 1278
f 1276 1279 1287
f 1279 1276 1278
f 1274 1280 1275
f 1281 1277 1275
f 1275 1280 1281
f 1280 1274 1273
f 1280 1284 1282
f 1280 1282 1281
f 1283 1282 1284
f 1286 1282 1283
f 1283 1285 1286
f 1279 1288 1287
f 1288 1279 1278
f 1289 1278 1282
f 1289 1288 1278
f 1282 1286 1289
f 1288 1289 1287
f 1261 1292 3297
f 1292 1261 1290
f 1266 1276 1290
f 1276 1287 1290
f 1291 1290 1287
f 1290 1291 1292
f 1267 1294 1269
f 1294 1267 1293
f 1293 1296 1294
f 1296 1293 1295
f 1295 1297 1296
f 1298 1296 1297
f 1301 1298 1299
f 1299 1300 1301
f 1301 1296 1298
f 1294 1296 1302
f 1296 1301 1302
f 1297 1295 1303
f 1303 1304 1297
f 1306 1297 1304
f 1304 1305 1306
f 1297 1306 1298
f 1304 1303 1307
f 1307 1310 1304
f 1310 1307 1308
f 1308 1309 1310
f 1305 1304 1310
f 1312 1305 1310
f 1310 1311 1312
f 1311 1310 1309
f 1309 1313 1311
f 1315 1311 1313
f 1313 1314 1315
f 1316 1312 1311
f 1311 1315 1316
f 1299 1298 1306
f 1306 1317 1299
f 1317 1306 1305
f 1305 1312 1317
f 1318 1317 1312
f 1312 1316 1318
f 1300 1299 1317
f 1317 1318 1300
f 1319 1300 1318
f 1318 1322 1319
f 1322 1318 1316
f 1316 1320 1322
f 1320 1321 1322
f 1333 1319 1322
f 1320 1316 1315
f 1315 1323 1320
f 1323 1315 1314
f 1314 1324 1323
f 1326 1323 1324
f 1324 1325 1326
f 1321 1320 1323
f 1323 1326 1321
f 1328 1321 1326
f 1326 1327 1328
f 1327 1326 1325
f 1325 1329 1327
f 1331 1327 1329
f 1329 1330 1331
f 1332 1328 1327
f 1327 1331 1332
f 1321 1328 1322
f 1334 1322 1328
f 1328 1332 1334
f 1335 1333 1322
f 1322 1334 1335
f 1336 1302 1301
f 1273 1272 1302
f 1302 1336 1273
f 1337 1301 1300
f 1300 1319 1337
f 1333 1337 1319
f 1336 1301 1337
f 1337 1333 1336
f 1333 1335 1336
f 1308 1338 1309
f 1338 1308 1339
f 1339 1340 1338
f 1341 1338 1340
f 1338 1341 1309
f 1340 1339 1342
f 1342 1345 1340
f 1342 1343 1345
f 1343 1344 1345
f 1347 1340 1345
f 1345 1346 1347
f 1346 1345 1344
f 1344 1348 1346
f 1350 1346 1348
f 1348 1349 1350
f 1351 1347 1346
f 1346 1350 1351
f 1313 1309 1341
f 1341 1352 1313
f 1352 1341 1340
f 1340 1347 1352
f 1353 1352 1347
f 1347 1351 1353
f 1314 1313 1352
f 1352 1353 1314
f 1343 1342 1354
f 1354 1355 1343
f 1344 1343 1355
f 1355 1354 1356
f 1356 1358 1355
f 1358 1356 1357
f 1357 1647 1358
f 1359 1355 1358
f 1359 1358 1647
f 1361 1359 1647
f 1647 1360 1361
f 1359 1361 1362
f 1344 1363 1348
f 1363 1344 1355
f 1355 1359 1363
f 1364 1363 1359
f 1359 1362 1364
f 1349 1348 1363
f 1363 1364 1349
f 1365 1349 1364
f 1362 1366 1364
f 1368 1364 1366
f 1366 1367 1368
f 1369 1365 1364
f 1364 1368 1369
f 1366 1362 1361
f 1367 1361 1360
f 1367 1366 1361
f 1367 1370 1372
f 1370 1367 1360
f 1360 1371 1370
f 1409 1370 1371
f 1370 1409 1372
f 1374 1369 1368
f 1368 1373 1374
f 1373 1368 1367
f 1367 1372 1373
f 1375 1373 1372
f 1376 1374 1373
f 1373 1375 1376
f 1324 1314 1353
f 1353 1377 1324
f 1377 1353 1351
f 1351 1378 1377
f 1380 1377 1378
f 1378 1379 1380
f 1325 1324 1377
f 1377 1380 1325
f 1378 1351 1350
f 1350 1381 1378
f 1381 1350 1349
f 1349 1365 1381
f 1382 1381 1365
f 1365 1369 1382
f 1379 1378 1381
f 1381 1382 1379
f 1384 1379 1382
f 1382 1383 1384
f 1383 1382 1369
f 1369 1374 1383
f 1385 1383 1374
f 1374 1376 1385
f 1386 1384 1383
f 1383 1385 1386
f 1329 1325 1380
f 1380 1387 1329
f 1387 1380 1379
f 1379 1384 1387
f 1388 1387 1384
f 1384 1386 1388
f 1330 1329 1387
f 1387 1388 1330
f 1390 1330 1388
f 1388 1389 1390
f 1389 1388 1386
f 1386 1391 1389
f 1393 1389 1391
f 1391 1392 1393
f 1394 1390 1389
f 1389 1393 1394
f 1391 1386 1385
f 1385 1395 1391
f 1395 1385 1376
f 1376 1396 1395
f 1398 1395 1396
f 1396 1397 1398
f 1392 1391 1395
f 1395 1398 1392
f 1400 1392 1398
f 1398 1399 1400
f 1399 1398 1397
f 1397 1401 1399
f 1403 1399 1401
f 1401 1402 1403
f 1404 1400 1399
f 1399 1403 1404
f 1406 1394 1393
f 1393 1405 1406
f 1405 1393 1392
f 1392 1400 1405
f 1407 1405 1400
f 1400 1404 1407
f 1408 1406 1405
f 1405 1407 1408
f 1396 1376 1375
f 1372 1409 1375
f 1411 1375 1409
f 1409 1410 1411
f 1397 1396 1375
f 1375 1411 1397
f 1412 1409 1371
f 1371 1649 1412
f 1413 1412 1649
f 1410 1409 1412
f 1412 1413 1410
f 1414 1410 1413
f 1415 1413 1649
f 1415 1414 1413
f 1401 1397 1411
f 1411 1416 1401
f 1416 1411 1410
f 1410 1414 1416
f 1417 1416 1414
f 1414 1415 1417
f 1402 1401 1416
f 1416 1417 1402
f 1419 1402 1417
f 1417 1418 1419
f 1418 1417 1415
f 1415 1420 1418
f 1421 1418 1420
f 1420 1425 1421
f 1422 1419 1418
f 1418 1421 1422
f 1415 1424 1420
f 1424 1415 1649
f 1649 1423 1424
f 1425 1420 1424
f 1425 1424 1423
f 1426 1425 1423
f 1428 1422 1421
f 1421 1427 1428
f 1427 1421 1425
f 1429 1427 1425
f 1425 1426 1429
f 1430 1428 1427
f 1427 1429 1430
f 1432 1408 1407
f 1407 1431 1432
f 1431 1407 1404
f 1404 1433 1431
f 1435 1431 1433
f 1433 1434 1435
f 1436 1432 1431
f 1431 1435 1436
f 1433 1404 1403
f 1403 1437 1433
f 1437 1403 1402
f 1402 1419 1437
f 1438 1437 1419
f 1419 1422 1438
f 1434 1433 1437
f 1437 1438 1434
f 1440 1434 1438
f 1438 1439 1440
f 1439 1438 1422
f 1422 1428 1439
f 1441 1439 1428
f 1428 1430 1441
f 1442 1440 1439
f 1439 1441 1442
f 1444 1436 1435
f 1435 1443 1444
f 1443 1435 1434
f 1434 1440 1443
f 1505 1443 1440
f 1440 1442 1505
f 1486 1444 1443
f 1443 1505 1486
f 1336 1445 1280
f 1280 1273 1336
f 1447 1336 1335
f 1335 1446 1447
f 1336 1447 1445
f 1446 1448 1447
f 1450 1447 1448
f 1448 1449 1450
f 1451 1445 1447
f 1447 1450 1451
f 1284 1280 1445
f 1334 1452 1335
f 1452 1334 1332
f 1332 1453 1452
f 1455 1452 1453
f 1453 1454 1455
f 1446 1335 1452
f 1452 1455 1446
f 1453 1332 1331
f 1331 1456 1453
f 1456 1331 1330
f 1330 1390 1456
f 1457 1456 1390
f 1390 1394 1457
f 1454 1453 1456
f 1456 1457 1454
f 1459 1454 1457
f 1457 1458 1459
f 1458 1457 1394
f 1394 1406 1458
f 1460 1458 1406
f 1406 1408 1460
f 1461 1459 1458
f 1458 1460 1461
f 1448 1446 1455
f 1455 1462 1448
f 1462 1455 1454
f 1454 1459 1462
f 1463 1462 1459
f 1459 1461 1463
f 1449 1448 1462
f 1462 1463 1449
f 1465 1449 1463
f 1463 1464 1465
f 1464 1463 1461
f 1461 1466 1464
f 1467 1464 1466
f 1466 1469 1467
f 1468 1465 1464
f 1464 1467 1468
f 1466 1461 1460
f 1460 1432 1466
f 1432 1460 1408
f 1469 1466 1432
f 1432 1470 1469
f 1470 1432 1436
f 1436 1444 1470
f 1444 1486 1470
f 1471 1469 1470
f 1472 1467 1469
f 1469 1471 1472
f 1284 1445 1451
f 1451 1473 1284
f 1284 1473 1283
f 1473 1451 1450
f 1450 1474 1473
f 1474 1450 1449
f 1449 1465 1474
f 1465 1468 1474
f 1476 1473 1474
f 1474 1475 1476
f 1475 1474 1468
f 1468 1467 1475
f 1485 1475 1467
f 1467 1472 1485
f 1477 1476 1475
f 1475 1485 1477
f 1473 1478 1283
f 1473 1476 1478
f 1476 1477 1478
f 1285 1283 1478
f 1479 1285 1478
f 1478 1480 1479
f 1480 1478 1477
f 1477 1482 1480
f 1633 1479 1480
f 1482 1477 1485
f 1485 1481 1482
f 1484 1633 1480
f 1480 1483 1484
f 1483 1480 1482
f 1485 1472 1471
f 1470 1487 1471
f 1487 1470 1486
f 1486 1489 1487
f 1485 1471 1487
f 1488 1485 1487
f 1487 1491 1488
f 1491 1487 1489
f 1489 1490 1491
f 1492 1488 1491
f 1485 1488 1481
f 1488 1492 1481
f 1481 1494 1493
f 1494 1481 1492
f 1503 1493 1494
f 1491 1495 1492
f 1495 1491 1490
f 1495 1496 1492
f 1497 1492 1496
f 1496 1498 1497
f 1500 1497 1498
f 1498 1499 1500
f 1492 1497 1494
f 1501 1494 1497
f 1501 1503 1494
f 1483 1503 1504
f 1502 1484 1483
f 1483 1504 1502
f 1482 1493 1483
f 1493 1482 1481
f 1503 1483 1493
f 1442 1506 1505
f 1508 1505 1506
f 1506 1507 1508
f 1489 1486 1505
f 1505 1508 1489
f 1506 1442 1441
f 1441 1509 1506
f 1509 1441 1430
f 1430 1510 1509
f 1512 1509 1510
f 1510 1511 1512
f 1507 1506 1509
f 1509 1512 1507
f 1514 1507 1512
f 1512 1513 1514
f 1513 1512 1511
f 1511 1515 1513
f 1517 1513 1515
f 1515 1516 1517
f 1518 1514 1513
f 1513 1517 1518
f 1508 1519 1489
f 1519 1508 1507
f 1507 1514 1519
f 1520 1519 1514
f 1514 1518 1520
f 1490 1489 1519
f 1519 1520 1490
f 1510 1430 1429
f 1429 1521 1510
f 1521 1429 1426
f 1523 1521 1426
f 1426 1522 1523
f 1511 1510 1521
f 1521 1523 1511
f 1423 1524 1426
f 1522 1426 1524
f 1522 1526 1525
f 1526 1522 1524
f 1524 1651 1526
f 1527 1525 1526
f 1515 1511 1523
f 1523 1528 1515
f 1528 1523 1522
f 1522 1525 1528
f 1529 1528 1525
f 1525 1527 1529
f 1516 1515 1528
f 1528 1529 1516
f 1531 1516 1529
f 1529 1530 1531
f 1530 1529 1527
f 1527 1532 1530
f 1533 1530 1532
f 1534 1531 1530
f 1530 1533 1534
f 1532 1527 1526
f 1532 1526 1651
f 1535 1532 1651
f 1651 1652 1535
f 1532 1535 1533
f 1537 1533 1535
f 1535 1536 1537
f 1536 1535 1652
f 1538 1537 1536
f 1540 1534 1533
f 1533 1539 1540
f 1533 1537 1539
f 1541 1539 1537
f 1537 1538 1541
f 1542 1540 1539
f 1539 1541 1542
f 1495 1490 1520
f 1520 1545 1495
f 1545 1520 1518
f 1518 1543 1545
f 1543 1544 1545
f 1496 1495 1545
f 1543 1518 1517
f 1517 1546 1543
f 1546 1517 1516
f 1516 1531 1546
f 1531 1534 1546
f 1544 1543 1546
f 1548 1544 1546
f 1546 1547 1548
f 1547 1546 1534
f 1534 1540 1547
f 1549 1547 1540
f 1540 1542 1549
f 1550 1548 1547
f 1547 1549 1550
f 1498 1496 1545
f 1545 1551 1498
f 1551 1545 1544
f 1544 1548 1551
f 1552 1551 1548
f 1548 1550 1552
f 1499 1498 1551
f 1551 1552 1499
f 1565 1499 1552
f 1552 1553 1565
f 1553 1552 1550
f 1553 1550 1549
f 1549 1555 1553
f 1555 1549 1542
f 1542 1556 1555
f 1558 1555 1556
f 1556 1557 1558
f 1554 1553 1555
f 1555 1558 1554
f 1563 1554 1558
f 1558 1559 1563
f 1559 1558 1557
f 1557 1560 1559
f 1562 1559 1560
f 1560 1561 1562
f 1559 1562 1563
f 1553 1564 1565
f 1564 1553 1554
f 1554 1563 1564
f 1566 1565 1564
f 1556 1542 1541
f 1541 1567 1556
f 1567 1541 1538
f 1538 1568 1567
f 1570 1567 1568
f 1568 1569 1570
f 1557 1556 1567
f 1567 1570 1557
f 1568 1538 1536
f 1536 1571 1568
f 1571 1536 1652
f 1652 1654 1571
f 1569 1568 1571
f 1572 1569 1571
f 1572 1571 1654
f 1574 1572 1654
f 1654 1573 1574
f 1572 1574 1576
f 1560 1557 1570
f 1570 1575 1560
f 1575 1570 1569
f 1569 1572 1575
f 1576 1575 1572
f 1561 1560 1575
f 1575 1576 1561
f 1578 1561 1576
f 1576 1577 1578
f 1576 1579 1577
f 1581 1577 1579
f 1579 1580 1581
f 1582 1578 1577
f 1577 1581 1582
f 1579 1576 1574
f 1574 1583 1579
f 1583 1574 1573
f 1580 1579 1583
f 1585 1580 1583
f 1583 1584 1585
f 1584 1583 1573
f 853 1584 1573
f 1573 854 853
f 1587 1582 1581
f 1581 1586 1587
f 1586 1581 1580
f 1580 1585 1586
f 852 1586 1585
f 1585 1584 852
f 846 1587 1586
f 1586 852 846
f 1589 1566 1564
f 1564 1588 1589
f 1588 1564 1563
f 1563 1590 1588
f 1592 1588 1590
f 1590 1591 1592
f 1593 1589 1588
f 1588 1592 1593
f 1590 1563 1562
f 1562 1594 1590
f 1594 1562 1561
f 1561 1578 1594
f 1595 1594 1578
f 1578 1582 1595
f 1591 1590 1594
f 1594 1595 1591
f 1597 1591 1595
f 1595 1596 1597
f 1596 1595 1582
f 1582 1587 1596
f 845 1596 1587
f 1587 846 845
f 842 1597 1596
f 1596 845 842
f 1599 1593 1592
f 1592 1598 1599
f 1598 1592 1591
f 1591 1597 1598
f 841 1598 1597
f 1597 842 841
f 806 1599 1598
f 1598 841 806
f 1643 1504 1503
f 1503 1600 1643
f 1600 1503 1501
f 1600 1601 1643
f 1600 1602 1601
f 1604 1601 1602
f 1602 1603 1604
f 1497 1605 1501
f 1605 1497 1500
f 1605 1500 1499
f 1499 1565 1605
f 1605 1606 1607
f 1606 1605 1565
f 1608 1606 1565
f 1565 1566 1608
f 1609 1607 1606
f 1606 1608 1609
f 1602 1600 1501
f 1501 1610 1602
f 1610 1501 1605
f 1605 1607 1610
f 1611 1610 1607
f 1607 1609 1611
f 1603 1602 1610
f 1610 1611 1603
f 1613 1603 1611
f 1611 1612 1613
f 1612 1611 1609
f 1609 1614 1612
f 1616 1612 1614
f 1614 1615 1616
f 1617 1613 1612
f 1612 1616 1617
f 1614 1609 1608
f 1608 1618 1614
f 1618 1608 1566
f 1566 1589 1618
f 1619 1618 1589
f 1589 1593 1619
f 1615 1614 1618
f 1618 1619 1615
f 1621 1615 1619
f 1619 1620 1621
f 1620 1619 1593
f 1593 1599 1620
f 805 1620 1599
f 1599 806 805
f 802 1621 1620
f 1620 805 802
f 1623 1617 1616
f 1616 1622 1623
f 1622 1616 1615
f 1615 1621 1622
f 801 1622 1621
f 1621 802 801
f 791 1623 1622
f 1622 801 791
f 1643 1624 1642
f 1624 1643 1601
f 1624 1601 1604
f 1604 1625 1624
f 1625 1604 1603
f 1603 1613 1625
f 1613 1617 1625
f 1627 1624 1625
f 1625 1626 1627
f 1626 1625 1617
f 1617 1623 1626
f 790 1626 1623
f 1623 791 790
f 787 1627 1626
f 1626 790 787
f 669 1642 1624
f 1624 786 669
f 786 1624 1627
f 1627 787 786
f 1291 1630 1292
f 1630 1291 1287
f 1287 1629 1630
f 1628 1292 1630
f 1629 1287 1289
f 1629 1289 1632
f 1632 1289 1286
f 1286 1631 1632
f 1631 1286 1635
f 1635 1286 1285
f 1634 1285 1479
f 1479 1633 1634
f 1637 1633 1484
f 1637 1634 1633
f 1285 1634 1635
f 1634 1637 1635
f 1635 1636 1641
f 1636 1635 1637
f 1502 1637 1484
f 1502 1636 1637
f 1638 1502 1504
f 1502 1638 1639
f 1639 1636 1502
f 1629 1631 1630
f 1631 1629 1632
f 1631 1641 1630
f 1635 1641 1631
f 1636 1639 1641
f 1640 1641 1639
f 1642 1639 1638
f 1639 1642 1640
f 1504 1643 1638
f 1642 1638 1643
f 1644 1640 1642
f 1642 669 1644
f 1644 669 668
f 1644 668 667
f 667 1641 1640
f 1640 1644 667
f 667 668 658
f 1628 1645 3297
f 1630 1641 1628
f 1628 1641 1645
f 1641 1646 1645
f 1646 1641 667
f 667 658 1646
f 659 1645 1646
f 1645 659 660
f 660 3297 1645
f 1357 1657 1647
f 1647 1657 1360
f 1371 1360 1657
f 1657 1649 1371
f 1649 1657 1423
f 1658 1650 1657
f 1657 1650 1653
f 1524 1423 1657
f 1657 1651 1524
f 820 1657 807
f 1657 1652 1651
f 807 1657 1648
f 1648 1657 1653
f 1652 1657 1654
f 1657 820 854
f 1654 854 1573
f 854 1654 1657
f 1357 1655 1657
f 1656 1657 1655
f 157 1657 1656
f 1657 157 1658
f 1659 1660 2878
f 1707 2878 1660
f 1660 1661 1707
f 2878 1707 1714
f 1660 1659 1662
f 1662 1663 1660
f 1663 1662 1664
f 1664 1665 1663
f 1667 1663 1665
f 1665 1666 1667
f 1661 1660 1663
f 1663 1667 1661
f 1669 1661 1667
f 1667 1668 1669
f 1668 1667 1666
f 1666 1670 1668
f 1672 1668 1670
f 1670 1671 1672
f 1673 1669 1668
f 1668 1672 1673
f 1661 1669 1707
f 1669 1673 1707
f 1665 1664 1674
f 1674 1675 1665
f 1675 1674 1676
f 1676 1677 1675
f 1679 1675 1677
f 1677 1678 1679
f 1666 1665 1675
f 1675 1679 1666
f 1677 1676 1680
f 1680 1681 1677
f 1681 1680 1682
f 1682 1683 1681
f 1685 1681 1683
f 1683 1684 1685
f 1678 1677 1681
f 1681 1685 1678
f 1687 1678 1685
f 1685 1686 1687
f 1686 1685 1684
f 1684 1688 1686
f 1697 1686 1688
f 1688 1689 1697
f 1690 1687 1686
f 1686 1697 1690
f 1670 1666 1679
f 1679 1691 1670
f 1691 1679 1678
f 1678 1687 1691
f 1692 1691 1687
f 1687 1690 1692
f 1671 1670 1691
f 1691 1692 1671
f 1694 1671 1692
f 1692 1693 1694
f 1693 1692 1690
f 1690 1695 1693
f 1696 1694 1693
f 1689 1698 1697
f 1699 1697 1698
f 1695 1690 1697
f 1697 1699 1695
f 1701 1699 1698
f 1698 1700 1701
f 1699 1701 1702
f 1704 1696 1693
f 1693 1703 1704
f 1703 1693 1695
f 1695 1699 1703
f 1705 1703 1699
f 1699 1702 1705
f 1706 1704 1703
f 1703 1705 1706
f 1673 1708 1707
f 1715 1707 1708
f 1708 1709 1715
f 1707 1715 1714
f 1708 1673 1672
f 1672 1710 1708
f 1710 1672 1671
f 1671 1694 1710
f 1711 1710 1694
f 1694 1696 1711
f 1709 1708 1710
f 1710 1711 1709
f 1715 1709 1711
f 1696 1704 1711
f 1712 1711 1704
f 1704 1706 1712
f 1713 1715 1711
f 1711 1712 1713
f 1844 1714 1715
f 1683 1682 1716
f 1716 1717 1683
f 1717 1716 1718
f 1718 1719 1717
f 1721 1717 1719
f 1719 1720 1721
f 1684 1683 1717
f 1717 1721 1684
f 1719 1718 1722
f 1722 1723 1719
f 1723 1722 1724
f 1724 1725 1723
f 1727 1723 1725
f 1725 1726 1727
f 1720 1719 1723
f 1723 1727 1720
f 1729 1720 1727
f 1727 1728 1729
f 1728 1727 1726
f 1726 1730 1728
f 1732 1728 1730
f 1730 1731 1732
f 1733 1729 1728
f 1728 1732 1733
f 1688 1684 1721
f 1721 1734 1688
f 1734 1721 1720
f 1720 1729 1734
f 1735 1734 1729
f 1729 1733 1735
f 1689 1688 1734
f 1734 1735 1689
f 1725 1724 1736
f 1736 1737 1725
f 1737 1736 1738
f 1738 1739 1737
f 1740 1737 1739
f 1726 1725 1737
f 1737 1740 1726
f 1739 1738 1741
f 1742 1743 1741
f 1744 1741 1743
f 1741 1744 1739
f 1745 1744 1743
f 1743 1852 1745
f 1730 1726 1740
f 1739 1744 1740
f 1746 1740 1744
f 1744 1745 1746
f 1731 1730 1740
f 1740 1746 1731
f 1747 1731 1746
f 1746 1749 1747
f 1749 1746 1745
f 1745 1748 1749
f 1750 1747 1749
f 1745 1751 1748
f 1751 1745 1852
f 1852 1856 1751
f 1749 1748 1751
f 1751 1752 1749
f 1752 1751 1856
f 1753 1749 1752
f 1755 1750 1749
f 1749 1754 1755
f 1753 1754 1749
f 1756 1755 1754
f 1754 1753 1756
f 1698 1689 1735
f 1735 1757 1698
f 1757 1735 1733
f 1733 1758 1757
f 1760 1757 1758
f 1758 1759 1760
f 1757 1760 1698
f 1758 1733 1732
f 1732 1761 1758
f 1761 1732 1731
f 1731 1747 1761
f 1762 1761 1747
f 1747 1750 1762
f 1759 1758 1761
f 1761 1762 1759
f 1764 1759 1762
f 1762 1763 1764
f 1763 1762 1750
f 1750 1755 1763
f 1765 1763 1755
f 1755 1756 1765
f 1766 1764 1763
f 1763 1765 1766
f 1760 1767 1698
f 1767 1760 1759
f 1759 1764 1767
f 1768 1767 1764
f 1764 1766 1768
f 1700 1698 1767
f 1767 1768 1700
f 1770 1700 1768
f 1768 1769 1770
f 1769 1768 1766
f 1766 1771 1769
f 1773 1769 1771
f 1771 1772 1773
f 1774 1770 1769
f 1769 1773 1774
f 1771 1766 1765
f 1765 1775 1771
f 1775 1765 1756
f 1756 1776 1775
f 1777 1775 1776
f 1772 1771 1775
f 1775 1777 1772
f 1779 1772 1777
f 1777 1778 1779
f 1778 1777 1776
f 1776 1780 1778
f 1781 1778 1780
f 1782 1779 1778
f 1778 1781 1782
f 1784 1774 1773
f 1773 1783 1784
f 1783 1773 1772
f 1772 1779 1783
f 1785 1783 1779
f 1779 1782 1785
f 1786 1784 1783
f 1783 1785 1786
f 1776 1756 1753
f 1753 1787 1776
f 1753 1788 1787
f 1780 1776 1787
f 1787 1790 1780
f 1790 1787 1788
f 1792 1790 1788
f 1790 1792 1780
f 1791 1780 1792
f 1793 1792 1788
f 1793 1788 1789
f 1789 1875 1793
f 1794 1793 1875
f 1793 1794 1795
f 1800 1792 1793
f 1793 1795 1800
f 1797 1786 1785
f 1785 1796 1797
f 1796 1785 1782
f 1782 1798 1796
f 1802 1796 1798
f 1796 1802 1797
f 1798 1782 1781
f 1798 1781 1780
f 1780 1791 1798
f 1799 1798 1791
f 1791 1792 1799
f 1798 1799 1802
f 1792 1800 1799
f 1799 1800 1802
f 1801 1797 1802
f 1715 1803 1844
f 1803 1715 1713
f 1713 1804 1803
f 1806 1803 1804
f 1804 1805 1806
f 1803 1806 1844
f 1804 1713 1712
f 1712 1807 1804
f 1807 1712 1706
f 1706 1808 1807
f 1810 1807 1808
f 1808 1809 1810
f 1805 1804 1807
f 1807 1810 1805
f 1812 1805 1810
f 1810 1811 1812
f 1811 1810 1809
f 1809 1813 1811
f 1815 1811 1813
f 1813 1814 1815
f 1816 1812 1811
f 1811 1815 1816
f 1806 1817 1844
f 1817 1806 1805
f 1805 1812 1817
f 1812 1816 1817
f 1808 1706 1705
f 1705 1818 1808
f 1818 1705 1702
f 1702 1819 1818
f 1821 1818 1819
f 1819 1820 1821
f 1809 1808 1818
f 1818 1821 1809
f 1819 1702 1701
f 1701 1822 1819
f 1822 1701 1700
f 1700 1770 1822
f 1823 1822 1770
f 1770 1774 1823
f 1820 1819 1822
f 1822 1823 1820
f 1824 1820 1823
f 1774 1784 1823
f 1825 1823 1784
f 1784 1786 1825
f 1826 1824 1823
f 1823 1825 1826
f 1813 1809 1821
f 1821 1827 1813
f 1827 1821 1820
f 1820 1824 1827
f 1828 1827 1824
f 1824 1826 1828
f 1814 1813 1827
f 1827 1828 1814
f 1830 1814 1828
f 1828 1829 1830
f 1829 1828 1826
f 1826 1831 1829
f 1833 1829 1831
f 1831 1832 1833
f 1834 1830 1829
f 1829 1833 1834
f 1831 1826 1825
f 1825 1835 1831
f 1835 1825 1786
f 1786 1797 1835
f 1832 1831 1835
f 1837 1832 1835
f 1835 1836 1837
f 1836 1835 1797
f 1797 1801 1836
f 1838 1837 1836
f 1840 1834 1833
f 1833 1839 1840
f 1839 1833 1832
f 1832 1837 1839
f 1841 1839 1837
f 1837 1838 1841
f 1842 1840 1839
f 1839 1841 1842
f 1816 1843 1817
f 1843 1816 1815
f 1815 1845 1843
f 1845 1815 1814
f 1814 1830 1845
f 1846 1845 1830
f 1830 1834 1846
f 1845 1846 1843
f 1849 1843 1846
f 1846 1847 1849
f 1847 1846 1834
f 1834 1840 1847
f 1848 1847 1840
f 1840 1842 1848
f 1847 1848 1849
f 1088 1844 1817
f 1843 1849 1817
f 2704 1854 1850
f 1851 1850 1854
f 1850 1851 1742
f 1852 1742 1851
f 1742 1852 1743
f 1854 2704 1853
f 1853 1860 1854
f 1854 1855 1851
f 1855 1854 1860
f 1868 1855 1860
f 1855 1868 1869
f 1857 1855 1869
f 1856 1852 1851
f 1851 1855 1856
f 1857 1856 1855
f 1856 1857 1752
f 1853 2685 2697
f 1860 1853 2697
f 1859 1858 2697
f 1860 2697 1858
f 1859 1861 1858
f 1858 1861 1860
f 1863 1860 1861
f 1860 1863 1862
f 3302 1861 1859
f 3300 1861 3302
f 1861 3300 1863
f 1864 1862 1863
f 1752 1867 1753
f 1867 1752 1857
f 1857 1865 1867
f 1788 1753 1867
f 1857 1869 1865
f 1865 1866 1867
f 1866 1865 1869
f 1867 1866 1789
f 1789 1788 1867
f 1868 1871 1869
f 1860 1862 1868
f 1870 1868 1862
f 1868 1870 1871
f 1872 1871 1870
f 1872 1869 1871
f 1866 1869 1872
f 1872 1873 1866
f 1872 1864 1873
f 1864 1872 1870
f 1864 1870 1862
f 1875 1789 1866
f 1866 1874 1875
f 1866 1873 1876
f 1866 1876 1874
f 1873 1880 1876
f 1877 1874 1876
f 1876 1880 1877
f 1877 1875 1874
f 1962 1875 1877
f 1877 1878 1962
f 1877 1885 1878
f 1879 1962 1878
f 1885 1877 1880
f 1882 1879 1878
f 1878 1881 1882
f 1881 1878 1885
f 1886 1881 1885
f 1880 1873 1864
f 1883 1880 1864
f 1885 1880 1883
f 1864 1884 1883
f 1885 1883 1884
f 1887 1881 1886
f 1888 1886 1885
f 1886 1888 1887
f 1864 1863 3300
f 1889 1864 3300
f 1864 1889 1884
f 3298 1889 3300
f 1889 3298 1892
f 1888 1891 1890
f 1885 1891 1888
f 1891 1885 1884
f 1884 1889 1892
f 1884 1892 1891
f 1893 1891 1892
f 1050 1892 3298
f 1050 1893 1892
f 1893 1050 1049
f 1890 1895 1894
f 1895 1890 1891
f 1891 1893 1895
f 938 1894 1895
f 1049 1895 1893
f 1048 938 1895
f 1895 1049 1048
f 1894 938 1896
f 1849 1897 1817
f 1897 1849 1848
f 1848 1898 1897
f 1898 1848 1842
f 1842 1899 1898
f 1901 1898 1899
f 1899 1900 1901
f 1898 1901 1897
f 1903 1897 1901
f 1901 1902 1903
f 1902 1901 1900
f 1900 1904 1902
f 1906 1902 1904
f 1904 1905 1906
f 1907 1903 1902
f 1902 1906 1907
f 1817 1948 1088
f 1948 1817 1897
f 1897 1903 1948
f 1903 1907 1948
f 1899 1842 1841
f 1841 1908 1899
f 1908 1841 1838
f 1838 1909 1908
f 1911 1908 1909
f 1909 1910 1911
f 1900 1899 1908
f 1908 1911 1900
f 1909 1838 1836
f 1836 1912 1909
f 1912 1836 1801
f 1914 1912 1801
f 1801 1913 1914
f 1910 1909 1912
f 1912 1914 1910
f 1915 1910 1914
f 1913 1916 1914
f 1918 1914 1916
f 1916 1917 1918
f 1919 1915 1914
f 1914 1918 1919
f 1904 1900 1911
f 1911 1920 1904
f 1920 1911 1910
f 1910 1915 1920
f 1921 1920 1915
f 1915 1919 1921
f 1905 1904 1920
f 1920 1921 1905
f 1923 1905 1921
f 1921 1922 1923
f 1922 1921 1919
f 1919 1924 1922
f 1926 1922 1924
f 1924 1925 1926
f 1927 1923 1922
f 1922 1926 1927
f 1924 1919 1918
f 1918 1928 1924
f 1928 1918 1917
f 1917 1929 1928
f 1931 1928 1929
f 1929 1930 1931
f 1925 1924 1928
f 1928 1931 1925
f 1933 1925 1931
f 1931 1932 1933
f 1932 1931 1930
f 1930 1934 1932
f 1936 1932 1934
f 1934 1935 1936
f 1937 1933 1932
f 1932 1936 1937
f 1939 1927 1926
f 1926 1938 1939
f 1938 1926 1925
f 1925 1933 1938
f 1940 1938 1933
f 1933 1937 1940
f 1941 1939 1938
f 1938 1940 1941
f 1907 1942 1948
f 1942 1946 1948
f 1942 1907 1906
f 1906 1943 1942
f 1943 1906 1905
f 1905 1923 1943
f 1944 1943 1923
f 1923 1927 1944
f 1946 1942 1943
f 1943 1944 1946
f 1944 1945 1946
f 1945 1944 1927
f 1927 1939 1945
f 1947 1945 1939
f 1939 1941 1947
f 2012 1946 1945
f 1945 1947 2012
f 1946 2012 1948
f 1802 1949 1913
f 1913 1801 1802
f 1800 1952 1802
f 1800 1950 1952
f 1950 1951 1952
f 1949 1802 1952
f 1954 1949 1952
f 1952 1953 1954
f 1953 1952 1951
f 1951 1955 1953
f 1957 1953 1955
f 1955 1956 1957
f 1958 1954 1953
f 1953 1957 1958
f 1913 1959 1916
f 1959 1913 1949
f 1949 1954 1959
f 1960 1959 1954
f 1954 1958 1960
f 1917 1916 1959
f 1959 1960 1917
f 1950 1800 1795
f 1951 1950 1795
f 1795 1961 1951
f 1794 1962 1795
f 1962 1794 1875
f 1962 1879 1963
f 1961 1795 1962
f 1962 1963 1961
f 1965 1961 1963
f 1963 1964 1965
f 1964 1963 1879
f 1879 1882 1964
f 1966 1964 1882
f 1882 1881 1966
f 1967 1965 1964
f 1964 1966 1967
f 1951 1968 1955
f 1968 1951 1961
f 1961 1965 1968
f 1969 1968 1965
f 1965 1967 1969
f 1956 1955 1968
f 1968 1969 1956
f 1970 1956 1969
f 1969 1971 1970
f 1971 1969 1967
f 1967 1887 1971
f 1887 1973 1971
f 1972 1970 1971
f 1887 1967 1966
f 1887 1966 1881
f 2002 1973 1887
f 1887 1888 2002
f 1974 1972 1971
f 1971 1973 1974
f 1973 2002 1974
f 1929 1917 1960
f 1960 1975 1929
f 1975 1960 1958
f 1958 1976 1975
f 1978 1975 1976
f 1976 1977 1978
f 1930 1929 1975
f 1975 1978 1930
f 1976 1958 1957
f 1957 1979 1976
f 1979 1957 1956
f 1956 1970 1979
f 1980 1979 1970
f 1970 1972 1980
f 1977 1976 1979
f 1979 1980 1977
f 1982 1977 1980
f 1980 1981 1982
f 1981 1980 1972
f 1972 1974 1981
f 1983 1981 1974
f 1984 1982 1981
f 1981 1983 1984
f 1934 1930 1978
f 1978 1985 1934
f 1985 1978 1977
f 1977 1982 1985
f 1986 1985 1982
f 1982 1984 1986
f 1935 1934 1985
f 1985 1986 1935
f 1988 1935 1986
f 1986 1987 1988
f 1987 1986 1984
f 1984 1989 1987
f 1991 1987 1989
f 1989 1990 1991
f 1992 1988 1987
f 1987 1991 1992
f 1989 1984 1983
f 1983 1994 1989
f 1994 1983 1974
f 1974 1993 1994
f 1990 1989 1994
f 1995 1990 1994
f 1996 1994 1993
f 1993 2004 1996
f 1997 1995 1994
f 1994 1996 1997
f 1999 1992 1991
f 1991 1998 1999
f 1998 1991 1990
f 1990 1995 1998
f 2000 1998 1995
f 1995 1997 2000
f 2001 1999 1998
f 1998 2000 2001
f 1993 1974 2002
f 1888 1890 2002
f 2002 1894 2003
f 1894 2002 1890
f 2002 2003 1993
f 2004 1993 2003
f 1896 2003 1894
f 2003 1896 2004
f 936 2004 1896
f 1896 938 936
f 2005 2010 2004
f 2004 925 2005
f 2004 936 925
f 2007 2001 2000
f 2000 2006 2007
f 2006 2000 1997
f 1997 2010 2006
f 2008 2006 2010
f 2009 2007 2006
f 2006 2008 2009
f 2010 1997 1996
f 2010 1996 2004
f 2011 2008 2010
f 2010 2005 2011
f 924 2011 2005
f 2005 925 924
f 2011 924 920
f 918 2008 2011
f 2011 920 918
f 878 2009 2008
f 2008 918 878
f 2012 2017 1948
f 1947 2013 2012
f 2013 1947 1941
f 1941 2014 2013
f 2016 2013 2014
f 2014 2015 2016
f 2017 2012 2013
f 2013 2016 2017
f 2016 2019 2017
f 2019 2016 2015
f 2015 2018 2019
f 1948 2049 1088
f 2049 1948 2017
f 2017 2019 2049
f 2014 1941 1940
f 1940 2020 2014
f 2020 1940 1937
f 1937 2021 2020
f 2023 2020 2021
f 2021 2022 2023
f 2015 2014 2020
f 2020 2023 2015
f 2021 1937 1936
f 1936 2024 2021
f 2024 1936 1935
f 1935 1988 2024
f 2025 2024 1988
f 1988 1992 2025
f 2022 2021 2024
f 2024 2025 2022
f 2027 2022 2025
f 2025 2026 2027
f 2026 2025 1992
f 1992 1999 2026
f 2028 2026 1999
f 1999 2001 2028
f 2029 2027 2026
f 2026 2028 2029
f 2023 2030 2015
f 2030 2023 2022
f 2022 2027 2030
f 2031 2030 2027
f 2027 2029 2031
f 2018 2015 2030
f 2030 2031 2018
f 2033 2018 2031
f 2031 2032 2033
f 2032 2031 2029
f 2029 2034 2032
f 2036 2032 2034
f 2034 2035 2036
f 2037 2033 2032
f 2032 2036 2037
f 2034 2029 2028
f 2028 2038 2034
f 2038 2028 2001
f 2001 2007 2038
f 2039 2038 2007
f 2007 2009 2039
f 2035 2034 2038
f 2038 2039 2035
f 2041 2035 2039
f 2039 2040 2041
f 2040 2039 2009
f 876 2040 2009
f 2009 878 876
f 872 2041 2040
f 2040 876 872
f 2043 2037 2036
f 2036 2042 2043
f 2042 2036 2035
f 2035 2041 2042
f 870 2042 2041
f 2041 872 870
f 859 2043 2042
f 2042 870 859
f 2019 2044 2049
f 2019 2045 2044
f 2045 2019 2018
f 2018 2033 2045
f 2046 2045 2033
f 2033 2037 2046
f 2045 2046 2044
f 2048 2044 2046
f 2046 2047 2048
f 2047 2046 2037
f 2037 2043 2047
f 857 2047 2043
f 2043 859 857
f 855 2048 2047
f 2047 857 855
f 2044 2048 2049
f 868 2049 2048
f 2048 855 868
f 2049 868 1088
f 3057 2053 3303
f 2050 2052 3057
f 2052 2050 2051
f 2051 2087 2052
f 2089 2052 2087
f 3057 2052 2053
f 2052 2089 2053
f 2056 2054 2055
f 2051 2054 2056
f 2059 2060 2058
f 2062 2057 2058
f 2060 2061 2058
f 2063 2062 2058
f 2058 2061 2063
f 2057 2062 2055
f 2064 2062 2063
f 2062 2064 2066
f 2063 2061 2103
f 2064 2063 2103
f 2103 2065 2064
f 2077 2064 2065
f 2056 2067 2051
f 2051 2067 2087
f 2056 2066 2067
f 2066 2056 2055
f 2055 2062 2066
f 2068 2067 2066
f 2067 2069 2087
f 2067 2068 2069
f 2088 2087 2069
f 2068 2070 2069
f 2070 2072 2069
f 2066 2071 2068
f 2073 2068 2071
f 2072 2070 2068
f 2068 2073 2072
f 2071 2080 2073
f 2080 2084 2073
f 2074 2072 2073
f 2069 2075 2088
f 2075 2069 2072
f 2072 2074 2075
f 2071 2066 2064
f 2064 2076 2071
f 2076 2064 2077
f 2077 2078 2076
f 2081 2076 2078
f 2078 2079 2082
f 2078 2082 2081
f 2080 2071 2076
f 2076 2081 2080
f 2084 2080 2081
f 2081 2083 2084
f 2083 2082 2079
f 2083 2081 2082
f 2277 2083 2275
f 2083 2277 2084
f 2085 2088 2075
f 2074 2073 2075
f 2085 2075 2073
f 2086 2073 2084
f 2073 2086 2085
f 2087 2088 2089
f 2088 2439 2089
f 2088 2085 2439
f 2439 2053 2089
f 2091 2092 2090
f 2092 2093 2090
f 2060 2059 2090
f 2092 2091 2094
f 2094 2095 2092
f 2095 2094 2096
f 2096 2097 2095
f 2098 2095 2097
f 2097 2108 2098
f 2093 2092 2095
f 2095 2098 2093
f 2099 2093 2098
f 2098 2102 2099
f 2102 2098 2108
f 2108 2100 2102
f 2100 2101 2102
f 2103 2099 2102
f 2061 2060 2090
f 2090 2099 2061
f 2099 2090 2093
f 2103 2061 2099
f 2097 2096 2104
f 2104 2105 2097
f 2105 2104 2106
f 2106 2107 2105
f 2108 2105 2107
f 2108 2097 2105
f 2107 2106 2109
f 2109 2110 2107
f 2110 2109 2111
f 2111 2112 2110
f 2114 2110 2112
f 2112 2113 2114
f 2110 2114 2107
f 2116 2107 2114
f 2114 2115 2116
f 2115 2114 2113
f 2113 2117 2115
f 2119 2115 2117
f 2117 2118 2119
f 2120 2116 2115
f 2115 2119 2120
f 2100 2108 2107
f 2107 2116 2100
f 2121 2100 2116
f 2116 2120 2121
f 2100 2121 2101
f 2123 2101 2121
f 2121 2122 2123
f 2122 2121 2120
f 2120 2124 2122
f 2126 2122 2124
f 2124 2125 2126
f 2127 2123 2122
f 2122 2126 2127
f 2124 2120 2119
f 2119 2128 2124
f 2128 2119 2118
f 2118 2129 2128
f 2130 2128 2129
f 2129 2190 2130
f 2125 2124 2128
f 2128 2130 2125
f 2260 2130 2190
f 2190 2131 2260
f 2130 2260 2132
f 2134 2127 2126
f 2126 2133 2134
f 2133 2126 2125
f 2125 2130 2133
f 2132 2133 2130
f 2135 2134 2133
f 2133 2132 2135
f 2138 2103 2136
f 2136 2137 2138
f 2136 2103 2102
f 2102 2139 2136
f 2139 2102 2101
f 2101 2123 2139
f 2140 2139 2123
f 2123 2127 2140
f 2137 2136 2139
f 2139 2140 2137
f 2142 2137 2140
f 2140 2141 2142
f 2141 2140 2127
f 2127 2134 2141
f 2254 2141 2134
f 2134 2135 2254
f 2065 2103 2138
f 2138 2142 2065
f 2142 2138 2137
f 2142 2141 2143
f 2142 2143 2065
f 2112 2111 2144
f 2144 2145 2112
f 2145 2144 2146
f 2146 2147 2145
f 2149 2145 2147
f 2147 2148 2149
f 2113 2112 2145
f 2145 2149 2113
f 2147 2146 2150
f 2150 2151 2147
f 2151 2150 2152
f 2152 2153 2151
f 2155 2151 2153
f 2153 2154 2155
f 2148 2147 2151
f 2151 2155 2148
f 2157 2148 2155
f 2155 2156 2157
f 2156 2155 2154
f 2154 2158 2156
f 2160 2156 2158
f 2158 2159 2160
f 2161 2157 2156
f 2156 2160 2161
f 2117 2113 2149
f 2149 2162 2117
f 2162 2149 2148
f 2148 2157 2162
f 2163 2162 2157
f 2157 2161 2163
f 2118 2117 2162
f 2162 2163 2118
f 2153 2152 2164
f 2164 2165 2153
f 2165 2164 2166
f 2166 2167 2165
f 2169 2165 2167
f 2167 2168 2169
f 2154 2153 2165
f 2165 2169 2154
f 2167 2166 2170
f 2170 2171 2167
f 2171 2170 2470
f 2470 2472 2171
f 2168 2167 2171
f 2172 2168 2171
f 2172 2171 2472
f 2173 2172 2472
f 2472 2471 2173
f 2172 2173 2175
f 2158 2154 2169
f 2169 2174 2158
f 2174 2169 2168
f 2168 2172 2174
f 2175 2174 2172
f 2159 2158 2174
f 2174 2175 2159
f 2177 2159 2175
f 2175 2176 2177
f 2175 2178 2176
f 2179 2176 2178
f 2178 2181 2179
f 2180 2177 2176
f 2176 2179 2180
f 2178 2175 2173
f 2173 2181 2178
f 2181 2173 2471
f 2183 2181 2471
f 2471 2182 2183
f 2181 2183 2186
f 2185 2180 2179
f 2179 2184 2185
f 2184 2179 2181
f 2186 2184 2181
f 2187 2185 2184
f 2184 2186 2187
f 2129 2118 2163
f 2163 2188 2129
f 2188 2163 2161
f 2161 2189 2188
f 2190 2188 2189
f 2190 2129 2188
f 2189 2161 2160
f 2160 2191 2189
f 2191 2160 2159
f 2159 2177 2191
f 2192 2191 2177
f 2177 2180 2192
f 2191 2192 2189
f 2194 2189 2192
f 2192 2193 2194
f 2193 2192 2180
f 2180 2185 2193
f 2195 2193 2185
f 2185 2187 2195
f 2196 2194 2193
f 2193 2195 2196
f 2197 2190 2189
f 2189 2194 2197
f 2198 2197 2194
f 2194 2196 2198
f 2131 2190 2197
f 2197 2198 2131
f 2200 2131 2198
f 2198 2199 2200
f 2199 2198 2196
f 2196 2201 2199
f 2203 2199 2201
f 2201 2202 2203
f 2204 2200 2199
f 2199 2203 2204
f 2201 2196 2195
f 2195 2205 2201
f 2205 2195 2187
f 2187 2206 2205
f 2208 2205 2206
f 2206 2207 2208
f 2202 2201 2205
f 2205 2208 2202
f 2210 2202 2208
f 2208 2209 2210
f 2209 2208 2207
f 2207 2211 2209
f 2213 2209 2211
f 2211 2212 2213
f 2214 2210 2209
f 2209 2213 2214
f 2216 2204 2203
f 2203 2215 2216
f 2215 2203 2202
f 2202 2210 2215
f 2217 2215 2210
f 2210 2214 2217
f 2218 2216 2215
f 2215 2217 2218
f 2206 2187 2186
f 2186 2219 2206
f 2221 2206 2219
f 2219 2220 2221
f 2206 2221 2207
f 2219 2186 2183
f 2183 2222 2219
f 2222 2183 2182
f 2220 2219 2222
f 2223 2220 2222
f 2223 2222 2182
f 2233 2223 2182
f 2223 2233 2224
f 2211 2207 2221
f 2221 2225 2211
f 2225 2221 2220
f 2220 2223 2225
f 2226 2225 2223
f 2223 2224 2226
f 2212 2211 2225
f 2225 2226 2212
f 2228 2212 2226
f 2226 2227 2228
f 2227 2226 2224
f 2224 2229 2227
f 2230 2227 2229
f 2231 2228 2227
f 2227 2230 2231
f 2229 2224 2233
f 2232 2229 2233
f 2235 2231 2230
f 2230 2234 2235
f 2234 2230 2229
f 2229 2232 2234
f 2236 2234 2232
f 2237 2235 2234
f 2234 2236 2237
f 2239 2218 2217
f 2217 2238 2239
f 2238 2217 2214
f 2214 2240 2238
f 2242 2238 2240
f 2240 2241 2242
f 2243 2239 2238
f 2238 2242 2243
f 2240 2214 2213
f 2213 2244 2240
f 2244 2213 2212
f 2212 2228 2244
f 2245 2244 2228
f 2228 2231 2245
f 2241 2240 2244
f 2244 2245 2241
f 2247 2241 2245
f 2245 2246 2247
f 2246 2245 2231
f 2231 2235 2246
f 2248 2246 2235
f 2235 2237 2248
f 2249 2247 2246
f 2246 2248 2249
f 2251 2243 2242
f 2242 2250 2251
f 2250 2242 2241
f 2241 2247 2250
f 2252 2250 2247
f 2247 2249 2252
f 2253 2251 2250
f 2250 2252 2253
f 2077 2065 2143
f 2141 2254 2143
f 2255 2143 2254
f 2078 2077 2143
f 2143 2255 2078
f 2257 2254 2135
f 2135 2256 2257
f 2255 2254 2257
f 2259 2255 2257
f 2256 2258 2257
f 2273 2257 2258
f 2257 2273 2259
f 2079 2255 2259
f 2079 2078 2255
f 2256 2135 2132
f 2256 2132 2260
f 2131 2200 2260
f 2200 2204 2260
f 2263 2256 2260
f 2260 2261 2263
f 2261 2260 2204
f 2204 2216 2261
f 2262 2261 2216
f 2216 2218 2262
f 2261 2262 2263
f 2264 2256 2263
f 2256 2264 2258
f 2271 2258 2264
f 2263 2265 2264
f 2269 2264 2265
f 2265 2266 2269
f 2264 2269 2271
f 2265 2263 2262
f 2262 2267 2265
f 2267 2262 2218
f 2218 2239 2267
f 2268 2267 2239
f 2239 2243 2268
f 2266 2265 2267
f 2267 2268 2266
f 2269 2266 2268
f 2268 2270 2269
f 2270 2268 2243
f 2243 2251 2270
f 2251 2253 2270
f 2272 2269 2270
f 2272 2271 2269
f 2275 2079 2259
f 2259 2273 2275
f 2273 2274 2275
f 2083 2079 2275
f 2271 2273 2258
f 2274 2273 2271
f 2274 2276 2275
f 2276 2274 2271
f 2271 2272 2276
f 2277 2275 2276
f 2278 2276 2272
f 2280 2276 2278
f 2278 2279 2280
f 2276 2280 2277
f 2281 2277 2280
f 2272 2282 2278
f 2282 2272 2270
f 2270 2283 2282
f 2283 2270 2253
f 2253 2284 2283
f 2286 2283 2284
f 2284 2285 2286
f 2283 2286 2282
f 2287 2282 2286
f 2286 2289 2287
f 2289 2286 2285
f 2285 2322 2289
f 2322 2288 2289
f 2290 2287 2289
f 2278 2291 2279
f 2291 2278 2282
f 2282 2287 2291
f 2287 2290 2291
f 2292 2279 2291
f 2291 2290 2292
f 2305 2292 2290
f 2289 2294 2290
f 2294 2289 2288
f 2288 2295 2294
f 2297 2294 2295
f 2295 2296 2297
f 2293 2290 2294
f 2294 2297 2293
f 2299 2293 2297
f 2297 2298 2299
f 2298 2297 2296
f 2296 2300 2298
f 2302 2298 2300
f 2300 2301 2302
f 2303 2299 2298
f 2298 2302 2303
f 2290 2304 2305
f 2304 2290 2293
f 2293 2299 2304
f 2416 2304 2299
f 2299 2303 2416
f 2416 2305 2304
f 2307 2277 2281
f 2280 2306 2281
f 2306 2280 2279
f 2306 2279 2292
f 2292 2305 2306
f 2306 2410 2307
f 2410 2306 2305
f 2305 2416 2410
f 2308 2307 2410
f 2307 2281 2306
f 2284 2253 2252
f 2252 2309 2284
f 2309 2252 2249
f 2249 2310 2309
f 2312 2309 2310
f 2310 2311 2312
f 2285 2284 2309
f 2309 2312 2285
f 2310 2249 2248
f 2248 2313 2310
f 2313 2248 2237
f 2237 2314 2313
f 2316 2313 2314
f 2314 2315 2316
f 2311 2310 2313
f 2313 2316 2311
f 2321 2311 2316
f 2316 2317 2321
f 2317 2316 2315
f 2315 2318 2317
f 2320 2317 2318
f 2318 2319 2320
f 2317 2320 2321
f 2322 2285 2312
f 2322 2312 2311
f 2311 2321 2322
f 2288 2322 2321
f 2314 2237 2236
f 2236 2323 2314
f 2323 2236 2232
f 2232 2324 2323
f 2326 2323 2324
f 2324 2325 2326
f 2315 2314 2323
f 2323 2326 2315
f 2324 2232 2233
f 2325 2233 2182
f 2325 2324 2233
f 2325 2329 2327
f 2329 2325 2182
f 2182 2328 2329
f 2330 2327 2329
f 2318 2315 2326
f 2326 2331 2318
f 2331 2326 2325
f 2325 2327 2331
f 2332 2331 2327
f 2327 2330 2332
f 2319 2318 2331
f 2331 2332 2319
f 2334 2319 2332
f 2332 2333 2334
f 2333 2332 2330
f 2330 2335 2333
f 2336 2333 2335
f 2335 2338 2336
f 2337 2334 2333
f 2333 2336 2337
f 2335 2330 2329
f 2335 2329 2328
f 2338 2335 2328
f 2328 2339 2338
f 2340 2338 2339
f 2342 2337 2336
f 2336 2341 2342
f 2341 2336 2338
f 2343 2341 2338
f 2338 2340 2343
f 2344 2342 2341
f 2341 2343 2344
f 2288 2345 2295
f 2345 2288 2321
f 2321 2346 2345
f 2348 2345 2346
f 2346 2347 2348
f 2296 2295 2345
f 2345 2348 2296
f 2346 2321 2320
f 2320 2349 2346
f 2349 2320 2319
f 2319 2334 2349
f 2350 2349 2334
f 2334 2337 2350
f 2347 2346 2349
f 2349 2350 2347
f 2352 2347 2350
f 2350 2351 2352
f 2351 2350 2337
f 2337 2342 2351
f 2353 2351 2342
f 2342 2344 2353
f 2354 2352 2351
f 2351 2353 2354
f 2300 2296 2348
f 2348 2355 2300
f 2355 2348 2347
f 2347 2352 2355
f 2356 2355 2352
f 2352 2354 2356
f 2301 2300 2355
f 2355 2356 2301
f 2358 2301 2356
f 2356 2357 2358
f 2357 2356 2354
f 2354 2359 2357
f 2361 2357 2359
f 2359 2360 2361
f 2362 2358 2357
f 2357 2361 2362
f 2359 2354 2353
f 2353 2363 2359
f 2363 2353 2344
f 2344 2364 2363
f 2366 2363 2364
f 2364 2365 2366
f 2360 2359 2363
f 2363 2366 2360
f 2368 2360 2366
f 2366 2367 2368
f 2367 2366 2365
f 2365 2369 2367
f 2371 2367 2369
f 2369 2370 2371
f 2372 2368 2367
f 2367 2371 2372
f 2374 2362 2361
f 2361 2373 2374
f 2373 2361 2360
f 2360 2368 2373
f 2375 2373 2368
f 2368 2372 2375
f 2376 2374 2373
f 2373 2375 2376
f 2364 2344 2343
f 2343 2377 2364
f 2377 2343 2340
f 2340 2378 2377
f 2380 2377 2378
f 2378 2379 2380
f 2365 2364 2377
f 2377 2380 2365
f 2340 2382 2378
f 2382 2340 2339
f 2339 2381 2382
f 2379 2378 2382
f 2383 2379 2382
f 2383 2382 2381
f 2385 2383 2381
f 2381 2384 2385
f 2369 2365 2380
f 2380 2386 2369
f 2386 2380 2379
f 2379 2383 2386
f 2387 2386 2383
f 2383 2385 2387
f 2370 2369 2386
f 2386 2387 2370
f 2389 2370 2387
f 2387 2388 2389
f 2388 2387 2385
f 2391 2388 2385
f 2385 2390 2391
f 2392 2389 2388
f 2388 2391 2392
f 2390 2385 2384
f 2390 2393 2395
f 2393 2390 2384
f 2384 2475 2393
f 1357 2393 2475
f 2394 2395 2393
f 2393 1357 2394
f 2396 2392 2391
f 2391 2395 2396
f 2395 2391 2390
f 2395 2394 1354
f 1354 2396 2395
f 2398 2376 2375
f 2375 2397 2398
f 2397 2375 2372
f 2372 2399 2397
f 2401 2397 2399
f 2399 2400 2401
f 2402 2398 2397
f 2397 2401 2402
f 2399 2372 2371
f 2371 2403 2399
f 2403 2371 2370
f 2370 2389 2403
f 2404 2403 2389
f 2389 2392 2404
f 2400 2399 2403
f 2403 2404 2400
f 2406 2400 2404
f 2404 2405 2406
f 2405 2404 2392
f 2392 2396 2405
f 1342 2405 2396
f 2396 1354 1342
f 1342 2406 2405
f 2408 2402 2401
f 2401 2407 2408
f 2407 2401 2400
f 2400 2406 2407
f 2409 2407 2406
f 2406 1342 2409
f 1308 2408 2407
f 2407 2409 1308
f 2416 2411 2410
f 2410 2413 2308
f 2413 2410 2411
f 2411 2412 2413
f 2414 2308 2413
f 2308 2414 2415
f 2416 2303 2302
f 2301 2358 2302
f 2358 2362 2302
f 2411 2416 2302
f 2302 2417 2411
f 2417 2302 2362
f 2362 2374 2417
f 2418 2417 2374
f 2374 2376 2418
f 2419 2411 2417
f 2417 2418 2419
f 2411 2419 2412
f 2412 2422 2432
f 2422 2412 2419
f 2419 2420 2422
f 2420 2421 2422
f 2423 2432 2422
f 2420 2419 2418
f 2418 2424 2420
f 2424 2418 2376
f 2376 2398 2424
f 2425 2424 2398
f 2398 2402 2425
f 2421 2420 2424
f 2424 2425 2421
f 2427 2421 2425
f 2425 2426 2427
f 2426 2425 2402
f 2402 2408 2426
f 1307 2426 2408
f 2408 1308 1307
f 1307 2427 2426
f 2429 2423 2422
f 2422 2428 2429
f 2428 2422 2421
f 2421 2427 2428
f 1303 2428 2427
f 2427 1307 1303
f 2430 2429 2428
f 2428 1303 2430
f 2415 2431 2458
f 2431 2415 2414
f 2414 2433 2431
f 2413 2432 2414
f 2432 2413 2412
f 2432 2423 2433
f 2433 2414 2432
f 2433 2434 2435
f 2434 2433 2423
f 2423 2429 2434
f 2430 2434 2429
f 1293 2435 2434
f 2434 2430 1293
f 2459 2458 2431
f 2431 2436 2459
f 2436 2431 2433
f 2433 2435 2436
f 1293 2436 2435
f 2437 2459 2436
f 2436 1293 2437
f 3311 2053 2439
f 2439 2441 2440
f 2439 2440 3311
f 2441 2439 2438
f 2438 2446 2441
f 2441 2446 2466
f 2441 2466 2440
f 2085 2443 2439
f 2443 2085 2086
f 2084 2442 2086
f 2438 2439 2443
f 2086 2442 2443
f 2442 2084 2277
f 2444 2442 2277
f 2277 2307 2444
f 2307 2308 2454
f 2454 2444 2307
f 2442 2445 2443
f 2442 2444 2445
f 2446 2438 2443
f 2443 2449 2446
f 2449 2443 2445
f 2463 2446 2449
f 2449 2447 2463
f 2449 2445 2444
f 2444 2448 2449
f 2448 2444 2453
f 2453 2450 2448
f 2451 2448 2450
f 2450 2456 2451
f 2452 2449 2448
f 2448 2451 2452
f 2449 2452 2447
f 2453 2444 2454
f 2308 2415 2454
f 2450 2453 2454
f 2415 2450 2454
f 2455 2450 2415
f 2450 2455 2456
f 2415 2460 2455
f 2457 2456 2455
f 2415 2458 2460
f 2458 2459 2460
f 2461 2460 2459
f 2459 2437 2461
f 1264 2455 2460
f 2460 2461 1264
f 1264 2457 2455
f 2447 2462 2463
f 2462 2447 2452
f 2452 2457 2462
f 2456 2457 2451
f 2457 2452 2451
f 2457 1264 2464
f 2467 2463 2462
f 2464 2462 2457
f 2465 2467 2462
f 2462 2464 2465
f 2446 2467 2466
f 2467 2446 2463
f 2466 2467 2440
f 2467 2465 2468
f 2468 2440 2467
f 2468 3311 2440
f 3311 2468 2469
f 2472 2470 2474
f 2474 2182 2471
f 2182 2474 2328
f 2472 2474 2471
f 2339 2328 2474
f 2473 2474 2470
f 1714 2474 2473
f 2474 1714 1357
f 2381 2339 2474
f 2384 2381 2474
f 2474 2475 2384
f 1357 2475 2474
f 2476 2473 2477
f 1714 2473 2476
f 2478 2480 2492
f 2480 2479 2492
f 2481 2480 2482
f 2482 2483 2481
f 2485 2481 2483
f 2483 2484 2485
f 2479 2480 2481
f 2481 2485 2479
f 2487 2479 2485
f 2485 2486 2487
f 2486 2485 2484
f 2484 2488 2486
f 2490 2486 2488
f 2488 2489 2490
f 2491 2487 2486
f 2486 2490 2491
f 2479 2487 2492
f 2487 2491 2492
f 2483 2482 2493
f 2493 2494 2483
f 2494 2493 2495
f 2495 2496 2494
f 2498 2494 2496
f 2496 2497 2498
f 2484 2483 2494
f 2494 2498 2484
f 2496 2495 2499
f 2499 2500 2496
f 2500 2499 2501
f 2501 2502 2500
f 2504 2500 2502
f 2502 2503 2504
f 2497 2496 2500
f 2500 2504 2497
f 2506 2497 2504
f 2504 2505 2506
f 2505 2504 2503
f 2503 2507 2505
f 2509 2505 2507
f 2507 2508 2509
f 2510 2506 2505
f 2505 2509 2510
f 2488 2484 2498
f 2498 2511 2488
f 2511 2498 2497
f 2497 2506 2511
f 2512 2511 2506
f 2506 2510 2512
f 2489 2488 2511
f 2511 2512 2489
f 2514 2489 2512
f 2512 2513 2514
f 2513 2512 2510
f 2510 2515 2513
f 2517 2513 2515
f 2515 2516 2517
f 2518 2514 2513
f 2513 2517 2518
f 2515 2510 2509
f 2509 2519 2515
f 2519 2509 2508
f 2508 2520 2519
f 2522 2519 2520
f 2520 2521 2522
f 2516 2515 2519
f 2519 2522 2516
f 2524 2516 2522
f 2522 2523 2524
f 2523 2522 2521
f 2521 2525 2523
f 2526 2523 2525
f 2527 2524 2523
f 2523 2526 2527
f 2529 2518 2517
f 2517 2528 2529
f 2528 2517 2516
f 2516 2524 2528
f 2530 2528 2524
f 2524 2527 2530
f 2531 2529 2528
f 2528 2530 2531
f 2492 2532 2473
f 2532 2492 2491
f 2491 2533 2532
f 2535 2532 2533
f 2533 2534 2535
f 2477 2473 2532
f 2532 2535 2477
f 2533 2491 2490
f 2490 2536 2533
f 2536 2490 2489
f 2489 2514 2536
f 2537 2536 2514
f 2514 2518 2537
f 2534 2533 2536
f 2536 2537 2534
f 2539 2534 2537
f 2537 2538 2539
f 2538 2537 2518
f 2518 2529 2538
f 2540 2538 2529
f 2529 2531 2540
f 2541 2539 2538
f 2538 2540 2541
f 2535 2542 2477
f 2542 2535 2534
f 2534 2539 2542
f 2543 2542 2539
f 2539 2541 2543
f 2542 2543 2477
f 2502 2501 2544
f 2544 2545 2502
f 2545 2544 2546
f 2546 2547 2545
f 2549 2545 2547
f 2547 2548 2549
f 2503 2502 2545
f 2545 2549 2503
f 2547 2546 2550
f 2550 2551 2547
f 2551 2550 2552
f 2552 2553 2551
f 2548 2547 2551
f 2555 2548 2551
f 2551 2554 2555
f 2554 2551 2553
f 2553 2556 2554
f 2557 2554 2556
f 2558 2555 2554
f 2554 2557 2558
f 2507 2503 2549
f 2549 2559 2507
f 2559 2549 2548
f 2548 2555 2559
f 2560 2559 2555
f 2555 2558 2560
f 2508 2507 2559
f 2559 2560 2508
f 2553 2552 3213
f 2553 3213 2561
f 2561 2562 2553
f 2562 2561 2563
f 2562 2563 2564
f 2564 2656 2562
f 2565 2562 2656
f 2656 2660 2565
f 2553 2566 2556
f 2566 2553 2562
f 2562 2565 2566
f 2567 2566 2565
f 2557 2556 2566
f 2566 2567 2557
f 2577 2557 2567
f 2569 2567 2565
f 2565 2568 2569
f 2567 2569 2577
f 2660 2570 2565
f 2565 2570 2568
f 2570 2572 2568
f 2570 2571 2572
f 2573 2568 2572
f 2573 2569 2568
f 2569 2573 2574
f 2520 2508 2560
f 2560 2575 2520
f 2575 2560 2558
f 2558 2576 2575
f 2581 2575 2576
f 2521 2520 2575
f 2575 2581 2521
f 2576 2558 2557
f 2557 2577 2576
f 2578 2576 2577
f 2577 2579 2578
f 2577 2569 2579
f 2569 2574 2579
f 2580 2578 2579
f 2525 2521 2581
f 2576 2578 2581
f 2578 2580 2581
f 2583 2525 2581
f 2581 2582 2583
f 2582 2581 2580
f 2585 2582 2580
f 2580 2584 2585
f 2586 2583 2582
f 2582 2585 2586
f 2579 2587 2580
f 2587 2579 2574
f 2574 2588 2587
f 2589 2587 2588
f 2584 2580 2587
f 2587 2589 2584
f 2590 2589 2588
f 2590 2602 2591
f 2591 2589 2590
f 2593 2586 2585
f 2585 2592 2593
f 2592 2585 2584
f 2584 2589 2592
f 2594 2592 2589
f 2589 2591 2594
f 2595 2593 2592
f 2592 2594 2595
f 2588 2574 2573
f 2573 2601 2588
f 2573 2596 2601
f 2596 2598 2601
f 2596 2573 2572
f 2571 2597 2572
f 2598 2596 2572
f 2598 2572 2597
f 2597 2599 2598
f 2590 2588 2601
f 2602 2601 2598
f 2598 2600 2602
f 2602 2590 2601
f 2603 2602 2600
f 2600 2675 2603
f 2598 2604 2600
f 2604 2598 2599
f 2675 2604 2599
f 2675 2600 2604
f 2675 2605 2606
f 2606 2603 2675
f 2603 2606 2611
f 2608 2595 2594
f 2594 2607 2608
f 2607 2594 2591
f 2591 2609 2607
f 2610 2608 2607
f 2591 2602 2609
f 2602 2603 2609
f 2611 2609 2603
f 2609 2611 2612
f 2613 2610 2607
f 2607 2614 2613
f 2614 2607 2609
f 2609 2612 2614
f 2543 2615 2477
f 2615 2543 2541
f 2541 2616 2615
f 2648 2615 2616
f 2615 2648 2477
f 2616 2541 2540
f 2540 2617 2616
f 2617 2540 2531
f 2531 2618 2617
f 2620 2617 2618
f 2618 2619 2620
f 2617 2620 2616
f 2622 2616 2620
f 2620 2621 2622
f 2621 2620 2619
f 2619 2623 2621
f 2625 2621 2623
f 2623 2624 2625
f 2626 2622 2621
f 2621 2625 2626
f 2476 2477 2648
f 2616 2622 2648
f 2622 2626 2648
f 2618 2531 2530
f 2530 2627 2618
f 2627 2530 2527
f 2527 2628 2627
f 2630 2627 2628
f 2628 2629 2630
f 2619 2618 2627
f 2627 2630 2619
f 2628 2527 2526
f 2526 2631 2628
f 2631 2526 2525
f 2525 2583 2631
f 2632 2631 2583
f 2583 2586 2632
f 2629 2628 2631
f 2631 2632 2629
f 2634 2629 2632
f 2632 2633 2634
f 2633 2632 2586
f 2586 2593 2633
f 2635 2633 2593
f 2593 2595 2635
f 2636 2634 2633
f 2633 2635 2636
f 2623 2619 2630
f 2630 2637 2623
f 2637 2630 2629
f 2629 2634 2637
f 2638 2637 2634
f 2634 2636 2638
f 2624 2623 2637
f 2637 2638 2624
f 2640 2624 2638
f 2638 2639 2640
f 2639 2638 2636
f 2641 2639 2636
f 2636 2610 2641
f 2642 2640 2639
f 2639 2641 2642
f 2635 2608 2636
f 2608 2635 2595
f 2610 2636 2608
f 2610 2613 2643
f 2644 2643 2613
f 2643 2644 2645
f 2646 2642 2641
f 2610 2643 2641
f 2647 2641 2643
f 2643 2645 2647
f 2655 2646 2641
f 2641 2647 2655
f 2626 2649 2648
f 2757 2648 2649
f 2649 2650 2757
f 2648 2757 2476
f 2649 2626 2625
f 2625 2651 2649
f 2651 2625 2624
f 2624 2640 2651
f 2652 2651 2640
f 2640 2642 2652
f 2650 2649 2651
f 2651 2652 2650
f 2654 2650 2652
f 2652 2653 2654
f 2653 2652 2642
f 2642 2646 2653
f 2655 2653 2646
f 2710 2654 2653
f 2653 2655 2710
f 2650 2654 2757
f 2654 2710 2757
f 2656 2564 3104
f 2656 3104 2657
f 2659 2657 2662
f 2657 2659 2656
f 2658 2656 2659
f 2659 2665 2658
f 2660 2656 2658
f 2662 2657 3099
f 2661 2662 3099
f 2661 2670 2662
f 2662 2663 2659
f 2662 2664 2663
f 2664 2662 2670
f 2673 2664 2670
f 2660 2665 2570
f 2665 2660 2658
f 2659 2663 2665
f 2666 2665 2663
f 2663 2664 2666
f 2667 2666 2664
f 2666 2667 2571
f 2571 2570 2665
f 2571 2665 2666
f 2670 2661 2668
f 2670 2668 2669
f 2669 2671 2670
f 2673 2670 2671
f 2673 2671 2672
f 2671 3301 2672
f 2690 2673 2672
f 2597 2571 2667
f 2664 2673 2667
f 2673 2676 2667
f 2597 2676 2599
f 2676 2597 2667
f 2674 2676 2673
f 2673 2690 2674
f 2676 2675 2599
f 2677 2675 2676
f 2676 2674 2677
f 2675 2677 2605
f 2677 2680 2678
f 2680 2677 2674
f 2674 2679 2680
f 2687 2680 2679
f 2678 2680 2681
f 2682 2674 2690
f 2679 2674 2682
f 2682 2684 2679
f 2679 2684 2683
f 2682 2694 2684
f 2685 2684 2694
f 2684 2685 2702
f 2686 2684 2702
f 2688 2681 2680
f 2680 2687 2688
f 2687 2689 2688
f 2679 2683 2687
f 2687 2683 2689
f 2686 2683 2684
f 2683 2686 2689
f 2672 2691 2690
f 2672 2692 2691
f 3301 2692 2672
f 2694 2690 2691
f 2694 2682 2690
f 2693 2691 2692
f 2691 2693 2694
f 2693 2697 2694
f 2694 2697 2685
f 2695 2692 3302
f 2692 2695 2693
f 2696 2693 2695
f 1859 2696 2695
f 2695 3302 1859
f 2693 2696 2697
f 1859 2697 2696
f 2689 2698 2699
f 2689 2686 2698
f 2701 2686 2700
f 2698 2701 2707
f 2701 2698 2686
f 2700 2686 2702
f 2700 2702 2685
f 2704 2700 2685
f 2700 2704 2703
f 2685 1853 2704
f 2701 2705 2707
f 2706 2707 2705
f 2705 2701 2700
f 2700 2703 2705
f 2705 2708 2709
f 2708 2705 2703
f 2704 2708 2703
f 1850 2709 2708
f 2708 2704 1850
f 2709 2706 2705
f 2709 1850 1742
f 1742 2706 2709
f 2710 2716 2757
f 2655 2711 2710
f 2655 2712 2711
f 2714 2711 2712
f 2712 2713 2714
f 2716 2710 2711
f 2711 2714 2716
f 2714 2715 2716
f 2715 2714 2713
f 2713 2717 2715
f 2719 2715 2717
f 2717 2718 2719
f 2720 2716 2715
f 2715 2719 2720
f 2716 2720 2757
f 2712 2655 2647
f 2647 2721 2712
f 2721 2647 2645
f 2645 2722 2721
f 2724 2721 2722
f 2722 2723 2724
f 2713 2712 2721
f 2721 2724 2713
f 2722 2645 2644
f 2644 2725 2722
f 2725 2644 2613
f 2613 2726 2725
f 2728 2725 2726
f 2726 2727 2728
f 2723 2722 2725
f 2725 2728 2723
f 2730 2723 2728
f 2728 2729 2730
f 2729 2728 2727
f 2727 2731 2729
f 2733 2729 2731
f 2731 2732 2733
f 2734 2730 2729
f 2729 2733 2734
f 2717 2713 2724
f 2724 2735 2717
f 2735 2724 2723
f 2723 2730 2735
f 2736 2735 2730
f 2730 2734 2736
f 2718 2717 2735
f 2735 2736 2718
f 2738 2718 2736
f 2736 2737 2738
f 2737 2736 2734
f 2734 2739 2737
f 2741 2737 2739
f 2739 2740 2741
f 2742 2738 2737
f 2737 2741 2742
f 2739 2734 2733
f 2733 2743 2739
f 2743 2733 2732
f 2732 2744 2743
f 2746 2743 2744
f 2744 2745 2746
f 2740 2739 2743
f 2743 2746 2740
f 2748 2740 2746
f 2746 2747 2748
f 2747 2746 2745
f 2745 2749 2747
f 2751 2747 2749
f 2749 2750 2751
f 2752 2748 2747
f 2747 2751 2752
f 2754 2742 2741
f 2741 2753 2754
f 2753 2741 2740
f 2740 2748 2753
f 2755 2753 2748
f 2748 2752 2755
f 2756 2754 2753
f 2753 2755 2756
f 2720 2758 2757
f 2766 2757 2758
f 2758 2759 2766
f 2757 2766 2476
f 2758 2720 2719
f 2719 2760 2758
f 2760 2719 2718
f 2718 2738 2760
f 2761 2760 2738
f 2738 2742 2761
f 2759 2758 2760
f 2760 2761 2759
f 2763 2759 2761
f 2761 2762 2763
f 2762 2761 2742
f 2742 2754 2762
f 2764 2762 2754
f 2754 2756 2764
f 2765 2763 2762
f 2762 2764 2765
f 2759 2763 2766
f 2767 2766 2763
f 2763 2765 2767
f 2766 2767 2476
f 2726 2613 2614
f 2614 2768 2726
f 2768 2614 2612
f 2612 2769 2768
f 2771 2768 2769
f 2769 2770 2771
f 2727 2726 2768
f 2768 2771 2727
f 2769 2612 2611
f 2611 2773 2769
f 2611 2772 2773
f 2770 2769 2773
f 2775 2770 2773
f 2773 2774 2775
f 2774 2773 2772
f 2776 2774 2772
f 2772 2785 2776
f 2777 2775 2774
f 2774 2776 2777
f 2731 2727 2771
f 2771 2778 2731
f 2778 2771 2770
f 2770 2775 2778
f 2779 2778 2775
f 2775 2777 2779
f 2732 2731 2778
f 2778 2779 2732
f 2772 2611 2606
f 2606 2780 2783
f 2606 2783 2772
f 2781 2605 2677
f 2677 2678 2781
f 2780 2606 2605
f 2605 2781 2780
f 2782 2780 2781
f 2678 2681 2781
f 2681 2782 2781
f 2780 2782 2783
f 2785 2772 2783
f 2783 2782 2785
f 2782 2784 2785
f 2784 2782 2681
f 2681 2786 2784
f 2681 2688 2786
f 2786 2788 2787
f 2788 2786 2688
f 2688 2689 2788
f 2689 2699 2788
f 2789 2787 2788
f 2791 2785 2784
f 2784 2790 2791
f 2790 2784 2786
f 2786 2787 2790
f 2792 2790 2787
f 2787 2789 2792
f 2793 2791 2790
f 2790 2792 2793
f 2744 2732 2779
f 2779 2794 2744
f 2794 2779 2777
f 2777 2795 2794
f 2796 2794 2795
f 2795 2798 2796
f 2745 2744 2794
f 2794 2796 2745
f 2795 2777 2776
f 2776 2798 2795
f 2798 2776 2785
f 2785 2791 2798
f 2797 2798 2791
f 2791 2793 2797
f 2749 2745 2796
f 2796 2799 2749
f 2799 2796 2798
f 2750 2749 2799
f 2801 2750 2799
f 2799 2800 2801
f 2800 2799 2798
f 2803 2800 2798
f 2798 2802 2803
f 2804 2801 2800
f 2800 2803 2804
f 2797 2805 2798
f 2805 2797 2793
f 2793 2806 2805
f 2808 2805 2806
f 2806 2807 2808
f 2802 2798 2805
f 2805 2808 2802
f 2810 2802 2808
f 2808 2809 2810
f 2809 2808 2807
f 2812 2809 2807
f 2807 2811 2812
f 2812 2810 2809
f 2814 2804 2803
f 2803 2813 2814
f 2813 2803 2802
f 2802 2810 2813
f 2815 2813 2810
f 2810 2812 2815
f 2816 2814 2813
f 2813 2815 2816
f 2806 2793 2792
f 2792 2817 2806
f 2817 2792 2789
f 2807 2806 2817
f 2817 2789 2788
f 2788 2699 2817
f 2699 2698 2818
f 2818 2817 2699
f 2818 2707 2819
f 2707 2818 2698
f 2817 2819 2807
f 2819 2817 2818
f 2819 2707 2820
f 2811 2807 2819
f 2819 2820 2811
f 2707 2821 2820
f 2823 2820 2821
f 2821 2822 2823
f 2820 2823 2833
f 2825 2822 2821
f 2821 2824 2825
f 2824 2821 2707
f 2707 2706 2824
f 1741 2824 2706
f 2706 1742 1741
f 1738 2825 2824
f 2824 1741 1738
f 2827 2833 2823
f 2823 2826 2827
f 2826 2823 2822
f 2822 2825 2826
f 1736 2826 2825
f 2825 1738 1736
f 1724 2827 2826
f 2826 1736 1724
f 2828 2816 2815
f 2815 2830 2828
f 2830 2815 2812
f 2812 2829 2830
f 2829 2835 2830
f 2831 2828 2830
f 2812 2832 2829
f 2832 2812 2811
f 2811 2820 2832
f 2833 2832 2820
f 2835 2829 2832
f 2832 2833 2835
f 2833 2834 2835
f 2833 2827 2834
f 1722 2834 2827
f 2827 1724 1722
f 1718 2835 2834
f 2834 1722 1718
f 2837 2831 2830
f 2830 2836 2837
f 2836 2830 2835
f 1716 2836 2835
f 2835 1718 1716
f 1682 2837 2836
f 2836 1716 1682
f 2767 2874 2476
f 2874 2767 2765
f 2765 2838 2874
f 2838 2765 2764
f 2764 2839 2838
f 2839 2764 2756
f 2756 2840 2839
f 2842 2839 2840
f 2840 2841 2842
f 2839 2842 2838
f 2844 2838 2842
f 2842 2843 2844
f 2843 2842 2841
f 2841 2845 2843
f 2847 2843 2845
f 2845 2846 2847
f 2848 2844 2843
f 2843 2847 2848
f 2838 2844 2874
f 2844 2848 2874
f 2840 2756 2755
f 2755 2849 2840
f 2849 2755 2752
f 2752 2850 2849
f 2851 2849 2850
f 2850 2855 2851
f 2841 2840 2849
f 2849 2851 2841
f 2850 2752 2751
f 2751 2852 2850
f 2852 2751 2750
f 2750 2801 2852
f 2853 2852 2801
f 2801 2804 2853
f 2855 2850 2852
f 2852 2853 2855
f 2853 2854 2855
f 2854 2853 2804
f 2804 2814 2854
f 2856 2854 2814
f 2814 2816 2856
f 2857 2855 2854
f 2854 2856 2857
f 2845 2841 2851
f 2851 2858 2845
f 2858 2851 2855
f 2859 2858 2855
f 2855 2857 2859
f 2846 2845 2858
f 2858 2859 2846
f 2861 2846 2859
f 2859 2860 2861
f 2860 2859 2857
f 2857 2862 2860
f 2864 2860 2862
f 2862 2863 2864
f 2865 2861 2860
f 2860 2864 2865
f 2862 2857 2856
f 2856 2866 2862
f 2866 2856 2816
f 2816 2828 2866
f 2867 2866 2828
f 2828 2831 2867
f 2863 2862 2866
f 2866 2867 2863
f 2869 2863 2867
f 2867 2868 2869
f 2868 2867 2831
f 2831 2837 2868
f 1680 2868 2837
f 2837 1682 1680
f 1676 2869 2868
f 2868 1680 1676
f 2871 2865 2864
f 2864 2870 2871
f 2870 2864 2863
f 2863 2869 2870
f 1674 2870 2869
f 2869 1676 1674
f 1664 2871 2870
f 2870 1674 1664
f 2848 2872 2874
f 2872 2873 2874
f 2872 2848 2847
f 2847 2875 2872
f 2875 2847 2846
f 2846 2861 2875
f 2876 2875 2861
f 2861 2865 2876
f 2873 2872 2875
f 2875 2876 2873
f 2878 2873 2876
f 2876 2877 2878
f 2877 2876 2865
f 2865 2871 2877
f 1662 2877 2871
f 2871 1664 1662
f 1659 2878 2877
f 2877 1662 1659
f 2873 2878 2874
f 1714 2476 2874
f 2874 2878 1714
f 2170 2879 2470
f 2879 2170 2166
f 2166 2880 2879
f 2926 2879 2880
f 2880 2881 2926
f 2879 2926 2470
f 2880 2166 2164
f 2164 2882 2880
f 2882 2164 2152
f 2152 2883 2882
f 2885 2882 2883
f 2883 2884 2885
f 2881 2880 2882
f 2882 2885 2881
f 2887 2881 2885
f 2885 2886 2887
f 2886 2885 2884
f 2884 2888 2886
f 2890 2886 2888
f 2888 2889 2890
f 2891 2887 2886
f 2886 2890 2891
f 2881 2887 2926
f 2887 2891 2926
f 2883 2152 2150
f 2150 2892 2883
f 2892 2150 2146
f 2146 2893 2892
f 2895 2892 2893
f 2893 2894 2895
f 2884 2883 2892
f 2892 2895 2884
f 2893 2146 2144
f 2144 2896 2893
f 2896 2144 2111
f 2111 2897 2896
f 2899 2896 2897
f 2897 2898 2899
f 2894 2893 2896
f 2896 2899 2894
f 2901 2894 2899
f 2899 2900 2901
f 2900 2899 2898
f 2898 2902 2900
f 2909 2900 2902
f 2902 2903 2909
f 2909 2901 2900
f 2888 2884 2895
f 2895 2904 2888
f 2904 2895 2894
f 2894 2901 2904
f 2901 2909 2904
f 2889 2888 2904
f 2906 2889 2904
f 2904 2905 2906
f 2905 2904 2909
f 2909 2907 2905
f 2908 2906 2905
f 2903 2910 2909
f 2911 2909 2910
f 2909 2911 2907
f 2913 2911 2910
f 2910 2912 2913
f 2911 2913 2914
f 2916 2908 2905
f 2905 2915 2916
f 2915 2905 2907
f 2907 2911 2915
f 2917 2915 2911
f 2911 2914 2917
f 2918 2916 2915
f 2915 2917 2918
f 2891 2919 2926
f 2919 2920 2926
f 2919 2891 2890
f 2890 2921 2919
f 2921 2890 2889
f 2889 2906 2921
f 2922 2921 2906
f 2906 2908 2922
f 2920 2919 2921
f 2921 2922 2920
f 2923 2920 2922
f 2908 2916 2922
f 2924 2922 2916
f 2916 2918 2924
f 2925 2923 2922
f 2922 2924 2925
f 2920 2923 2926
f 2923 2925 2926
f 2897 2111 2109
f 2109 2927 2897
f 2927 2109 2106
f 2106 2928 2927
f 2930 2927 2928
f 2928 2929 2930
f 2898 2897 2927
f 2927 2930 2898
f 2928 2106 2104
f 2104 2931 2928
f 2931 2104 2096
f 2096 2932 2931
f 2934 2931 2932
f 2932 2933 2934
f 2929 2928 2931
f 2931 2934 2929
f 2936 2929 2934
f 2934 2935 2936
f 2935 2934 2933
f 2933 2937 2935
f 2939 2935 2937
f 2937 2938 2939
f 2940 2936 2935
f 2935 2939 2940
f 2902 2898 2930
f 2930 2941 2902
f 2941 2930 2929
f 2929 2936 2941
f 2942 2941 2936
f 2936 2940 2942
f 2903 2902 2941
f 2941 2942 2903
f 2932 2096 2094
f 2094 2943 2932
f 2943 2094 2091
f 2091 2944 2943
f 2946 2943 2944
f 2944 2945 2946
f 2933 2932 2943
f 2943 2946 2933
f 2944 2091 2090
f 2090 2947 2944
f 2947 2090 2059
f 2059 2948 2947
f 2945 2944 2947
f 2950 2945 2947
f 2947 2949 2950
f 2949 2947 2948
f 2952 2949 2948
f 2948 2951 2952
f 2937 2933 2946
f 2946 2953 2937
f 2953 2946 2945
f 2945 2950 2953
f 2954 2953 2950
f 2950 2949 2954
f 2938 2937 2953
f 2953 2954 2938
f 2955 2938 2954
f 2954 2956 2955
f 2956 2954 2949
f 2960 2955 2956
f 2956 2949 2952
f 2951 3053 2952
f 2957 2952 3053
f 2959 2956 2952
f 2952 2957 2959
f 3054 2957 3053
f 3054 2987 2958
f 2958 2957 3054
f 2956 2959 2960
f 2961 2959 2957
f 2957 2958 2961
f 2962 2960 2959
f 2959 2961 2962
f 2910 2903 2942
f 2942 2963 2910
f 2963 2942 2940
f 2940 2964 2963
f 2969 2963 2964
f 2963 2969 2910
f 2964 2940 2939
f 2939 2965 2964
f 2965 2939 2938
f 2938 2955 2965
f 2966 2965 2955
f 2955 2960 2966
f 2969 2964 2965
f 2965 2966 2969
f 2967 2966 2960
f 2960 2962 2967
f 2968 2969 2966
f 2966 2967 2968
f 2969 2968 2970
f 2912 2910 2969
f 2969 2970 2912
f 2972 2912 2970
f 2970 2971 2972
f 2971 2970 2968
f 2968 2973 2971
f 2975 2971 2973
f 2973 2974 2975
f 2976 2972 2971
f 2971 2975 2976
f 2973 2968 2967
f 2967 2977 2973
f 2977 2967 2962
f 2962 2978 2977
f 2979 2977 2978
f 2974 2973 2977
f 2977 2979 2974
f 2980 2974 2979
f 2978 2988 2979
f 2981 2979 2988
f 2982 2980 2979
f 2979 2981 2982
f 2984 2976 2975
f 2975 2983 2984
f 2983 2975 2974
f 2974 2980 2983
f 2985 2983 2980
f 2980 2982 2985
f 2986 2984 2983
f 2983 2985 2986
f 2978 2962 2961
f 2961 2958 2978
f 2958 2988 2978
f 2988 2958 2987
f 2987 2990 2988
f 2990 2987 3062
f 3062 2989 2990
f 2991 2988 2990
f 2991 2992 2995
f 2993 2990 2989
f 2992 2991 2990
f 2990 2993 2992
f 2994 2992 2993
f 2994 2995 2992
f 2996 2995 2994
f 2998 2986 2985
f 2985 2997 2998
f 2997 2985 2982
f 2982 2999 2997
f 3000 2997 2999
f 2999 3002 3000
f 3001 2998 2997
f 2997 3000 3001
f 2999 2982 2981
f 2988 2991 2981
f 3002 2981 2991
f 2991 2995 3002
f 3002 2999 2981
f 3163 3002 2995
f 2995 2996 3163
f 3002 3163 3003
f 3004 3001 3000
f 3005 3000 3002
f 3002 3003 3005
f 3006 3004 3000
f 3000 3005 3006
f 2926 3007 2470
f 3007 2926 2925
f 2925 3008 3007
f 3010 3007 3008
f 3008 3009 3010
f 3007 3010 2470
f 3008 2925 2924
f 2924 3011 3008
f 3011 2924 2918
f 2918 3012 3011
f 3014 3011 3012
f 3012 3013 3014
f 3009 3008 3011
f 3011 3014 3009
f 3016 3009 3014
f 3014 3015 3016
f 3015 3014 3013
f 3013 3017 3015
f 3018 3015 3017
f 3017 3029 3018
f 3019 3016 3015
f 3015 3018 3019
f 3010 3020 2470
f 3020 3010 3009
f 3009 3016 3020
f 3016 3019 3020
f 3012 2918 2917
f 2917 3021 3012
f 3021 2917 2914
f 2914 3022 3021
f 3024 3021 3022
f 3022 3023 3024
f 3013 3012 3021
f 3021 3024 3013
f 3022 2914 2913
f 2913 3025 3022
f 3025 2913 2912
f 2912 2972 3025
f 3026 3025 2972
f 2972 2976 3026
f 3023 3022 3025
f 3025 3026 3023
f 2976 2984 3026
f 3027 3026 2984
f 2984 2986 3027
f 3028 3023 3026
f 3026 3027 3028
f 3017 3013 3024
f 3024 3029 3017
f 3029 3024 3023
f 3030 3029 3023
f 3023 3028 3030
f 3028 3031 3030
f 3032 3030 3031
f 3030 3032 3040
f 3031 3028 3027
f 3027 3033 3031
f 3033 3027 2986
f 2986 2998 3033
f 2998 3001 3033
f 3035 3031 3033
f 3033 3034 3035
f 3034 3033 3001
f 3001 3004 3034
f 3036 3034 3004
f 3004 3006 3036
f 3037 3035 3034
f 3034 3036 3037
f 3041 3040 3032
f 3031 3035 3032
f 3038 3032 3035
f 3035 3037 3038
f 3039 3041 3032
f 3032 3038 3039
f 3019 3040 3020
f 2473 2470 3020
f 3040 3019 3018
f 3040 3018 3029
f 3029 3030 3040
f 3040 3041 3043
f 3041 3039 3042
f 3041 3042 3043
f 3040 3043 3020
f 2058 2948 2059
f 2948 2058 2057
f 2057 3044 2948
f 3044 2057 2055
f 2948 3044 3053
f 2948 3053 2951
f 3044 2055 2054
f 3045 2054 2051
f 3046 2054 3045
f 3047 3044 2054
f 2054 3046 3047
f 3048 3044 3047
f 3048 3047 3046
f 3045 3050 3046
f 3045 3049 3050
f 3051 3046 3050
f 3052 3048 3046
f 3044 3055 3053
f 3054 3053 3055
f 3044 3048 3055
f 3063 3048 3052
f 3048 3063 3055
f 3054 3055 2987
f 2050 3056 2051
f 3058 2050 3057
f 2050 3058 3056
f 3059 2051 3056
f 2051 3059 3045
f 3049 3045 3059
f 3059 3056 3058
f 3057 3060 3058
f 3058 3060 3059
f 3060 3086 3059
f 3057 3304 3060
f 3060 3304 3086
f 3055 3062 2987
f 3062 3055 3063
f 3062 3063 2989
f 3052 3046 3051
f 3064 3050 3049
f 3050 3064 3051
f 3064 3065 3051
f 3065 3064 3049
f 3049 3059 3065
f 3059 3086 3065
f 3066 3051 3065
f 3066 3052 3051
f 3052 3066 3063
f 3070 3063 3066
f 3061 3066 3067
f 3069 3070 3066
f 3066 3061 3069
f 3067 3066 3065
f 3067 3065 3086
f 3061 3067 3086
f 3061 3068 3069
f 3063 3070 2989
f 2989 3070 2993
f 3071 3070 3069
f 3073 3071 3069
f 3070 3071 2993
f 3071 3072 2993
f 3071 3075 3072
f 3075 3071 3073
f 3073 3074 3075
f 3073 3076 3074
f 3076 3075 3074
f 3077 3072 3075
f 3075 3076 3077
f 3078 3072 3077
f 3080 3069 3068
f 3069 3080 3073
f 3061 3079 3068
f 3076 3073 3080
f 3083 3076 3080
f 3081 3083 3080
f 3079 3085 3068
f 3096 3068 3085
f 3080 3082 3081
f 3082 3080 3068
f 3068 3096 3082
f 3076 3083 3077
f 3084 3083 3081
f 3084 3077 3083
f 3079 3061 3086
f 3085 3086 3087
f 3086 3085 3079
f 3304 3305 3086
f 3087 3086 3305
f 3305 2669 3087
f 3095 3085 2669
f 2669 3085 3087
f 2669 3301 2671
f 2668 3095 2669
f 3089 3084 3081
f 3088 3084 3089
f 3089 3090 3088
f 3091 3090 3089
f 3089 3092 3091
f 3088 3093 3209
f 3088 3090 3093
f 3090 3091 3093
f 3094 3209 3093
f 3089 3081 3082
f 3085 3095 3096
f 3095 3098 3096
f 3092 3089 3082
f 3097 3082 3096
f 3082 3097 3092
f 3103 3092 3097
f 3096 2661 3097
f 3099 3103 3097
f 2661 3096 3098
f 3095 2668 3098
f 2661 3098 2668
f 3099 3097 2661
f 3102 3094 3093
f 3093 3100 3102
f 3100 3093 3091
f 3101 3100 3091
f 3100 3101 3102
f 3103 3091 3092
f 3101 3091 3103
f 3103 3099 3101
f 3104 3101 3099
f 3099 2657 3104
f 3106 3102 3101
f 3101 3105 3106
f 3101 3104 3105
f 2564 3106 3105
f 3105 3104 2564
f 3043 3107 3020
f 3107 3043 3042
f 3042 3108 3107
f 3108 3042 3039
f 3039 3109 3108
f 3111 3108 3109
f 3109 3110 3111
f 3108 3111 3107
f 3113 3107 3111
f 3111 3112 3113
f 3112 3111 3110
f 3110 3114 3112
f 3116 3112 3114
f 3114 3115 3116
f 3117 3113 3112
f 3112 3116 3117
f 3020 3160 2473
f 3160 3020 3107
f 3107 3113 3160
f 3113 3117 3160
f 3109 3039 3038
f 3038 3118 3109
f 3118 3038 3037
f 3037 3119 3118
f 3121 3118 3119
f 3119 3120 3121
f 3110 3109 3118
f 3118 3121 3110
f 3119 3037 3036
f 3036 3122 3119
f 3122 3036 3006
f 3006 3123 3122
f 3125 3122 3123
f 3123 3124 3125
f 3120 3119 3122
f 3122 3125 3120
f 3127 3120 3125
f 3125 3126 3127
f 3126 3125 3124
f 3124 3128 3126
f 3130 3126 3128
f 3128 3129 3130
f 3131 3127 3126
f 3126 3130 3131
f 3114 3110 3121
f 3121 3132 3114
f 3132 3121 3120
f 3120 3127 3132
f 3133 3132 3127
f 3127 3131 3133
f 3115 3114 3132
f 3132 3133 3115
f 3135 3115 3133
f 3133 3134 3135
f 3134 3133 3131
f 3131 3136 3134
f 3138 3134 3136
f 3136 3137 3138
f 3139 3135 3134
f 3134 3138 3139
f 3136 3131 3130
f 3130 3140 3136
f 3140 3130 3129
f 3129 3141 3140
f 3143 3140 3141
f 3141 3142 3143
f 3137 3136 3140
f 3140 3143 3137
f 3145 3137 3143
f 3143 3144 3145
f 3144 3143 3142
f 3142 3146 3144
f 3148 3144 3146
f 3146 3147 3148
f 3149 3145 3144
f 3144 3148 3149
f 3151 3139 3138
f 3138 3150 3151
f 3150 3138 3137
f 3137 3145 3150
f 3152 3150 3145
f 3145 3149 3152
f 3153 3151 3150
f 3150 3152 3153
f 3117 3154 3160
f 3154 3158 3160
f 3154 3117 3116
f 3116 3155 3154
f 3155 3116 3115
f 3115 3135 3155
f 3156 3155 3135
f 3135 3139 3156
f 3158 3154 3155
f 3155 3156 3158
f 3156 3157 3158
f 3157 3156 3139
f 3139 3151 3157
f 3159 3157 3151
f 3151 3153 3159
f 3225 3158 3157
f 3157 3159 3225
f 3158 3225 3160
f 3123 3006 3005
f 3005 3162 3123
f 3162 3005 3003
f 3003 3161 3162
f 3124 3123 3162
f 3161 3003 3163
f 2996 3170 3163
f 3165 3161 3163
f 3163 3164 3165
f 3164 3163 3170
f 3170 3166 3164
f 3167 3165 3164
f 3164 3166 3167
f 3128 3124 3162
f 3162 3168 3128
f 3168 3162 3161
f 3161 3165 3168
f 3169 3168 3165
f 3165 3167 3169
f 3129 3128 3168
f 3168 3169 3129
f 3170 2996 2994
f 2994 3171 3170
f 3171 3078 3170
f 3171 2994 2993
f 2993 3072 3171
f 3078 3171 3072
f 3170 3078 3166
f 3078 3172 3166
f 3078 3173 3172
f 3174 3172 3173
f 3172 3174 3175
f 3078 3077 3173
f 3077 3084 3173
f 3177 3175 3174
f 3174 3176 3177
f 3176 3174 3173
f 3173 3084 3176
f 3141 3129 3169
f 3169 3178 3141
f 3178 3169 3167
f 3167 3179 3178
f 3181 3178 3179
f 3179 3180 3181
f 3142 3141 3178
f 3178 3181 3142
f 3179 3167 3166
f 3166 3182 3179
f 3166 3172 3182
f 3183 3182 3172
f 3172 3175 3183
f 3180 3179 3182
f 3182 3183 3180
f 3185 3180 3183
f 3183 3184 3185
f 3184 3183 3175
f 3175 3177 3184
f 3186 3184 3177
f 3187 3185 3184
f 3184 3186 3187
f 3146 3142 3181
f 3181 3188 3146
f 3188 3181 3180
f 3180 3185 3188
f 3189 3188 3185
f 3185 3187 3189
f 3147 3146 3188
f 3188 3189 3147
f 3191 3147 3189
f 3189 3190 3191
f 3190 3189 3187
f 3187 3192 3190
f 3194 3190 3192
f 3192 3193 3194
f 3195 3191 3190
f 3190 3194 3195
f 3192 3187 3186
f 3186 3196 3192
f 3196 3186 3177
f 3198 3196 3177
f 3177 3197 3198
f 3193 3192 3196
f 3196 3198 3193
f 3200 3193 3198
f 3198 3199 3200
f 3199 3198 3197
f 3197 3201 3199
f 3202 3199 3201
f 3201 3211 3202
f 3203 3200 3199
f 3199 3202 3203
f 3205 3195 3194
f 3194 3204 3205
f 3204 3194 3193
f 3193 3200 3204
f 3206 3204 3200
f 3200 3203 3206
f 3207 3205 3204
f 3204 3206 3207
f 3084 3208 3176
f 3197 3177 3176
f 3084 3209 3208
f 3209 3084 3088
f 3209 3094 3208
f 3201 3197 3176
f 3176 3210 3201
f 3210 3176 3208
f 3211 3210 3208
f 3211 3201 3210
f 3208 3094 3211
f 3213 3211 3094
f 3211 3213 3212
f 3213 3094 3102
f 2561 3213 3102
f 3102 3106 2561
f 2563 2561 3106
f 3106 2564 2563
f 2552 3212 3213
f 3215 3207 3206
f 3206 3214 3215
f 3214 3206 3203
f 3203 3216 3214
f 3218 3214 3216
f 3216 3217 3218
f 3219 3215 3214
f 3214 3218 3219
f 3216 3203 3202
f 3202 3220 3216
f 3220 3202 3211
f 3211 3212 3220
f 3217 3216 3220
f 3222 3217 3220
f 3220 3221 3222
f 3221 3220 3212
f 2550 3221 3212
f 3212 2552 2550
f 2546 3222 3221
f 3221 2550 2546
f 3224 3219 3218
f 3218 3223 3224
f 3223 3218 3217
f 3217 3222 3223
f 2544 3223 3222
f 3222 2546 2544
f 2501 3224 3223
f 3223 2544 2501
f 3225 3231 3160
f 3159 3226 3225
f 3226 3159 3153
f 3153 3227 3226
f 3229 3226 3227
f 3227 3228 3229
f 3231 3225 3226
f 3226 3229 3231
f 3229 3230 3231
f 3230 3229 3228
f 3228 3232 3230
f 3234 3230 3232
f 3232 3233 3234
f 3235 3231 3230
f 3230 3234 3235
f 3231 3235 3160
f 3227 3153 3152
f 3152 3236 3227
f 3236 3152 3149
f 3149 3237 3236
f 3239 3236 3237
f 3237 3238 3239
f 3228 3227 3236
f 3236 3239 3228
f 3237 3149 3148
f 3148 3240 3237
f 3240 3148 3147
f 3147 3191 3240
f 3241 3240 3191
f 3191 3195 3241
f 3238 3237 3240
f 3240 3241 3238
f 3243 3238 3241
f 3241 3242 3243
f 3242 3241 3195
f 3195 3205 3242
f 3244 3242 3205
f 3205 3207 3244
f 3245 3243 3242
f 3242 3244 3245
f 3232 3228 3239
f 3239 3246 3232
f 3246 3239 3238
f 3238 3243 3246
f 3247 3246 3243
f 3243 3245 3247
f 3233 3232 3246
f 3246 3247 3233
f 3249 3233 3247
f 3247 3248 3249
f 3248 3247 3245
f 3245 3250 3248
f 3252 3248 3250
f 3250 3251 3252
f 3253 3249 3248
f 3248 3252 3253
f 3250 3245 3244
f 3244 3254 3250
f 3254 3244 3207
f 3207 3215 3254
f 3255 3254 3215
f 3215 3219 3255
f 3251 3250 3254
f 3254 3255 3251
f 3257 3251 3255
f 3255 3256 3257
f 3256 3255 3219
f 3219 3224 3256
f 2499 3256 3224
f 3224 2501 2499
f 2495 3257 3256
f 3256 2499 2495
f 3259 3253 3252
f 3252 3258 3259
f 3258 3252 3251
f 3251 3257 3258
f 2493 3258 3257
f 3257 2495 2493
f 2482 3259 3258
f 3258 2493 2482
f 3235 3260 3160
f 3260 3264 3160
f 3260 3235 3234
f 3234 3261 3260
f 3261 3234 3233
f 3233 3249 3261
f 3262 3261 3249
f 3249 3253 3262
f 3264 3260 3261
f 3261 3262 3264
f 3262 3263 3264
f 3263 3262 3253
f 3253 3259 3263
f 2480 3263 3259
f 3259 2482 2480
f 2478 3264 3263
f 3263 2480 2478
f 2492 3160 3264
f 3264 2478 2492
f 3160 2492 2473
f 3278 3265 3266
f 3270 3266 3267
f 3270 3267 3268
f 3270 3268 3269
f 3270 3269 3284
f 3270 3284 3276
f 3276 3266 3270
f 3276 3279 3266
f 3265 3271 3266
f 3271 3265 3286
f 3265 2469 3307
f 3307 3286 3265
f 3293 3299 3272
f 3293 3272 3273
f 3293 3273 3274
f 3293 3274 3275
f 3275 3294 3293
f 3294 3276 3293
f 3278 3303 3277
f 3277 2469 3278
f 3303 3278 3279
f 3266 3279 3278
f 3269 3282 3284
f 3282 3283 3284
f 3281 3276 3284
f 3283 3267 3284
f 3282 3269 3268
f 3268 3285 3282
f 3285 3268 3267
f 3283 3282 3285
f 3285 3267 3283
f 3266 3271 3267
f 3281 3284 3267
f 3281 3267 3271
f 3299 3294 3275
f 3275 3287 3299
f 3275 3288 3287
f 3288 3275 3274
f 3274 3289 3288
f 3291 3288 3289
f 3289 3290 3291
f 3288 3291 3287
f 3287 3291 3290
f 3289 3274 3273
f 3273 3292 3289
f 3292 3273 3272
f 3272 3299 3292
f 3290 3289 3292
f 3292 3299 3290
f 3287 3290 3299
f 3293 3276 3280
f 3294 3299 3298
f 3276 3294 3279
f 3303 3279 3301
f 3271 3296 3281
f 3271 204 3296
f 3271 3295 204
f 653 3295 3297
f 3271 3297 3295
f 3276 3281 3296
f 3298 3276 3296
f 3298 3299 3280
f 3299 3293 3280
f 3302 3298 3300
f 3298 3280 3276
f 3298 3279 3294
f 2692 3301 3302
f 3302 3301 3279
f 3298 3302 3279
f 3301 2669 3305
f 3305 3304 3301
f 3303 3301 3304
f 3057 3303 3304
f 3307 2469 3306
f 3306 3309 3307
f 3309 3297 3307
f 3307 3297 3286
f 3297 3271 3286
f 3310 3308 1261
f 1261 3309 3310
f 3297 3309 1261
f 3306 3310 3309
f 1628 3297 1292
f 3277 3303 3311
f 2469 3277 3311
f 3303 2053 3311
f 3337 3352 3312
f 3313 3314 3345
f 3313 3350 3335
f 3324 3313 3335
f 3313 3324 3312
f 3321 3323 3320
f 3319 3343 3328
f 3319 3328 3347
f 3319 3347 3348
f 3348 3316 3319
f 3316 3348 3320
f 3321 3320 3348
f 3321 3348 3346
f 3321 3346 3313
f 3313 3323 3321
f 3316 3320 3323
f 3343 3319 3322
f 3343 3322 3323
f 3345 3323 3313
f 3335 3350 3348
f 3335 3348 3324
f 3347 3336 3324
f 3336 3347 3333
f 3337 3333 3347
f 3337 3347 3328
f 3337 3328 3326
f 3338 3326 3327
f 3327 3339 3338
f 3340 3339 3327
f 3327 3341 3340
f 3342 3341 3334
f 3342 3334 3351
f 3317 3351 3331
f 3317 3331 3329
f 3318 3329 3332
f 3318 3332 3330
f 3332 3345 3330
f 3349 3350 3313
f 3350 3315 3348
f 3328 3343 3325
f 3325 3326 3328
f 3325 3327 3326
f 3327 3325 3344
f 3344 3341 3327
f 3344 3334 3341
f 3344 3351 3334
f 3344 3331 3351
f 3344 3329 3331
f 3344 3332 3329
f 3332 3344 3345
f 3323 3325 3343
f 3324 3348 3347
f 3315 3346 3348
f 3346 3315 3350
f 3349 3346 3350
f 3349 3313 3346
f 3312 3352 3313
f 3330 3345 3314
f 3318 3330 3314
f 3329 3318 3314
f 3317 3329 3314
f 3351 3317 3314
f 3342 3351 3314
f 3341 3342 3314
f 3313 3352 3314
f 3339 3340 3352
f 3352 3340 3341
f 3352 3341 3314
f 3352 3353 3339
f 3338 3339 3353
f 3324 3336 3312
f 3326 3338 3353
f 3353 3352 3326
f 3337 3326 3352
f 3336 3333 3312
f 3333 3337 3312

