# https://github.com/mikedh/trimesh
v 0.03668185 -0.00280027 0.17298846
v 0.03699289 -0.00208176 0.17330516
v 0.03700922 -0.00247377 0.17363195
v 0.03686786 -0.00240932 0.17369143
v 0.04097327 -0.00319353 0.17298846
v 0.04101965 -0.00319396 0.17298846
v 0.04079866 -0.00250510 0.17363562
v 0.04101495 -0.00191185 0.17323421
v 0.04094047 -0.00244299 0.17369538
v 0.03740195 -0.00330746 0.17172930
v 0.03834902 -0.00320925 0.17119375
v 0.03733175 -0.00280027 0.17167034
v 0.03696484 -0.00339766 0.17234493
v 0.03736685 -0.00305387 0.17169982
v 0.03809407 -0.00305307 0.17135241
v 0.03908736 -0.00350447 0.17139767
v 0.03890095 -0.00346259 0.17126631
v 0.03747690 -0.00228493 0.17179226
v 0.03745434 -0.00298785 0.17177332
v 0.03853334 -0.00252311 0.17120696
v 0.03970783 -0.00305307 0.17135241
v 0.03740195 -0.00199171 0.17172930
v 0.03673538 -0.00226923 0.17245993
v 0.03736685 -0.00224530 0.17169982
v 0.03966705 -0.00339766 0.17136213
v 0.03975030 -0.00280027 0.17126631
v 0.03679319 -0.00252803 0.17264622
v 0.03848391 -0.00242427 0.17112523
v 0.03688112 -0.00179105 0.17332741
v 0.03843405 -0.00143268 0.17194567
v 0.03768415 -0.00181782 0.17196635
v 0.03746023 -0.00164316 0.17311823
v 0.03743894 -0.00135870 0.17271949
v 0.03844273 -0.00159726 0.17139089
v 0.03762011 -0.00150001 0.17191255
v 0.04004136 -0.00327370 0.17156177
v 0.03943637 -0.00224298 0.17131887
v 0.03890095 -0.00127509 0.17167034
v 0.04032500 -0.00228493 0.17179226
v 0.03822450 -0.00076915 0.17298846
v 0.03738440 -0.00131616 0.17312506
v 0.03975854 -0.00172887 0.17140086
v 0.04039995 -0.00199171 0.17172930
v 0.04039995 -0.00330746 0.17172930
v 0.04087850 -0.00325971 0.17226658
v 0.04028986 -0.00168357 0.17273294
v 0.03890095 -0.00089992 0.17227502
v 0.03751204 -0.00168357 0.17273294
v 0.03839106 -0.00112894 0.17321495
v 0.03933949 -0.00136532 0.17205198
v 0.04100432 -0.00249074 0.17268210
v 0.03978188 -0.00091253 0.17265599
v 0.04110966 -0.00220602 0.17261452
v 0.04041750 -0.00178758 0.17207095
v 0.03854053 -0.00161984 0.17424349
v 0.03768415 -0.00181782 0.17401057
v 0.04034167 -0.00209100 0.17211682
v 0.03762011 -0.00150001 0.17406437
v 0.04029087 -0.00141493 0.17217731
v 0.03970783 -0.00124773 0.17298846
v 0.04082209 -0.00209781 0.17330717
v 0.03897485 -0.00115448 0.17425414
v 0.04043505 -0.00130247 0.17326166
v 0.03933680 -0.00136487 0.17392482
v 0.04035835 -0.00163015 0.17324800
v 0.03966705 -0.00098891 0.17363199
v 0.03922523 -0.00177423 0.17431050
v 0.04011775 -0.00181782 0.17401057
v 0.03961333 -0.00163593 0.17444422
v 0.04030842 -0.00140124 0.17366302
v 0.04035537 -0.00189121 0.17421017
v 0.03695327 -0.00305307 0.17231069
v 0.03741021 -0.00305307 0.17173624
v 0.03682821 -0.00249890 0.17360668
v 0.04076468 -0.00349268 0.17236214
v 0.04084863 -0.00305307 0.17231069
v 0.04091402 -0.00276676 0.17339007
v 0.04096511 -0.00249890 0.17364292
v 0.03703814 -0.00349353 0.17236122
v 0.03746513 -0.00344986 0.17178237
v 0.03692800 -0.00332380 0.17267530
v 0.03683488 -0.00329521 0.17285640
v 0.03890095 -0.00353986 0.17132191
v 0.04039169 -0.00305307 0.17173624
v 0.04076376 -0.00349353 0.17236122
v 0.04082621 -0.00351682 0.17268255
v 0.04099646 -0.00319375 0.17298846
v 0.04103220 -0.00280027 0.17335953
v 0.04097775 -0.00305307 0.17312086
v 0.03941928 -0.00170508 0.17437736
v 0.03890095 -0.00155875 0.17451071
v 0.03819016 -0.00162806 0.17443916
v 0.03745511 -0.00187190 0.17420297
v 0.03730282 -0.00197125 0.17410802
v 0.03689758 -0.00343594 0.17272435
v 0.03698173 -0.00351445 0.17265111
v 0.03679467 -0.00312924 0.17301245
v 0.03724436 -0.00223695 0.17385715
v 0.03760161 -0.00200386 0.17407991
v 0.04020800 -0.00202122 0.17408638
v 0.03722988 -0.00394319 0.17241936
v 0.03733944 -0.00454384 0.17281591
v 0.03775207 -0.00481702 0.17281430
v 0.03737513 -0.00450814 0.17266597
v 0.03761099 -0.00278936 0.17187159
v 0.03685076 -0.00274280 0.17249468
v 0.03691807 -0.00356544 0.17250833
v 0.03858162 -0.00211483 0.17135384
v 0.04047015 -0.00298255 0.17205742
v 0.04057046 -0.00394500 0.17242368
v 0.03916481 -0.00174535 0.17146182
v 0.03965141 -0.00173116 0.17167575
v 0.04097479 -0.00286105 0.17255105
v 0.04088453 -0.00355857 0.17249562
v 0.03474265 -0.00042940 0.16900771
v 0.03411951 0.00228191 0.16648098
v 0.03636686 -0.00353338 0.17225560
v 0.03538352 -0.00360698 0.17233381
v 0.03538352 -0.00227188 0.17236804
v 0.03807539 0.00219222 0.16692525
v 0.03774432 0.00068930 0.16712564
v 0.03636625 0.00308379 0.16383494
v 0.03863420 0.00318468 0.16384013
v 0.03636686 -0.00219031 0.17230164
v 0.03863420 0.00448548 0.16390712
v 0.03923813 0.00047046 0.16902631
v 0.03908233 0.00005464 0.16794633
v 0.04090260 0.00440748 0.16390310
v 0.04090257 0.00246214 0.16649026
v 0.03975030 -0.00259617 0.17158321
v 0.04241838 -0.00357393 0.17230200
v 0.04090319 -0.00350135 0.17223043
v 0.04090319 -0.00216016 0.17221483
v 0.04069528 -0.00240345 0.17229620
v 0.04241838 -0.00224462 0.17234316
v 0.04305925 0.00025092 0.16895981
v 0.04368239 0.00228191 0.16648098
v 0.03380423 0.00326496 0.16518780
v 0.03380423 0.00196416 0.16512082
v 0.03806732 0.00409034 0.16388677
v 0.04306367 0.00424781 0.16389488
v 0.04306367 0.00294701 0.16382790
v 0.04383155 0.00264461 0.16422570
v 0.04143466 -0.00491808 0.17279325
v 0.04225586 -0.00418551 0.17256469
v 0.04225586 -0.00288472 0.17259082
v 0.04143466 -0.00361729 0.17281669
v 0.04399767 0.00261456 0.16515431
v 0.03733175 -0.00259617 0.17203355
v 0.03694180 -0.00259617 0.17241802
v 0.03939595 -0.00285300 0.17151885
v 0.04086033 -0.00259617 0.17241913
v 0.04047015 -0.00259617 0.17203684
v 0.03636625 0.00438459 0.16390192
v 0.03636735 -0.00362538 0.17282404
v 0.03708359 -0.00244175 0.17231282
v 0.03815222 -0.00172016 0.17167955
v 0.04090260 0.00310669 0.16383612
v 0.04399767 0.00196416 0.16512082
v 0.03863453 -0.00275777 0.17141303
v 0.03729878 -0.00348321 0.17218810
v 0.03685588 -0.00382794 0.17282368
v 0.03738930 -0.00206308 0.17206308
v 0.04004535 -0.00481999 0.17284869
v 0.04042675 -0.00450812 0.17268081
v 0.04056187 -0.00420984 0.17254297
v 0.04054087 -0.00358281 0.17224816
v 0.04041292 -0.00206605 0.17206760
v 0.04094577 -0.00382775 0.17282310
v 0.04121655 -0.00329992 0.17271174
v 0.04095114 -0.00273956 0.17249530
v 0.03805160 -0.00288307 0.17159404
v 0.03890095 -0.00272345 0.17133737
v 0.04012487 -0.00315152 0.17187115
v 0.04090368 -0.00389254 0.17282329
v 0.03636735 -0.00492616 0.17280059
v 0.04090337 -0.00266293 0.17245618
v 0.03890095 -0.00162453 0.17155049
v 0.04013335 -0.00193874 0.17192076
v 0.03851081 -0.00413251 0.06399192
v 0.03885026 -0.00413251 0.06272508
v 0.03724397 -0.00413251 0.06433137
v 0.03943820 -0.00413251 0.06491931
v 0.03933589 0.02826368 0.06353672
v 0.03889561 0.02826368 0.06607375
v 0.03753363 0.02826368 0.06441159
v 0.03792558 0.02826368 0.06587441
v 0.03938840 0.02826368 0.06626637
v 0.04045925 0.02826368 0.06519552
v 0.04091012 0.01600241 0.06209155
v 0.04023266 0.01602546 0.06112932
v 0.03994727 0.01255521 0.06135565
v 0.03919036 0.01248675 0.06077016
v 0.03808739 0.01596829 0.06169427
v 0.03787822 0.01598240 0.06248039
v 0.03730487 0.00903388 0.06295482
v 0.03809077 0.01602243 0.06327056
v 0.03883636 0.01496830 0.06354598
v 0.04080297 0.01596829 0.06326212
v 0.04061898 0.02152691 0.06235597
v 0.04100790 0.02153106 0.06303662
v 0.04118910 0.01879169 0.06291849
v 0.03956405 0.02408262 0.06225377
v 0.03847623 0.02154233 0.06235905
v 0.03808123 0.02154486 0.06303941
v 0.03797745 0.02153436 0.06342910
v 0.03995122 0.02025085 0.06472345
v 0.04025493 0.02426273 0.06529440
v 0.04098094 0.01882192 0.06370712
v 0.04100685 0.02154486 0.06382333
v 0.03978036 0.02826368 0.06344577
v 0.03899644 0.02826368 0.06323572
v 0.03821252 0.02826368 0.06344577
v 0.03742860 0.02826368 0.06480356
v 0.03763865 0.02826368 0.06401963
v 0.03763865 0.02826368 0.06558748
v 0.03811585 0.02424059 0.06471573
v 0.03899644 0.02826368 0.06637140
v 0.03978036 0.02826368 0.06616135
v 0.04056428 0.02826368 0.06480356
v 0.04035423 0.02826368 0.06558748
v 0.03929473 -0.00413251 0.06263413
v 0.03929473 0.00373997 0.06263413
v 0.03890277 0.00507147 0.06252911
v 0.03772689 0.00374279 0.06263413
v 0.03772689 -0.00413251 0.06263413
v 0.03715302 -0.00413251 0.06320799
v 0.03715302 0.00463589 0.06320799
v 0.03694297 -0.00413251 0.06399192
v 0.03694297 0.00375206 0.06399192
v 0.03704800 0.00507187 0.06438388
v 0.03743995 0.00374014 0.06506278
v 0.03851081 -0.00413251 0.06555975
v 0.03851081 0.00373868 0.06555975
v 0.03929473 0.00462926 0.06534971
v 0.03972513 -0.00018823 0.06491931
v 0.04007865 -0.00413251 0.06399192
v 0.04007865 0.00375206 0.06399192
v 0.03986859 0.00462802 0.06320799
v 0.04004893 0.00889432 0.06188244
v 0.03868534 0.00721243 0.06192391
v 0.03837650 0.01252276 0.06136066
v 0.03751179 0.00900346 0.06217986
v 0.03733239 0.00725942 0.06269398
v 0.03751997 0.00908299 0.06372426
v 0.03790129 0.00721119 0.06484991
v 0.03899798 0.01177030 0.06388105
v 0.03994434 0.01252276 0.06407624
v 0.03947131 0.00723240 0.06484366
v 0.04022737 0.00900346 0.06374770
v 0.04004796 0.00725942 0.06426183
v 0.04007865 0.00551573 0.06399192
v 0.03986859 0.00551573 0.06320799
v 0.03840312 0.00637406 0.06232859
v 0.03772689 0.00551573 0.06263413
v 0.03715302 0.00551573 0.06320799
v 0.03763593 0.00551573 0.06511528
v 0.03811885 0.00507179 0.06545473
v 0.03929473 0.00551573 0.06534971
v 0.03986859 0.00551573 0.06477584
v 0.03986859 0.00463589 0.06477584
v 0.03826355 -0.00582395 0.06363008
v 0.03850555 -0.00582395 0.06272692
v 0.03736039 -0.00582395 0.06387208
v 0.03892471 -0.00582395 0.06429124
v -0.02006249 -0.02115979 0.02123606
v -0.01963285 -0.02117478 0.02046548
v -0.01995575 -0.02054693 0.02099467
v -0.01926657 -0.02076643 0.01977424
v -0.01930990 -0.02180265 0.01993615
v -0.01962131 -0.02201744 0.02051302
v 0.03826355 -0.00582395 0.06251233
v 0.03770467 -0.00582395 0.06266207
v 0.03782819 0.00382429 0.06283631
v 0.03826355 0.00382429 0.06271352
v 0.03750947 0.00382429 0.06317180
v 0.03729555 -0.00582395 0.06307120
v 0.03739282 0.00382429 0.06363008
v 0.03750947 0.00382429 0.06408836
v 0.03729555 -0.00582395 0.06418896
v 0.03782819 0.00382429 0.06442385
v 0.03770467 -0.00582395 0.06459809
v 0.03826355 -0.00582395 0.06474784
v 0.03826355 0.00382429 0.06454665
v 0.03901763 0.00382429 0.06408836
v 0.03923156 -0.00582395 0.06418896
v 0.03913429 0.00382429 0.06363008
v 0.03979694 0.01164151 0.06146783
v 0.04024576 0.01180766 0.06201415
v 0.03922629 0.02862526 0.06416345
v 0.04086502 0.02151989 0.06291885
v 0.04008885 0.02724916 0.06407378
v 0.03511288 0.03237262 0.06646015
v 0.03819878 0.03117415 0.06546072
v 0.03532920 0.03246124 0.06685949
v 0.02845829 0.02955517 0.06887391
v 0.03221484 0.03201758 0.06808873
v 0.02855264 0.02962229 0.06932192
v 0.02318691 0.02331641 0.07019340
v 0.02545455 0.02657136 0.07018499
v 0.02273528 0.02273447 0.07077779
v 0.01939073 0.01484149 0.07053577
v 0.02077309 0.01896850 0.07104843
v 0.01942363 0.01482090 0.07099686
v 0.01828432 0.00937411 0.07013369
v 0.01864732 0.01136391 0.07077857
v 0.01787949 0.00647307 0.07029510
v 0.01626544 -0.00419903 0.06859103
v 0.01728637 0.00260166 0.06985037
v 0.01645789 -0.00270270 0.06924457
v 0.01692957 -0.01261455 0.06726707
v 0.01601210 -0.00789386 0.06858993
v 0.01646024 -0.01150378 0.06797650
v 0.02052238 -0.01626954 0.06614515
v 0.01823806 -0.01504961 0.06720094
v 0.02188775 -0.01697580 0.06628888
v 0.03034080 -0.01738469 0.06434942
v 0.02618883 -0.01765028 0.06546563
v 0.03225709 -0.01738312 0.06449724
v 0.03933612 -0.01631262 0.06294867
v 0.03652320 -0.01687315 0.06383642
v 0.04252870 -0.01592625 0.06289238
v 0.04980765 -0.01446389 0.06109792
v 0.04694029 -0.01520571 0.06212971
v 0.04918008 -0.01476424 0.06168936
v 0.05303703 -0.01291832 0.06033927
v 0.05149415 -0.01411484 0.06119842
v 0.05282834 -0.01337226 0.06086310
v 0.05406532 -0.01106676 0.06004815
v 0.05390080 -0.01222023 0.06056930
v 0.05442213 -0.01053427 0.06041567
v 0.05433372 -0.00780542 0.06001037
v 0.05455553 -0.00894856 0.06038306
v 0.05450723 -0.00613982 0.06049641
v 0.05417778 0.00203725 0.06068042
v 0.05444874 -0.00380915 0.06064463
v 0.05441079 0.00062180 0.06098244
v 0.05380110 0.01087617 0.06126665
v 0.05433714 0.00526896 0.06133590
v 0.05414219 0.00934348 0.06159854
v 0.05238432 0.01964452 0.06148739
v 0.05370189 0.01416457 0.06182940
v 0.05296411 0.01831110 0.06189930
v 0.04892475 0.02671218 0.06144539
v 0.05169499 0.02263520 0.06189310
v 0.04992355 0.02587460 0.06185515
v 0.04413048 0.02969567 0.06160644
v 0.04725751 0.02872101 0.06187028
v 0.04369844 0.03026807 0.06203195
v 0.03521806 0.02939171 0.06224321
v 0.03941902 0.03068533 0.06231876
v 0.03440243 0.02952875 0.06272982
v 0.02551868 0.02327595 0.06289128
v 0.02939849 0.02707977 0.06309785
v 0.02456500 0.02287315 0.06337977
v 0.01813649 0.01261979 0.06301252
v 0.02031359 0.01738977 0.06348318
v 0.01520291 0.00316378 0.06272076
v 0.01595045 0.00784079 0.06334407
v 0.01598481 -0.00676486 0.06205463
v 0.01445085 -0.00194793 0.06289695
v 0.02507939 -0.01696219 0.06088156
v 0.01906060 -0.01300445 0.06179301
v 0.03838373 -0.02198491 0.06109465
v 0.03097498 -0.01987767 0.06107546
v 0.03829296 -0.02218681 0.06150097
v 0.04876525 -0.02474430 0.06333614
v 0.04459921 -0.02391387 0.06257908
v 0.05053134 -0.02540355 0.06430046
v 0.05998892 -0.02700009 0.06597433
v 0.05630722 -0.02664077 0.06592602
v 0.06790317 -0.02780511 0.06528111
v 0.06392306 -0.02773255 0.06658464
v 0.07451140 -0.02806358 0.06272018
v 0.07193472 -0.02823506 0.06447611
v 0.08608350 -0.02796223 0.05499844
v 0.08166943 -0.02829344 0.05891566
v 0.09442433 -0.02766836 0.04752534
v 0.09118945 -0.02803707 0.05129913
v 0.10126628 -0.02735900 0.03943782
v 0.09875220 -0.02771042 0.04355325
v 0.10238160 -0.02753964 0.03876679
v 0.10618630 -0.02710738 0.03005559
v 0.10544842 -0.02738697 0.03352539
v 0.10693641 -0.02730167 0.02941898
v 0.10704215 -0.02702058 0.02221098
v 0.10769967 -0.02724185 0.02506217
v 0.10748322 -0.02722638 0.02153936
v 0.10490683 -0.02706165 0.01561231
v 0.10657082 -0.02723798 0.01795159
v 0.10506492 -0.02727845 0.01488892
v 0.10073401 -0.02719640 0.00998091
v 0.10304092 -0.02734183 0.01189695
v 0.10067597 -0.02742441 0.00923803
v 0.09495793 -0.02730062 0.00563309
v 0.09765789 -0.02751527 0.00655140
v 0.09468673 -0.02753142 0.00489747
v 0.08729344 -0.02706243 0.00397842
v 0.09051926 -0.02744431 0.00366069
v 0.07932619 -0.02647119 0.00510780
v 0.08362198 -0.02704604 0.00372473
v 0.07006034 -0.02562881 0.00829357
v 0.07409634 -0.02622250 0.00613874
v 0.06138766 -0.02486570 0.01310968
v 0.06446593 -0.02532916 0.01050566
v 0.05525091 -0.02452131 0.01904181
v 0.05682928 -0.02474341 0.01618194
v 0.05250874 -0.02484494 0.02723106
v 0.05292323 -0.02473185 0.02221638
v 0.05209326 -0.02503681 0.02716273
v 0.05509257 -0.02572563 0.03721343
v 0.05267332 -0.02547464 0.03233826
v 0.05470762 -0.02593539 0.03736147
v 0.06108714 -0.02620586 0.04495212
v 0.05775667 -0.02630063 0.04218443
v 0.06136193 -0.02646309 0.04596602
v 0.06940139 -0.02632525 0.05010258
v 0.06597268 -0.02654093 0.04933787
v 0.06998733 -0.02654781 0.05090960
v 0.07873346 -0.02641249 0.04989745
v 0.07479164 -0.02656663 0.05142336
v 0.07884922 -0.02663576 0.05028584
v 0.08569096 -0.02662867 0.04479190
v 0.08301139 -0.02674752 0.04790356
v 0.08661773 -0.02687851 0.04458005
v 0.09119037 -0.02684675 0.03730538
v 0.08985655 -0.02701018 0.04058168
v 0.09199277 -0.02709758 0.03684495
v 0.09334186 -0.02686898 0.02991621
v 0.09353512 -0.02714200 0.03273115
v 0.09389894 -0.02710255 0.02934186
v 0.09166955 -0.02652937 0.02287818
v 0.09340913 -0.02696937 0.02555338
v 0.09186762 -0.02672168 0.02210790
v 0.08615209 -0.02580898 0.01625812
v 0.08911827 -0.02632588 0.01829410
v 0.08589342 -0.02594288 0.01534886
v 0.07842340 -0.02530399 0.01215374
v 0.08152768 -0.02556898 0.01257176
v 0.07784837 -0.02545213 0.01139750
v 0.07118895 -0.02561891 0.01251978
v 0.07392321 -0.02555545 0.01125794
v 0.06973432 -0.02596241 0.01260331
v 0.05797143 -0.02677762 0.01879618
v 0.06407041 -0.02658010 0.01538488
v 0.05989815 -0.02689979 0.01750317
v 0.04560778 -0.02676446 0.02292076
v 0.05321874 -0.02713775 0.02030597
v 0.04549359 -0.02697590 0.02252539
v 0.03057346 -0.02582578 0.02579497
v 0.03675038 -0.02652870 0.02439762
v 0.01850565 -0.02466091 0.02735215
v 0.02425455 -0.02550316 0.02629333
v 0.01021518 -0.02365347 0.02814642
v 0.01256780 -0.02419330 0.02755954
v 0.00278184 -0.02267356 0.02832337
v 0.00514334 -0.02319496 0.02798482
v -0.00440179 -0.02188493 0.02759799
v -0.00234093 -0.02228080 0.02761191
v -0.00927824 -0.02158625 0.02627285
v -0.01134400 -0.02173253 0.02515371
v -0.01993890 -0.02178069 0.02106442
v -0.01973645 -0.02201341 0.02071952
v 0.03896447 0.01319625 0.06165901
v 0.03893429 0.01175945 0.06145776
v 0.03955479 0.01841482 0.06214123
v 0.03828235 0.02827654 0.06447197
v 0.03951274 0.02343446 0.06289309
v 0.03786381 0.02966874 0.06450604
v 0.03465624 0.03130361 0.06641131
v 0.03643812 0.03113032 0.06532593
v 0.03377660 0.03153145 0.06651566
v 0.03025503 0.02935180 0.06804700
v 0.02974425 0.02970730 0.06796114
v 0.02597249 0.02556203 0.06915171
v 0.02375463 0.02202011 0.06972522
v 0.02395725 0.02353719 0.06951069
v 0.02160344 0.01832638 0.06993580
v 0.02064526 0.01460897 0.06993457
v 0.02034303 0.01597409 0.06991667
v 0.01961171 0.01100711 0.06964741
v 0.01908116 0.00607214 0.06921027
v 0.01900335 0.00998109 0.06953582
v 0.01807189 0.00105655 0.06857834
v 0.01776052 -0.00234427 0.06824586
v 0.01702331 -0.00266129 0.06814645
v 0.01728057 -0.01001911 0.06718727
v 0.01669282 -0.00573680 0.06776017
v 0.01702680 -0.01124117 0.06691003
v 0.02007655 -0.01499714 0.06599125
v 0.01796761 -0.01344005 0.06643597
v 0.02082313 -0.01563434 0.06564744
v 0.02632479 -0.01614061 0.06484137
v 0.02674414 -0.01670161 0.06451202
v 0.03315753 -0.01577502 0.06374348
v 0.03388264 -0.01629406 0.06336348
v 0.04044638 -0.01491316 0.06248687
v 0.03916123 -0.01556007 0.06254712
v 0.04492431 -0.01398706 0.06186890
v 0.04487901 -0.01463890 0.06160665
v 0.04829908 -0.01358712 0.06111372
v 0.04706345 -0.01426566 0.06120925
v 0.05007759 -0.01294720 0.06086663
v 0.05027136 -0.01354048 0.06055962
v 0.05180088 -0.01242045 0.06034138
v 0.05137369 -0.01312518 0.06030700
v 0.05237504 -0.01161373 0.06030034
v 0.05248797 -0.01232980 0.06002245
v 0.05292184 -0.01076773 0.06002127
v 0.05316721 -0.01127329 0.05982985
v 0.05291687 -0.00947490 0.06014650
v 0.05339161 -0.01033543 0.05976314
v 0.05307888 -0.00688396 0.06004380
v 0.05349612 -0.00779617 0.05977263
v 0.05284241 -0.00430565 0.06037221
v 0.05342951 -0.00515571 0.05990990
v 0.05297745 -0.00119148 0.06042649
v 0.05337581 -0.00189214 0.06013869
v 0.05276337 0.00319712 0.06094115
v 0.05332231 0.00343005 0.06054961
v 0.05276371 0.00824808 0.06112647
v 0.05324237 0.00634073 0.06075929
v 0.05228363 0.01222137 0.06150520
v 0.05284021 0.01233656 0.06110288
v 0.05179239 0.01694326 0.06147763
v 0.05246421 0.01528984 0.06120319
v 0.05068149 0.02058257 0.06164381
v 0.05157009 0.01945975 0.06124276
v 0.04918882 0.02442913 0.06145034
v 0.05024884 0.02321913 0.06122044
v 0.04708534 0.02670939 0.06160433
v 0.04824796 0.02622774 0.06120222
v 0.04530268 0.02796457 0.06164979
v 0.04316349 0.02875540 0.06175836
v 0.04444430 0.02887694 0.06130955
v 0.04065403 0.02905172 0.06193184
v 0.03784744 0.02881348 0.06214964
v 0.03918414 0.02950306 0.06166222
v 0.03484335 0.02799771 0.06238882
v 0.03174433 0.02656770 0.06262534
v 0.03302200 0.02780293 0.06214378
v 0.02865133 0.02448996 0.06283508
v 0.02566402 0.02173279 0.06299374
v 0.02673978 0.02353314 0.06256038
v 0.02288378 0.01827975 0.06307864
v 0.02041726 0.01423593 0.06308391
v 0.02112902 0.01654785 0.06273001
v 0.01839370 0.00979825 0.06301322
v 0.01694783 0.00517988 0.06287068
v 0.01709876 0.00765356 0.06258825
v 0.01620960 0.00059842 0.06266119
v 0.01562148 0.00066400 0.06230344
v 0.01657451 -0.00623281 0.06208408
v 0.01571432 -0.00374932 0.06202783
v 0.01676903 -0.00771742 0.06169429
v 0.02024731 -0.01213993 0.06138910
v 0.01885571 -0.01108352 0.06131660
v 0.02574423 -0.01573660 0.06106219
v 0.02367748 -0.01507319 0.06079784
v 0.02968276 -0.01759177 0.06090572
v 0.02968644 -0.01819317 0.06049150
v 0.03744528 -0.02045180 0.06094590
v 0.03413224 -0.01981383 0.06054135
v 0.04262459 -0.02170166 0.06185609
v 0.04301058 -0.02238756 0.06153723
v 0.04850747 -0.02344985 0.06313970
v 0.04710378 -0.02346993 0.06253905
v 0.05478803 -0.02468544 0.06517406
v 0.05466223 -0.02523987 0.06475328
v 0.06047295 -0.02585975 0.06611287
v 0.05831389 -0.02591667 0.06555595
v 0.06603774 -0.02628491 0.06598178
v 0.06393736 -0.02664813 0.06574710
v 0.07164245 -0.02679486 0.06414448
v 0.06999699 -0.02709788 0.06447326
v 0.07946343 -0.02668348 0.06006396
v 0.07674916 -0.02723403 0.06116352
v 0.08571049 -0.02675538 0.05541459
v 0.08369209 -0.02718214 0.05661209
v 0.09297299 -0.02633502 0.04927285
v 0.09027802 -0.02698556 0.05115079
v 0.09796389 -0.02628083 0.04385127
v 0.09612139 -0.02674903 0.04548303
v 0.10237608 -0.02591196 0.03836401
v 0.10056683 -0.02654526 0.04012557
v 0.10487216 -0.02595095 0.03377722
v 0.10384632 -0.02638700 0.03515905
v 0.10676444 -0.02568113 0.02913027
v 0.10581793 -0.02628065 0.03066232
v 0.10725616 -0.02580325 0.02538453
v 0.10686843 -0.02621161 0.02652212
v 0.10720156 -0.02561084 0.02134153
v 0.10692761 -0.02618367 0.02278921
v 0.10627084 -0.02579417 0.01836938
v 0.10631557 -0.02618431 0.01933984
v 0.10468056 -0.02566731 0.01471415
v 0.10499820 -0.02621603 0.01618967
v 0.10288153 -0.02589042 0.01237487
v 0.10321510 -0.02626930 0.01324507
v 0.10020825 -0.02581670 0.00909986
v 0.10097462 -0.02634541 0.01053165
v 0.09754997 -0.02606225 0.00697376
v 0.09844712 -0.02642996 0.00802933
v 0.09445344 -0.02591206 0.00504562
v 0.09545769 -0.02647317 0.00603686
v 0.09072737 -0.02601396 0.00412112
v 0.09189911 -0.02643363 0.00464231
v 0.08549916 -0.02555212 0.00383897
v 0.08731462 -0.02622712 0.00422181
v 0.07994389 -0.02530279 0.00489106
v 0.08165846 -0.02583368 0.00479414
v 0.07214664 -0.02441342 0.00723648
v 0.07488407 -0.02523466 0.00669909
v 0.06550863 -0.02397031 0.01047043
v 0.06789914 -0.02458764 0.00953719
v 0.05926686 -0.02329092 0.01451204
v 0.05965437 -0.02389061 0.01468112
v 0.05516408 -0.02326959 0.01897557
v 0.05655333 -0.02371155 0.01765155
v 0.05280981 -0.02322642 0.02405230
v 0.05381221 -0.02375030 0.02239947
v 0.05253410 -0.02373662 0.02871175
v 0.05278241 -0.02402320 0.02732067
v 0.05362233 -0.02404417 0.03427114
v 0.05349749 -0.02445071 0.03230705
v 0.05588668 -0.02462783 0.03872716
v 0.05534663 -0.02489350 0.03717863
v 0.05917452 -0.02474709 0.04345144
v 0.05828116 -0.02521923 0.04164082
v 0.06292931 -0.02505010 0.04683970
v 0.06183742 -0.02540430 0.04554159
v 0.06727485 -0.02492073 0.04969158
v 0.06591739 -0.02546805 0.04844285
v 0.07158569 -0.02510278 0.05092717
v 0.07021096 -0.02548525 0.05031949
v 0.07611215 -0.02496468 0.05094798
v 0.07451500 -0.02550671 0.05066424
v 0.07982274 -0.02521321 0.04946961
v 0.07868234 -0.02557028 0.04968237
v 0.08434968 -0.02517459 0.04651868
v 0.08261492 -0.02567995 0.04730183
v 0.08735066 -0.02545923 0.04327005
v 0.08621389 -0.02580663 0.04411605
v 0.09058273 -0.02542119 0.03906634
v 0.08917841 -0.02592733 0.04036660
v 0.09232393 -0.02565882 0.03533495
v 0.09147253 -0.02602105 0.03653238
v 0.09354598 -0.02550849 0.03159818
v 0.09279284 -0.02605542 0.03285030
v 0.09353898 -0.02562046 0.02822339
v 0.09329552 -0.02602478 0.02930216
v 0.09279944 -0.02527231 0.02450744
v 0.09275194 -0.02589223 0.02586366
v 0.09101903 -0.02519183 0.02140935
v 0.09133142 -0.02565944 0.02244169
v 0.08796883 -0.02458095 0.01751849
v 0.08878955 -0.02529866 0.01904087
v 0.08452845 -0.02438379 0.01483309
v 0.08552000 -0.02490324 0.01590296
v 0.08033008 -0.02391377 0.01243408
v 0.08168181 -0.02458602 0.01352083
v 0.07646706 -0.02402354 0.01162147
v 0.07767553 -0.02442707 0.01206584
v 0.07218873 -0.02409805 0.01198438
v 0.07378393 -0.02456551 0.01209277
v 0.06912104 -0.02460848 0.01332518
v 0.06986318 -0.02492558 0.01326337
v 0.06488353 -0.02489534 0.01528091
v 0.06698290 -0.02524782 0.01463385
v 0.06137299 -0.02520440 0.01708569
v 0.05675587 -0.02544378 0.01919305
v 0.05594196 -0.02603278 0.01995196
v 0.04943567 -0.02565246 0.02195220
v 0.05111686 -0.02606394 0.02165518
v 0.04187249 -0.02520416 0.02362141
v 0.04277043 -0.02578883 0.02379894
v 0.03646819 -0.02488677 0.02468809
v 0.03091103 -0.02447733 0.02561376
v 0.03067330 -0.02499121 0.02602238
v 0.02496820 -0.02395313 0.02644807
v 0.01895890 -0.02333349 0.02716150
v 0.01861893 -0.02382756 0.02757768
v 0.01163777 -0.02242813 0.02786314
v 0.00568016 -0.02163002 0.02819134
v 0.00531491 -0.02214588 0.02861511
v -0.00217061 -0.02082958 0.02800970
v 0.00047064 -0.02153353 0.02848072
v -0.00904831 -0.02019763 0.02610146
v -0.00681548 -0.02089267 0.02715022
v -0.01421789 -0.02013772 0.02396749
v -0.01447579 -0.02068459 0.02432743
v 0.03745115 0.00382429 0.06385922
v 0.03850335 0.01185533 0.06247498
v 0.03910359 0.01833131 0.06316864
v 0.03906015 0.02326509 0.06390989
v 0.03847886 0.02685121 0.06468161
v 0.03620889 0.03042036 0.06617115
v 0.03479163 0.03077853 0.06682947
v 0.02747099 0.02633087 0.06928063
v 0.02564568 0.02414619 0.06973384
v 0.02272644 0.01933304 0.07026173
v 0.02172761 0.01688089 0.07031931
v 0.02038283 0.01179972 0.07010466
v 0.01990465 0.00908438 0.06986735
v 0.01891895 0.00254812 0.06915012
v 0.01859004 0.00055158 0.06892425
v 0.01774192 -0.00584247 0.06815113
v 0.01769744 -0.00867387 0.06774992
v 0.01893152 -0.01310690 0.06690217
v 0.02038100 -0.01449213 0.06646445
v 0.03937194 -0.01465053 0.06322312
v 0.04221226 -0.01430439 0.06254677
v 0.04713371 -0.01337527 0.06190443
v 0.04881819 -0.01303814 0.06157353
v 0.05121781 -0.01229113 0.06104693
v 0.05191435 -0.01186105 0.06087162
v 0.05257051 -0.01084966 0.06068642
v 0.05271741 -0.01013480 0.06064171
v 0.05280141 -0.00815106 0.06064182
v 0.05281957 -0.00618182 0.06049191
v 0.05269430 -0.00363523 0.06089683
v 0.05265670 0.00088839 0.06124201
v 0.05253716 0.00644622 0.06165408
v 0.05238378 0.00938013 0.06183888
v 0.05175856 0.01523838 0.06208492
v 0.05123560 0.01801073 0.06212271
v 0.04959027 0.02296527 0.06209906
v 0.04840751 0.02499522 0.06208004
v 0.01647967 -0.00378299 0.06285533
v 0.01751069 -0.00758795 0.06253446
v 0.01951498 -0.01076655 0.06217550
v 0.02237332 -0.01343485 0.06182233
v 0.03415351 -0.01909756 0.06142218
v 0.03814376 -0.02032564 0.06167826
v 0.04598390 -0.02246899 0.06310025
v 0.05097402 -0.02370834 0.06455794
v 0.05863869 -0.02524897 0.06647508
v 0.06236742 -0.02577573 0.06677196
v 0.07066979 -0.02642473 0.06517998
v 0.07537843 -0.02654676 0.06302764
v 0.08513233 -0.02647841 0.05665636
v 0.08981202 -0.02634217 0.05282526
v 0.09771814 -0.02601801 0.04506903
v 0.10071031 -0.02588029 0.04149030
v 0.10502161 -0.02567133 0.03485041
v 0.10640809 -0.02559711 0.03177563
v 0.10781331 -0.02550352 0.02607317
v 0.10789708 -0.02548200 0.02342723
v 0.10698133 -0.02548457 0.01850459
v 0.10604198 -0.02550680 0.01621192
v 0.10334877 -0.02558864 0.01192064
v 0.10165100 -0.02564664 0.00989957
v 0.09846425 -0.02574998 0.00688849
v 0.09659013 -0.02578184 0.00559520
v 0.09175129 -0.02572817 0.00369736
v 0.08868269 -0.02560416 0.00330265
v 0.08083492 -0.02506324 0.00406741
v 0.07610066 -0.02464728 0.00532801
v 0.06670250 -0.02377670 0.00917888
v 0.06246841 -0.02340383 0.01161461
v 0.05573716 -0.02295229 0.01733562
v 0.05357503 -0.02294235 0.02062002
v 0.05192999 -0.02331290 0.02767188
v 0.05229013 -0.02361465 0.03126357
v 0.05484062 -0.02423644 0.03811992
v 0.05678950 -0.02447498 0.04122377
v 0.06170193 -0.02473304 0.04661792
v 0.06447469 -0.02478087 0.04868824
v 0.07033589 -0.02480507 0.05127238
v 0.07333705 -0.02481494 0.05167147
v 0.07938452 -0.02490245 0.05035658
v 0.08228210 -0.02498008 0.04872015
v 0.08743960 -0.02516209 0.04413274
v 0.08956568 -0.02524906 0.04148001
v 0.09261153 -0.02537288 0.03626378
v 0.09353234 -0.02539923 0.03379834
v 0.09420283 -0.02535514 0.02892068
v 0.09390159 -0.02527088 0.02649374
v 0.09189109 -0.02494097 0.02162265
v 0.09012723 -0.02468567 0.01916331
v 0.08557869 -0.02413964 0.01484690
v 0.08301631 -0.02391547 0.01318744
v 0.07759717 -0.02369480 0.01119328
v 0.07480886 -0.02375756 0.01104117
v 0.06871122 -0.02430341 0.01279475
v 0.06528664 -0.02468203 0.01448747
v 0.05141029 -0.02536484 0.02065018
v 0.04625516 -0.02525351 0.02211258
v 0.00119769 -0.02093013 0.02763326
v -0.00372650 -0.02041461 0.02701440
v -0.01975952 -0.02032810 0.02062428
v 0.03757964 0.02917478 0.06566554
v 0.03326466 0.03047646 0.06768974
v 0.03062635 0.02912257 0.06859893
v 0.02410595 0.02173400 0.07029309
v 0.02104215 0.01433893 0.07048429
v 0.01956128 0.00627069 0.06979988
v 0.01813994 -0.00290330 0.06874956
v 0.01814463 -0.01118716 0.06755556
v 0.02257202 -0.01535040 0.06622247
v 0.02644140 -0.01589259 0.06549200
v 0.03215746 -0.01562308 0.06458040
v 0.03574194 -0.01519740 0.06402578
v 0.04465162 -0.01380111 0.06260154
v 0.05024768 -0.01267135 0.06151526
v 0.05239056 -0.01137540 0.06098820
v 0.05284377 -0.00911407 0.06086146
v 0.05276368 -0.00455662 0.06106308
v 0.05267478 0.00333617 0.06166366
v 0.05219346 0.01222581 0.06221584
v 0.05057238 0.02061975 0.06235393
v 0.04698448 0.02667785 0.06231738
v 0.04430977 0.02837234 0.06238942
v 0.04063962 0.02893876 0.06264302
v 0.03645508 0.02843912 0.06296189
v 0.03180116 0.02643822 0.06333034
v 0.02722227 0.02317314 0.06362136
v 0.02297838 0.01814873 0.06377902
v 0.01937366 0.01193584 0.06376139
v 0.01707302 0.00506143 0.06356891
v 0.01634686 0.00049892 0.06335974
v 0.02592712 -0.01574625 0.06176769
v 0.02998979 -0.01763454 0.06161629
v 0.04302097 -0.02172767 0.06264795
v 0.05450684 -0.02453643 0.06582579
v 0.06601387 -0.02618711 0.06669832
v 0.07962439 -0.02660941 0.06079826
v 0.09311248 -0.02627138 0.05011432
v 0.10273474 -0.02584094 0.03908958
v 0.10736369 -0.02559919 0.02960189
v 0.10793776 -0.02552139 0.02151002
v 0.10546333 -0.02557435 0.01466136
v 0.10099424 -0.02572286 0.00889468
v 0.09490742 -0.02583208 0.00447560
v 0.08565286 -0.02547216 0.00312301
v 0.07225088 -0.02433652 0.00644387
v 0.05907040 -0.02318195 0.01377228
v 0.05219486 -0.02308853 0.02365460
v 0.05288867 -0.02392952 0.03429816
v 0.05850633 -0.02466142 0.04375848
v 0.06676426 -0.02484693 0.05022898
v 0.07601323 -0.02489098 0.05168084
v 0.08456992 -0.02510371 0.04725689
v 0.09100966 -0.02535705 0.03971910
v 0.09420521 -0.02545518 0.03193052
v 0.09353059 -0.02521754 0.02445013
v 0.08868097 -0.02451754 0.01723713
v 0.08088289 -0.02381720 0.01190204
v 0.07229190 -0.02397278 0.01123443
v 0.06320568 -0.02492407 0.01533503
v 0.05699860 -0.02534878 0.01833581
v 0.03963809 -0.02499348 0.02335287
v 0.03054920 -0.02436512 0.02495188
v 0.01830961 -0.02317824 0.02651118
v 0.00717631 -0.02176485 0.02745702
v -0.00894878 -0.02014053 0.02538760
v -0.01402985 -0.02008824 0.02327161
v 0.03895265 0.01202743 0.06302240
v 0.03952307 0.01824911 0.06371977
v 0.03947809 0.02319912 0.06446270
v 0.03889311 0.02680861 0.06523934
v 0.03722695 0.02982366 0.06638874
v 0.03509581 0.03085349 0.06744521
v 0.03342398 0.03056992 0.06811402
v 0.02957977 0.02823646 0.06940462
v 0.02762118 0.02635335 0.06995965
v 0.02578271 0.02415197 0.07041620
v 0.02350364 0.02053411 0.07084931
v 0.02183969 0.01683651 0.07100466
v 0.02107504 0.01431834 0.07094541
v 0.02001219 0.00903228 0.07055322
v 0.01958724 0.00621878 0.07025897
v 0.01914762 0.00326516 0.06992607
v 0.01864592 0.00016919 0.06957367
v 0.01800258 -0.00447737 0.06901745
v 0.01780114 -0.00880530 0.06842796
v 0.01860690 -0.01224260 0.06779720
v 0.02049844 -0.01460794 0.06714244
v 0.02262559 -0.01546126 0.06666853
v 0.02869746 -0.01596785 0.06558617
v 0.03223529 -0.01573791 0.06502186
v 0.03926129 -0.01479617 0.06393518
v 0.04235412 -0.01429804 0.06344089
v 0.04499115 -0.01387305 0.06299272
v 0.04718419 -0.01349838 0.06259381
v 0.04896593 -0.01314331 0.06224535
v 0.05089098 -0.01257980 0.06182891
v 0.05213542 -0.01193680 0.06152770
v 0.05257658 -0.01144559 0.06140605
v 0.05298481 -0.01013125 0.06128405
v 0.05305864 -0.00912525 0.06127115
v 0.05302169 -0.00621718 0.06137369
v 0.05297169 -0.00428163 0.06149507
v 0.05294352 -0.00200922 0.06166177
v 0.05292543 0.00054317 0.06185989
v 0.05285008 0.00476335 0.06217715
v 0.05265830 0.00921275 0.06247226
v 0.05221915 0.01370278 0.06267639
v 0.05149875 0.01802473 0.06276711
v 0.05030302 0.02187140 0.06275480
v 0.04862789 0.02513468 0.06272472
v 0.04624892 0.02744188 0.06275190
v 0.04320722 0.02884886 0.06288454
v 0.03928438 0.02901207 0.06316754
v 0.03486172 0.02806159 0.06351648
v 0.03019734 0.02557138 0.06385860
v 0.02564306 0.02174682 0.06412241
v 0.02160832 0.01622916 0.06420934
v 0.01834406 0.00973473 0.06413995
v 0.01653398 0.00280523 0.06389127
v 0.01626525 -0.00383091 0.06351449
v 0.01730621 -0.00770085 0.06318810
v 0.01934325 -0.01095130 0.06282164
v 0.02224488 -0.01366903 0.06246349
v 0.02583365 -0.01594440 0.06217527
v 0.03425827 -0.01942033 0.06207420
v 0.03866278 -0.02075651 0.06239527
v 0.04290528 -0.02192238 0.06305145
v 0.05065031 -0.02390438 0.06514936
v 0.05435183 -0.02472051 0.06622102
v 0.05807974 -0.02541277 0.06704311
v 0.06193770 -0.02597418 0.06741011
v 0.06602324 -0.02639632 0.06711095
v 0.07041713 -0.02667101 0.06594350
v 0.07506755 -0.02680647 0.06389866
v 0.07982736 -0.02682935 0.06115117
v 0.08456092 -0.02676681 0.05787423
v 0.08912883 -0.02664511 0.05423844
v 0.09529454 -0.02640881 0.04849147
v 0.10043126 -0.02618092 0.04285943
v 0.10410354 -0.02600641 0.03764985
v 0.10669129 -0.02587435 0.03277445
v 0.10805638 -0.02579090 0.02828569
v 0.10854653 -0.02574298 0.02408740
v 0.10807503 -0.02573525 0.02024162
v 0.10694895 -0.02575599 0.01667407
v 0.10516006 -0.02580716 0.01344199
v 0.10296645 -0.02587842 0.01045905
v 0.10039405 -0.02596662 0.00776664
v 0.09744428 -0.02603969 0.00538165
v 0.09374721 -0.02602631 0.00365577
v 0.08925822 -0.02588803 0.00270314
v 0.08563916 -0.02568295 0.00271128
v 0.08148267 -0.02537382 0.00328484
v 0.07689341 -0.02497767 0.00441864
v 0.06971627 -0.02431536 0.00709683
v 0.06282770 -0.02369175 0.01061539
v 0.05717722 -0.02327743 0.01499415
v 0.05319157 -0.02315407 0.01993221
v 0.05180208 -0.02327597 0.02349727
v 0.05129021 -0.02350798 0.02715236
v 0.05155427 -0.02380794 0.03080806
v 0.05248284 -0.02413383 0.03438605
v 0.05589363 -0.02470177 0.04104402
v 0.05946564 -0.02493269 0.04531256
v 0.06356766 -0.02504418 0.04884338
v 0.06811658 -0.02507180 0.05116817
v 0.07285424 -0.02508474 0.05228743
v 0.07603908 -0.02511307 0.05208602
v 0.07914153 -0.02516824 0.05114797
v 0.08207863 -0.02524319 0.04960198
v 0.08604561 -0.02537552 0.04640338
v 0.08947623 -0.02550908 0.04263853
v 0.09208117 -0.02561673 0.03861310
v 0.09391673 -0.02568238 0.03463790
v 0.09471276 -0.02567009 0.03073759
v 0.09461290 -0.02557454 0.02687741
v 0.09332335 -0.02534998 0.02307018
v 0.09106077 -0.02500965 0.01932277
v 0.08776879 -0.02459029 0.01587240
v 0.08389586 -0.02420197 0.01294946
v 0.07959200 -0.02397509 0.01107503
v 0.07516856 -0.02397965 0.01037208
v 0.07223920 -0.02417427 0.01082123
v 0.06628971 -0.02480612 0.01327562
v 0.06122557 -0.02527492 0.01586473
v 0.05531469 -0.02558838 0.01856292
v 0.05060801 -0.02561666 0.02021942
v 0.04529801 -0.02548291 0.02167978
v 0.03652603 -0.02500527 0.02350125
v 0.02739577 -0.02430245 0.02497565
v 0.02136675 -0.02371902 0.02574446
v 0.01560233 -0.02307605 0.02636646
v 0.01025838 -0.02239744 0.02684299
v 0.00529657 -0.02173016 0.02708302
v 0.00056475 -0.02113247 0.02694751
v -0.00409789 -0.02066108 0.02629864
v -0.00885657 -0.02037198 0.02499762
v -0.01952927 -0.02033614 0.02021130
v 0.03938540 0.01198919 0.06314847
v 0.03973857 0.01822240 0.06378304
v 0.01816962 -0.01126052 0.06801176
v 0.01885558 -0.01338733 0.06796025
v 0.02036443 -0.01485144 0.06749933
v 0.02542906 -0.01621852 0.06646518
v 0.05335699 -0.00428653 0.06173198
v 0.05332896 -0.00202180 0.06189815
v 0.05331090 0.00052756 0.06209604
v 0.05289007 0.00330754 0.06207227
v -0.01383793 -0.02051972 0.02280025
v -0.01920639 -0.02096399 0.01968208
v -0.01932675 -0.02056888 0.01986640
v 0.03981530 0.01190949 0.06303248
v 0.04038997 0.01816793 0.06372866
v 0.01874890 0.00326581 0.07044691
v 0.01757451 -0.00294470 0.06984771
v 0.01843941 0.00015689 0.06997593
v 0.01724535 -0.00600999 0.06946267
v 0.02709044 -0.01647336 0.06623613
v 0.02874393 -0.01628823 0.06590210
v 0.03234957 -0.01649700 0.06543288
v -0.01380339 -0.02094356 0.02270688
v -0.01920014 -0.02141561 0.01970754
v 0.04045490 0.01307555 0.06258629
v 0.04078412 0.02335929 0.06396869
v 0.04034859 0.02320337 0.06448255
v 0.03945827 0.02897789 0.06554466
v 0.03975330 0.02693690 0.06528171
v 0.03749526 0.03150201 0.06656179
v 0.03723487 0.03099796 0.06694644
v 0.03461286 0.03204975 0.06804636
v 0.03547674 0.03156302 0.06777634
v 0.03106753 0.03092640 0.06920406
v 0.03247299 0.03082800 0.06894482
v 0.02801062 0.02832450 0.07028279
v 0.02933269 0.02883538 0.06998636
v 0.02478795 0.02496379 0.07099431
v 0.02633831 0.02574710 0.07080380
v 0.02248831 0.02099053 0.07154820
v 0.02371528 0.02215415 0.07138771
v 0.02063083 0.01722988 0.07161123
v 0.02183054 0.01834693 0.07162234
v 0.01977328 0.01347571 0.07156125
v 0.02051552 0.01447416 0.07159413
v 0.01870700 0.00896964 0.07112668
v 0.01966864 0.01044852 0.07131531
v 0.01847596 0.00580478 0.07085397
v 0.01899762 0.00624095 0.07089933
v 0.01713340 -0.00122174 0.06999054
v 0.01805641 0.00019185 0.07021412
v 0.01682054 -0.00530218 0.06956158
v 0.01652194 -0.00899214 0.06897669
v 0.01720249 -0.00888513 0.06905523
v 0.01765892 -0.01315785 0.06829595
v 0.01757805 -0.01144977 0.06862206
v 0.01962997 -0.01564515 0.06750303
v 0.01929712 -0.01437793 0.06791401
v 0.02337318 -0.01690468 0.06680312
v 0.02242868 -0.01616708 0.06713891
v 0.02891122 -0.01736310 0.06571227
v 0.02706531 -0.01669061 0.06629383
v 0.03382393 -0.01680110 0.06506295
v 0.03986492 -0.01612460 0.06399933
v 0.03770603 -0.01580812 0.06460421
v 0.04440971 -0.01519268 0.06339172
v 0.04253899 -0.01504907 0.06384087
v 0.04758812 -0.01485339 0.06268446
v 0.04738434 -0.01424689 0.06299115
v 0.05030659 -0.01407049 0.06227440
v 0.04919087 -0.01388724 0.06263800
v 0.05198513 -0.01366428 0.06176098
v 0.05176499 -0.01308914 0.06207449
v 0.05324356 -0.01259892 0.06157415
v 0.05260783 -0.01258617 0.06186439
v 0.05409317 -0.01148007 0.06120094
v 0.05339417 -0.01159862 0.06164685
v 0.05424821 -0.01007225 0.06127527
v 0.05380217 -0.01030842 0.06152643
v 0.05444918 -0.00666931 0.06117066
v 0.05389694 -0.00851286 0.06152297
v 0.05422375 -0.00497740 0.06144521
v 0.05385913 -0.00620717 0.06161203
v 0.05434253 -0.00174113 0.06150971
v 0.05380921 -0.00427493 0.06173323
v 0.05413492 0.00290080 0.06204410
v 0.05376327 0.00053072 0.06209670
v 0.05420632 0.00637424 0.06212169
v 0.05364763 0.00622498 0.06252021
v 0.05375755 0.01119937 0.06258991
v 0.05349499 0.00923991 0.06271189
v 0.05341305 0.01541498 0.06256763
v 0.05286124 0.01528019 0.06296976
v 0.05231032 0.01996232 0.06279354
v 0.05232090 0.01817493 0.06301146
v 0.05110838 0.02363290 0.06258672
v 0.05109456 0.02213522 0.06299944
v 0.04878671 0.02697818 0.06274442
v 0.04935093 0.02555440 0.06296813
v 0.04612518 0.02923027 0.06262213
v 0.04680826 0.02805556 0.06299584
v 0.04224638 0.03032682 0.06300605
v 0.04351170 0.02962471 0.06313664
v 0.03770218 0.03028036 0.06317768
v 0.03932003 0.02983522 0.06343676
v 0.03272011 0.02856774 0.06374642
v 0.03466840 0.02886072 0.06380319
v 0.02781664 0.02566164 0.06391341
v 0.02981548 0.02629059 0.06415967
v 0.02324714 0.02095993 0.06430910
v 0.02510084 0.02235276 0.06443390
v 0.01913646 0.01487126 0.06417658
v 0.02094794 0.01669745 0.06452508
v 0.01619650 0.00746012 0.06420395
v 0.01760365 0.01006696 0.06445556
v 0.01477299 0.00068908 0.06373706
v 0.01536134 0.00062411 0.06409486
v 0.01548743 -0.00651169 0.06345265
v 0.01544880 -0.00386619 0.06381510
v 0.01816302 -0.01170597 0.06269807
v 0.01758406 -0.00967070 0.06328021
v 0.02270629 -0.01561008 0.06233480
v 0.02168645 -0.01429076 0.06270805
v 0.02955205 -0.01920163 0.06183585
v 0.02539561 -0.01666017 0.06240767
v 0.03456392 -0.02099212 0.06192065
v 0.03830427 -0.02193916 0.06238335
v 0.03840339 -0.02155593 0.06262297
v 0.04332587 -0.02332129 0.06317819
v 0.04264993 -0.02272298 0.06327961
v 0.05053611 -0.02531608 0.06503497
v 0.04849494 -0.02423516 0.06481476
v 0.05660270 -0.02642199 0.06687314
v 0.05410750 -0.02552332 0.06645339
v 0.06166001 -0.02735638 0.06726175
v 0.06179463 -0.02679525 0.06766228
v 0.06769943 -0.02780072 0.06683368
v 0.06595667 -0.02722688 0.06736385
v 0.07481092 -0.02820423 0.06381523
v 0.07278446 -0.02757718 0.06515006
v 0.08167433 -0.02806800 0.05997072
v 0.07993827 -0.02766983 0.06134989
v 0.08873363 -0.02805500 0.05432576
v 0.08699158 -0.02754615 0.05623132
v 0.09295736 -0.02790385 0.05056729
v 0.09676708 -0.02774276 0.04676409
v 0.09547081 -0.02724813 0.04864180
v 0.10004688 -0.02759461 0.04304687
v 0.10273367 -0.02746898 0.03950130
v 0.10194588 -0.02695754 0.04122208
v 0.10602138 -0.02715134 0.03437384
v 0.10535362 -0.02679320 0.03607640
v 0.10753067 -0.02722016 0.02990494
v 0.10745008 -0.02668037 0.03132899
v 0.10854921 -0.02699546 0.02554921
v 0.10859996 -0.02660536 0.02687603
v 0.10822064 -0.02713724 0.02172660
v 0.10869123 -0.02657364 0.02277507
v 0.10752881 -0.02698432 0.01801928
v 0.10804147 -0.02657323 0.01895448
v 0.10585674 -0.02718545 0.01485461
v 0.10661634 -0.02660710 0.01548521
v 0.10396169 -0.02708491 0.01165040
v 0.10470010 -0.02666408 0.01228725
v 0.10147383 -0.02733027 0.00904596
v 0.10232927 -0.02674447 0.00940022
v 0.09838878 -0.02726442 0.00598925
v 0.09966440 -0.02683368 0.00675115
v 0.09514870 -0.02745166 0.00433220
v 0.09640588 -0.02688240 0.00455558
v 0.09101082 -0.02721689 0.00285577
v 0.09245536 -0.02684224 0.00296836
v 0.08571750 -0.02709535 0.00286190
v 0.08742750 -0.02662084 0.00246387
v 0.07963464 -0.02647434 0.00360399
v 0.08138707 -0.02620479 0.00304283
v 0.07235393 -0.02596975 0.00608754
v 0.07435455 -0.02558437 0.00500503
v 0.06759977 -0.02552753 0.00813233
v 0.06306604 -0.02512083 0.01058613
v 0.06489860 -0.02471633 0.00916037
v 0.05900731 -0.02479493 0.01339555
v 0.05568682 -0.02459622 0.01649973
v 0.05531109 -0.02400167 0.01636654
v 0.05231109 -0.02443399 0.02141340
v 0.05294585 -0.02397333 0.01976901
v 0.05140548 -0.02490244 0.02690356
v 0.05127769 -0.02421275 0.02521512
v 0.05174459 -0.02518829 0.03220991
v 0.05127942 -0.02463283 0.03076103
v 0.05398608 -0.02583165 0.03749554
v 0.05296293 -0.02511972 0.03611722
v 0.05681850 -0.02604139 0.04240144
v 0.05565972 -0.02553726 0.04111784
v 0.06072008 -0.02638290 0.04633686
v 0.05927122 -0.02577160 0.04543975
v 0.06500958 -0.02630432 0.04980583
v 0.06341705 -0.02588481 0.04901326
v 0.06957346 -0.02647500 0.05152540
v 0.06801744 -0.02591297 0.05136913
v 0.07429287 -0.02634558 0.05233925
v 0.07281579 -0.02592612 0.05250836
v 0.07887590 -0.02656267 0.05103497
v 0.07761973 -0.02598260 0.05183604
v 0.08313087 -0.02652067 0.04890900
v 0.08216366 -0.02608616 0.04980291
v 0.08689070 -0.02680884 0.04531936
v 0.08616578 -0.02621956 0.04658006
v 0.09035242 -0.02678711 0.04142945
v 0.08962175 -0.02635404 0.04279041
v 0.09250150 -0.02703743 0.03741580
v 0.09224644 -0.02646250 0.03873726
v 0.09431360 -0.02693255 0.03329298
v 0.09410113 -0.02652889 0.03472528
v 0.09460286 -0.02705120 0.02955819
v 0.09491286 -0.02651673 0.03076697
v 0.09435768 -0.02677335 0.02567851
v 0.09481686 -0.02641991 0.02683294
v 0.09258975 -0.02666443 0.02195421
v 0.09350854 -0.02619162 0.02294816
v 0.09020484 -0.02613514 0.01820542
v 0.09121397 -0.02584627 0.01913619
v 0.08659943 -0.02587419 0.01501223
v 0.08789073 -0.02542269 0.01564818
v 0.08245685 -0.02532812 0.01204914
v 0.08398996 -0.02503127 0.01270122
v 0.07828495 -0.02534093 0.01077291
v 0.07818209 -0.02475915 0.01035945
v 0.07414620 -0.02527677 0.01035569
v 0.07520449 -0.02480656 0.01010161
v 0.06981240 -0.02583337 0.01181161
v 0.07077850 -0.02515022 0.01106669
v 0.06609742 -0.02608828 0.01337827
v 0.06626127 -0.02563792 0.01301963
v 0.05948920 -0.02664604 0.01672316
v 0.05936030 -0.02624769 0.01652610
v 0.05344350 -0.02686943 0.01929484
v 0.05524691 -0.02642362 0.01832631
v 0.04526600 -0.02671834 0.02167573
v 0.04787234 -0.02638522 0.02071776
v 0.03763447 -0.02633999 0.02333757
v 0.03944864 -0.02604068 0.02272450
v 0.02399848 -0.02539996 0.02562111
v 0.03035426 -0.02538833 0.02428496
v 0.01884082 -0.02470305 0.02604449
v 0.02125726 -0.02455280 0.02551854
v 0.00885075 -0.02362470 0.02712511
v 0.01013275 -0.02322941 0.02661883
v 0.00211776 -0.02255956 0.02712268
v 0.00517377 -0.02256251 0.02685867
v -0.00422505 -0.02189022 0.02631822
v -0.00415241 -0.02150159 0.02607779
v -0.01119029 -0.02150541 0.02424507
v -0.00885129 -0.02121735 0.02478899
v -0.01380920 -0.02116952 0.02271527
v 0.04083927 0.01821020 0.06294383
v 0.04019652 0.02716923 0.06452727
v 0.03908528 0.02988988 0.06539771
v 0.03548527 0.03232259 0.06728382
v 0.03325355 0.03208648 0.06819749
v 0.02877195 0.02949474 0.06972100
v 0.02665086 0.02747621 0.07032515
v 0.02297443 0.02262740 0.07117146
v 0.02157067 0.02002840 0.07138261
v 0.01967336 0.01473572 0.07138930
v 0.01905399 0.01202473 0.07122754
v 0.01813076 0.00639404 0.07068784
v 0.01769015 0.00343382 0.07035422
v 0.01670836 -0.00278699 0.06963674
v 0.01637436 -0.00588938 0.06924720
v 0.01671089 -0.01153473 0.06837631
v 0.01769030 -0.01387031 0.06787608
v 0.02203299 -0.01686891 0.06672604
v 0.02516786 -0.01740901 0.06612938
v 0.03232158 -0.01726216 0.06494984
v 0.03599025 -0.01682880 0.06438198
v 0.04258201 -0.01580641 0.06334672
v 0.04521829 -0.01538154 0.06289867
v 0.04924431 -0.01464256 0.06214179
v 0.05072600 -0.01425961 0.06182929
v 0.05287422 -0.01325851 0.06131980
v 0.05361697 -0.01252803 0.06111992
v 0.05441422 -0.01049906 0.06088717
v 0.05452618 -0.00925375 0.06086396
v 0.05449439 -0.00616178 0.06096861
v 0.05444418 -0.00421824 0.06109044
v 0.05439827 0.00058513 0.06145375
v 0.05436283 0.00335753 0.06166675
v 0.05412948 0.00931285 0.06207027
v 0.05387585 0.01236533 0.06222653
v 0.05294897 0.01830151 0.06237185
v 0.05220136 0.02106259 0.06237102
v 0.04990769 0.02586986 0.06232775
v 0.04825710 0.02778702 0.06233052
v 0.04371167 0.03024046 0.06250384
v 0.04084787 0.03061314 0.06269842
v 0.03444798 0.02949835 0.06319953
v 0.03110457 0.02797094 0.06345469
v 0.02461585 0.02284503 0.06384907
v 0.02167169 0.01920540 0.06394004
v 0.01697606 0.01036210 0.06387368
v 0.01546739 0.00555855 0.06372615
v 0.01509788 -0.00647403 0.06286451
v 0.01585445 -0.00805782 0.06287053
v 0.02248708 -0.01582082 0.06163964
v 0.02501852 -0.01716902 0.06176082
v 0.04060566 -0.02283221 0.06225320
v 0.04658760 -0.02441645 0.06362235
v 0.05414057 -0.02618435 0.06583573
v 0.05789082 -0.02688115 0.06666351
v 0.06584366 -0.02786631 0.06673306
v 0.07022531 -0.02813998 0.06556769
v 0.07960962 -0.02829747 0.06078632
v 0.08433241 -0.02823498 0.05751620
v 0.10481280 -0.02742772 0.03572362
v 0.10634124 -0.02734766 0.03256772
v 0.10797430 -0.02724459 0.02673648
v 0.10815245 -0.02721914 0.02404768
v 0.10741796 -0.02721429 0.01909529
v 0.10658197 -0.02723235 0.01682107
v 0.10416829 -0.02730291 0.01264589
v 0.10266895 -0.02735277 0.01073052
v 0.09923341 -0.02746914 0.00723071
v 0.09721898 -0.02751179 0.00572525
v 0.09223976 -0.02747603 0.00357776
v 0.08914282 -0.02736101 0.00309416
v 0.08142716 -0.02685013 0.00367644
v 0.07686159 -0.02645588 0.00480567
v 0.05343716 -0.02465179 0.02011233
v 0.05210824 -0.02477194 0.02356236
v 0.05189276 -0.02529098 0.03066002
v 0.05280917 -0.02561059 0.03416565
v 0.05618982 -0.02617195 0.04074945
v 0.05846320 -0.02634769 0.04369131
v 0.06381298 -0.02651166 0.04849380
v 0.06676547 -0.02653491 0.05020400
v 0.07291940 -0.02655117 0.05186173
v 0.07599616 -0.02657887 0.05165531
v 0.08184174 -0.02670568 0.04922661
v 0.08450875 -0.02679074 0.04724713
v 0.08910308 -0.02696710 0.04237244
v 0.09093871 -0.02704372 0.03971879
v 0.09347897 -0.02713783 0.03447696
v 0.09413977 -0.02714202 0.03191638
v 0.09415038 -0.02703124 0.02687349
v 0.09346359 -0.02690299 0.02438166
v 0.09064659 -0.02647472 0.01945663
v 0.08858892 -0.02619911 0.01711984
v 0.08359192 -0.02568017 0.01319118
v 0.08082256 -0.02550153 0.01180577
v 0.07516660 -0.02546830 0.01071823
v 0.07239466 -0.02565622 0.01116112
v 0.06659369 -0.02627459 0.01357071
v 0.06333631 -0.02660539 0.01525756
v 0.05704950 -0.02703113 0.01830110
v 0.05074710 -0.02709344 0.02058774
v 0.04253416 -0.02685190 0.02276470
v 0.03348959 -0.02627687 0.02446004
v 0.02127862 -0.02518556 0.02616562
v 0.01548498 -0.02453955 0.02679105
v 0.00512161 -0.02318648 0.02751247
v 0.00036895 -0.02258607 0.02737717
v -0.00657840 -0.02191803 0.02625404
v -0.01407333 -0.02177467 0.02333456
v -0.01950617 -0.02202146 0.02030652
v -0.04059782 -0.02289166 0.01295186
v -0.04060081 -0.02278799 0.01316363
v -0.04070896 -0.02233769 0.01288999
v -0.04061217 -0.02221554 0.01305262
v -0.04057426 -0.02232465 0.01256830
v -0.04031144 -0.02223082 0.01244232
v -0.04049877 -0.02269180 0.01246063
v -0.04028448 -0.02291020 0.01247262
v -0.03850105 -0.02294701 0.00869023
v -0.03850405 -0.02284334 0.00890201
v -0.03861219 -0.02239303 0.00862836
v -0.03851540 -0.02227088 0.00879099
v -0.03847750 -0.02238001 0.00830667
v -0.03821467 -0.02228617 0.00818069
v -0.03840200 -0.02274714 0.00819900
v -0.03818771 -0.02296552 0.00821097
v -0.04045680 -0.02271400 0.01334082
v -0.03636277 -0.02256190 0.01529084
v -0.03639651 -0.02215952 0.01530909
v -0.04031374 -0.02300953 0.01313379
v -0.03626733 -0.02276032 0.01512143
v -0.04013604 -0.02307160 0.01273265
v -0.04033296 -0.02202779 0.01300265
v -0.03630860 -0.02183210 0.01508906
v -0.03613247 -0.02180090 0.01472659
v -0.04043301 -0.02227515 0.01328452
v -0.04001218 -0.02238539 0.01239449
v -0.03597619 -0.02203678 0.01443801
v -0.03594245 -0.02243917 0.01441977
v -0.04011804 -0.02208756 0.01261979
v -0.03603036 -0.02276658 0.01463979
v -0.03999877 -0.02282194 0.01246906
v -0.04075500 -0.02258810 0.01279201
v -0.04062053 -0.02284218 0.01268152
v -0.04043575 -0.02302747 0.01277484
v -0.04050727 -0.02298246 0.01299759
v -0.04066159 -0.02255794 0.01317573
v -0.04047702 -0.02209925 0.01274248
v -0.04025118 -0.02256878 0.01234158
v -0.04057916 -0.02244178 0.01254710
v -0.04048358 -0.02280626 0.01248990
v -0.03836004 -0.02276937 0.00907918
v -0.03426601 -0.02261725 0.01102922
v -0.03429975 -0.02221487 0.01104746
v -0.03821698 -0.02306488 0.00887216
v -0.03417057 -0.02281567 0.01085980
v -0.03803927 -0.02312695 0.00847104
v -0.03823619 -0.02208314 0.00874102
v -0.03421184 -0.02188745 0.01082744
v -0.03403570 -0.02185625 0.01046496
v -0.03833625 -0.02233050 0.00902289
v -0.03791542 -0.02244074 0.00813286
v -0.03387943 -0.02209213 0.01017639
v -0.03384569 -0.02249451 0.01015814
v -0.03802128 -0.02214291 0.00835817
v -0.03393360 -0.02282193 0.01037817
v -0.03790201 -0.02287729 0.00820743
v -0.03865824 -0.02264345 0.00853038
v -0.03852376 -0.02289753 0.00841989
v -0.03833899 -0.02308282 0.00851321
v -0.03841051 -0.02303781 0.00873596
v -0.03856483 -0.02261329 0.00891410
v -0.03838026 -0.02215460 0.00848085
v -0.03815442 -0.02262412 0.00807996
v -0.03848239 -0.02249712 0.00828547
v -0.03838681 -0.02286161 0.00822828
v -0.03402013 -0.02299592 0.00997275
v -0.03028353 -0.02152315 0.01179207
v -0.03407523 -0.02175667 0.00992955
v -0.02937757 -0.02154706 0.00995072
v -0.03316926 -0.02178058 0.00808819
v -0.02932247 -0.02278632 0.00999392
v -0.03311417 -0.02301984 0.00813140
v -0.03022843 -0.02276240 0.01183528
v -0.03624340 -0.02345531 0.01536406
v -0.02687819 -0.02055394 0.01951695
v -0.03634711 -0.02112256 0.01528273
v -0.02484808 -0.02060753 0.01539077
v -0.03398651 -0.02118487 0.01048486
v -0.03388279 -0.02351762 0.01056619
v -0.02677448 -0.02288668 0.01959827
v -0.02474436 -0.02294027 0.01547210
v -0.03289225 -0.01752457 0.01611567
v -0.03179803 -0.01871767 0.01711281
v -0.03392497 -0.02017355 0.01828403
v -0.02998449 -0.01983463 0.01671184
v -0.03130250 -0.01845826 0.01660923
v -0.03417418 -0.01780104 0.01675799
v -0.03511104 -0.01845084 0.01697329
v -0.03056543 -0.01830236 0.01543521
v -0.03125686 -0.02131642 0.01839121
v -0.03207056 -0.01728301 0.01479877
v -0.03002466 -0.01849199 0.01401205
v -0.02885005 -0.02093918 0.01550339
v -0.03182042 -0.02273402 0.01858346
v -0.03027693 -0.02368141 0.01733099
v -0.03351589 -0.02350490 0.01852167
v -0.03516077 -0.02210104 0.01753218
v -0.02854621 -0.02286375 0.01417674
v -0.02937947 -0.02387929 0.01609115
v -0.03179395 -0.01737071 0.01412872
v -0.03279176 -0.01739280 0.01211908
v -0.03515832 -0.02407752 0.01777500
v -0.02929769 -0.01977095 0.01215471
v -0.03083508 -0.01813995 0.01153606
v -0.02965485 -0.01904675 0.01225328
v -0.03151009 -0.02519394 0.01733859
v -0.03187827 -0.01853617 0.01040275
v -0.02880307 -0.02124959 0.01204391
v -0.02997723 -0.02554523 0.01497284
v -0.03412113 -0.02564268 0.01746246
v -0.03003584 -0.02032255 0.01065142
v -0.03345631 -0.02552292 0.01769672
v -0.03301614 -0.02669122 0.01641901
v -0.02880578 -0.02352595 0.01216182
v -0.03478595 -0.02576244 0.01722820
v -0.02873569 -0.02276499 0.01209675
v -0.02978981 -0.02209752 0.01078344
v -0.02938950 -0.02501475 0.01246135
v -0.03037628 -0.02037596 0.01055011
v -0.03164722 -0.02680446 0.01513072
v -0.03468334 -0.02716287 0.01453313
v -0.03023783 -0.02507189 0.01086103
v -0.02971412 -0.02547651 0.01425555
v -0.03097509 -0.02658577 0.01334880
v -0.03132995 -0.02417858 0.00999392
v -0.03137740 -0.02673938 0.01445534
v -0.03236703 -0.02694555 0.01245213
v -0.03155318 -0.02584778 0.01065765
v -0.03721127 -0.01858018 0.01594164
v -0.03734775 -0.02123988 0.01655295
v -0.03582991 -0.01712523 0.01294708
v -0.03546313 -0.01819180 0.01233411
v -0.03578287 -0.01818336 0.01298397
v -0.03201440 -0.01795128 0.01483508
v -0.03169467 -0.01795972 0.01418522
v -0.03550564 -0.01723568 0.01230078
v -0.03725854 -0.02420687 0.01674335
v -0.03443524 -0.01809384 0.01022926
v -0.03688618 -0.02589179 0.01619655
v -0.03360613 -0.02035044 0.00882429
v -0.03360368 -0.02232693 0.00906711
v -0.03542310 -0.02627500 0.01326607
v -0.03510336 -0.02628344 0.01261621
v -0.03165463 -0.02604291 0.01511718
v -0.03446726 -0.02707490 0.01142047
v -0.03354179 -0.02514252 0.00929413
v -0.02555373 -0.01896478 0.01913436
v -0.02636768 -0.01892361 0.01872987
v -0.02647217 -0.01948062 0.01920768
v -0.02803857 -0.01706881 0.01768016
v -0.02816878 -0.01634223 0.01758643
v -0.02890716 -0.01729915 0.01792496
v -0.02742943 -0.01833215 0.01818106
v -0.02597995 -0.01880340 0.01854345
v -0.02661897 -0.01855563 0.01821851
v -0.02773855 -0.01764113 0.01782537
v -0.02849941 -0.01807236 0.01815102
v -0.02717673 -0.01821383 0.01793112
v -0.02798528 -0.01873392 0.01843237
v -0.02951533 -0.01821055 0.01744280
v -0.02770656 -0.01957285 0.01849204
v -0.02948555 -0.01843045 0.01746269
v -0.02872285 -0.01961673 0.01788079
v -0.02713496 -0.01636952 0.01548522
v -0.02698422 -0.01723877 0.01575303
v -0.02702463 -0.01716308 0.01536458
v -0.02524299 -0.01880277 0.01657132
v -0.02516042 -0.01895970 0.01626485
v -0.02667241 -0.01781265 0.01553715
v -0.02625436 -0.01830076 0.01592480
v -0.02484762 -0.01952351 0.01590582
v -0.02565621 -0.01921360 0.01551470
v -0.02807247 -0.01836265 0.01455400
v -0.02732489 -0.01734628 0.01471500
v -0.02805570 -0.01847372 0.01456244
v -0.02681708 -0.02335947 0.01898730
v -0.02637665 -0.01877695 0.01516498
v -0.02727275 -0.01965563 0.01493566
v -0.02770915 -0.01911013 0.01472847
v -0.02798445 -0.02338878 0.01831170
v -0.02613002 -0.02422489 0.01893527
v -0.02628633 -0.02366551 0.01935404
v -0.02634905 -0.02466634 0.01843516
v -0.02573374 -0.02434097 0.01873650
v -0.02739410 -0.02433353 0.01881376
v -0.02854053 -0.02382112 0.01803885
v -0.02714029 -0.02496255 0.01842416
v -0.02687583 -0.02507532 0.01817884
v -0.02891574 -0.02441651 0.01785012
v -0.02818141 -0.02531428 0.01841732
v -0.02479665 -0.02434030 0.01669653
v -0.02545917 -0.02470562 0.01638364
v -0.02505152 -0.02391298 0.01586791
v -0.02598379 -0.02377363 0.01551152
v -0.02746694 -0.02614129 0.01787584
v -0.02776365 -0.02602957 0.01812057
v -0.02597060 -0.02509921 0.01633898
v -0.02593831 -0.02499446 0.01598077
v -0.02611672 -0.02463807 0.01536899
v -0.02595446 -0.02504683 0.01615987
v -0.02631110 -0.02568775 0.01601411
v -0.02658515 -0.02535998 0.01516770
v -0.02708651 -0.02386037 0.01508190
v -0.02656605 -0.02628411 0.01587388
v -0.02693425 -0.02617980 0.01502198
v -0.02776161 -0.02513509 0.01479373
v -0.02666045 -0.02700127 0.01567415
v -0.02665756 -0.02714735 0.01604270
v -0.02695187 -0.02650766 0.01502034
v -0.02525560 -0.01881151 0.01890287
v -0.02433977 -0.01883568 0.01704145
v -0.02607133 -0.02363662 0.01945935
v -0.02529047 -0.02145664 0.01910816
v -0.02455616 -0.02425582 0.01816155
v -0.02433991 -0.01899682 0.01666729
v -0.02625601 -0.01948295 0.01931454
v -0.02745326 -0.02023400 0.01853208
v -0.02669967 -0.02334374 0.01904482
v -0.02690488 -0.01811762 0.01491627
v -0.03610053 -0.01675759 0.01350670
v -0.02830783 -0.01642392 0.01770169
v -0.02802973 -0.01626053 0.01747117
v -0.02411151 -0.02413381 0.01684638
v -0.02532534 -0.02410176 0.01931345
v -0.02501408 -0.02424373 0.01909225
v -0.02444641 -0.02367951 0.01615673
v -0.03207741 -0.01653412 0.01478567
v -0.03175767 -0.01654256 0.01413581
v -0.02409824 -0.02426790 0.01723084
v -0.02598926 -0.02027264 0.01555654
v -0.02586401 -0.02308951 0.01565474
v -0.03490397 -0.01693384 0.01148750
v -0.02714056 -0.01628400 0.01566397
v -0.02712936 -0.01645503 0.01530647
v -0.02737404 -0.01701721 0.01468897
v -0.03579275 -0.01747345 0.01296989
v -0.03302261 -0.01866729 0.01212904
v -0.03550452 -0.01677332 0.01229532
v -0.03544151 -0.01819047 0.01234473
v -0.02919293 -0.02509141 0.01770730
v -0.02851676 -0.02613231 0.01824295
v -0.03576125 -0.01818203 0.01299459
v -0.02920419 -0.02531979 0.01770072
v -0.02853341 -0.02646553 0.01823380
v -0.02784052 -0.02697012 0.01807261
v -0.02754750 -0.02712386 0.01785148
v -0.03561354 -0.02744897 0.01425039
v -0.03584999 -0.02226183 0.01388407
v -0.03133490 -0.02605135 0.01446732
v -0.03521137 -0.01678106 0.01169950
v -0.03443507 -0.02748008 0.01185518
v -0.03472837 -0.02764441 0.01207824
v -0.03540148 -0.02627367 0.01327669
v -0.03776452 -0.02289708 0.01758315
v -0.03397282 -0.02266356 0.01944567
v -0.03402792 -0.02142431 0.01940247
v -0.03781962 -0.02165783 0.01753994
v -0.03312196 -0.02144822 0.01756111
v -0.03691366 -0.02168174 0.01569859
v -0.03306686 -0.02268748 0.01760432
v -0.03685856 -0.02292100 0.01574179
v -0.03273616 -0.02246924 0.01616268
v -0.02038269 -0.02207892 0.02215425
v -0.02047977 -0.02134393 0.02225973
v -0.03247638 -0.02346308 0.01575842
v -0.02017145 -0.02270526 0.02180274
v -0.03218313 -0.02388561 0.01521440
v -0.01987820 -0.02312778 0.02125871
v -0.03169356 -0.02397135 0.01422848
v -0.01954749 -0.02328216 0.02060483
v -0.03218166 -0.02027686 0.01475896
v -0.02003560 -0.01958767 0.02113529
v -0.01971786 -0.01945041 0.02047124
v -0.03267484 -0.02106184 0.01586138
v -0.02029192 -0.01999569 0.02170827
v -0.02044790 -0.02061233 0.02210312
v -0.03113905 -0.02177897 0.01282476
v -0.01888266 -0.02065365 0.01892181
v -0.01878558 -0.02138865 0.01881633
v -0.03154546 -0.02057387 0.01350102
v -0.01909390 -0.02002731 0.01927332
v -0.01938716 -0.01960479 0.01981735
v -0.01922976 -0.02314490 0.01994077
v -0.03120037 -0.02318638 0.01312606
v -0.01897343 -0.02273689 0.01936779
v -0.01881745 -0.02212024 0.01897294
v -0.03204330 -0.01730132 0.01481242
v -0.03199781 -0.01728044 0.01471719
v -0.03171860 -0.01742129 0.01416645
v -0.03090732 -0.02621010 0.01536970
v -0.03099196 -0.02544278 0.01685273
v -0.03130696 -0.02667981 0.01448923
v -0.03340541 -0.01710633 0.01333243
v -0.03162173 -0.02678291 0.01514298
v -0.03327182 -0.02729382 0.01433775
v -0.03537205 -0.02742317 0.01330610
v -0.03295662 -0.02720026 0.01368434
v -0.03726100 -0.02223038 0.01650053
v -0.03743450 -0.02024938 0.01660537
v -0.03651959 -0.01747918 0.01439548
v -0.03489199 -0.01752215 0.01108743
v -0.03360490 -0.02133868 0.00894570
v -0.03343017 -0.02430793 0.00896226
v -0.03545598 -0.02509199 0.01318467
v -0.03444909 -0.01851460 0.01501390
v -0.03271164 -0.02566148 0.01237288
v -0.02777360 -0.02535755 0.01479310
v -0.03582426 -0.01676488 0.01294518
v -0.03534125 -0.02762823 0.01332391
v -0.03159441 -0.02739747 0.01516440
v -0.03502152 -0.02763667 0.01267406
v -0.03508174 -0.02628211 0.01262683
v -0.03560138 -0.01818625 0.01266966
v -0.02732801 -0.02305086 0.01863029
v -0.02747429 -0.02023357 0.01852173
v -0.02588489 -0.02309252 0.01564451
v -0.03593254 -0.02230560 0.01438284
v -0.03614566 -0.02283524 0.01488311
v -0.03595236 -0.02257274 0.01445670
v -0.03383577 -0.02236095 0.01012121
v -0.03409455 -0.02222028 0.01063039
v -0.03409654 -0.02181879 0.01058412
v -0.03397487 -0.02189371 0.01034580
v -0.03385560 -0.02262808 0.01019507
v -0.03185243 -0.02403999 0.01456051
v -0.03268762 -0.02283674 0.01610994
v -0.03193761 -0.02212411 0.01449372
v -0.03259685 -0.02075351 0.01566396
v -0.03202279 -0.02020823 0.01442693
v -0.03169209 -0.02036261 0.01377304
v -0.03234053 -0.02034550 0.01509098
v -0.03118759 -0.02141148 0.01287750
v -0.03112239 -0.02287806 0.01292863
v -0.03127836 -0.02349471 0.01332348
v -0.03153469 -0.02390272 0.01389646
v -0.01963268 -0.02136629 0.02053803
v 0.00000000 -0.03246124 0.24000000
v 0.12000000 -0.02763712 0.24000000
v -0.12000000 -0.02763712 0.24000000
v 0.00000000 -0.02763712 0.24000000
v 0.12000000 -0.02763712 0.00000000
v -0.12000000 -0.02763712 0.00000000
v 0.00000000 -0.02763712 0.00000000
v 0.12000000 -0.03246124 0.00000000
v -0.12000000 -0.03246124 0.00000000
v 0.00000000 -0.03246124 0.00000000
v 0.12000000 -0.03246124 0.24000000
v -0.12000000 -0.03246124 0.24000000
v 0.12000000 -0.03246124 0.12000000
v -0.12000000 -0.03246124 0.12000000
v 0.04554378 0.02041314 0.06470291
v 0.03890095 0.01702890 0.07657912
v 0.04382310 0.01693197 0.06657809
v 0.04302607 0.01775081 0.07652266
v 0.03869900 0.03117938 0.06898781
v 0.03693650 0.03048996 0.06922202
v 0.03889765 0.03101687 0.07141025
v 0.03987403 0.03073999 0.07040607
v 0.04646788 0.02844144 0.06983734
v 0.04456042 0.02904794 0.06967876
v 0.03821007 -0.00271797 0.13671124
v 0.03824573 0.01390320 0.12773343
v 0.03142947 0.02879571 0.06983734
v 0.03302598 0.02909549 0.06915340
v 0.04640647 0.02087351 0.06127321
v 0.04639788 0.02247874 0.06070530
v 0.04681974 0.02137948 0.05952860
v 0.04682632 0.02014908 0.05996391
v 0.03477583 0.01775081 0.07652266
v 0.03397880 0.01693197 0.06645051
v 0.03266968 0.01956135 0.07628143
v 0.04554227 0.01734243 0.05999221
v 0.04570083 0.01494440 0.05745348
v 0.04599596 0.01657783 0.06130190
v 0.04309569 0.01844621 0.06106610
v 0.04403867 0.01721325 0.05520169
v 0.04751782 0.01200966 0.05974833
v 0.03234394 0.02189121 0.06318066
v 0.04540383 0.01559371 0.05291332
v 0.03297276 0.01653532 0.06118549
v 0.03117933 0.02135986 0.05985557
v 0.03180126 0.02004310 0.06104196
v 0.03366967 0.01702240 0.05855983
v 0.03406549 0.01743339 0.06066761
v 0.02973642 0.01801643 0.05903865
v 0.03023165 0.01196599 0.05974188
v 0.05718152 -0.00806165 0.05881845
v 0.05737677 -0.00674298 0.05882275
v 0.02858926 0.01349961 0.05972141
v 0.03301596 0.01630283 0.05600941
v 0.05637389 -0.00722480 0.05859124
v 0.05677960 -0.00500912 0.05505297
v 0.03303504 0.01627485 0.05347685
v 0.02939100 0.01156198 0.05148595
v 0.04629430 0.02250365 0.07024781
v 0.04607903 0.02258102 0.06348844
v 0.04781162 0.01623194 0.06024247
v 0.04627546 0.02237384 0.05931599
v 0.04651472 0.02221118 0.06024169
v 0.04665575 0.02184183 0.05985528
v 0.04671942 0.02120183 0.05852418
v 0.04690625 0.01919395 0.06057226
v 0.04660103 0.01952056 0.06081576
v 0.04897429 0.01345012 0.05973093
v 0.04919803 0.01343182 0.05972106
v 0.04926114 0.01362351 0.05959407
v 0.04611039 0.02307178 0.06209002
v 0.04614277 0.02244291 0.06283445
v 0.04532358 0.02408342 0.06180774
v 0.04516791 0.02518340 0.06302859
v 0.03182454 0.01851884 0.09346428
v 0.03033589 0.02125695 0.08881773
v 0.04585830 0.02434219 0.06328105
v 0.03476565 0.01654442 0.09749635
v 0.04530534 0.02874242 0.06933931
v 0.03890095 0.01658365 0.09349006
v 0.04303625 0.01654442 0.09749635
v 0.04597736 0.01851884 0.09346428
v 0.04623500 0.02400813 0.07862943
v 0.04513222 0.01956135 0.07628143
v 0.03135185 0.01862688 0.12773407
v 0.03308199 0.01585584 0.12814696
v 0.02961885 0.02147076 0.11081171
v 0.04011003 0.01534209 0.12025697
v 0.04291376 0.01580445 0.12035420
v 0.04471991 0.01585584 0.12814696
v 0.04645005 0.01862688 0.12773407
v 0.04559652 0.01787483 0.10701438
v 0.03311723 -0.00386823 0.13893469
v 0.03011312 -0.00481811 0.14511222
v 0.03294833 0.00643238 0.14008510
v 0.04818305 0.02147076 0.11081171
v 0.03519834 0.01500637 0.12670195
v 0.03049855 0.01269179 0.14455726
v 0.03821614 0.01442227 0.12686856
v 0.03890095 0.01415773 0.12747269
v 0.03621981 0.00339721 0.13692769
v 0.03382284 0.01039376 0.13437340
v 0.03315750 0.01543062 0.12877686
v 0.03564547 0.01261241 0.12996565
v 0.03351246 0.01310750 0.13174969
v 0.03174325 0.01700086 0.13051872
v 0.03689743 0.01033476 0.13158866
v 0.03992822 0.00303419 0.13621823
v 0.04348576 -0.00355165 0.13783541
v 0.03423308 0.00463744 0.13829367
v 0.03273482 0.01094294 0.13703319
v 0.03216487 0.01473756 0.13352050
v 0.03890095 0.00869185 0.13277881
v 0.03079468 0.01971375 0.12952751
v 0.04045643 0.00504556 0.13519178
v 0.04238278 0.01446801 0.12762935
v 0.02939179 -0.00645817 0.15552320
v 0.02853826 0.00666323 0.15430843
v 0.03021300 0.01196012 0.14574667
v 0.03112351 0.01711764 0.13632507
v 0.04184941 0.00917484 0.13314467
v 0.04160446 0.01198977 0.13023232
v 0.03121675 0.01539144 0.13990898
v 0.04356882 0.00463744 0.13829367
v 0.04179129 0.01409401 0.12779836
v 0.04397906 0.01039376 0.13437340
v 0.04428944 0.01310750 0.13174969
v 0.04464440 0.01543062 0.12877686
v 0.04485357 0.00643238 0.14008510
v 0.04585585 -0.00418482 0.14003398
v 0.03063101 -0.00228322 0.16295754
v 0.04796483 -0.00502852 0.14733624
v 0.04506708 0.01094294 0.13703319
v 0.04576771 0.01562311 0.13236418
v 0.04700722 0.01971375 0.12952751
v 0.04684910 0.01859378 0.13263325
v 0.04667839 0.01711764 0.13632507
v 0.04658515 0.01539144 0.13990898
v 0.04730336 0.01269179 0.14455726
v 0.04824121 0.00010253 0.15491582
v 0.04758890 0.01196012 0.14574667
v 0.04717089 -0.00228322 0.16295754
v 0.04511978 -0.00866422 0.16526364
v 0.04034796 0.01713099 0.06750959
v 0.03890095 0.01690884 0.06750959
v 0.03204583 0.02433002 0.06320813
v 0.03745394 0.01713099 0.06750959
v 0.04319343 0.01714581 0.06542868
v 0.04710816 0.02054620 0.05902922
v 0.04794243 0.01857371 0.05713439
v 0.03149818 0.02640192 0.07423338
v 0.03890095 0.01704123 0.06705769
v 0.05005641 0.01431970 0.05673338
v 0.04822649 0.01806198 0.05896934
v 0.03745394 0.01718783 0.06705769
v 0.03280315 0.02437137 0.06148151
v 0.05809848 -0.00186985 0.05623295
v 0.03170919 0.02296124 0.06176951
v 0.03159247 0.02255893 0.06109205
v 0.03506988 0.01844767 0.06114031
v 0.05719763 -0.00289555 0.05135925
v 0.03152490 0.02162765 0.05884938
v 0.03148717 0.02120678 0.05715648
v 0.05845317 -0.00584457 0.05799668
v 0.05686027 -0.00263068 0.05892008
v 0.03392264 0.01721325 0.05517536
v 0.05563270 -0.00331139 0.05871027
v 0.05793835 -0.00931816 0.05798091
v 0.03007099 0.01872685 0.05652126
v 0.05828222 -0.00765605 0.05721908
v 0.05647311 -0.00977342 0.05880535
v 0.05720838 -0.01086624 0.05797460
v 0.05409607 -0.00957398 0.05848685
v 0.05563364 -0.00879567 0.05856448
v 0.05684110 -0.01023923 0.05146591
v 0.05574452 -0.01174734 0.05797249
v 0.02776032 0.01451588 0.05595133
v 0.01961349 -0.00183288 0.05556029
v 0.05740971 -0.01109706 0.05610319
v 0.05489440 -0.01082337 0.05877668
v 0.05123562 -0.00996031 0.05833304
v 0.05536893 -0.01109240 0.05143687
v 0.04960149 -0.01202416 0.05869726
v 0.05121404 -0.01206251 0.05130954
v 0.05040455 -0.01324308 0.05703364
v 0.04961231 -0.01012421 0.05826766
v 0.04798395 -0.01017841 0.05824573
v 0.04796306 -0.01213087 0.05869114
v 0.05042397 -0.01004226 0.05830035
v 0.04797153 -0.01329181 0.05797499
v 0.04878626 -0.01345363 0.05703892
v 0.04960421 -0.01234238 0.05127231
v 0.02093784 -0.00262875 0.05891988
v 0.04052816 -0.01214554 0.05869461
v 0.04796832 -0.01372264 0.05610664
v 0.04052816 -0.01328897 0.05798007
v 0.02179693 -0.00526700 0.05865070
v 0.02060427 -0.00289555 0.05135925
v 0.01947830 -0.00387240 0.05681016
v 0.04797323 -0.01243644 0.05125846
v 0.04052816 -0.01243887 0.05124908
v 0.02991466 -0.01213476 0.05869183
v 0.03727374 -0.01017479 0.05824509
v 0.03727374 -0.01328897 0.05798007
v 0.02983037 -0.01329181 0.05797499
v 0.03727374 -0.01372054 0.05611041
v 0.02819896 -0.01319132 0.05797406
v 0.02983358 -0.01372264 0.05610664
v 0.02981795 -0.01017841 0.05824573
v 0.02820041 -0.01202416 0.05869726
v 0.02818959 -0.01012421 0.05826766
v 0.02045102 -0.00735227 0.05881344
v 0.01995230 -0.00197029 0.05808138
v 0.01934875 -0.00584468 0.05799668
v 0.02819769 -0.01234238 0.05127231
v 0.02370583 -0.00957398 0.05848685
v 0.02290750 -0.01082337 0.05877668
v 0.02659119 -0.01289016 0.05797352
v 0.02820092 -0.01361544 0.05610285
v 0.02142802 -0.00722491 0.05859124
v 0.02656628 -0.00996031 0.05833304
v 0.02216826 -0.00879567 0.05856448
v 0.02132879 -0.00977342 0.05880535
v 0.02205738 -0.01174734 0.05797249
v 0.02659574 -0.01329485 0.05609322
v 0.02243297 -0.01109240 0.05143687
v 0.02184370 -0.01199533 0.05611084
v 0.02059352 -0.01086624 0.05797460
v 0.01964166 -0.00963645 0.05574625
v 0.02096080 -0.01023923 0.05146591
v 0.02033691 -0.01116044 0.05558927
v 0.03890095 -0.01017479 0.05824509
v 0.03890095 -0.01328897 0.05798007
v 0.04052816 -0.01372054 0.05611041
v 0.03727374 -0.01243887 0.05124908
v 0.04628346 0.02123117 0.06280497
v 0.04642412 0.01901873 0.06096543
v 0.04697614 0.01933806 0.06038568
v 0.04658524 0.02202651 0.06004848
v 0.04665719 0.01962280 0.06069065
v 0.04652696 0.01951614 0.06090175
v 0.04651529 0.02001053 0.06107852
v 0.04646610 0.02024824 0.06150040
v 0.04664895 0.01901377 0.06075401
v 0.04700162 0.02924431 0.07396287
v 0.04512370 0.03031250 0.07280707
v 0.04600833 0.02256738 0.05862329
v 0.03062698 0.02719862 0.07512194
v 0.03080028 0.02959580 0.07396287
v 0.05009864 0.01379552 0.05879017
v 0.03726438 -0.00338047 0.14731793
v 0.03890095 -0.00258190 0.13663735
v 0.03862751 0.02408115 0.13024286
v 0.03979099 0.02396317 0.13031719
v 0.03883431 0.00931855 0.14490144
v 0.03883431 0.00944436 0.14410320
v 0.03499440 -0.00770708 0.16525742
v 0.03890095 -0.01106197 0.17517012
v 0.03883431 0.00775643 0.15528772
v 0.03750800 0.00764880 0.15590855
v 0.04016063 0.00764880 0.15590855
v 0.04169039 -0.01097388 0.17374662
v 0.04280750 -0.00770708 0.16525742
v 0.03886935 0.00946616 0.15605684
v 0.03886717 0.00972591 0.15572533
v 0.04174453 -0.00650791 0.17592834
v 0.04244278 -0.00335820 0.17233143
v 0.04034796 0.01773757 0.06484351
v 0.04204427 0.01932115 0.06436207
v 0.03890095 0.01754297 0.06484351
v 0.04034796 0.01718783 0.06705769
v 0.04226343 0.01949167 0.06123865
v 0.04034796 0.01914820 0.06488744
v 0.03890095 0.01861312 0.06503399
v 0.03745394 0.01773757 0.06484351
v 0.03575763 0.01932242 0.06434075
v 0.03536682 0.01792907 0.06431581
v 0.03565659 0.01945299 0.06131328
v 0.04920050 0.01272921 0.05008368
v 0.05903309 -0.00414543 0.05027076
v 0.05940220 -0.00611094 0.05031519
v 0.05862543 -0.00991165 0.05186416
v 0.05823081 -0.01121063 0.05083961
v 0.05119301 -0.01446179 0.05067129
v 0.05084570 -0.01390991 0.05043178
v 0.01876881 -0.00414543 0.05027076
v 0.02860140 0.01272921 0.05008368
v 0.01839970 -0.00611094 0.05031519
v 0.02660889 -0.01446179 0.05067129
v 0.02658190 -0.01380564 0.05043480
v 0.02000338 -0.01149358 0.05067106
v 0.01984396 -0.01172558 0.05100723
v 0.04497700 0.02518340 0.06302859
v 0.04444848 0.02482941 0.05979586
v 0.04264037 0.02768468 0.06227793
v 0.04215672 0.02741655 0.06213080
v 0.04194606 0.02045469 0.06214012
v 0.03609274 0.02967136 0.06772675
v 0.03323699 0.02930399 0.06965428
v 0.03861314 0.03112471 0.06866163
v 0.04000843 0.03063244 0.06839586
v 0.04134772 0.02924843 0.06746273
v 0.04175318 0.02963736 0.06779900
v 0.03645522 0.02926204 0.06742809
v 0.03735554 0.03059451 0.06874099
v 0.02908324 0.02402596 0.09714629
v 0.03267820 0.03066078 0.07280707
v 0.02915094 0.02613664 0.09306810
v 0.03890095 0.02884885 0.09282952
v 0.04707453 0.02728312 0.09314692
v 0.04746601 0.02125695 0.08881773
v 0.04717492 0.02720055 0.07512194
v 0.04871866 0.02402596 0.09714629
v 0.04865096 0.02613664 0.09306810
v 0.03097701 0.02476494 0.11383221
v 0.03023978 0.02293240 0.12065224
v 0.04756212 0.02293240 0.12065224
v 0.03087386 0.02154730 0.13011038
v 0.03237949 0.02270953 0.13036462
v 0.03409876 -0.00525367 0.15551016
v 0.04217409 -0.00355431 0.14732071
v 0.04140450 -0.00509323 0.15704129
v 0.03150715 0.01683027 0.14114699
v 0.03135759 0.01854605 0.13770401
v 0.03286933 0.01992563 0.13749013
v 0.03078409 0.01342345 0.14336786
v 0.03119086 0.01488820 0.14445452
v 0.03016397 0.01080641 0.15087985
v 0.03890095 -0.00712231 0.16525153
v 0.03618443 0.02081823 0.13744204
v 0.03134900 0.01585923 0.14280076
v 0.03305387 0.01716766 0.14283266
v 0.04721878 -0.00645817 0.15552320
v 0.02954849 0.00812539 0.15509713
v 0.03077944 0.01348743 0.14666256
v 0.04548280 0.02304520 0.12937528
v 0.03148849 0.00094059 0.16612275
v 0.04679875 0.02078771 0.13212618
v 0.03334877 0.00880551 0.14848485
v 0.03883431 0.00888056 0.14776503
v 0.03199893 0.00914490 0.15538621
v 0.03252637 0.01446709 0.14704555
v 0.04692804 0.02154730 0.13011038
v 0.03297074 0.00830591 0.15174936
v 0.03980495 0.02247332 0.13421316
v 0.03782553 0.01929915 0.14110638
v 0.03980136 0.02090467 0.13792977
v 0.04511467 0.02099862 0.13484846
v 0.04407472 0.00897016 0.14740895
v 0.04162987 0.01865619 0.14168119
v 0.04469789 0.00830591 0.15174936
v 0.04644431 0.01854605 0.13770401
v 0.03868122 0.00207684 0.16360082
v 0.03400537 -0.00105883 0.16716117
v 0.03871836 0.00035806 0.16605274
v 0.03420149 -0.00093853 0.16826960
v 0.03380304 -0.00020193 0.16605274
v 0.03659672 0.00965609 0.15609140
v 0.04655689 0.01928709 0.13592299
v 0.03459885 -0.00175263 0.17031801
v 0.04478619 0.01904603 0.13938771
v 0.03605737 -0.00650791 0.17592834
v 0.03750658 -0.01147850 0.17541742
v 0.03533486 -0.00403580 0.17302763
v 0.03461226 -0.00382884 0.17031694
v 0.03852639 -0.00420683 0.17249176
v 0.03885073 0.00868688 0.15572466
v 0.03928222 0.00972686 0.15572648
v 0.04665628 0.01512686 0.14225742
v 0.04661104 0.01488820 0.14445452
v 0.04107190 0.00966846 0.15609140
v 0.03700297 -0.00425373 0.17406788
v 0.03721471 -0.00659877 0.17323256
v 0.03720062 -0.00671116 0.17309616
v 0.03708181 -0.00391343 0.17372300
v 0.04497635 0.01587335 0.14489496
v 0.04645290 0.01585923 0.14280076
v 0.03754562 -0.00655179 0.17361126
v 0.03708807 -0.00426127 0.17416250
v 0.03744305 -0.00435054 0.17462925
v 0.04614899 0.01397726 0.14685405
v 0.04527553 0.01446709 0.14704555
v 0.04423336 0.00151686 0.16360082
v 0.03888701 0.00665024 0.16031726
v 0.04377254 0.00388019 0.16368041
v 0.04377903 0.00634338 0.16010042
v 0.04029532 -0.01147850 0.17541742
v 0.04029532 -0.00586933 0.17658453
v 0.04359996 -0.00105883 0.16716117
v 0.03881682 -0.00478518 0.17523422
v 0.03834656 -0.00662924 0.17430655
v 0.03812421 -0.00459079 0.17499210
v 0.04299306 -0.00382884 0.17031694
v 0.04825341 0.00812539 0.15509713
v 0.04926364 0.00666323 0.15430843
v 0.04580297 0.00914490 0.15538621
v 0.03959581 -0.00567930 0.17484298
v 0.03903234 -0.00663085 0.17469556
v 0.03882089 -0.00478479 0.17523373
v 0.04040293 -0.00374669 0.17383300
v 0.04072233 -0.00691146 0.17343022
v 0.04043129 -0.00377333 0.17383777
v 0.04073379 -0.00686677 0.17368692
v 0.04052655 -0.00419359 0.17426579
v 0.04010453 -0.00448522 0.17486061
v 0.04037604 -0.00680870 0.17430468
v 0.04225321 -0.00395280 0.17301807
v 0.04060557 -0.00697230 0.17338345
v 0.04631341 0.00094059 0.16612275
v 0.04300702 -0.00166895 0.17031805
v 0.04341058 0.00012241 0.16826959
v 0.03575715 0.01701885 0.14425265
v 0.03491107 0.00940383 0.14455938
v 0.03575715 0.00944436 0.14425265
v 0.03310365 0.01083438 0.14956076
v 0.03359390 0.00897016 0.14740895
v 0.03289818 0.00785822 0.15467471
v 0.03883431 0.01750639 0.14410320
v 0.03798708 0.00944436 0.14412696
v 0.03343889 0.00917683 0.15579861
v 0.03377131 0.00764880 0.15600029
v 0.03310646 0.00771502 0.15559693
v 0.03362717 0.00730569 0.15857640
v 0.03362717 0.00469674 0.15893684
v 0.03362717 0.00677425 0.15599684
v 0.04275755 0.01302676 0.14455938
v 0.04191147 0.01705490 0.14425265
v 0.04191147 0.00944436 0.14425265
v 0.04445925 0.00469674 0.15893684
v 0.04445925 0.00677425 0.15599684
v 0.04407472 0.01454057 0.14740895
v 0.04456497 0.01306146 0.14956076
v 0.04456497 0.00864086 0.14956076
v 0.03733700 -0.00680040 0.17308706
v 0.03710905 -0.00389643 0.17372911
v 0.04469789 0.00998178 0.15174936
v 0.04477044 0.00981564 0.15467471
v 0.04422974 0.00920607 0.15579861
v 0.04456216 0.00771502 0.15559693
v 0.04389731 0.00764880 0.15600029
v 0.04046443 -0.00425995 0.17441066
v 0.04055588 -0.00684210 0.17410888
v 0.04445925 0.00546982 0.15948313
v 0.04445925 0.00828450 0.15706404
v 0.03564520 0.02741597 0.06214137
v 0.04661909 0.02102418 0.05751977
v 0.03311210 0.02547723 0.06288667
v 0.03583711 0.02066883 0.06170020
v 0.04402908 0.02321755 0.05396555
v 0.04330162 0.01947959 0.05457867
v 0.04516489 0.02244540 0.05303157
v 0.04244867 0.01794273 0.06361317
v 0.03503243 0.02738054 0.06159873
v 0.03490455 0.02708013 0.06092828
v 0.04709781 0.02009528 0.05167834
v 0.03540109 0.02686122 0.06083549
v 0.04491880 0.02199462 0.05253524
v 0.04414953 0.01733321 0.05286563
v 0.04993083 0.01587829 0.05061773
v 0.04689026 0.01974284 0.05121791
v 0.03349454 0.02372100 0.05453655
v 0.04981299 0.01551259 0.05012305
v 0.04583016 0.01560748 0.05171534
v 0.04433559 0.01710992 0.05289978
v 0.04602178 0.01655762 0.05135865
v 0.05840243 -0.00383144 0.05621145
v 0.04476686 0.01627485 0.05347685
v 0.03426103 0.01790776 0.05433415
v 0.05883927 -0.00156895 0.05071744
v 0.05872364 -0.00195113 0.05022947
v 0.04868740 0.01195125 0.05048836
v 0.04841090 0.01156198 0.05148595
v 0.03347884 0.01674405 0.05432610
v 0.03264788 0.02244323 0.05304555
v 0.05773147 -0.00251390 0.05043146
v 0.05945927 -0.00563973 0.05081784
v 0.03332847 0.02258920 0.05325269
v 0.03391727 0.01850494 0.05312534
v 0.03071369 0.02009151 0.05168554
v 0.03346631 0.01710992 0.05289978
v 0.05783434 -0.00473316 0.05092018
v 0.05811127 -0.00946753 0.05644148
v 0.05792651 -0.00670685 0.05139567
v 0.03091332 0.01973668 0.05121818
v 0.03197237 0.01560812 0.05171584
v 0.03239807 0.01559371 0.05291332
v 0.05803790 -0.00919915 0.05054660
v 0.05872967 -0.00978721 0.05089153
v 0.02787097 0.01587803 0.05061774
v 0.02798891 0.01551260 0.05012305
v 0.05657436 -0.01271043 0.05074263
v 0.05799024 -0.01176262 0.05070690
v 0.03178012 0.01655762 0.05135865
v 0.02911396 0.01195038 0.05048836
v 0.05620572 -0.01217801 0.05065607
v 0.05122786 -0.01273915 0.05050305
v 0.04959532 -0.01483842 0.05070710
v 0.04921254 -0.01307208 0.05048240
v 0.01896267 -0.00156893 0.05071745
v 0.04796816 -0.01416777 0.05042900
v 0.04795905 -0.01496498 0.05071914
v 0.01907826 -0.00195113 0.05022947
v 0.02007043 -0.00251390 0.05043146
v 0.01996756 -0.00473316 0.05092018
v 0.04052816 -0.01311362 0.05047305
v 0.03727374 -0.01311362 0.05047305
v 0.02984285 -0.01496498 0.05071914
v 0.03727374 -0.01414263 0.05041984
v 0.03045018 -0.01348054 0.05033193
v 0.02820658 -0.01483842 0.05070710
v 0.01834264 -0.00563974 0.05081784
v 0.01900430 -0.00577452 0.05553895
v 0.02710581 -0.01317581 0.05035416
v 0.01987539 -0.00670686 0.05139567
v 0.01921542 -0.01024787 0.05145363
v 0.02053575 -0.01221801 0.05087493
v 0.01976400 -0.00919915 0.05054660
v 0.02426943 -0.01219237 0.05053629
v 0.01953690 -0.00952113 0.05071444
v 0.02051444 -0.01077642 0.05057552
v 0.01930980 -0.00984311 0.05088229
v 0.04052816 -0.01496498 0.05071914
v 0.03890095 -0.01496498 0.05071914
v 0.03890095 -0.01243887 0.05124908
v 0.04052816 -0.01414263 0.05041984
v 0.03727374 -0.01496498 0.05071914
v 0.02958650 -0.00502852 0.14733624
v 0.03063974 -0.00460771 0.14288821
v 0.03191832 -0.00418482 0.14003398
v 0.03431614 -0.00355165 0.13783541
v 0.03751920 -0.00285403 0.13678513
v 0.04704060 -0.00460771 0.14288821
v 0.03437473 0.00929671 0.14527515
v 0.03491107 0.01661486 0.14455938
v 0.03602233 0.01709943 0.14423770
v 0.03968154 0.00944436 0.14412696
v 0.04329389 0.00929671 0.14527515
v 0.03310365 0.01302789 0.14956076
v 0.03305840 0.00937872 0.15538413
v 0.03373245 0.01478043 0.14703034
v 0.03437473 0.01603839 0.14527515
v 0.03263798 -0.00866471 0.16526364
v 0.03370299 0.00242282 0.16556322
v 0.03366407 0.00380127 0.16367824
v 0.03798708 0.01739233 0.14412696
v 0.03890095 0.01751317 0.14410507
v 0.03401543 0.00917086 0.15599097
v 0.03401750 0.00838411 0.15713443
v 0.03997323 0.00915232 0.15670198
v 0.03378938 0.00199160 0.16605155
v 0.03337197 0.00365696 0.16367434
v 0.04178001 0.01709485 0.14424524
v 0.03419528 0.00003867 0.16826959
v 0.03402936 0.00388071 0.16367964
v 0.03402287 0.00634338 0.16010042
v 0.03362717 0.00832649 0.15709371
v 0.03310646 0.00924276 0.15559693
v 0.04477044 0.00785822 0.15467471
v 0.03535316 -0.00659920 0.17293898
v 0.03744482 -0.00655102 0.17351977
v 0.03764643 -0.00655255 0.17370275
v 0.03902820 -0.00663199 0.17469586
v 0.04301990 0.01637630 0.14490950
v 0.03551405 -0.00405292 0.17312506
v 0.03868243 0.00440681 0.16368085
v 0.04378440 0.00838411 0.15713443
v 0.04378646 0.00916736 0.15599606
v 0.03750658 -0.00434750 0.17468909
v 0.03750658 -0.00586933 0.17658453
v 0.04393555 0.01481521 0.14702865
v 0.04463143 0.01235955 0.15065506
v 0.04461028 0.00940812 0.15538387
v 0.04389731 0.00914014 0.15600029
v 0.04107190 0.00764880 0.15609195
v 0.04004457 -0.00674363 0.17444370
v 0.04228165 -0.00659387 0.17288862
v 0.04029532 -0.00430539 0.17463664
v 0.04037988 -0.00428267 0.17452365
v 0.04391124 0.00254844 0.16551580
v 0.04423336 0.00375356 0.16367765
v 0.04381646 0.00207538 0.16605150
v 0.04413769 0.00380081 0.16367894
v 0.04456216 0.00927200 0.15559693
v 0.04445925 0.00624290 0.16002941
v 0.03464946 0.01634223 0.14490852
v 0.03359390 0.01450701 0.14740895
v 0.03289818 0.00978639 0.15467471
v 0.03968154 0.01740768 0.14412696
v 0.04329389 0.01607328 0.14527515
v 0.04275755 0.01664970 0.14455938
v 0.03337197 0.00151686 0.16360082
v 0.03781540 -0.00523006 0.17578832
v 0.03887455 0.00863619 0.15731256
v 0.04015177 0.00285539 0.16446414
v 0.04014404 0.00349563 0.16312636
v 0.04013015 0.00464622 0.16407535
v 0.04013864 0.00394314 0.16541312
v 0.03868401 0.00495310 0.16407535
v 0.03871172 0.00423841 0.16541312
v 0.03747522 0.00314276 0.16446414
v 0.03746657 0.00385964 0.16312636
v 0.04262373 -0.00037391 0.06980831
v 0.04262373 -0.00303225 0.05876284
v 0.04262373 0.00228442 0.05876284
v 0.03834382 0.00228442 0.06878321
v 0.04074057 -0.00096685 0.06862716
v 0.03594707 -0.00096685 0.06862716
v 0.04082851 0.00228442 0.06437398
v 0.04074057 -0.00096685 0.06012081
v 0.03834382 -0.00096685 0.06862716
v 0.03594707 -0.00096685 0.06012081
v 0.03834382 -0.00303225 0.06980831
v 0.03406390 -0.00303225 0.05876284
v 0.03585913 0.00228442 0.06437398
v 0.03406390 -0.00037391 0.06980831
v 0.03406390 0.00228442 0.05876284
v 0.03834382 0.00228442 0.05996475
v 0.03834382 -0.00303225 0.05876284
v 0.03446040 -0.00278597 0.07188052
v 0.04222723 -0.00278597 0.06980831
v 0.04222723 -0.00278598 0.07395273
v 0.04222723 -0.00037392 0.06980831
v 0.04262373 -0.00303225 0.06980831
v 0.04262373 0.00228442 0.06980831
v 0.03446040 -0.00278597 0.06980831
v 0.03406390 -0.00303225 0.06980831
v 0.03406390 0.00228442 0.06980831
v 0.04092133 0.00203814 0.06980831
v 0.03782245 0.00216128 0.06980831
v 0.04118450 0.00228442 0.06980831
v 0.04172612 0.00228442 0.06929576
v 0.03496151 0.00228442 0.05936379
v 0.03585913 0.00228442 0.06878321
v 0.04222723 0.00203814 0.07395273
v 0.03834382 -0.00278598 0.07395273
v 0.03446040 0.00203814 0.07395273
v 0.03446040 0.00203815 0.06980831
v 0.04222723 -0.00278597 0.07188052
v 0.04222723 0.00203814 0.06980831
v 0.03446040 0.00203814 0.07188052
v 0.03446040 -0.00278598 0.07395273
v 0.03639478 0.00137776 0.06755491
v 0.03678259 0.00041855 0.06840929
v 0.03639478 -0.00056371 0.06075222
v 0.03678259 0.00039551 0.05989785
v 0.04029285 -0.00056371 0.06755490
v 0.03990504 0.00039552 0.06840928
v 0.04068682 0.00040703 0.06101099
v 0.03990504 0.00041858 0.05989784
v 0.04097522 0.00024113 0.06251071
v 0.04097522 0.00057294 0.06251072
v 0.03786509 0.00057297 0.06879586
v 0.03834491 0.00023097 0.06887933
v 0.03882254 0.00057296 0.06879586
v 0.03834493 0.00058309 0.05942779
v 0.03834266 0.00023096 0.05942779
v 0.04097716 -0.00104672 0.06448352
v 0.04068682 -0.00218097 0.06492611
v 0.04068682 -0.00200705 0.06569866
v 0.03997260 -0.00326638 0.06520214
v 0.03882254 -0.00313700 0.06647494
v 0.03882254 -0.00365960 0.06415356
v 0.03706640 -0.00304683 0.06630178
v 0.03706258 -0.00350772 0.06405842
v 0.03600082 -0.00200705 0.06569866
v 0.03600082 -0.00235489 0.06415356
v 0.03570983 -0.00100947 0.06463493
v 0.03834382 0.00252331 0.06817397
v 0.03989888 0.00234851 0.06781369
v 0.03833798 0.00401600 0.06651667
v 0.03786509 0.00252331 0.06817398
v 0.03892674 0.00436728 0.06265741
v 0.03786509 0.00447366 0.06415356
v 0.03786509 0.00395107 0.06183218
v 0.03882254 0.00252331 0.06013315
v 0.03732692 0.00243590 0.06031330
v 0.03786509 0.00252331 0.06013315
v 0.03834382 -0.00170925 0.06817397
v 0.03882254 -0.00170925 0.06817397
v 0.03786509 -0.00170925 0.06817397
v 0.03882254 -0.00170925 0.06013315
v 0.03786509 -0.00170925 0.06013315
v 0.03936071 -0.00162185 0.06031330
v 0.03833798 -0.00320193 0.06179045
v 0.03571241 0.00024113 0.06579642
v 0.03600082 0.00187095 0.06682936
v 0.03571241 0.00057294 0.06251071
v 0.03600082 -0.00105689 0.06147776
v 0.04097522 0.00024113 0.06579642
v 0.04097522 0.00121859 0.06548474
v 0.04068682 0.00187095 0.06682936
v 0.04097522 -0.00040453 0.06282238
v 0.03989888 -0.00153445 0.06049345
v 0.04097780 0.00182353 0.06463494
v 0.04071154 0.00308039 0.06510354
v 0.03989888 0.00364830 0.06626693
v 0.03678875 0.00234850 0.06781369
v 0.03597678 0.00314052 0.06484626
v 0.03570571 0.00198912 0.06401921
v 0.03989888 0.00412407 0.06415356
v 0.03678875 0.00388618 0.06521025
v 0.03588873 0.00263027 0.06266535
v 0.03678875 0.00412407 0.06415356
v 0.04084546 0.00261317 0.06288765
v 0.03989888 0.00364830 0.06204019
v 0.03678875 0.00364830 0.06204018
v 0.04097522 0.00121859 0.06282238
v 0.04068682 0.00187095 0.06147776
v 0.03989888 0.00234850 0.06049345
v 0.03600082 0.00187095 0.06147776
v 0.03571241 0.00121859 0.06282239
v 0.03678875 0.00234850 0.06049345
v 0.03571241 0.00024113 0.06251071
v 0.04097522 -0.00040453 0.06548474
v 0.04068682 -0.00105689 0.06682936
v 0.03989888 -0.00153445 0.06781367
v 0.03600082 -0.00105689 0.06682936
v 0.03571241 -0.00040453 0.06548474
v 0.04097522 0.00057294 0.06579642
v 0.03678875 -0.00153445 0.06781367
v 0.03571241 0.00057294 0.06579642
v 0.04097522 -0.00087710 0.06338474
v 0.04068682 -0.00105689 0.06147776
v 0.03989888 -0.00283423 0.06204019
v 0.04068682 -0.00218097 0.06338101
v 0.03678875 -0.00153445 0.06049345
v 0.03678875 -0.00283423 0.06204019
v 0.03600082 -0.00200705 0.06260847
v 0.03571241 -0.00087710 0.06338474
v 0.04097522 0.00040704 0.06415356
v 0.03571241 0.00040703 0.06574352
v 0.03571241 0.00040703 0.06256361
v 0.03975660 -0.00606792 0.17334331
v 0.03890095 -0.00752613 0.17307850
v 0.03890095 -0.00584234 0.17338429
v 0.03718964 -0.00752613 0.17307850
v 0.03773211 -0.00867614 0.17286964
v 0.03890095 -0.00920988 0.17277271
v 0.04061226 -0.00752613 0.17307850
v 0.03936854 -0.00823191 0.17980108
v 0.03890095 -0.00805820 0.17691042
v 0.03871089 -0.00807503 0.17982646
v 0.03824095 -0.00855682 0.17974676
v 0.03842838 -0.00920356 0.17963944
v 0.03909303 -0.00936471 0.17961265
v 0.03956340 -0.00887492 0.17969467
v 0.03985928 -0.00821264 0.17995503
v 0.03987860 -0.00876627 0.17990694
v 0.04013312 -0.00874805 0.17980673
v 0.03996804 -0.00814188 0.17991682
v 0.03951703 -0.00769815 0.17999741
v 0.04000586 -0.00875716 0.17985683
v 0.03974477 -0.00924582 0.17982117
v 0.03996804 -0.00935421 0.17969664
v 0.03890095 -0.00753573 0.18002692
v 0.03828487 -0.00769815 0.17999741
v 0.03783386 -0.00814188 0.17991682
v 0.03766878 -0.00874805 0.17980673
v 0.03783386 -0.00935421 0.17969664
v 0.03828487 -0.00979797 0.17961606
v 0.03890095 -0.00996041 0.17958656
v 0.03951703 -0.00979797 0.17961606
v 0.03954258 -0.00838709 0.17992900
v 0.03964185 -0.00875231 0.17986601
v 0.03964069 -0.00834625 0.17999447
v 0.03975309 -0.00876683 0.17991990
v 0.03954258 -0.00911751 0.17980290
v 0.03963721 -0.00918543 0.17984564
v 0.03927139 -0.00811972 0.17997502
v 0.03932879 -0.00803709 0.18004924
v 0.03939269 -0.00792784 0.18005683
v 0.03927139 -0.00938481 0.17975661
v 0.03932531 -0.00949062 0.17979148
v 0.03890095 -0.00802188 0.17999181
v 0.03890095 -0.00792368 0.18006933
v 0.03890095 -0.00779733 0.18008020
v 0.03853051 -0.00811973 0.17997501
v 0.03847311 -0.00803709 0.18004924
v 0.03840921 -0.00792784 0.18005683
v 0.03825932 -0.00838709 0.17992900
v 0.03816122 -0.00834625 0.17999447
v 0.03805138 -0.00828340 0.17999325
v 0.03816005 -0.00875231 0.17986601
v 0.03804881 -0.00876683 0.17991990
v 0.03792330 -0.00876625 0.17990692
v 0.03825932 -0.00911751 0.17980290
v 0.03816469 -0.00918543 0.17984564
v 0.03805713 -0.00924582 0.17982117
v 0.03853051 -0.00938481 0.17975661
v 0.03847659 -0.00949062 0.17979148
v 0.03841499 -0.00959483 0.17975878
v 0.03890095 -0.00948258 0.17973958
v 0.03890095 -0.00972200 0.17973609
v 0.03938691 -0.00959483 0.17975878
v 0.04027925 -0.00787384 0.17944642
v 0.04037271 -0.00870670 0.17957903
v 0.04061226 -0.00860688 0.17902941
v 0.03975660 -0.00714869 0.17929425
v 0.04038298 -0.00944877 0.17887651
v 0.03926889 -0.00718786 0.17957099
v 0.03847312 -0.00720365 0.17956812
v 0.03816507 -0.00745263 0.17980678
v 0.03741892 -0.00776501 0.17918231
v 0.03762637 -0.00798266 0.17971052
v 0.03742919 -0.00870670 0.17957903
v 0.03718964 -0.00860688 0.17902941
v 0.03741892 -0.00944877 0.17887651
v 0.03783583 -0.00974791 0.17910605
v 0.03890095 -0.01029065 0.17872362
v 0.03853301 -0.01005778 0.17933366
v 0.03963683 -0.00996078 0.17935127
v 0.03969672 -0.01001293 0.17905793
v 0.04017553 -0.00943074 0.17944753
v 0.03804530 -0.00606792 0.17334331
v 0.03741892 -0.00668421 0.17323139
v 0.03730428 -0.00794705 0.17300205
v 0.03804530 -0.00898429 0.17281367
v 0.03975660 -0.00898429 0.17281367
v 0.04038298 -0.00836798 0.17292560
v 0.04038298 -0.00668421 0.17323139
v 0.03963683 -0.00745263 0.17980678
v 0.03890095 -0.00725862 0.17984200
v 0.03762637 -0.00943074 0.17944753
v 0.03816507 -0.00996078 0.17935127
v 0.03890095 -0.01015478 0.17931604
v 0.04322926 -0.00322508 0.15450528
v 0.04320554 -0.00313111 0.15535990
v 0.04121264 -0.00345493 0.15548694
v 0.04104635 -0.00357979 0.15464446
v 0.03727814 0.00744029 0.16017815
v 0.03726175 0.00754765 0.16008800
v 0.03656479 0.01030855 0.16008566
v 0.03656301 0.01027363 0.16017816
v 0.03638306 0.01102844 0.15995952
v 0.03637287 0.01101881 0.16004932
v 0.03661069 0.00711080 0.15996390
v 0.03583422 0.00992948 0.16006466
v 0.03591079 0.00988341 0.15996440
v 0.03610338 0.01208413 0.15906337
v 0.03607877 0.01212444 0.15911548
v 0.03620488 0.01167881 0.15967823
v 0.03622443 0.01165684 0.15960517
v 0.03530663 0.01176031 0.15899514
v 0.03554734 0.01123450 0.15948127
v 0.03545618 0.01132533 0.15956122
v 0.03572271 0.01060566 0.15984026
v 0.03563947 0.01067210 0.15993493
v 0.03599570 0.01211423 0.15840577
v 0.03602049 0.01194550 0.15823605
v 0.03598120 0.01205686 0.15813755
v 0.03595738 0.01221162 0.15832506
v 0.03515007 0.01183038 0.15820004
v 0.03516595 0.01167112 0.15801054
v 0.03529134 0.01146526 0.15809972
v 0.03526202 0.01166917 0.15825718
v 0.03695998 0.00874305 0.15813902
v 0.03695742 0.00876063 0.15803589
v 0.03614465 0.00837683 0.15790932
v 0.03540223 0.01165395 0.15893216
v 0.03811417 0.00917283 0.15813902
v 0.03817835 0.00922605 0.15804489
v 0.03802944 0.00921374 0.15803589
v 0.03714745 0.00904055 0.15790931
v 0.03698526 0.00900771 0.15788531
v 0.03705256 0.00895474 0.15800190
v 0.04405788 0.00165457 0.15642982
v 0.04561099 0.00386308 0.15765218
v 0.04557247 0.00518635 0.15822755
v 0.04498215 0.00483991 0.15875805
v 0.04261830 0.00086897 0.15585559
v 0.04298314 0.00083671 0.15504829
v 0.04099613 0.00028423 0.15464446
v 0.04080434 0.00036460 0.15548693
v 0.03879280 0.00019078 0.15535990
v 0.03879280 0.00009387 0.15450528
v 0.03678126 0.00036459 0.15548694
v 0.03658947 0.00028423 0.15464446
v 0.04099613 0.00768372 0.16005291
v 0.04261830 0.00661542 0.16005580
v 0.04298314 0.00713123 0.15964908
v 0.04430896 0.00605027 0.15925081
v 0.03166426 0.00398398 0.15734868
v 0.03201312 0.00278161 0.15646982
v 0.03260345 0.00264449 0.15715333
v 0.03228496 0.00374219 0.15795568
v 0.03260345 0.00483991 0.15875805
v 0.03201312 0.00518636 0.15822752
v 0.03352772 0.00582983 0.15948158
v 0.03302556 0.00627070 0.15902008
v 0.03496730 0.00661543 0.16005578
v 0.03460245 0.00713123 0.15964908
v 0.03496730 0.00086897 0.15585561
v 0.03460246 0.00083673 0.15504830
v 0.03352772 0.00165457 0.15642982
v 0.03302556 0.00169726 0.15567726
v 0.04574690 0.00338280 0.15690925
v 0.04625044 0.00362862 0.15395363
v 0.04663419 0.00495122 0.15492037
v 0.04456004 0.00169725 0.15567728
v 0.04513677 0.00243585 0.15308179
v 0.04340218 0.00148926 0.15238989
v 0.04121647 0.00088152 0.15194570
v 0.03769114 0.00018905 0.15457487
v 0.03879280 0.00067210 0.15179261
v 0.04121646 0.00902098 0.15789499
v 0.04506625 0.00572852 0.15862381
v 0.04513677 0.00746664 0.15675892
v 0.04625044 0.00627385 0.15588708
v 0.03183869 0.00458517 0.15778810
v 0.03133516 0.00627384 0.15588709
v 0.03244883 0.00746665 0.15675890
v 0.03360449 0.00734195 0.15823542
v 0.03636914 0.00088153 0.15194569
v 0.03418342 0.00148926 0.15238989
v 0.03244884 0.00243585 0.15308179
v 0.03148226 0.00386643 0.15569507
v 0.03133515 0.00362862 0.15395361
v 0.03801724 0.00785505 0.16017814
v 0.03827761 0.00786330 0.16018417
v 0.03714071 0.00773890 0.15996389
v 0.03722774 0.00770003 0.16006483
v 0.03708778 0.00759538 0.16011111
v 0.03703363 0.00765958 0.16003528
v 0.03678126 0.00711979 0.16042447
v 0.04080434 0.00711979 0.16042447
v 0.03811417 0.00793992 0.16008800
v 0.04273598 0.00808480 0.15015597
v 0.04420555 0.00808480 0.14847800
v 0.04475616 0.00806653 0.15058095
v 0.04400693 0.01568301 0.15105144
v 0.04394605 0.01586245 0.15045460
v 0.03506592 0.00808480 0.15015597
v 0.03304574 0.00806653 0.15058095
v 0.03359635 0.00808480 0.14847800
v 0.03383772 0.01581257 0.15062067
v 0.03374261 0.01496520 0.15331447
v 0.03530625 0.01721875 0.14559639
v 0.03968576 0.01612001 0.14956152
v 0.03923722 0.01442622 0.15354691
v 0.03980039 0.01490437 0.15339725
v 0.03921261 0.01727723 0.14418899
v 0.03918581 0.01706628 0.14428702
v 0.03967043 0.01727299 0.14439210
v 0.04392674 0.01593695 0.14839589
v 0.04452820 0.01533911 0.15055400
v 0.04281821 0.01705195 0.14536868
v 0.04255303 0.01693466 0.14468275
v 0.04215344 0.01732596 0.14518078
v 0.04442472 0.01484473 0.15306573
v 0.04441888 0.01473601 0.15365289
v 0.04301780 0.01413995 0.15476719
v 0.04387475 0.01414873 0.15474799
v 0.04369249 0.01467016 0.15424890
v 0.04303799 0.01464875 0.15428285
v 0.04006078 0.01479730 0.15374271
v 0.03981226 0.01428144 0.15418899
v 0.04433699 0.01422866 0.15439929
v 0.04201591 0.01698282 0.14445509
v 0.04069377 0.01703500 0.14425667
v 0.04061631 0.01741135 0.14487049
v 0.03961546 0.01709188 0.14406898
v 0.03972540 0.01745411 0.14471522
v 0.04311577 0.00808480 0.14466546
v 0.03890898 0.00808480 0.14942593
v 0.04217106 0.00808480 0.14387968
v 0.04048386 0.00808480 0.14360365
v 0.04410607 0.00791602 0.15597015
v 0.03899419 0.00792333 0.15469639
v 0.04479635 0.00795677 0.15463171
v 0.04456203 0.00793064 0.15558675
v 0.04271417 0.00808480 0.14411026
v 0.03896072 0.00808480 0.14362625
v 0.03811614 0.01612001 0.14956152
v 0.03800151 0.01490437 0.15339725
v 0.03865252 0.01571063 0.14929048
v 0.03851592 0.01724843 0.14429563
v 0.03818644 0.01709188 0.14406898
v 0.03807650 0.01745411 0.14471522
v 0.03476749 0.01678160 0.14531777
v 0.03325263 0.01530308 0.15064447
v 0.03476391 0.01464875 0.15428285
v 0.03392715 0.01414873 0.15474799
v 0.03798964 0.01428144 0.15418899
v 0.03774112 0.01479730 0.15374271
v 0.03856468 0.01442622 0.15354691
v 0.03346491 0.01422866 0.15439929
v 0.03338302 0.01473601 0.15365289
v 0.03410941 0.01467016 0.15424890
v 0.03524887 0.01693466 0.14468275
v 0.03564846 0.01732596 0.14518078
v 0.03596663 0.01736292 0.14504642
v 0.03718559 0.01741135 0.14487049
v 0.03710813 0.01703500 0.14425667
v 0.03468613 0.00808480 0.14466546
v 0.03884118 0.00808480 0.14362625
v 0.03731804 0.00808480 0.14360365
v 0.03563084 0.00808480 0.14387968
v 0.03454947 0.00790536 0.15600722
v 0.03823005 0.00790536 0.15537951
v 0.03889292 0.00808480 0.14942593
v 0.03302553 0.00801213 0.15279037
v 0.03300555 0.00795677 0.15463171
v 0.03369583 0.00791602 0.15597015
v 0.03323987 0.00793064 0.15558675
v 0.03508773 0.00808480 0.14411026
v 0.03840957 0.00808480 0.14340039
v 0.03880771 0.00792333 0.15469639
v 0.04325243 0.00790536 0.15600722
v 0.04477637 0.00801213 0.15279037
v 0.04054002 0.00808480 0.14665280
v 0.04183527 0.01736292 0.14504642
v 0.03726188 0.00808480 0.14665280
v 0.03873767 -0.00107280 0.06396056
v 0.03479782 -0.00035544 0.06931237
v 0.03890095 -0.00104570 0.06425497
v 0.02862732 -0.01030474 0.05986239
v 0.02789453 -0.00985739 0.06021064
v 0.03906423 -0.00107280 0.06396056
v 0.04300408 -0.00035544 0.06931237
v 0.04990737 -0.00985739 0.06021064
v 0.04838631 -0.00966747 0.05943397
v 0.04068228 -0.02456141 0.17348507
v 0.03711962 -0.02467565 0.16617517
v 0.03890095 -0.02471426 0.16439426
v 0.01935507 -0.02207052 0.08299210
v 0.01903605 -0.01872413 0.08344026
v 0.01986611 -0.01263333 0.07155996
v 0.01988384 -0.01452520 0.07155996
v 0.03890095 -0.02212062 0.08299210
v 0.01793174 -0.02446279 0.08459092
v 0.02005275 -0.00314110 0.07207178
v 0.02504010 0.00025826 0.07155996
v 0.01986266 -0.00306201 0.07155996
v 0.02517776 0.00016964 0.07207178
v 0.03460895 -0.00044461 0.07001665
v 0.02005709 -0.01265436 0.07207178
v 0.03890095 -0.00050572 0.06963381
v 0.03890095 -0.00042755 0.06912316
v 0.01470949 -0.01958154 0.10540551
v 0.01475857 -0.02308727 0.10543827
v 0.01498950 -0.02399251 0.12751413
v 0.01808774 -0.01903325 0.08820279
v 0.01662090 -0.02456713 0.09208358
v 0.01738659 -0.01927109 0.09301672
v 0.01713944 -0.01934238 0.09296531
v 0.01501020 -0.01977350 0.12084656
v 0.01495093 -0.01951115 0.10545577
v 0.01477388 -0.01984584 0.12079657
v 0.01457378 -0.02460545 0.10478869
v 0.01475367 -0.02465340 0.12031118
v 0.02307452 -0.02105253 0.17191829
v 0.02290657 -0.02140972 0.17181874
v 0.02083043 -0.02467565 0.16617516
v 0.02307452 -0.02456141 0.17348507
v 0.02322271 -0.02097026 0.17145615
v 0.02199069 -0.02091890 0.16770508
v 0.01545963 -0.02466656 0.13533198
v 0.03890095 -0.02465339 0.12031118
v 0.03890095 -0.02468240 0.13580276
v 0.01535738 -0.02004444 0.13314645
v 0.01591155 -0.02475964 0.14159324
v 0.01557629 -0.01996991 0.13288620
v 0.01610148 -0.02017229 0.13996788
v 0.01588399 -0.02024847 0.14022769
v 0.01829565 -0.02073416 0.15399559
v 0.01679238 -0.02049613 0.14727014
v 0.01807997 -0.02080589 0.15425444
v 0.01974283 -0.02094461 0.16115960
v 0.01667690 -0.02482020 0.14782386
v 0.03890095 -0.02482020 0.14782383
v 0.01775377 -0.02486272 0.15400806
v 0.03890095 -0.02485594 0.15704477
v 0.01913943 -0.02480672 0.16013026
v 0.01592272 -0.02297259 0.14156610
v 0.01670547 -0.02295663 0.14774685
v 0.01781312 -0.02292622 0.15387756
v 0.01924258 -0.02275823 0.15994117
v 0.02783906 -0.01094201 0.06029082
v 0.03890095 -0.00967388 0.05943397
v 0.03890095 -0.01096152 0.06028897
v 0.02862750 -0.00457054 0.05984815
v 0.03429076 -0.00253151 0.05943397
v 0.03844350 -0.00137556 0.06057967
v 0.03834101 -0.00250890 0.05943397
v 0.01987497 -0.01357927 0.07155996
v 0.03890095 -0.00137552 0.06055561
v 0.02739228 -0.02095453 0.17737973
v 0.02737665 -0.02278199 0.17875854
v 0.02737665 -0.02457433 0.17957458
v 0.03315787 -0.02273738 0.18486808
v 0.03315623 -0.02083968 0.18277575
v 0.03315827 -0.02093612 0.18338104
v 0.03890095 -0.01463891 0.07155996
v 0.02912801 -0.02209557 0.08299210
v 0.03890095 -0.02456666 0.09205047
v 0.04938555 -0.02446279 0.08459092
v 0.05844683 -0.02207052 0.08299210
v 0.03890095 -0.02446279 0.08459092
v 0.05774915 -0.00314110 0.07207178
v 0.05276180 0.00025826 0.07155996
v 0.05262414 0.00016964 0.07207178
v 0.04319295 -0.00044461 0.07001665
v 0.05774481 -0.01265436 0.07207178
v 0.05793579 -0.01263333 0.07155996
v 0.05793924 -0.00306201 0.07155996
v 0.03982169 -0.00047479 0.06958749
v 0.06302802 -0.01984584 0.12079657
v 0.06325481 -0.02343742 0.10657572
v 0.06051259 -0.02250232 0.09288560
v 0.06309241 -0.01958154 0.10540551
v 0.06052558 -0.02451496 0.08833725
v 0.06175672 -0.01942676 0.09921054
v 0.06250865 -0.01987170 0.12686638
v 0.06322812 -0.02460545 0.10478869
v 0.05472738 -0.02105253 0.17191829
v 0.05489533 -0.02140972 0.17181874
v 0.05602643 -0.02099088 0.16796312
v 0.05472738 -0.02456141 0.17348507
v 0.05697147 -0.02467565 0.16617516
v 0.05457919 -0.02097026 0.17145615
v 0.05581121 -0.02091890 0.16770508
v 0.06234227 -0.02466656 0.13533198
v 0.06244452 -0.02004444 0.13314645
v 0.06269525 -0.02465998 0.12782158
v 0.06170042 -0.02017229 0.13996788
v 0.06079312 -0.02041612 0.14701082
v 0.06191791 -0.02024847 0.14022769
v 0.05972193 -0.02080589 0.15425444
v 0.05805907 -0.02094461 0.16115960
v 0.06189035 -0.02475964 0.14159324
v 0.06112500 -0.02482020 0.14782386
v 0.06004813 -0.02486272 0.15400806
v 0.05866247 -0.02480672 0.16013026
v 0.06205237 -0.02183904 0.13961684
v 0.06100952 -0.02049613 0.14727014
v 0.05934060 -0.02327623 0.15711902
v 0.04996284 -0.01094201 0.06029082
v 0.04595788 -0.00372824 0.05943397
v 0.04994416 -0.00421610 0.06026232
v 0.04415436 -0.00131956 0.06035417
v 0.03946089 -0.00250890 0.05943397
v 0.03935840 -0.00137556 0.06057967
v 0.05792693 -0.01357927 0.07155996
v 0.05040962 -0.02095453 0.17737973
v 0.05030604 -0.02085876 0.17682717
v 0.05042525 -0.02278199 0.17875854
v 0.05042525 -0.02457433 0.17957458
v 0.04464403 -0.02273738 0.18486808
v 0.04464542 -0.02457582 0.18570757
v 0.04464567 -0.02083968 0.18277575
v 0.05791806 -0.01452520 0.07155996
v 0.06118100 -0.02456713 0.09208358
v 0.03726212 -0.02457433 0.18740401
v 0.04053978 -0.02457433 0.18740401
v 0.03726212 -0.02457583 0.18954176
v 0.03711962 -0.02456141 0.17348507
v 0.04053978 -0.02273741 0.18870125
v 0.04053978 -0.02081740 0.18659868
v 0.03726212 -0.02091386 0.18720273
v 0.04053978 -0.02091386 0.18720273
v 0.03726212 -0.02273741 0.18870125
v 0.03315648 -0.02457582 0.18570757
v 0.04053978 -0.02457583 0.18954176
v 0.04464363 -0.02093612 0.18338104
v 0.03890095 -0.00252338 0.05943397
v 0.03659585 -0.00610269 0.05943397
v 0.04351114 -0.00253151 0.05943397
v 0.03711962 -0.00799927 0.17519433
v 0.03252644 -0.00801686 0.17211633
v 0.04068228 -0.00799927 0.17519433
v 0.04527518 -0.00801686 0.17211638
v 0.03890095 -0.00698372 0.17011300
v 0.01763349 -0.00288083 0.08618132
v 0.01922204 -0.01868126 0.08383679
v 0.01474195 -0.00456770 0.10540104
v 0.02008540 0.00010292 0.10536850
v 0.02150355 0.00119832 0.09290121
v 0.01500354 -0.00545697 0.12068561
v 0.02028096 -0.00074887 0.12061395
v 0.02230665 0.00172262 0.08618132
v 0.03890095 0.00107024 0.09290121
v 0.03020225 0.00132751 0.08954127
v 0.01830432 -0.01897618 0.08842675
v 0.01656714 -0.00362549 0.09295946
v 0.02845023 -0.00652141 0.16433077
v 0.02629825 -0.01113452 0.16987759
v 0.02845095 -0.00764856 0.16949008
v 0.02253847 -0.01043042 0.16489672
v 0.02322271 -0.01066012 0.16648859
v 0.01566990 -0.00687301 0.13482954
v 0.01534005 -0.01332325 0.12783805
v 0.01618396 -0.00730042 0.14105697
v 0.02128073 -0.00276184 0.14075887
v 0.01713519 -0.00778470 0.14721206
v 0.02385789 -0.00421138 0.15300282
v 0.02221512 -0.00701375 0.15603723
v 0.02032439 -0.00958020 0.15917428
v 0.01851848 -0.00860861 0.15326404
v 0.01700878 -0.02041612 0.14701082
v 0.01931002 -0.01515718 0.15658493
v 0.01995811 -0.02087652 0.16090120
v 0.02749586 -0.02085876 0.17682717
v 0.03279095 -0.01177511 0.17587093
v 0.03252701 -0.00801686 0.17211643
v 0.03890095 -0.00065913 0.11756033
v 0.02053195 -0.00151998 0.12752872
v 0.03890095 -0.00650364 0.16415076
v 0.03890095 -0.00229108 0.13444345
v 0.03890095 -0.00276184 0.14075885
v 0.03890095 -0.00328973 0.14696570
v 0.03890095 -0.00421138 0.15300282
v 0.02591175 -0.00541888 0.15881042
v 0.06016841 -0.00288083 0.08618132
v 0.05857986 -0.01868126 0.08383679
v 0.06123476 -0.00362549 0.09295946
v 0.05771650 0.00010292 0.10536850
v 0.05752094 -0.00074887 0.12061395
v 0.05549525 0.00172262 0.08618132
v 0.05629835 0.00119832 0.09290121
v 0.06041531 -0.01927109 0.09301672
v 0.06279836 -0.00545697 0.12068561
v 0.06305995 -0.00456770 0.10540104
v 0.04935095 -0.00764856 0.16949008
v 0.05457919 -0.01066012 0.16648859
v 0.05526343 -0.01043042 0.16489672
v 0.05701897 -0.00229108 0.13444348
v 0.06213200 -0.00687301 0.13482954
v 0.06222561 -0.01996991 0.13288620
v 0.05652117 -0.00276184 0.14075887
v 0.06161794 -0.00730042 0.14105697
v 0.05549280 -0.00328973 0.14696571
v 0.05928342 -0.00860861 0.15326404
v 0.06066671 -0.00778470 0.14721206
v 0.05747751 -0.00958020 0.15917428
v 0.05189015 -0.00541888 0.15881042
v 0.05939483 -0.01467139 0.15362982
v 0.05784379 -0.02087652 0.16090120
v 0.04842810 -0.01160891 0.17326660
v 0.04501095 -0.01177511 0.17587093
v 0.04935167 -0.00652141 0.16433077
v 0.05726995 -0.00151998 0.12752872
v 0.05394401 -0.00421138 0.15300282
v 0.03711962 -0.01164775 0.17879409
v 0.03726212 -0.02081740 0.18659868
v 0.04068228 -0.01164775 0.17879409
v 0.04259272 -0.02082854 0.18468721
v 0.03890095 0.00145669 0.08618132
v 0.03675495 -0.00047516 0.06982523
v 0.05966669 -0.02773049 0.09350889
v 0.05966669 -0.02560787 0.09350889
v 0.05990123 -0.02560787 0.15101217
v 0.05978396 -0.02560787 0.12226053
v 0.01702095 -0.02560787 0.09350889
v 0.01678641 -0.02560787 0.15101217
v 0.01702095 -0.02773049 0.09350889
v 0.01678641 -0.02773049 0.15101217
v 0.01690368 -0.02773049 0.12226053
v 0.05990123 -0.02773049 0.15101217
v 0.03834381 -0.02773049 0.08507733
v 0.01990796 -0.02560787 0.08507732
v 0.05677967 -0.02560787 0.08507732
v 0.03610182 -0.02666918 0.18963940
v 0.04058581 -0.02773049 0.18962553
v 0.04058581 -0.02560787 0.18965328
v 0.03834382 -0.02773049 0.17311851
v 0.03610182 -0.02773049 0.18962553
v 0.05261682 -0.02773049 0.17311851
v 0.03834382 -0.02560787 0.17311851
v 0.03610182 -0.02560787 0.18965328
v 0.02407081 -0.02560787 0.17311851
v 0.03834382 -0.02773049 0.09350889
v 0.01990796 -0.02773049 0.08507733
v 0.05677967 -0.02773049 0.08507733
v 0.05688319 -0.02752214 0.14679062
v 0.05668149 -0.02440190 0.09733780
v 0.05688319 -0.02440190 0.14679062
v 0.05678234 -0.02440190 0.12206421
v 0.02000615 -0.02440190 0.09733780
v 0.01980444 -0.02440190 0.14679062
v 0.01990529 -0.02440190 0.12206421
v 0.02000615 -0.02752214 0.09733780
v 0.01980444 -0.02752214 0.14679062
v 0.01990529 -0.02752214 0.12206421
v 0.05668149 -0.02752214 0.09733780
v 0.03834382 -0.02752214 0.09008665
v 0.02248898 -0.02440190 0.09008665
v 0.05419865 -0.02440190 0.09008665
v 0.03641570 -0.02596202 0.17880642
v 0.04027193 -0.02752214 0.17879449
v 0.04027193 -0.02440190 0.17881836
v 0.03834382 -0.02752214 0.16580207
v 0.03641570 -0.02752214 0.17879449
v 0.05061860 -0.02752214 0.16580207
v 0.03834382 -0.02440190 0.16580207
v 0.03641570 -0.02440190 0.17881836
v 0.02606903 -0.02440190 0.16580207
v 0.03834382 -0.02752214 0.09733780
v 0.02248898 -0.02752214 0.09008665
v 0.05419865 -0.02752214 0.09008665
v 0.02000615 -0.02596202 0.09733780
v 0.05668149 -0.02596202 0.09733780
v 0.04700311 -0.00409358 0.12764612
v 0.04700311 -0.00168152 0.12764526
v 0.04700311 0.00073054 0.12764439
v 0.02968452 0.00073054 0.12764612
v 0.02968452 -0.00168152 0.12764526
v 0.02968452 -0.00409358 0.12764439
v 0.03834469 -0.00409358 0.11898596
v 0.03834382 -0.00168152 0.11898596
v 0.03834295 0.00073054 0.11898596
v 0.03834295 -0.00409358 0.13630454
v 0.03834382 -0.00168152 0.13630454
v 0.03834469 0.00073054 0.13630454
v 0.04306262 -0.00409358 0.13470700
v 0.04165812 0.00073054 0.13564546
v 0.04446712 0.00073054 0.13376855
v 0.04634403 -0.00409358 0.13095956
v 0.04634403 0.00073054 0.13095956
v 0.04540558 -0.00409358 0.12292645
v 0.04634403 0.00073054 0.12433095
v 0.04446712 0.00073054 0.12152196
v 0.04165812 -0.00409358 0.11964505
v 0.04165812 0.00073054 0.11964505
v 0.03502951 0.00073054 0.13564546
v 0.03502951 -0.00409358 0.13564546
v 0.03222052 -0.00409358 0.13376855
v 0.03034361 0.00073054 0.13095956
v 0.03034361 -0.00409358 0.13095956
v 0.03034361 0.00073054 0.12433095
v 0.03034361 -0.00409358 0.12433095
v 0.03222052 -0.00409358 0.12152196
v 0.03502951 0.00073054 0.11964505
v 0.03502951 -0.00409358 0.11964505
v 0.03834382 0.00132121 0.13587158
v 0.03537402 0.00177946 0.13481379
v 0.03528463 0.00155033 0.13502962
v 0.03519523 0.00132121 0.12004506
v 0.03285706 0.00177946 0.13313201
v 0.03252668 0.00132121 0.13346238
v 0.03117528 0.00177946 0.13061506
v 0.03066417 0.00155033 0.12921955
v 0.03252668 0.00132121 0.12182813
v 0.03285706 0.00177946 0.12215850
v 0.03537402 0.00177946 0.12047672
v 0.03991812 -0.00280346 0.13555851
v 0.04149241 0.00132121 0.13524545
v 0.03676952 0.00132121 0.13555851
v 0.04505249 -0.00280346 0.13212811
v 0.04416095 0.00132121 0.13346238
v 0.04594402 0.00132121 0.13079384
v 0.04625709 -0.00280346 0.12607097
v 0.04657015 0.00132121 0.12764526
v 0.04594402 0.00132121 0.12449667
v 0.04282668 -0.00280346 0.12093660
v 0.04416095 0.00132121 0.12182813
v 0.04149241 0.00132121 0.12004506
v 0.03834382 -0.00280346 0.11941893
v 0.03834382 0.00132121 0.11941893
v 0.03519523 -0.00280346 0.13524545
v 0.03252668 -0.00280346 0.13346238
v 0.03074362 0.00132121 0.13079384
v 0.03074362 -0.00280346 0.13079384
v 0.03043055 0.00132121 0.12607097
v 0.03011748 -0.00280346 0.12764526
v 0.03074362 -0.00280346 0.12449667
v 0.03252668 -0.00280346 0.12182813
v 0.03519523 -0.00280346 0.12004506
f 10 11 83
f 11 10 12
f 14 13 23
f 20 15 16
f 20 16 21
f 28 24 34
f 25 17 11
f 25 11 26
f 48 19 20
f 48 20 30
f 27 18 31
f 27 31 32
f 34 24 33
f 35 22 23
f 35 23 41
f 36 25 26
f 2 27 32
f 30 20 37
f 28 34 42
f 41 23 29
f 37 50 30
f 33 40 34
f 42 34 38
f 49 48 30
f 37 39 46
f 37 46 50
f 47 38 34
f 47 34 40
f 59 43 42
f 42 38 47
f 42 47 52
f 49 30 50
f 56 48 49
f 56 49 55
f 40 33 58
f 40 58 62
f 59 42 52
f 49 50 60
f 52 47 40
f 56 55 67
f 55 49 64
f 60 50 46
f 57 51 61
f 57 61 65
f 49 60 64
f 59 52 70
f 8 53 54
f 8 54 63
f 60 46 64
f 66 52 40
f 66 40 62
f 64 67 55
f 68 64 46
f 70 52 66
f 68 67 64
f 69 62 58
f 66 62 70
f 71 70 62
f 71 62 69
f 27 72 73
f 27 73 18
f 19 15 20
f 23 22 14
f 24 28 11
f 24 11 12
f 81 27 3
f 20 21 37
f 74 23 1
f 74 1 82
f 28 42 26
f 28 26 11
f 37 21 84
f 37 84 39
f 42 43 36
f 42 36 26
f 57 75 76
f 57 76 51
f 54 53 45
f 54 45 44
f 77 51 5
f 6 53 8
f 6 8 78
f 79 13 14
f 15 19 80
f 15 80 16
f 72 81 73
f 83 11 17
f 82 13 79
f 81 72 27
f 13 82 23
f 23 82 1
f 25 83 17
f 83 25 36
f 21 16 84
f 2 3 27
f 4 23 74
f 23 4 29
f 45 85 44
f 2 56 3
f 56 2 32
f 58 29 4
f 29 58 41
f 5 75 86
f 75 5 76
f 76 5 51
f 45 6 85
f 6 45 53
f 7 51 77
f 51 7 61
f 78 8 9
f 68 61 7
f 61 68 65
f 8 71 9
f 71 8 63
f 71 63 70
f 97 95 96
f 4 3 94
f 94 3 98
f 94 98 99
f 94 99 93
f 93 99 92
f 92 99 91
f 90 100 71
f 71 100 9
f 9 7 77
f 9 77 89
f 88 89 87
f 102 103 104
f 117 118 121
f 115 118 119
f 118 117 176
f 121 122 123
f 119 124 120
f 124 119 155
f 154 120 125
f 121 123 158
f 121 158 127
f 128 125 120
f 128 120 129
f 111 108 130
f 129 120 126
f 132 127 131
f 135 129 126
f 135 126 133
f 138 139 115
f 138 115 116
f 140 141 123
f 141 143 142
f 144 145 146
f 144 146 147
f 137 136 148
f 108 151 130
f 122 121 139
f 139 121 118
f 120 154 138
f 120 138 119
f 156 124 155
f 111 157 108
f 157 111 112
f 127 158 159
f 127 159 131
f 144 131 145
f 128 129 135
f 162 101 107
f 127 117 121
f 117 127 161
f 161 127 160
f 162 107 106
f 108 163 105
f 163 108 157
f 124 126 120
f 126 124 157
f 157 124 163
f 163 124 156
f 165 131 164
f 131 165 166
f 131 166 167
f 131 167 132
f 130 112 111
f 112 130 153
f 112 153 168
f 114 169 113
f 134 135 133
f 135 134 171
f 135 171 170
f 135 170 146
f 108 105 172
f 101 106 107
f 106 101 150
f 150 101 149
f 160 127 173
f 127 132 174
f 127 174 173
f 174 132 167
f 130 151 153
f 153 151 109
f 114 109 110
f 110 175 114
f 114 175 169
f 161 176 117
f 160 108 172
f 108 160 151
f 114 153 109
f 153 114 152
f 152 114 177
f 177 114 113
f 157 178 126
f 133 126 179
f 179 126 178
f 133 179 134
f 182 181 180
f 183 182 180
f 181 183 180
f 184 186 185
f 186 187 185
f 187 188 185
f 188 189 185
f 189 184 185
f 190 240 192
f 190 192 191
f 242 243 194
f 197 196 245
f 197 245 198
f 248 250 199
f 208 207 209
f 200 203 211
f 200 211 201
f 203 212 211
f 203 204 213
f 203 213 212
f 205 214 215
f 206 217 216
f 206 216 214
f 198 207 218
f 198 218 217
f 207 208 219
f 207 219 218
f 210 220 221
f 190 191 200
f 192 193 203
f 192 203 200
f 193 242 203
f 242 194 204
f 242 204 203
f 194 195 205
f 194 205 204
f 197 198 217
f 198 247 207
f 247 248 207
f 248 199 209
f 248 209 207
f 199 190 210
f 199 210 209
f 190 201 202
f 222 223 239
f 222 224 223
f 226 227 228
f 226 228 225
f 229 230 228
f 229 231 230
f 233 234 258
f 233 235 234
f 237 238 261
f 237 239 238
f 240 241 193
f 240 193 192
f 241 242 193
f 254 243 242
f 245 246 198
f 246 247 198
f 249 250 248
f 251 190 199
f 253 240 190
f 239 252 238
f 240 253 254
f 239 223 224
f 240 254 241
f 241 254 242
f 224 226 225
f 224 225 255
f 254 256 243
f 255 225 228
f 244 196 194
f 228 230 231
f 196 257 245
f 245 257 246
f 231 232 258
f 246 257 247
f 247 257 259
f 247 259 248
f 258 234 235
f 235 236 260
f 251 252 190
f 261 238 252
f 264 263 262
f 265 264 262
f 263 265 262
f 271 266 267
f 266 268 267
f 268 269 267
f 269 270 267
f 270 271 267
f 272 273 274
f 272 274 275
f 277 278 276
f 280 281 279
f 282 283 284
f 282 284 281
f 286 287 285
f 289 288 291
f 291 288 290
f 291 290 292
f 292 290 294
f 294 290 293
f 294 293 295
f 295 293 297
f 297 293 296
f 297 296 298
f 298 296 300
f 300 296 299
f 300 299 301
f 301 299 303
f 303 299 302
f 303 302 304
f 304 302 306
f 306 302 305
f 306 305 307
f 307 305 309
f 309 305 308
f 309 308 310
f 310 308 312
f 312 308 311
f 312 311 313
f 313 311 315
f 315 311 314
f 315 314 316
f 316 314 318
f 318 314 317
f 318 317 319
f 319 317 321
f 321 317 320
f 321 320 322
f 322 320 324
f 324 320 323
f 324 323 325
f 325 323 327
f 327 323 326
f 327 326 328
f 328 326 330
f 330 326 329
f 330 329 331
f 331 329 333
f 333 329 332
f 333 332 334
f 334 332 336
f 336 332 335
f 336 335 337
f 337 335 339
f 339 335 338
f 339 338 340
f 340 338 342
f 342 338 341
f 342 341 343
f 343 341 345
f 345 341 344
f 345 344 346
f 346 344 348
f 348 344 347
f 348 347 349
f 349 347 351
f 351 347 350
f 351 350 352
f 352 350 354
f 354 350 353
f 354 353 355
f 355 353 357
f 357 353 356
f 357 356 359
f 359 356 358
f 359 358 361
f 361 358 360
f 361 360 1292
f 1292 360 363
f 363 360 362
f 363 362 1294
f 1294 362 365
f 365 362 364
f 365 364 366
f 366 364 368
f 368 364 367
f 368 367 369
f 369 367 371
f 371 367 370
f 371 370 373
f 373 370 372
f 373 372 375
f 375 372 374
f 375 374 377
f 377 374 376
f 377 376 379
f 379 376 378
f 379 378 381
f 381 378 380
f 381 380 382
f 382 380 384
f 384 380 383
f 384 383 385
f 385 383 387
f 387 383 386
f 387 386 388
f 388 386 390
f 390 386 389
f 390 389 391
f 391 389 393
f 393 389 392
f 393 392 394
f 394 392 396
f 396 392 395
f 396 395 397
f 397 395 399
f 399 395 398
f 399 398 401
f 401 398 400
f 401 400 403
f 403 400 402
f 403 402 405
f 405 402 404
f 405 404 407
f 407 404 406
f 407 406 409
f 409 406 408
f 409 408 410
f 410 408 412
f 412 408 411
f 412 411 413
f 413 411 415
f 415 411 414
f 415 414 416
f 416 414 418
f 418 414 417
f 418 417 419
f 419 417 421
f 421 417 420
f 421 420 422
f 422 420 424
f 424 420 423
f 424 423 425
f 425 423 427
f 427 423 426
f 427 426 428
f 428 426 430
f 430 426 429
f 430 429 431
f 431 429 433
f 433 429 432
f 433 432 434
f 434 432 436
f 436 432 435
f 436 435 437
f 437 435 439
f 439 435 438
f 439 438 440
f 440 438 442
f 442 438 441
f 442 441 443
f 443 441 445
f 445 441 444
f 445 444 446
f 446 444 448
f 448 444 447
f 448 447 449
f 449 447 451
f 451 447 450
f 451 450 453
f 453 450 452
f 453 452 455
f 455 452 454
f 455 454 456
f 455 456 457
f 457 456 459
f 459 456 458
f 459 458 460
f 459 460 461
f 461 460 462
f 461 462 463
f 465 464 466
f 466 464 467
f 466 467 468
f 468 467 469
f 469 467 470
f 469 470 471
f 471 470 472
f 472 470 473
f 472 473 474
f 474 473 475
f 474 475 477
f 477 475 476
f 477 476 478
f 477 478 480
f 480 478 479
f 480 479 481
f 480 481 483
f 483 481 482
f 483 482 484
f 483 484 486
f 486 484 485
f 486 485 487
f 486 487 488
f 488 487 489
f 489 487 490
f 489 490 491
f 491 490 492
f 492 490 493
f 492 493 494
f 494 493 495
f 494 495 496
f 496 495 497
f 496 497 498
f 498 497 500
f 500 497 499
f 500 499 501
f 500 501 502
f 502 501 504
f 504 501 503
f 504 503 505
f 504 505 506
f 506 505 508
f 508 505 507
f 508 507 509
f 508 509 510
f 510 509 512
f 512 509 511
f 512 511 513
f 512 513 514
f 514 513 516
f 516 513 515
f 516 515 517
f 516 517 518
f 518 517 520
f 520 517 519
f 520 519 521
f 520 521 522
f 522 521 524
f 524 521 523
f 524 523 525
f 524 525 526
f 526 525 528
f 528 525 527
f 528 527 529
f 528 529 530
f 530 529 532
f 532 529 531
f 532 531 533
f 532 533 535
f 535 533 534
f 535 534 536
f 535 536 538
f 538 536 537
f 538 537 539
f 538 539 541
f 541 539 540
f 541 540 542
f 541 542 544
f 544 542 543
f 544 543 545
f 544 545 547
f 547 545 546
f 547 546 548
f 547 548 550
f 550 548 549
f 550 549 551
f 550 551 552
f 552 551 553
f 552 553 554
f 554 553 555
f 555 553 556
f 555 556 557
f 557 556 559
f 559 556 558
f 559 558 560
f 559 560 561
f 561 560 562
f 561 562 563
f 563 562 565
f 565 562 564
f 565 564 566
f 565 566 567
f 567 566 569
f 569 566 568
f 569 568 570
f 569 570 571
f 571 570 573
f 573 570 572
f 573 572 574
f 573 574 575
f 575 574 577
f 577 574 576
f 577 576 578
f 577 578 579
f 579 578 581
f 581 578 580
f 581 580 582
f 581 582 583
f 583 582 585
f 585 582 584
f 585 584 586
f 585 586 587
f 587 586 589
f 589 586 588
f 589 588 590
f 589 590 591
f 591 590 593
f 593 590 592
f 593 592 594
f 593 594 595
f 595 594 597
f 597 594 596
f 597 596 598
f 597 598 599
f 599 598 601
f 601 598 600
f 601 600 602
f 601 602 603
f 603 602 605
f 605 602 604
f 605 604 606
f 605 606 607
f 607 606 609
f 609 606 608
f 609 608 610
f 609 610 611
f 611 610 613
f 613 610 612
f 613 612 614
f 613 614 615
f 615 614 617
f 617 614 616
f 617 616 618
f 617 618 619
f 619 618 621
f 621 618 620
f 621 620 622
f 621 622 623
f 623 622 625
f 625 622 624
f 625 624 626
f 625 626 627
f 627 626 629
f 629 626 628
f 629 628 630
f 629 630 631
f 631 630 633
f 633 630 632
f 633 632 634
f 633 634 635
f 635 634 637
f 637 634 636
f 637 636 638
f 637 638 639
f 639 638 641
f 641 638 640
f 641 640 642
f 641 642 643
f 643 642 645
f 645 642 644
f 645 644 646
f 645 646 647
f 647 646 649
f 649 646 648
f 649 648 650
f 649 650 651
f 651 650 653
f 653 650 652
f 653 652 654
f 653 654 655
f 655 654 657
f 657 654 656
f 657 656 658
f 657 658 659
f 659 658 661
f 661 658 660
f 661 660 662
f 661 662 663
f 663 662 665
f 665 662 664
f 665 664 666
f 665 666 667
f 667 666 669
f 669 666 668
f 669 668 670
f 669 670 672
f 672 670 671
f 672 671 673
f 672 673 674
f 674 673 676
f 676 673 675
f 676 675 677
f 676 677 679
f 679 677 678
f 679 678 680
f 679 680 682
f 682 680 681
f 682 681 683
f 682 683 685
f 685 683 684
f 685 684 686
f 685 686 687
f 687 686 689
f 689 686 688
f 689 688 690
f 689 690 691
f 465 692 693
f 465 693 464
f 464 693 694
f 464 694 695
f 464 695 467
f 467 695 696
f 467 697 470
f 470 697 698
f 473 699 475
f 475 699 700
f 475 700 476
f 476 701 478
f 478 701 702
f 478 702 479
f 479 703 481
f 481 703 704
f 481 704 482
f 482 705 484
f 484 705 706
f 484 706 485
f 485 707 487
f 487 707 708
f 487 709 490
f 490 709 710
f 495 711 497
f 497 711 712
f 497 712 499
f 499 713 501
f 501 713 714
f 501 714 503
f 503 715 505
f 505 715 716
f 505 716 507
f 507 717 509
f 509 717 718
f 509 718 511
f 511 719 513
f 513 719 720
f 513 720 515
f 515 721 517
f 517 721 722
f 517 722 519
f 519 723 521
f 521 723 724
f 521 724 523
f 523 725 525
f 525 725 726
f 525 726 527
f 527 727 529
f 529 727 728
f 529 728 531
f 551 729 553
f 553 729 730
f 553 730 731
f 553 731 556
f 556 731 732
f 556 732 558
f 560 733 562
f 562 733 734
f 562 734 564
f 564 735 566
f 566 735 736
f 566 736 568
f 568 737 570
f 570 737 738
f 570 738 572
f 572 739 574
f 574 739 740
f 574 740 576
f 576 741 578
f 578 741 742
f 578 742 580
f 580 743 582
f 582 743 744
f 582 744 584
f 584 745 586
f 586 745 746
f 586 746 588
f 588 747 590
f 590 747 748
f 590 748 592
f 592 749 594
f 594 749 750
f 594 750 596
f 596 751 598
f 598 751 752
f 598 752 600
f 600 753 602
f 602 753 754
f 602 754 604
f 604 755 606
f 606 755 756
f 606 756 608
f 608 757 610
f 610 757 758
f 610 758 612
f 612 759 614
f 614 759 760
f 614 760 616
f 616 761 618
f 618 761 762
f 618 762 620
f 620 763 622
f 622 763 764
f 622 764 624
f 624 765 626
f 626 765 766
f 626 766 628
f 628 767 630
f 630 767 768
f 630 768 632
f 632 769 634
f 634 769 770
f 634 770 636
f 636 771 638
f 638 771 772
f 638 772 640
f 640 773 642
f 642 773 774
f 642 774 644
f 644 775 646
f 646 775 776
f 646 776 648
f 648 777 650
f 650 777 778
f 650 778 652
f 652 779 654
f 654 779 780
f 654 780 656
f 656 781 658
f 658 781 782
f 658 782 660
f 660 783 662
f 662 783 784
f 662 784 664
f 664 785 666
f 666 785 786
f 666 786 668
f 671 787 673
f 673 787 788
f 673 788 675
f 684 789 686
f 686 789 790
f 686 790 688
f 690 791 691
f 696 792 467
f 467 792 697
f 698 793 470
f 470 793 794
f 470 794 473
f 473 794 699
f 700 795 476
f 476 795 701
f 702 796 479
f 479 796 703
f 704 797 482
f 482 797 705
f 706 798 485
f 485 798 707
f 708 799 487
f 487 799 709
f 710 800 490
f 490 800 801
f 490 801 493
f 493 801 802
f 493 802 495
f 495 802 803
f 495 803 711
f 711 804 712
f 712 804 499
f 499 804 713
f 714 805 503
f 503 805 715
f 716 806 507
f 507 806 717
f 718 807 511
f 511 807 719
f 719 808 720
f 720 808 515
f 515 808 721
f 722 809 519
f 519 809 723
f 724 810 523
f 523 810 725
f 726 811 527
f 527 811 727
f 728 812 531
f 531 812 813
f 531 813 533
f 533 813 534
f 534 813 814
f 534 814 536
f 536 814 815
f 536 815 537
f 537 815 539
f 539 815 816
f 539 816 540
f 540 816 817
f 540 817 542
f 542 817 543
f 543 817 818
f 543 818 545
f 545 818 819
f 545 819 546
f 546 819 548
f 548 819 820
f 548 820 549
f 549 820 821
f 549 821 551
f 551 821 729
f 732 822 558
f 558 822 823
f 558 823 560
f 560 823 733
f 734 824 564
f 564 824 735
f 736 825 568
f 568 825 737
f 738 826 572
f 572 826 739
f 740 827 576
f 576 827 741
f 742 828 580
f 580 828 743
f 744 829 584
f 584 829 745
f 746 830 588
f 588 830 747
f 748 831 592
f 592 831 749
f 750 832 596
f 596 832 751
f 752 833 600
f 600 833 753
f 754 834 604
f 604 834 755
f 756 835 608
f 608 835 757
f 758 836 612
f 612 836 759
f 760 837 616
f 616 837 761
f 762 838 620
f 620 838 763
f 764 839 624
f 624 839 765
f 766 840 628
f 628 840 767
f 768 841 632
f 632 841 769
f 770 842 636
f 636 842 771
f 772 843 640
f 640 843 773
f 774 844 644
f 644 844 775
f 776 845 648
f 648 845 777
f 778 846 652
f 652 846 779
f 780 847 656
f 656 847 781
f 782 848 660
f 660 848 783
f 784 849 664
f 664 849 785
f 786 850 668
f 668 850 851
f 668 851 670
f 670 851 671
f 671 851 787
f 788 852 675
f 675 852 853
f 675 853 677
f 677 853 678
f 678 853 854
f 678 854 680
f 680 854 681
f 681 854 855
f 681 855 683
f 683 855 684
f 684 855 789
f 790 856 688
f 688 856 857
f 688 857 690
f 690 857 989
f 690 989 791
f 692 281 858
f 692 858 693
f 693 858 859
f 693 859 694
f 694 859 860
f 694 860 695
f 695 860 861
f 695 861 696
f 696 861 862
f 696 862 792
f 792 862 697
f 697 862 863
f 697 863 698
f 698 863 864
f 698 864 793
f 793 864 794
f 794 864 865
f 794 865 866
f 794 866 699
f 699 866 867
f 699 867 700
f 700 867 868
f 700 868 795
f 795 868 701
f 701 868 869
f 701 869 702
f 702 869 870
f 702 870 796
f 796 870 703
f 703 870 871
f 703 871 704
f 704 871 872
f 704 872 797
f 797 872 873
f 797 873 705
f 705 873 874
f 705 874 706
f 706 874 875
f 706 875 798
f 798 875 707
f 707 875 876
f 707 876 708
f 708 876 877
f 708 877 799
f 799 877 709
f 709 877 878
f 709 878 710
f 710 878 879
f 710 879 800
f 800 879 801
f 801 879 880
f 801 880 881
f 801 881 802
f 802 881 803
f 803 881 882
f 803 882 711
f 711 882 883
f 711 883 804
f 804 883 884
f 804 884 885
f 804 885 713
f 713 885 886
f 713 886 714
f 714 886 887
f 714 887 805
f 805 887 715
f 715 887 888
f 715 888 716
f 716 888 889
f 716 889 806
f 806 889 717
f 717 889 890
f 717 890 718
f 718 890 891
f 718 891 807
f 807 891 719
f 719 891 892
f 719 892 808
f 808 892 893
f 808 893 894
f 808 894 721
f 721 894 895
f 721 895 722
f 722 895 896
f 722 896 809
f 809 896 723
f 723 896 897
f 723 897 724
f 724 897 898
f 724 898 810
f 810 898 725
f 725 898 899
f 725 899 726
f 726 899 900
f 726 900 811
f 811 900 727
f 727 900 901
f 727 901 728
f 728 901 902
f 728 902 812
f 812 902 813
f 813 902 903
f 813 903 904
f 813 904 814
f 814 904 815
f 815 904 905
f 815 905 906
f 815 906 816
f 816 906 817
f 817 906 907
f 817 907 908
f 817 908 818
f 818 908 819
f 819 908 909
f 819 909 910
f 819 910 820
f 820 910 821
f 821 910 911
f 821 911 729
f 729 911 912
f 729 912 730
f 730 912 913
f 730 913 731
f 731 913 914
f 731 914 732
f 732 914 915
f 732 915 822
f 822 915 823
f 823 915 916
f 823 916 733
f 733 916 917
f 733 917 734
f 734 917 918
f 734 918 824
f 824 918 735
f 735 918 919
f 735 919 736
f 736 919 920
f 736 920 825
f 825 920 921
f 825 921 737
f 737 921 922
f 737 922 738
f 738 922 923
f 738 923 826
f 826 923 924
f 826 924 739
f 739 924 925
f 739 925 740
f 740 925 926
f 740 926 827
f 827 926 927
f 827 927 741
f 741 927 928
f 741 928 742
f 742 928 929
f 742 929 828
f 828 929 743
f 743 929 930
f 743 930 744
f 744 930 931
f 744 931 829
f 829 931 745
f 745 931 932
f 745 932 746
f 746 932 933
f 746 933 830
f 830 933 747
f 747 933 934
f 747 934 748
f 748 934 935
f 748 935 831
f 831 935 749
f 749 935 936
f 749 936 750
f 750 936 937
f 750 937 832
f 832 937 751
f 751 937 938
f 751 938 752
f 752 938 939
f 752 939 833
f 833 939 753
f 753 939 940
f 753 940 754
f 754 940 941
f 754 941 834
f 834 941 755
f 755 941 942
f 755 942 756
f 756 942 943
f 756 943 835
f 835 943 944
f 835 944 757
f 757 944 945
f 757 945 758
f 758 945 946
f 758 946 836
f 836 946 759
f 759 946 947
f 759 947 760
f 760 947 948
f 760 948 837
f 837 948 761
f 761 948 949
f 761 949 762
f 762 949 950
f 762 950 838
f 838 950 951
f 838 951 763
f 763 951 952
f 763 952 764
f 764 952 953
f 764 953 839
f 839 953 765
f 765 953 954
f 765 954 766
f 766 954 955
f 766 955 840
f 840 955 767
f 767 955 956
f 767 956 768
f 768 956 957
f 768 957 841
f 841 957 769
f 769 957 958
f 769 958 770
f 770 958 959
f 770 959 842
f 842 959 960
f 842 960 771
f 771 960 961
f 771 961 772
f 772 961 962
f 772 962 843
f 843 962 773
f 773 962 963
f 773 963 774
f 774 963 964
f 774 964 844
f 844 964 775
f 775 964 965
f 775 965 776
f 776 965 966
f 776 966 845
f 845 966 777
f 777 966 967
f 777 967 778
f 778 967 968
f 778 968 846
f 846 968 779
f 779 968 969
f 779 969 780
f 780 969 970
f 780 970 847
f 847 970 781
f 781 970 971
f 781 971 782
f 782 971 972
f 782 972 848
f 848 972 783
f 783 972 973
f 783 973 784
f 784 973 974
f 784 974 849
f 849 974 785
f 785 974 975
f 785 975 786
f 786 975 976
f 786 976 850
f 850 976 851
f 851 976 977
f 851 977 978
f 851 978 787
f 787 978 979
f 787 979 788
f 788 979 980
f 788 980 852
f 852 980 853
f 853 980 981
f 853 981 982
f 853 982 854
f 854 982 983
f 854 983 984
f 854 984 855
f 855 984 985
f 855 985 986
f 855 986 789
f 789 986 987
f 789 987 790
f 790 987 988
f 790 988 856
f 856 988 857
f 857 988 989
f 281 990 858
f 858 990 991
f 992 993 877
f 877 993 994
f 877 994 878
f 878 994 879
f 879 994 995
f 996 997 895
f 895 997 998
f 895 998 999
f 1000 1001 1002
f 284 1003 990
f 990 1003 1004
f 1005 1006 1007
f 1007 1006 1008
f 1010 1009 1011
f 1012 1013 1001
f 285 1014 1003
f 1003 1014 1016
f 1016 1014 1015
f 1016 1015 1017
f 1016 1017 1018
f 1018 1017 1020
f 1020 1017 1019
f 1020 1019 1021
f 1020 1021 1022
f 1022 1021 1024
f 1024 1021 1023
f 1024 1023 1025
f 1024 1025 1026
f 1026 1025 1028
f 1028 1025 1027
f 1028 1027 1029
f 1028 1029 1030
f 1030 1029 1032
f 1032 1029 1031
f 1032 1031 1033
f 1032 1033 1034
f 1034 1033 1036
f 1036 1033 1035
f 1036 1035 1037
f 1036 1037 1038
f 1038 1037 1040
f 1040 1037 1039
f 1040 1039 1041
f 1040 1041 1006
f 1006 1041 1043
f 1043 1041 1042
f 1043 1042 1044
f 1043 1044 1045
f 1045 1044 1047
f 1047 1044 1046
f 1047 1046 1048
f 1047 1048 1049
f 1049 1048 1051
f 1051 1048 1050
f 1051 1050 1052
f 1051 1052 1011
f 1011 1052 1054
f 1054 1052 1053
f 1054 1053 1055
f 1054 1055 1056
f 1056 1055 1058
f 1058 1055 1057
f 1058 1057 1059
f 1058 1059 1060
f 1060 1059 1062
f 1062 1059 1061
f 1062 1061 1063
f 1062 1063 1064
f 1064 1063 1066
f 1066 1063 1065
f 1066 1065 1067
f 1066 1067 1068
f 1068 1067 1070
f 1070 1067 1069
f 1070 1069 1071
f 1070 1071 1072
f 1072 1071 1074
f 1074 1071 1073
f 1074 1073 1075
f 1074 1075 1076
f 1076 1075 1078
f 1078 1075 1077
f 1078 1077 1079
f 1078 1079 1080
f 1080 1079 1082
f 1082 1079 1081
f 1082 1081 1083
f 1082 1083 1084
f 1084 1083 1086
f 1086 1083 1085
f 1086 1085 1087
f 1086 1087 1088
f 1088 1087 1090
f 1090 1087 1089
f 1090 1089 1091
f 1090 1091 1092
f 1092 1091 1094
f 1094 1091 1093
f 1094 1093 1095
f 1094 1095 1096
f 1096 1095 1098
f 1098 1095 1097
f 1098 1097 1099
f 1098 1099 1100
f 1100 1099 1102
f 1102 1099 1101
f 1102 1101 1103
f 1102 1103 1104
f 1104 1103 1106
f 1106 1103 1105
f 1106 1105 1107
f 1106 1107 1108
f 1108 1107 1110
f 1110 1107 1109
f 1110 1109 1111
f 1110 1111 1112
f 1112 1111 1114
f 1114 1111 1113
f 1114 1113 1115
f 1114 1115 1117
f 1117 1115 1116
f 1117 1116 1118
f 1117 1118 1119
f 1119 1118 1121
f 1121 1118 1120
f 1121 1120 1122
f 1121 1122 1123
f 1123 1122 1125
f 1125 1122 1124
f 1125 1124 1126
f 1125 1126 1127
f 1127 1126 1129
f 1129 1126 1128
f 1129 1128 1130
f 1129 1130 1131
f 1131 1130 1133
f 1133 1130 1132
f 1133 1132 1134
f 1133 1134 1136
f 1136 1134 1135
f 1136 1135 1137
f 1136 1137 1139
f 1139 1137 1138
f 1139 1138 1140
f 1139 1140 1141
f 1141 1140 1143
f 1143 1140 1142
f 1143 1142 1144
f 1143 1144 1145
f 1145 1144 1147
f 1147 1144 1146
f 1147 1146 1148
f 1147 1148 1149
f 1149 1148 1151
f 1151 1148 1150
f 1151 1150 1152
f 1151 1152 1153
f 1153 1152 1155
f 1155 1152 1154
f 1155 1154 1156
f 1155 1156 1157
f 1157 1156 1159
f 1159 1156 1158
f 1159 1158 1160
f 1159 1160 1161
f 1161 1160 1163
f 1163 1160 1162
f 1163 1162 1164
f 1163 1164 1165
f 1165 1164 1167
f 1167 1164 1166
f 1167 1166 1168
f 1167 1168 1170
f 1170 1168 1169
f 1170 1169 1171
f 1170 1171 1173
f 1173 1171 1172
f 1173 1172 1174
f 1173 1174 1175
f 1175 1174 1177
f 1177 1174 1176
f 1177 1176 1178
f 1177 1178 1179
f 1179 1178 1181
f 1181 1178 1180
f 1181 1180 1182
f 1181 1182 1183
f 1183 1182 1185
f 1185 1182 1184
f 1185 1184 1186
f 1185 1186 1187
f 1187 1186 1189
f 1189 1186 1188
f 1189 1188 1190
f 1189 1190 1191
f 1191 1190 1193
f 1193 1190 1192
f 1193 1192 1194
f 1193 1194 1195
f 1195 1194 1197
f 1197 1194 1196
f 1197 1196 1198
f 1197 1198 1199
f 1199 1198 1201
f 1201 1198 1200
f 1201 1200 1202
f 1201 1202 1203
f 1203 1202 1205
f 1205 1202 1204
f 1205 1204 1206
f 1205 1206 1207
f 1207 1206 1209
f 1209 1206 1208
f 1209 1208 1210
f 1209 1210 1211
f 1211 1210 1213
f 1213 1210 1212
f 1213 1212 1214
f 1213 1214 1215
f 1215 1214 1217
f 1217 1214 1216
f 1217 1216 1218
f 1217 1218 1219
f 1219 1218 1221
f 1221 1218 1220
f 1221 1220 1222
f 1221 1222 1223
f 1223 1222 1225
f 1225 1222 1224
f 1225 1224 1226
f 1225 1226 1227
f 1227 1226 1229
f 1229 1226 1228
f 1229 1228 1230
f 1229 1230 1231
f 1231 1230 1233
f 1233 1230 1232
f 1233 1232 1234
f 1233 1234 1235
f 1235 1234 1237
f 1237 1234 1236
f 1237 1236 1238
f 1237 1238 1239
f 1239 1238 1241
f 1241 1238 1240
f 1241 1240 1242
f 1241 1242 1243
f 1243 1242 1244
f 285 287 289
f 285 289 1014
f 1014 289 1245
f 1014 1245 1015
f 1015 1246 1017
f 1017 1246 1247
f 1017 1247 1019
f 1019 1248 1021
f 1021 1248 1249
f 1021 1249 1023
f 1023 1250 1025
f 1025 1250 1251
f 1025 1251 1027
f 1027 1252 1029
f 1029 1252 1253
f 1029 1253 1031
f 1031 1254 1033
f 1033 1254 1255
f 1033 1255 1035
f 1035 1256 1037
f 1037 1256 1257
f 1037 1257 1039
f 1039 1258 1041
f 1041 1258 1259
f 1041 1259 1042
f 1042 1260 1044
f 1044 1260 1261
f 1044 1261 1046
f 1046 1262 1048
f 1048 1262 1263
f 1048 1263 1050
f 1050 1264 1052
f 1052 1264 1265
f 1052 1265 1053
f 1053 1266 1055
f 1055 1266 1267
f 1055 1267 1057
f 1057 1268 1059
f 1059 1268 1269
f 1059 1269 1061
f 1061 1270 1063
f 1063 1270 1271
f 1063 1271 1065
f 1065 1272 1067
f 1067 1272 1273
f 1067 1273 1069
f 1069 1274 1071
f 1071 1274 1275
f 1071 1275 1073
f 1073 1276 1075
f 1075 1276 1277
f 1075 1277 1077
f 1077 1278 1079
f 1079 1278 1279
f 1079 1279 1081
f 1081 1280 1083
f 1083 1280 1281
f 1083 1281 1085
f 1085 1282 1087
f 1087 1282 1283
f 1087 1283 1089
f 1089 1284 1091
f 1091 1284 1285
f 1091 1285 1093
f 1093 1286 1095
f 1095 1286 1287
f 1095 1287 1097
f 1097 1288 1099
f 1099 1288 1289
f 1099 1289 1101
f 1101 1290 1103
f 1103 1290 1291
f 1103 1291 1105
f 1105 1292 1107
f 1107 1292 1293
f 1107 1293 1109
f 1109 1294 1111
f 1111 1294 1295
f 1111 1295 1113
f 1115 1296 1116
f 1116 1296 1118
f 1118 1296 1297
f 1118 1297 1120
f 1120 1298 1122
f 1122 1298 1299
f 1122 1299 1124
f 1124 1300 1126
f 1126 1300 1301
f 1126 1301 1128
f 1128 1302 1130
f 1130 1302 1303
f 1130 1303 1132
f 1138 1304 1140
f 1140 1304 1305
f 1140 1305 1142
f 1142 1306 1144
f 1144 1306 1307
f 1144 1307 1146
f 1146 1308 1148
f 1148 1308 1309
f 1148 1309 1150
f 1150 1310 1152
f 1152 1310 1311
f 1152 1311 1154
f 1154 1312 1156
f 1156 1312 1313
f 1156 1313 1158
f 1158 1314 1160
f 1160 1314 1315
f 1160 1315 1162
f 1162 1316 1164
f 1164 1316 1317
f 1164 1317 1166
f 1172 1318 1174
f 1174 1318 1319
f 1174 1319 1176
f 1176 1320 1178
f 1178 1320 1321
f 1178 1321 1180
f 1180 1322 1182
f 1182 1322 1323
f 1182 1323 1184
f 1184 1324 1186
f 1186 1324 1325
f 1186 1325 1188
f 1188 1326 1190
f 1190 1326 1327
f 1190 1327 1192
f 1192 1328 1194
f 1194 1328 1329
f 1194 1329 1196
f 1196 1330 1198
f 1198 1330 1331
f 1198 1331 1200
f 1200 1332 1202
f 1202 1332 1333
f 1202 1333 1204
f 1204 1334 1206
f 1206 1334 1335
f 1206 1335 1208
f 1208 1336 1210
f 1210 1336 1337
f 1210 1337 1212
f 1212 1338 1214
f 1214 1338 1339
f 1214 1339 1216
f 1216 1340 1218
f 1218 1340 1341
f 1218 1341 1220
f 1220 1342 1222
f 1222 1342 1343
f 1222 1343 1344
f 1222 1344 1224
f 1224 1344 1226
f 1226 1344 1345
f 1226 1345 1346
f 1226 1346 1228
f 1228 1346 1230
f 1230 1346 1347
f 1230 1347 1232
f 1232 1348 1234
f 1234 1348 1349
f 1234 1349 1236
f 1236 1350 1238
f 1238 1350 1351
f 1238 1351 1352
f 1238 1352 1240
f 1240 1352 1242
f 1242 1352 1353
f 1242 1353 1354
f 1242 1354 1244
f 287 288 289
f 289 291 1245
f 1245 291 1015
f 1015 291 292
f 1015 292 1246
f 1246 292 294
f 1246 294 1247
f 1247 294 1019
f 1019 294 295
f 1019 295 1248
f 1248 295 297
f 1248 297 1249
f 1249 297 1023
f 1023 297 298
f 1023 298 1250
f 1250 298 300
f 1250 300 1251
f 1251 300 1027
f 1027 300 301
f 1027 301 1252
f 1252 301 303
f 1252 303 1253
f 1253 303 1031
f 1031 303 304
f 1031 304 1254
f 1254 304 306
f 1254 306 1255
f 1255 306 1035
f 1035 306 307
f 1035 307 1256
f 1256 307 309
f 1256 309 1257
f 1257 309 1039
f 1039 309 310
f 1039 310 1258
f 1258 310 312
f 1258 312 1259
f 1259 312 1042
f 1042 312 313
f 1042 313 1260
f 1260 313 315
f 1260 315 1261
f 1261 315 1046
f 1046 315 316
f 1046 316 1262
f 1262 316 318
f 1262 318 1263
f 1263 318 1050
f 1050 318 319
f 1050 319 1264
f 1264 319 321
f 1264 321 1265
f 1265 321 1053
f 1053 321 322
f 1053 322 1266
f 1266 322 324
f 1266 324 1267
f 1267 324 1057
f 1057 324 325
f 1057 325 1268
f 1268 325 327
f 1268 327 1269
f 1269 327 1061
f 1061 327 328
f 1061 328 1270
f 1270 328 330
f 1270 330 1271
f 1271 330 1065
f 1065 330 331
f 1065 331 1272
f 1272 331 333
f 1272 333 1273
f 1273 333 1069
f 1069 333 334
f 1069 334 1274
f 1274 334 336
f 1274 336 1275
f 1275 336 1073
f 1073 336 337
f 1073 337 1276
f 1276 337 339
f 1276 339 1277
f 1277 339 1077
f 1077 339 340
f 1077 340 1278
f 1278 340 342
f 1278 342 1279
f 1279 342 1081
f 1081 342 343
f 1081 343 1280
f 1280 343 345
f 1280 345 1281
f 1281 345 1085
f 1085 345 346
f 1085 346 1282
f 1282 346 348
f 1282 348 1283
f 1283 348 1089
f 1089 348 349
f 1089 349 1284
f 1284 349 351
f 1284 351 1285
f 1285 351 1093
f 1093 351 352
f 1093 352 1286
f 1286 352 354
f 1286 354 1287
f 1287 354 1097
f 1097 354 355
f 1097 355 1288
f 1288 355 357
f 1288 357 1289
f 1289 357 1101
f 1101 357 359
f 1101 359 1290
f 1290 359 1291
f 1291 359 361
f 1291 361 1105
f 1105 361 1292
f 1293 1292 363
f 1293 363 1109
f 1109 363 1294
f 1295 1294 365
f 1295 365 1113
f 1113 365 1115
f 1115 365 366
f 1115 366 1296
f 1296 366 368
f 1296 368 1297
f 1297 368 369
f 1297 369 1120
f 1120 369 371
f 1120 371 1298
f 1298 371 1299
f 1299 371 373
f 1299 373 1124
f 1124 373 1300
f 1300 373 375
f 1300 375 1301
f 1301 375 1128
f 1128 375 377
f 1128 377 1302
f 1302 377 1303
f 1303 377 379
f 1303 379 1132
f 1132 379 1134
f 1134 379 381
f 1134 381 1135
f 1135 381 1137
f 1137 381 382
f 1137 382 1138
f 1138 382 384
f 1138 384 1304
f 1304 384 1305
f 1305 384 385
f 1305 385 1142
f 1142 385 387
f 1142 387 1306
f 1306 387 1307
f 1307 387 388
f 1307 388 1146
f 1146 388 390
f 1146 390 1308
f 1308 390 1309
f 1309 390 391
f 1309 391 1150
f 1150 391 393
f 1150 393 1310
f 1310 393 1311
f 1311 393 394
f 1311 394 1154
f 1154 394 396
f 1154 396 1312
f 1312 396 1313
f 1313 396 397
f 1313 397 1158
f 1158 397 399
f 1158 399 1314
f 1314 399 1315
f 1315 399 401
f 1315 401 1162
f 1162 401 1316
f 1316 401 403
f 1316 403 1317
f 1317 403 1166
f 1166 403 405
f 1166 405 1168
f 1168 405 1169
f 1169 405 407
f 1169 407 1171
f 1171 407 1172
f 1172 407 409
f 1172 409 1318
f 1318 409 1319
f 1319 409 410
f 1319 410 1176
f 1176 410 412
f 1176 412 1320
f 1320 412 1321
f 1321 412 413
f 1321 413 1180
f 1180 413 415
f 1180 415 1322
f 1322 415 1323
f 1323 415 416
f 1323 416 1184
f 1184 416 418
f 1184 418 1324
f 1324 418 1325
f 1325 418 419
f 1325 419 1188
f 1188 419 421
f 1188 421 1326
f 1326 421 1327
f 1327 421 422
f 1327 422 1192
f 1192 422 424
f 1192 424 1328
f 1328 424 1329
f 1329 424 425
f 1329 425 1196
f 1196 425 427
f 1196 427 1330
f 1330 427 1331
f 1331 427 428
f 1331 428 1200
f 1200 428 430
f 1200 430 1332
f 1332 430 1333
f 1333 430 431
f 1333 431 1204
f 1204 431 433
f 1204 433 1334
f 1334 433 1335
f 1335 433 434
f 1335 434 1208
f 1208 434 436
f 1208 436 1336
f 1336 436 1337
f 1337 436 437
f 1337 437 1212
f 1212 437 439
f 1212 439 1338
f 1338 439 1339
f 1339 439 440
f 1339 440 1216
f 1216 440 442
f 1216 442 1340
f 1340 442 1341
f 1341 442 443
f 1341 443 1220
f 1220 443 445
f 1220 445 1342
f 1342 445 1343
f 1343 445 446
f 1343 446 1344
f 1344 446 448
f 1344 448 1345
f 1345 448 449
f 1345 449 1346
f 1346 449 451
f 1346 451 1347
f 1347 451 453
f 1347 453 1232
f 1232 453 1348
f 1348 453 455
f 1348 455 1349
f 1349 455 1236
f 1236 455 457
f 1236 457 1350
f 1350 457 459
f 1350 459 1351
f 1351 459 1352
f 1352 459 461
f 1352 461 1353
f 1353 461 463
f 1353 463 1354
f 1371 1372 1373
f 1371 1374 1375
f 1371 1375 1372
f 1377 1378 1379
f 1377 1380 1373
f 1377 1373 1378
f 1380 1371 1373
f 1381 1382 1383
f 1381 1384 1379
f 1381 1379 1382
f 1384 1377 1379
f 1376 1385 1374
f 1376 1386 1383
f 1376 1383 1385
f 1386 1381 1383
f 1387 1388 1355
f 1388 1389 1390
f 1389 1376 1374
f 1389 1374 1390
f 1355 1374 1371
f 1355 1371 1356
f 1371 1391 1356
f 1356 1391 1387
f 1356 1387 1355
f 1377 1392 1358
f 1358 1392 1359
f 1358 1359 1357
f 1394 1387 1357
f 1357 1387 1391
f 1357 1391 1358
f 1391 1371 1380
f 1391 1380 1358
f 1358 1380 1377
f 1381 1393 1360
f 1360 1393 1361
f 1360 1361 1359
f 1359 1392 1360
f 1392 1377 1384
f 1392 1384 1360
f 1360 1384 1381
f 1376 1389 1362
f 1362 1389 1388
f 1362 1388 1361
f 1388 1387 1394
f 1388 1394 1395
f 1361 1393 1362
f 1393 1381 1386
f 1393 1386 1362
f 1362 1386 1376
f 1396 1397 1398
f 1396 1399 1400
f 1396 1400 1397
f 1402 1403 1404
f 1402 1405 1398
f 1402 1398 1403
f 1405 1396 1398
f 1406 1407 1408
f 1406 1409 1404
f 1406 1404 1407
f 1409 1402 1404
f 1401 1410 1399
f 1401 1411 1408
f 1401 1408 1410
f 1411 1406 1408
f 1412 1413 1363
f 1413 1414 1415
f 1414 1401 1399
f 1414 1399 1415
f 1363 1399 1396
f 1363 1396 1364
f 1396 1416 1364
f 1364 1416 1412
f 1364 1412 1363
f 1402 1417 1366
f 1366 1417 1367
f 1366 1367 1365
f 1419 1412 1365
f 1365 1412 1416
f 1365 1416 1366
f 1416 1396 1405
f 1416 1405 1366
f 1366 1405 1402
f 1406 1418 1368
f 1368 1418 1369
f 1368 1369 1367
f 1367 1417 1368
f 1417 1402 1409
f 1417 1409 1368
f 1368 1409 1406
f 1401 1414 1370
f 1370 1414 1413
f 1370 1413 1369
f 1413 1412 1419
f 1413 1419 1420
f 1369 1418 1370
f 1418 1406 1411
f 1418 1411 1370
f 1370 1411 1401
f 1421 1422 1423
f 1423 1422 1424
f 1423 1424 1425
f 1425 1424 1426
f 1425 1426 1427
f 1427 1426 1428
f 1427 1428 1421
f 1428 1426 1424
f 1428 1424 1422
f 1429 1430 1431
f 1431 1432 1433
f 1434 1435 1429
f 1435 1436 1432
f 1435 1432 1430
f 1434 1429 1431
f 1434 1431 1433
f 1437 1442 1438
f 1438 1442 1439
f 1438 1439 1445
f 1438 1445 1440
f 1438 1440 1441
f 1441 1440 1444
f 1439 1442 1443
f 1445 1439 1451
f 1445 1451 1449
f 1446 1442 1437
f 1448 1440 1445
f 1447 1444 1440
f 1447 1440 1448
f 1445 1449 1450
f 1439 1452 1451
f 1448 1445 1450
f 1448 1450 1454
f 1455 1459 1456
f 1451 1452 1457
f 1459 1447 1458
f 1460 1447 1448
f 1460 1448 1463
f 1450 1449 1461
f 1461 1449 1451
f 1461 1451 1465
f 1456 1459 1462
f 1463 1448 1453
f 1454 1450 1461
f 1454 1461 1464
f 1465 1451 1457
f 1453 1448 1454
f 1466 1459 1458
f 1467 1468 1646
f 1453 1469 1463
f 1464 1453 1454
f 1474 1462 1459
f 1474 1459 1466
f 1467 1470 1468
f 1458 1471 1472
f 1458 1472 1466
f 1453 1464 1473
f 1453 1473 1469
f 1472 1471 1477
f 1474 1466 1472
f 1475 1468 1476
f 1477 1471 1473
f 1473 1478 1479
f 1473 1479 1477
f 1474 1472 1477
f 1474 1477 1480
f 1479 1481 1482
f 1480 1477 1483
f 1477 1479 1482
f 1477 1482 1483
f 1484 1443 1442
f 1484 1485 1439
f 1484 1439 1443
f 1486 1484 1442
f 1486 1442 1446
f 1485 1452 1439
f 1487 1488 1489
f 1487 1489 1490
f 1455 1456 1493
f 1455 1493 1491
f 1485 1492 1457
f 1485 1457 1452
f 1493 1456 1462
f 1492 1494 1465
f 1492 1465 1457
f 1495 1493 1462
f 1495 1462 1474
f 1494 1476 1468
f 1494 1468 1470
f 1496 1495 1474
f 1497 1498 1604
f 1497 1604 1499
f 1501 1496 1474
f 1501 1474 1480
f 1500 1482 1481
f 1501 1480 1483
f 1500 1501 1483
f 1500 1483 1482
f 1502 1503 1504
f 1505 1506 1507
f 1504 1503 1508
f 1503 1509 1510
f 1505 1507 1512
f 1505 1512 1511
f 1503 1510 1513
f 1503 1513 1508
f 1511 1508 1513
f 1514 1508 1511
f 1514 1511 1512
f 1507 1515 1517
f 1516 1514 1518
f 1519 1520 1521
f 1520 1524 1521
f 1525 1522 1523
f 1523 1526 1527
f 1528 1529 1530
f 1534 1530 1532
f 1534 1532 1533
f 1540 1531 1535
f 1536 1537 1542
f 1538 1539 1536
f 1540 1535 1541
f 1543 1538 1536
f 1543 1536 1542
f 1540 1541 1544
f 1540 1544 1545
f 1548 1546 1547
f 1547 1552 1553
f 1548 1547 1553
f 1548 1553 1554
f 1549 1554 1558
f 1557 1555 1556
f 1558 1554 1561
f 1557 1556 1559
f 1557 1559 1560
f 1562 1559 1563
f 1559 1562 1564
f 1559 1564 1560
f 1502 1565 1509
f 1502 1509 1503
f 1522 1509 1565
f 1522 1565 1566
f 1506 1505 1520
f 1506 1520 1519
f 1522 1510 1509
f 1505 1511 1520
f 1513 1510 1522
f 1513 1522 1525
f 1511 1513 1525
f 1511 1525 1520
f 1502 1567 1568
f 1566 1570 1523
f 1566 1523 1522
f 1571 1572 1573
f 1570 1526 1523
f 1524 1520 1525
f 1569 1566 1568
f 1529 1519 1521
f 1529 1521 1524
f 1529 1524 1574
f 1523 1527 1532
f 1523 1532 1525
f 1574 1524 1525
f 1574 1525 1532
f 1575 1576 1577
f 1570 1566 1569
f 1570 1569 1578
f 1579 1537 1536
f 1580 1579 1536
f 1580 1536 1539
f 1570 1578 1581
f 1582 1583 1490
f 1580 1539 1546
f 1580 1546 1584
f 1585 1581 1586
f 1587 1588 1589
f 1590 1587 1589
f 1539 1538 1547
f 1539 1547 1546
f 1578 1584 1546
f 1581 1578 1546
f 1581 1546 1548
f 1591 1582 1489
f 1551 1550 1543
f 1551 1543 1542
f 1592 1590 1528
f 1538 1543 1552
f 1538 1552 1547
f 1583 1593 1594
f 1583 1594 1490
f 1595 1545 1544
f 1596 1551 1542
f 1490 1597 1489
f 1543 1550 1556
f 1543 1556 1555
f 1598 1599 1595
f 1596 1600 1551
f 1550 1551 1600
f 1550 1600 1601
f 1556 1550 1559
f 1559 1550 1601
f 1559 1601 1563
f 1602 1660 1603
f 1605 1606 1607
f 1608 1604 1499
f 1607 1562 1563
f 1609 1610 1611
f 1609 1611 1612
f 1612 1611 1613
f 1612 1613 1614
f 1614 1613 1615
f 1614 1615 1616
f 1616 1615 1610
f 1616 1610 1609
f 1610 1613 1611
f 1616 1612 1614
f 1617 1618 1619
f 1617 1620 1621
f 1617 1621 1618
f 1622 1623 1621
f 1622 1624 1625
f 1622 1625 1623
f 1626 1627 1628
f 1626 1629 1630
f 1626 1630 1627
f 1629 1631 1630
f 1629 1617 1619
f 1629 1619 1631
f 1632 1633 1634
f 1632 1635 1636
f 1632 1636 1633
f 1635 1637 1636
f 1635 1626 1628
f 1635 1628 1637
f 1624 1638 1625
f 1624 1639 1640
f 1624 1640 1638
f 1639 1641 1640
f 1639 1632 1634
f 1639 1634 1641
f 1437 1642 1446
f 1642 1437 1438
f 1455 1447 1459
f 1447 1455 1644
f 1447 1644 1642
f 1642 1644 1643
f 1475 1646 1468
f 1645 1647 1478
f 1478 1481 1479
f 1481 1478 1647
f 1490 1642 1644
f 1490 1491 1487
f 1491 1490 1648
f 1647 1649 1499
f 1647 1499 1604
f 1499 1651 1497
f 1651 1499 1650
f 1650 1499 1475
f 1475 1499 1649
f 1498 1652 1604
f 1604 1652 1481
f 1500 1498 1659
f 1659 1498 1497
f 1658 1659 1653
f 1658 1653 1657
f 1657 1653 1654
f 1657 1654 1484
f 1657 1484 1487
f 1487 1484 1488
f 1488 1484 1655
f 1656 1487 1491
f 1575 1582 1663
f 1588 1593 1577
f 1577 1582 1575
f 1563 1601 1665
f 1665 1601 1664
f 1666 1607 1563
f 1608 1575 1667
f 1667 1575 1668
f 1668 1575 1663
f 1607 1667 1605
f 1605 1667 1668
f 1605 1668 1593
f 1515 1660 1602
f 1572 1670 1669
f 1662 1661 1592
f 1586 1671 1585
f 1385 1375 1673
f 1375 1385 1674
f 1375 1674 1372
f 1372 1674 1672
f 1400 1679 1397
f 1397 1679 1675
f 1397 1675 1676
f 1403 1678 1677
f 1622 1690 1680
f 1690 1622 1681
f 1690 1681 1689
f 1689 1681 1688
f 1688 1681 1682
f 1682 1683 1687
f 1687 1683 1686
f 1685 1686 1684
f 1633 1691 1634
f 1691 1633 1628
f 1628 1633 1636
f 1628 1636 1637
f 1691 1628 1619
f 1630 1628 1627
f 1691 1623 1625
f 1623 1691 1621
f 1621 1691 1619
f 1638 1691 1625
f 1691 1638 1641
f 1691 1641 1634
f 1692 1693 1694
f 1695 1696 1697
f 1698 1699 1700
f 1701 1702 1703
f 1704 1696 1693
f 1705 1694 1697
f 1707 1708 1709
f 1710 1711 1712
f 1799 1800 1716
f 1798 1717 1813
f 1707 1724 1725
f 1727 1730 1731
f 1729 1728 1732
f 1731 1728 1727
f 1734 1728 1731
f 1733 1735 1725
f 1733 1737 1735
f 1735 1738 1739
f 1740 1737 1736
f 1749 1745 1741
f 1750 1706 1751
f 1753 1754 1755
f 1753 1755 1756
f 1759 1760 1761
f 1762 1751 1763
f 1762 1764 1765
f 1766 1724 1769
f 1767 1842 1726
f 1751 1768 1714
f 1724 1707 1769
f 1762 1765 1770
f 1762 1770 1714
f 1707 1771 1769
f 1771 1707 1772
f 1772 1707 1709
f 1709 1773 1772
f 1776 1767 1777
f 1777 1766 1769
f 1777 1769 1788
f 1788 1769 1790
f 1778 1767 1776
f 1769 1771 1779
f 1769 1779 1790
f 1779 1771 1772
f 1772 1780 1779
f 1772 1773 1781
f 1772 1781 1780
f 1783 1775 1782
f 1784 1801 1792
f 1784 1785 1786
f 1784 1786 1801
f 1716 1784 1792
f 1716 1792 1799
f 1782 1775 1787
f 1786 1785 1789
f 1805 1778 1776
f 1790 1779 1791
f 1792 1801 1793
f 1779 1816 1791
f 1794 1777 1788
f 1794 1788 1795
f 1792 1806 1799
f 1794 1795 1796
f 1777 1796 1797
f 1777 1797 1776
f 1798 1792 1793
f 1801 1786 1802
f 1795 1788 1790
f 1795 1790 1717
f 1797 1796 1803
f 1795 1798 1793
f 1795 1793 1796
f 1795 1717 1798
f 1792 1798 1804
f 1792 1804 1806
f 1793 1801 1802
f 1796 1793 1802
f 1796 1802 1803
f 1805 1776 1797
f 1779 1780 1807
f 1779 1807 1816
f 1785 1808 1809
f 1785 1809 1810
f 1717 1790 1791
f 1805 1797 1803
f 1805 1803 1811
f 1813 1717 1791
f 1813 1791 1816
f 1806 1804 1812
f 1812 1804 1798
f 1812 1798 1813
f 1811 1803 1802
f 1811 1802 1814
f 1815 1821 1800
f 1815 1800 1799
f 1789 1802 1786
f 1814 1802 1789
f 1780 1781 1807
f 1815 1799 1806
f 1815 1806 1817
f 1817 1806 1812
f 1817 1812 1813
f 1817 1813 1818
f 1819 1816 1807
f 1819 1807 1781
f 1813 1816 1819
f 1813 1819 1818
f 1820 1821 1815
f 1781 1783 1782
f 1808 1822 1809
f 1820 1815 1824
f 1823 1821 1820
f 1823 1820 1830
f 1824 1815 1817
f 1825 1781 1782
f 1824 1817 1818
f 1824 1818 1825
f 1818 1781 1825
f 1782 1787 1826
f 1825 1782 1826
f 1825 1826 1827
f 1825 1827 1828
f 1824 1825 1828
f 1824 1828 1829
f 1820 1824 1830
f 1824 1829 1830
f 1831 1823 1832
f 1833 1834 1831
f 1726 1842 1733
f 1726 1733 1725
f 1835 1708 1707
f 1835 1707 1836
f 1837 1718 1719
f 1838 1836 1707
f 1838 1707 1725
f 1839 1708 1835
f 1708 1839 1730
f 1708 1730 1727
f 1840 1841 1756
f 1733 1842 1837
f 1843 1835 1836
f 1844 1845 1848
f 1843 1836 1838
f 1843 1838 1846
f 1846 1838 1725
f 1846 1725 1739
f 1837 1847 1850
f 1733 1837 1849
f 1733 1849 1737
f 1850 1847 1853
f 1732 1728 1734
f 1747 1732 1852
f 1855 1856 1743
f 1743 1856 1858
f 1855 1743 1742
f 1855 1742 1859
f 1853 1854 1860
f 1853 1860 1740
f 1744 1740 1884
f 1742 1743 1862
f 1857 1851 1745
f 1857 1745 1748
f 1859 1742 1862
f 1859 1862 1863
f 1861 1859 1863
f 1861 1863 1870
f 1871 1862 1864
f 1865 1746 1866
f 1867 1862 1871
f 1740 1868 1869
f 1870 1863 1867
f 1871 1864 1872
f 1873 1865 1866
f 1874 1867 1871
f 1880 1873 1875
f 1876 1870 1867
f 1871 1872 1877
f 1871 1877 1874
f 1874 1877 1878
f 1874 1878 1879
f 1880 1875 1883
f 1881 1874 1879
f 1741 1744 1884
f 1741 1884 1888
f 1879 1878 1885
f 1887 1881 1879
f 1887 1879 1885
f 1749 1741 1888
f 1749 1888 1889
f 1925 1886 1882
f 1925 1882 1887
f 1893 1894 1901
f 1895 1893 1896
f 1897 1898 1899
f 1900 1894 1926
f 1888 1884 1903
f 1902 1908 1901
f 1884 1904 1905
f 1884 1905 1903
f 1893 1901 1898
f 1893 1898 1896
f 1906 1902 1900
f 1908 1902 1907
f 1901 1908 1909
f 1901 1909 1898
f 1898 1910 1899
f 1911 1888 1903
f 1912 1902 1906
f 1913 1911 1903
f 1913 1903 1914
f 1909 1908 1915
f 1903 1905 1914
f 1908 1907 1913
f 1908 1913 1914
f 1888 1911 1889
f 1898 1916 1910
f 1917 1907 1912
f 1916 1915 1918
f 1908 1914 1919
f 1908 1919 1915
f 1919 1905 1890
f 1919 1890 1920
f 1913 1907 1917
f 1913 1917 1921
f 1919 1920 1922
f 1918 1915 1919
f 1918 1919 1922
f 1878 1923 1885
f 1923 1894 1893
f 1923 1893 1885
f 1885 1924 1887
f 1885 1893 1895
f 1885 1895 1924
f 1925 1887 1924
f 1892 1926 1923
f 1892 1923 1891
f 1897 1925 1924
f 1926 1894 1923
f 1927 1763 1751
f 1927 1751 1706
f 1752 1928 1729
f 1752 1729 1732
f 1723 1929 1840
f 1722 1930 1931
f 1722 1931 1723
f 1930 1933 1931
f 1930 1721 1720
f 1930 1720 1933
f 1723 1931 1757
f 1928 1758 1932
f 1928 1932 1933
f 1928 1933 1934
f 1934 1933 1720
f 1759 1760 1757
f 1759 1757 1935
f 1757 1931 1758
f 1706 1775 1708
f 1775 1706 1774
f 1774 1706 1750
f 1712 1715 1713
f 1715 1712 1714
f 1714 1712 1937
f 1714 1937 1936
f 1753 1938 1762
f 1762 1938 1764
f 1842 1939 1940
f 1756 1938 1753
f 1941 1757 1760
f 1757 1941 1845
f 1757 1845 1929
f 1760 1856 1941
f 1858 1752 1732
f 1752 1858 1760
f 1760 1858 1856
f 1928 1708 1729
f 1708 1928 1706
f 1706 1928 1934
f 1706 1934 1927
f 1751 1774 1750
f 1774 1751 1714
f 1927 1934 1762
f 1927 1762 1763
f 1758 1933 1932
f 1933 1758 1931
f 1942 1943 2012
f 1946 2227 1947
f 1952 1950 1951
f 1959 1960 2143
f 1962 1961 1959
f 1964 1961 1965
f 1965 1961 1966
f 1966 1961 1846
f 1967 1966 1968
f 1972 1973 1974
f 1975 1976 2186
f 1980 1982 1981
f 1984 1985 1986
f 1960 1987 1988
f 1989 1990 1996
f 1991 1965 1966
f 1965 1991 1992
f 1965 1992 1959
f 1959 1992 1993
f 1959 1993 1960
f 1995 1989 1711
f 1984 1986 1994
f 1984 1994 1770
f 1939 1767 1997
f 1996 1710 1991
f 1997 1940 1939
f 1994 1991 1994
f 1991 1710 1994
f 2006 1998 1999
f 1994 1715 1770
f 2000 1937 1998
f 2000 1998 2006
f 1937 2000 2001
f 2002 2003 2004
f 2005 1937 2001
f 2003 1936 2004
f 2006 1999 2007
f 1944 2000 2006
f 2001 2000 1944
f 2001 1944 2027
f 2005 2001 2027
f 2005 2027 2008
f 2004 2008 1826
f 2006 2007 2009
f 2006 2009 2010
f 2011 1808 1942
f 1944 2006 2010
f 1942 2013 2011
f 1948 1808 2011
f 2010 2009 2016
f 2013 1942 2012
f 2016 2009 2015
f 2014 2017 2018
f 2017 2019 2018
f 1948 2011 2013
f 1948 2013 2020
f 2010 2016 2021
f 2010 2021 1944
f 2016 2015 2022
f 2016 2022 2023
f 2013 2012 1823
f 2013 1823 2024
f 1809 2025 2026
f 2027 1944 1945
f 2025 1809 1822
f 2025 1822 2028
f 2022 2019 2033
f 2022 2033 2023
f 1826 2008 2029
f 1944 2021 2036
f 1944 2036 1945
f 2016 2023 2037
f 2016 2037 2021
f 2019 2032 2033
f 2034 2008 2027
f 2030 2035 1950
f 2030 1950 2031
f 2013 1954 2020
f 2021 2038 2036
f 2021 2037 2038
f 2013 2024 1834
f 2013 1834 1954
f 2027 1945 2036
f 2027 2036 2039
f 2040 2031 2042
f 1827 1826 2029
f 2038 2037 2041
f 2050 2034 2027
f 2050 2027 2039
f 2042 2031 1950
f 1829 1827 2029
f 1829 2029 2043
f 2039 2036 2038
f 2039 2038 2052
f 2044 2045 2046
f 2047 2048 2241
f 1951 2049 2058
f 2050 2039 2052
f 1829 2043 2060
f 2051 2056 2047
f 2052 2038 2041
f 2046 2045 2057
f 2055 2056 2051
f 2057 2045 2056
f 2068 2050 2052
f 2058 2059 2062
f 2058 2062 2265
f 2063 2064 2065
f 2063 2065 2066
f 2068 2052 2067
f 2069 2070 2071
f 2072 1832 2060
f 2072 2060 2061
f 2068 2067 2073
f 2068 2073 2072
f 2044 2046 2080
f 2044 2080 2074
f 2075 2076 2077
f 2078 1957 2079
f 2046 2057 2080
f 2081 2082 2083
f 2057 2084 2080
f 1832 2085 2086
f 2072 2087 2100
f 2088 2089 2090
f 2091 2092 2093
f 2092 2094 2095
f 2092 2095 2093
f 2096 2097 2088
f 2098 2099 2091
f 1833 2086 2085
f 1833 2085 2100
f 2084 2101 2102
f 2103 2104 2105
f 2277 2106 2107
f 2106 2108 2035
f 2109 2110 1947
f 2111 2112 2113
f 2114 2115 2116
f 2117 2118 2119
f 2115 2120 2121
f 2065 2125 2126
f 2065 2126 2066
f 2069 2064 2063
f 2069 2063 2070
f 2127 2123 2124
f 2079 2054 2078
f 2128 2127 2249
f 2081 2090 2089
f 2129 2130 2131
f 2132 2094 2133
f 2134 2135 2121
f 2144 1989 1995
f 2144 1995 2136
f 1995 1991 1966
f 1995 1966 1967
f 1988 1987 2141
f 2136 1967 2139
f 2141 1987 2140
f 1960 1988 1963
f 1960 1963 2143
f 2143 1962 1959
f 2144 2136 2152
f 1730 2143 1963
f 1963 1988 2141
f 2138 2145 1847
f 2137 1841 2146
f 2137 2146 2142
f 2147 2136 2139
f 1963 2141 2149
f 1731 1730 1963
f 1731 1963 2149
f 1841 2150 2146
f 2148 2146 2151
f 1966 1846 1968
f 2141 2140 2148
f 2141 2148 2149
f 1969 2139 1967
f 1969 1967 1968
f 1847 2145 1854
f 2151 2146 2150
f 2151 2150 2153
f 2149 2148 2154
f 2168 2147 2139
f 2168 2139 2169
f 1968 1851 1969
f 2156 2151 1970
f 2158 1731 2149
f 2158 2149 2155
f 2160 2150 1841
f 2160 1841 2157
f 2155 2149 2154
f 2158 2155 2154
f 2169 2139 1969
f 2169 1969 2159
f 2153 2160 2161
f 2154 2156 1970
f 2154 1970 2162
f 2163 2154 2162
f 1969 1851 2164
f 1969 2164 2159
f 2162 1970 1971
f 2162 1971 2166
f 2163 2162 2166
f 2163 2166 2172
f 2157 2167 2160
f 1854 2165 2170
f 1854 2170 1860
f 2161 2160 2167
f 2161 2167 1972
f 2169 2159 2171
f 2166 1971 2172
f 2159 2164 2171
f 2157 2173 1973
f 2157 1973 2167
f 2175 2168 2169
f 2175 2169 2176
f 1972 2167 1973
f 2176 2169 2171
f 2171 2164 2177
f 2171 2177 2176
f 2178 2174 2172
f 2178 2172 1971
f 2178 1971 2179
f 1860 2180 1869
f 1870 2182 2183
f 1978 2175 2184
f 2176 1749 2185
f 1978 2184 2176
f 1978 2176 2185
f 1873 2187 1883
f 2186 1976 2187
f 1883 2187 2189
f 2189 2187 1976
f 1891 1883 2189
f 1976 1975 2188
f 1869 2180 2190
f 2189 1976 2191
f 2192 2188 1925
f 2190 2181 2193
f 2191 1976 2188
f 2194 2185 1749
f 2194 1749 2195
f 1977 1978 2185
f 1977 2185 2194
f 1891 2189 2196
f 2196 2189 2191
f 2196 2191 2216
f 1906 1926 2197
f 1906 2197 2200
f 2198 1897 1910
f 2197 2199 2200
f 1910 2201 2198
f 2202 2203 1869
f 2202 1869 2190
f 1910 1918 1980
f 1910 1980 2201
f 1906 2200 2204
f 2202 2190 2193
f 2202 2193 1979
f 1977 2194 2195
f 2209 1917 1906
f 2209 1906 2204
f 2200 2198 2201
f 2200 2201 2204
f 2206 2203 2202
f 1918 2207 1980
f 2204 1981 2209
f 1917 2209 1921
f 2204 2201 1980
f 2204 1980 1981
f 1922 2206 2207
f 2195 2205 2208
f 2209 1981 1982
f 1977 2195 2210
f 2202 1979 2206
f 2208 1921 2211
f 2210 2211 1982
f 2206 2212 1982
f 2206 1982 1983
f 2213 2216 2191
f 2213 2191 2188
f 2214 2192 1925
f 2196 2215 1891
f 2198 2214 1897
f 2196 2197 1926
f 2196 1926 2215
f 2216 2213 2217
f 2197 2196 2216
f 2197 2216 2199
f 2199 2216 2217
f 2217 2198 2200
f 2217 2200 2199
f 1942 2222 1943
f 2222 1942 2221
f 2221 1942 2220
f 2220 1942 2219
f 2219 1942 2218
f 2012 1800 1821
f 2012 1821 2223
f 2012 2223 1823
f 2105 1946 1947
f 1946 2105 2224
f 1946 2224 2031
f 2031 2224 2030
f 2037 2023 2226
f 2226 2023 2225
f 2225 2023 2033
f 2227 1946 2228
f 2228 1946 2031
f 2228 2031 2040
f 2229 2033 2032
f 2229 2032 2230
f 2232 2033 2231
f 2233 2053 1822
f 1822 2053 2028
f 1949 1948 2020
f 2028 2032 2019
f 2235 2032 2028
f 2236 2037 2226
f 2237 2037 2236
f 1950 2035 2108
f 1950 2108 2113
f 1950 2113 1951
f 1951 2113 2112
f 1951 2238 2049
f 2049 1955 1956
f 1955 2049 2240
f 2240 2049 2239
f 2241 2242 2234
f 2237 2041 2037
f 2041 2237 2243
f 2028 2241 2234
f 2241 2028 2244
f 2244 2028 2051
f 2051 2028 2053
f 2051 2053 2055
f 2055 2053 2066
f 2032 2248 2230
f 2248 2032 2235
f 2248 2235 2247
f 2248 2247 2239
f 2246 2235 2245
f 1954 1949 2020
f 1949 1954 1953
f 1949 1953 2078
f 2042 1950 2249
f 2249 1950 2130
f 2130 1950 1952
f 2130 1952 2131
f 2250 2057 2056
f 2057 2250 2064
f 2057 2064 2251
f 2057 2251 2252
f 2057 2252 2082
f 2057 2082 2253
f 2041 2067 2052
f 2067 2041 2243
f 2067 2243 2254
f 2125 2255 2126
f 2245 2075 2246
f 2075 2245 2256
f 2254 2073 2067
f 1955 2240 1956
f 2257 2258 2240
f 2260 2063 2053
f 2063 2260 2070
f 2070 2260 2071
f 2071 2260 2259
f 2066 2053 2063
f 1957 1833 2100
f 2074 2256 2044
f 2256 2074 2076
f 2252 2083 2082
f 2122 2072 2261
f 2072 2122 2262
f 2072 2262 2087
f 2087 2262 2263
f 2131 2265 2264
f 2253 2084 2057
f 2084 2253 2266
f 2084 2094 2267
f 2097 2132 2133
f 2132 2097 2096
f 2132 2096 2268
f 2098 2084 2267
f 2084 2098 2101
f 1957 2269 2079
f 2269 1957 2095
f 2098 2095 1957
f 2098 1957 1958
f 2271 2272 2270
f 2100 2087 2273
f 2100 2273 2270
f 2274 2087 2263
f 2087 2274 2275
f 2087 2275 2273
f 2275 2274 2135
f 2135 2274 2257
f 2273 2275 2077
f 2273 2077 2076
f 2232 2224 2225
f 2232 2225 2276
f 2224 2277 2107
f 2277 2224 2232
f 2110 2103 2105
f 2103 2110 2226
f 2226 2110 2109
f 2108 2278 2113
f 2227 2109 1947
f 2119 2279 2227
f 2228 2280 2281
f 2281 2280 2254
f 2122 2228 2123
f 2228 2122 2280
f 2128 2249 2263
f 2044 2242 2282
f 2245 2044 2256
f 2272 2100 2270
f 2100 2272 2102
f 2100 2102 2101
f 2100 2101 1957
f 1957 2101 1958
f 2079 2096 2090
f 2079 2090 2081
f 2079 2081 2283
f 2239 2121 2284
f 2284 2121 2257
f 2257 2121 2135
f 2120 2075 2077
f 2120 2077 2275
f 1974 1870 2183
f 1870 1974 1973
f 1870 1973 2173
f 2207 1918 1922
f 1982 2211 2209
f 2285 2286 2287
f 2288 2289 2290
f 2291 2292 2286
f 2291 2286 2285
f 2286 2289 2287
f 2290 2285 2288
f 2293 2294 2295
f 2296 2297 2298
f 2299 2300 2297
f 2301 2300 2302
f 2303 2304 2294
f 2305 2298 2302
f 2306 2307 2304
f 2308 2302 2300
f 2309 2307 2295
f 2310 2311 2312
f 2313 2314 2315
f 2311 2316 2317
f 2311 2317 2314
f 2316 2320 2318
f 2316 2318 2317
f 2319 2313 2315
f 2319 2315 2320
f 2323 2318 2324
f 2324 2318 2322
f 2322 2318 2321
f 2326 2325 2327
f 2325 2319 2328
f 2325 2328 2327
f 2329 2330 2325
f 2331 2316 2332
f 2339 2341 2342
f 2343 2334 2344
f 2336 2346 2347
f 2338 2345 2344
f 2346 2340 2347
f 2350 2351 2416
f 2351 2352 2353
f 2354 2356 2357
f 2354 2357 2355
f 2356 2358 2419
f 2344 2345 2343
f 2345 2359 2343
f 2360 2361 2362
f 2361 2363 2364
f 2363 2365 2364
f 2363 2366 2367
f 2363 2367 2365
f 2366 2346 2368
f 2353 2352 2354
f 2353 2354 2355
f 2352 2369 2354
f 2370 2344 2371
f 2347 2372 2373
f 2374 2375 2373
f 2375 2353 2355
f 2334 2343 2359
f 2334 2359 2333
f 2336 2347 2373
f 2336 2373 2335
f 2380 2381 2382
f 2345 2338 2360
f 2345 2360 2359
f 2338 2337 2382
f 2338 2382 2360
f 2339 2383 2414
f 2347 2340 2384
f 2347 2384 2372
f 2340 2339 2414
f 2340 2414 2384
f 2382 2381 2385
f 2382 2385 2386
f 2360 2387 2361
f 2360 2382 2386
f 2360 2386 2387
f 2388 2362 2361
f 2388 2361 2392
f 2377 2389 2390
f 2377 2388 2392
f 2377 2392 2389
f 2361 2387 2391
f 2361 2391 2363
f 2387 2386 2396
f 2392 2361 2364
f 2390 2389 2393
f 2389 2392 2394
f 2386 2385 2395
f 2363 2391 2396
f 2396 2386 2395
f 2392 2364 2365
f 2392 2365 2397
f 2389 2394 2397
f 2389 2397 2393
f 2395 2398 2399
f 2363 2396 2400
f 2363 2400 2366
f 2396 2395 2399
f 2396 2399 2400
f 2397 2365 2367
f 2390 2393 2401
f 2390 2401 2402
f 2393 2397 2367
f 2393 2367 2401
f 2341 2339 2399
f 2341 2399 2398
f 2339 2340 2400
f 2339 2400 2399
f 2340 2346 2366
f 2340 2366 2400
f 2346 2336 2403
f 2346 2403 2368
f 2336 2335 2401
f 2336 2401 2403
f 2404 2402 2401
f 2349 2348 2405
f 2349 2405 2406
f 2352 2351 2407
f 2352 2407 2369
f 2351 2350 2406
f 2351 2406 2407
f 2354 2369 2356
f 2358 2356 2408
f 2358 2408 2409
f 2410 2406 2405
f 2338 2344 2370
f 2338 2370 2337
f 2344 2334 2411
f 2344 2411 2371
f 2334 2333 2408
f 2334 2408 2411
f 2376 2412 2409
f 2376 2409 2408
f 2414 2383 2413
f 2374 2415 2375
f 2374 2414 2416
f 2374 2416 2415
f 2417 2373 2375
f 2417 2375 2418
f 2379 2419 2420
f 2379 2417 2418
f 2379 2418 2419
f 2348 2349 2414
f 2348 2414 2413
f 2416 2351 2415
f 2351 2353 2375
f 2351 2375 2415
f 2355 2418 2375
f 2355 2357 2419
f 2355 2419 2418
f 2419 2358 2420
f 2339 2421 2341
f 2348 2413 2383
f 2348 2383 2405
f 2405 2383 2421
f 2381 2421 2398
f 2381 2398 2395
f 2381 2395 2385
f 2410 2380 2421
f 2412 2422 2376
f 2420 2358 2409
f 2420 2409 2379
f 2379 2409 2422
f 2379 2422 2423
f 2423 2422 2377
f 2423 2377 2402
f 2402 2377 2390
f 2378 2404 2423
f 2426 2424 2425
f 2427 2426 2425
f 2428 2427 2425
f 2429 2428 2425
f 2430 2429 2425
f 2424 2430 2425
f 2431 2433 2432
f 2433 2434 2432
f 2434 2435 2432
f 2435 2436 2432
f 2436 2437 2432
f 2437 2431 2432
f 2438 2439 2440
f 2441 2442 2462
f 2443 2444 2445
f 2442 2446 2467
f 2446 2447 2470
f 2447 2448 2473
f 2448 2449 2476
f 2449 2450 2479
f 2450 2451 2482
f 2451 2452 2484
f 2452 2453 2485
f 2453 2445 2444
f 2454 2431 2437
f 2454 2437 2455
f 2438 2456 2457
f 2438 2457 2439
f 2456 2454 2455
f 2456 2455 2457
f 2455 2437 2458
f 2443 2457 2459
f 2443 2459 2444
f 2457 2455 2458
f 2457 2458 2459
f 2431 2454 2460
f 2454 2461 2460
f 2458 2437 2436
f 2458 2436 2463
f 2444 2464 2453
f 2459 2458 2463
f 2459 2463 2464
f 2431 2460 2465
f 2431 2465 2433
f 2460 2461 2466
f 2460 2466 2465
f 2433 2465 2468
f 2465 2466 2469
f 2465 2469 2468
f 2433 2468 2471
f 2433 2471 2434
f 2468 2472 2471
f 2434 2471 2474
f 2471 2472 2475
f 2471 2475 2474
f 2434 2474 2477
f 2434 2477 2435
f 2474 2475 2478
f 2474 2478 2477
f 2435 2477 2480
f 2477 2478 2481
f 2477 2481 2480
f 2435 2480 2483
f 2435 2483 2436
f 2436 2483 2463
f 2486 2487 2488
f 2486 2489 2491
f 2488 2487 2490
f 2495 2492 2494
f 2495 2494 2497
f 2495 2497 2496
f 2497 2498 2499
f 2501 2499 2500
f 2501 2500 2503
f 2501 2503 2502
f 2503 2490 2504
f 2424 2489 2486
f 2424 2426 2491
f 2424 2491 2489
f 2426 2505 2492
f 2426 2492 2491
f 2506 2494 2492
f 2506 2507 2497
f 2506 2497 2494
f 2507 2498 2497
f 2507 2508 2499
f 2507 2499 2498
f 2429 2500 2499
f 2429 2509 2503
f 2429 2503 2500
f 2510 2490 2503
f 2510 2430 2488
f 2510 2488 2490
f 2430 2511 2486
f 2430 2486 2488
f 2486 2438 2440
f 2486 2440 2487
f 2441 2486 2512
f 2441 2512 2442
f 2442 2491 2513
f 2442 2513 2446
f 2446 2492 2493
f 2446 2493 2447
f 2447 2495 2495
f 2447 2495 2448
f 2448 2495 2496
f 2448 2496 2449
f 2449 2497 2514
f 2449 2514 2450
f 2450 2499 2515
f 2450 2515 2451
f 2451 2501 2516
f 2451 2516 2452
f 2452 2501 2502
f 2452 2502 2453
f 2453 2503 2504
f 2453 2504 2445
f 2445 2487 2487
f 2445 2487 2443
f 2517 2518 2519
f 2517 2519 2520
f 2521 2522 2523
f 2521 2523 2524
f 2524 2523 2525
f 2524 2525 2526
f 2527 2528 2529
f 2530 2531 2532
f 2530 2532 2533
f 2534 2535 2536
f 2526 2525 2533
f 2526 2533 2532
f 2537 2536 2535
f 2526 2532 2536
f 2526 2536 2538
f 2532 2531 2534
f 2532 2534 2536
f 2539 2540 2541
f 2539 2541 2542
f 2543 2544 2545
f 2543 2545 2546
f 2547 2548 2541
f 2547 2541 2540
f 2539 2542 2531
f 2534 2531 2542
f 2534 2542 2543
f 2541 2548 2549
f 2541 2549 2544
f 2533 2540 2530
f 2530 2540 2539
f 2545 2535 2550
f 2545 2550 2546
f 2551 2552 2553
f 2554 2555 2556
f 2558 2559 2560
f 2557 2561 2562
f 2562 2561 2563
f 2563 2564 2565
f 2563 2565 2566
f 2566 2567 2568
f 2569 2570 2571
f 2572 2560 2559
f 2573 2574 2575
f 2573 2576 2577
f 2573 2577 2578
f 2578 2579 2580
f 2580 2581 2582
f 2568 2583 2584
f 2584 2585 2586
f 2586 2575 2574
f 2587 2588 2589
f 2587 2590 2591
f 2587 2591 2588
f 2590 2592 2591
f 2563 2593 2592
f 2563 2594 2595
f 2563 2595 2593
f 2569 2571 2596
f 2571 2597 2598
f 2597 2599 2598
f 2597 2587 2589
f 2597 2589 2599
f 2600 2601 2607
f 2600 2603 2602
f 2600 2602 2601
f 2594 2604 2595
f 2594 2586 2605
f 2594 2605 2604
f 2586 2606 2605
f 2586 2607 2608
f 2586 2608 2606
f 2609 2610 2617
f 2611 2613 2612
f 2595 2555 2553
f 2612 2613 2609
f 2614 2615 2613
f 2582 2555 2603
f 2555 2582 2611
f 2611 2582 2614
f 2569 2610 2616
f 2569 2596 2617
f 2569 2617 2610
f 2556 2553 2554
f 2553 2556 2611
f 2553 2611 2617
f 2617 2611 2612
f 2617 2612 2609
f 2618 2619 2620
f 2623 2624 2625
f 2629 2632 2630
f 2629 2630 2631
f 2633 2632 2634
f 2635 2622 2636
f 2622 2635 2637
f 2637 2638 2639
f 2636 2622 2621
f 2636 2621 2640
f 2642 2643 2644
f 2642 2645 2646
f 2642 2646 2647
f 2646 2631 2630
f 2649 2639 2638
f 2651 2649 2650
f 2651 2650 2652
f 2651 2652 2653
f 2635 2654 2637
f 2655 2632 2633
f 2655 2633 2663
f 2649 2656 2657
f 2649 2657 2650
f 2647 2658 2642
f 2659 2630 2632
f 2659 2632 2655
f 2641 2660 2620
f 2641 2620 2640
f 2620 2636 2640
f 2620 2654 2635
f 2620 2635 2636
f 2658 2643 2642
f 2648 2661 2660
f 2648 2660 2641
f 2658 2661 2648
f 2658 2648 2643
f 2654 2662 2638
f 2654 2638 2637
f 2662 2656 2649
f 2662 2649 2638
f 2633 2634 2663
f 2652 2650 2657
f 2647 2630 2659
f 2664 2665 2676
f 2664 2676 2666
f 2666 2667 2664
f 2667 2668 2669
f 2670 2671 2626
f 2670 2626 2628
f 2628 2681 2680
f 2628 2680 2670
f 2671 2627 2626
f 2671 2678 2627
f 2672 2673 2674
f 2674 2675 2672
f 2676 2665 2675
f 2677 2679 2678
f 2680 2681 2682
f 2683 2684 2680
f 2683 2669 2668
f 2683 2668 2684
f 2670 2685 2625
f 2691 2686 2667
f 2691 2667 2666
f 2680 2684 2687
f 2680 2687 2688
f 2674 2689 2690
f 2691 2666 2676
f 2678 2671 2692
f 2678 2692 2693
f 2692 2671 2624
f 2624 2671 2670
f 2624 2670 2625
f 2689 2674 2673
f 2689 2673 2694
f 2677 2678 2693
f 2677 2693 2695
f 2694 2673 2677
f 2694 2677 2695
f 2685 2670 2680
f 2685 2680 2696
f 2696 2680 2688
f 2667 2686 2697
f 2667 2697 2668
f 2668 2687 2684
f 2674 2690 2698
f 2674 2698 2676
f 2659 2700 2660
f 2659 2660 2661
f 2699 2661 2658
f 2701 2662 2654
f 2701 2654 2619
f 2701 2619 2618
f 2631 2621 2629
f 2621 2631 2640
f 2640 2631 2641
f 2641 2631 2646
f 2641 2646 2645
f 2641 2645 2648
f 2629 2634 2632
f 2634 2629 2702
f 2702 2629 2639
f 2639 2629 2637
f 2637 2629 2622
f 2622 2629 2621
f 2692 2698 2693
f 2693 2698 2695
f 2695 2689 2694
f 2696 2703 2685
f 2685 2703 2625
f 2625 2703 2623
f 2626 2665 2664
f 2665 2626 2627
f 2665 2627 2678
f 2665 2678 2675
f 2675 2678 2672
f 2672 2678 2679
f 2669 2664 2667
f 2664 2669 2681
f 2664 2681 2628
f 2664 2628 2626
f 2713 2714 2715
f 2716 2717 2718
f 2716 2718 2719
f 2720 2789 2721
f 2722 2723 2724
f 2725 2726 2705
f 2725 2705 2723
f 2727 2724 2718
f 2726 2728 2705
f 2728 2729 2705
f 2704 2705 2729
f 2704 2729 2706
f 2730 2731 2732
f 2730 2733 2731
f 2731 2733 2716
f 2731 2716 2734
f 2735 2717 2736
f 2737 2738 2730
f 2737 2730 2739
f 2738 2735 2736
f 2738 2736 2730
f 2734 2740 2731
f 2740 2741 2732
f 2740 2732 2731
f 2743 2744 2745
f 2746 2747 2742
f 2748 2749 2750
f 2751 2730 2732
f 2732 2741 2752
f 2753 2737 2739
f 2753 2739 2751
f 2754 2753 2751
f 2754 2751 2755
f 2756 2757 2758
f 2747 2758 2759
f 2747 2759 2742
f 2752 2748 2750
f 2760 2752 2750
f 2760 2750 2761
f 2762 2823 2763
f 2764 2762 2763
f 2755 2751 2732
f 2755 2732 2765
f 2755 2765 2766
f 2758 2766 2767
f 2742 2759 2768
f 2742 2768 2743
f 2759 2758 2767
f 2759 2767 2768
f 2752 2765 2732
f 2752 2760 2766
f 2752 2766 2765
f 2762 2767 2766
f 2762 2764 2768
f 2762 2768 2767
f 2764 2744 2743
f 2764 2743 2768
f 2769 2770 2771
f 2707 2708 2772
f 2773 2774 2775
f 2776 2708 2707
f 2708 2776 2724
f 2708 2724 2772
f 2774 2704 2706
f 2774 2706 2777
f 2778 2746 2742
f 2779 2778 2742
f 2779 2742 2743
f 2780 2779 2743
f 2780 2743 2745
f 2778 2779 2781
f 2781 2779 2780
f 2782 2778 2783
f 2784 2785 2719
f 2786 2740 2734
f 2786 2749 2748
f 2786 2748 2740
f 2787 2786 2734
f 2777 2775 2774
f 2771 2784 2719
f 2788 2789 2720
f 2790 2791 2792
f 2792 2791 2710
f 2792 2710 2793
f 2794 2795 2796
f 2794 2796 2790
f 2793 2710 2797
f 2797 2710 2729
f 2797 2729 2728
f 2709 2706 2729
f 2709 2729 2710
f 2798 2799 2801
f 2801 2799 2800
f 2800 2788 2801
f 2800 2802 2788
f 2804 2798 2801
f 2804 2801 2803
f 2802 2800 2799
f 2802 2799 2805
f 2805 2799 2815
f 2806 2807 2808
f 2807 2809 2810
f 2811 2808 2812
f 2813 2750 2749
f 2814 2825 2799
f 2814 2799 2798
f 2825 2815 2799
f 2804 2814 2798
f 2816 2818 2814
f 2816 2814 2804
f 2817 2818 2816
f 2812 2808 2820
f 2812 2820 2819
f 2821 2750 2813
f 2822 2761 2750
f 2822 2750 2821
f 2824 2763 2823
f 2818 2825 2814
f 2826 2821 2825
f 2826 2825 2818
f 2808 2807 2827
f 2808 2827 2820
f 2820 2827 2819
f 2815 2825 2821
f 2822 2819 2827
f 2822 2827 2823
f 2823 2827 2824
f 2824 2827 2807
f 2824 2807 2810
f 2828 2771 2770
f 2828 2770 2712
f 2712 2829 2830
f 2712 2830 2711
f 2829 2831 2830
f 2829 2832 2833
f 2829 2833 2831
f 2796 2830 2831
f 2796 2831 2791
f 2834 2712 2711
f 2711 2830 2834
f 2833 2777 2706
f 2833 2706 2709
f 2835 2811 2836
f 2837 2807 2806
f 2838 2809 2807
f 2838 2807 2837
f 2839 2837 2806
f 2839 2840 2838
f 2839 2838 2837
f 2841 2835 2836
f 2784 2842 2785
f 2786 2843 2805
f 2786 2805 2813
f 2786 2813 2749
f 2787 2843 2786
f 2777 2833 2832
f 2771 2828 2842
f 2771 2842 2784
f 2844 2845 2846
f 2845 2844 2847
f 2845 2847 2713
f 2846 2848 2852
f 2713 2847 2714
f 2849 2850 2851
f 2851 2852 2848
f 2745 2844 2846
f 2744 2714 2847
f 2744 2847 2745
f 2745 2847 2844
f 2850 2782 2783
f 2852 2783 2781
f 2846 2852 2781
f 2846 2781 2853
f 2838 2854 2845
f 2809 2838 2845
f 2851 2841 2849
f 2848 2855 2851
f 2854 2840 2848
f 2763 2744 2764
f 2744 2763 2715
f 2744 2715 2714
f 2774 2723 2704
f 2704 2723 2705
f 2857 2707 2772
f 2857 2775 2856
f 2810 2763 2824
f 2763 2810 2715
f 2791 2833 2709
f 2791 2709 2710
f 2832 2857 2856
f 2857 2832 2712
f 2712 2832 2858
f 2712 2858 2829
f 2864 2725 2722
f 2727 2865 2864
f 2727 2864 2722
f 2866 2867 2868
f 2866 2869 2870
f 2866 2870 2867
f 2866 2868 2871
f 2866 2871 2864
f 2874 2875 2864
f 2866 2738 2882
f 2866 2875 2874
f 2866 2874 2738
f 2876 2877 2878
f 2879 2746 2880
f 2881 2870 2869
f 2884 2881 2883
f 2884 2883 2885
f 2886 2885 2887
f 2876 2887 2888
f 2889 2890 2891
f 2879 2891 2892
f 2878 2877 2860
f 2880 2893 2877
f 2860 2877 2894
f 2860 2894 2895
f 2877 2893 2782
f 2877 2782 2894
f 2896 2867 2897
f 2896 2872 2873
f 2896 2873 2867
f 2863 2898 2876
f 2863 2876 2878
f 2899 2896 2897
f 2900 2899 2897
f 2900 2897 2884
f 2901 2900 2884
f 2902 2901 2886
f 2898 2903 2876
f 2898 2902 2886
f 2898 2886 2903
f 2904 2790 2792
f 2794 2790 2904
f 2794 2904 2905
f 2907 2908 2912
f 2906 2904 2909
f 2910 2909 2873
f 2910 2873 2872
f 2905 2906 2911
f 2913 2911 2906
f 2914 2915 2916
f 2916 2811 2812
f 2912 2908 2917
f 2918 2919 2912
f 2920 2921 2912
f 2920 2912 2917
f 2922 2921 2920
f 2923 2924 2922
f 2914 2916 2925
f 2914 2925 2926
f 2926 2925 2923
f 2816 2919 2918
f 2924 2817 2816
f 2927 2817 2924
f 2916 2812 2928
f 2916 2928 2925
f 2925 2928 2927
f 2914 2862 2929
f 2914 2929 2915
f 2929 2836 2811
f 2862 2930 2929
f 2929 2930 2937
f 2929 2937 2836
f 2896 2932 2907
f 2896 2907 2910
f 2896 2910 2872
f 2863 2914 2931
f 2863 2931 2898
f 2899 2932 2896
f 2900 2920 2932
f 2900 2932 2899
f 2901 2920 2900
f 2902 2933 2901
f 2898 2931 2926
f 2898 2926 2933
f 2898 2933 2902
f 2863 2861 2862
f 2863 2862 2914
f 2859 2863 2878
f 2859 2878 2860
f 2934 2859 2895
f 2934 2895 2894
f 2935 2934 2894
f 2935 2894 2782
f 2936 2930 2862
f 2936 2862 2861
f 2937 2930 2936
f 2939 2793 2797
f 2793 2939 2938
f 2793 2938 2792
f 2792 2938 2909
f 2940 2941 2942
f 2943 2944 2945
f 2945 2946 2947
f 2948 2940 2949
f 2950 2951 2952
f 2953 2954 2955
f 2956 2954 2957
f 2958 2955 2954
f 2959 2960 2955
f 2961 2957 2960
f 2962 2963 2964
f 2946 2951 2963
f 2941 2940 2964
f 2941 2964 2952
f 2947 2949 2956
f 2949 2942 2958
f 2943 2945 2959
f 2945 2947 2961
f 2965 2966 2967
f 2968 2969 2970
f 2971 2972 2973
f 2974 2975 2965
f 2976 2977 2978
f 2979 2980 2981
f 2982 2980 2983
f 2984 2981 2980
f 2985 2986 2981
f 2987 2983 2986
f 2988 2989 2990
f 2991 2977 2989
f 2992 2990 2978
f 2973 2965 2982
f 2965 2967 2984
f 2968 2970 2985
f 2970 2973 2987
f 3003 3005 3006
f 3003 3006 3004
f 3005 3007 3006
f 3005 3008 3009
f 3005 3009 3007
f 3008 2993 2994
f 3008 2994 3009
f 2994 3010 3011
f 2994 3011 2995
f 3010 3012 3011
f 3010 3013 3014
f 3010 3014 3012
f 3013 2999 3000
f 3013 3000 3014
f 3003 3015 3016
f 3003 3016 3002
f 3015 3017 3016
f 3018 3019 3017
f 3018 2996 2997
f 3018 2997 3019
f 2997 3020 3021
f 2997 3021 2998
f 3020 3022 3021
f 3023 3024 3022
f 3023 3001 3000
f 3023 3000 3024
f 3025 3026 3027
f 3027 3029 3030
f 3030 3031 3032
f 3033 3034 3035
f 3033 3035 3028
f 3036 3037 3038
f 3036 3039 3040
f 3036 3040 3037
f 3039 3041 3040
f 3039 3042 3043
f 3039 3043 3041
f 3042 3044 3043
f 3042 3045 3046
f 3042 3046 3044
f 3045 3047 3046
f 3045 3048 3049
f 3045 3049 3047
f 3038 3050 3036
f 3038 3030 3051
f 3038 3051 3050
f 3052 3053 3051
f 3052 3054 3055
f 3052 3055 3053
f 3054 3056 3055
f 3054 3033 3057
f 3054 3057 3056
f 3028 3058 3057
f 3028 3049 3048
f 3028 3048 3058

