# https://github.com/mikedh/trimesh
v -0.02631085 -0.10692757 0.03733878
v -0.03183463 -0.10194188 0.04587173
v -0.03170990 -0.10295388 0.03733878
v -0.03372977 -0.09952059 0.03733878
v -0.03394140 -0.09242548 0.04643336
v -0.03508981 -0.08539791 0.04674107
v -0.03632764 -0.08539791 0.03733879
v -0.03508364 -0.08527085 0.04673942
v -0.03632126 -0.08527085 0.03733879
v -0.03506567 -0.08514161 0.04673460
v -0.03630265 -0.08514161 0.03733879
v -0.03502469 -0.08496619 0.04672362
v -0.03626023 -0.08496619 0.03733879
v -0.03494871 -0.08474254 0.04670327
v -0.03618157 -0.08474254 0.03733879
v -0.03482601 -0.08446879 0.04667039
v -0.03605454 -0.08446879 0.03733879
v -0.03362427 -0.08266404 0.04643893
v -0.03315539 -0.08188988 0.04622275
v -0.03432499 -0.08188988 0.03733879
v -0.03309361 -0.08174308 0.04620619
v -0.03426103 -0.08174308 0.03733879
v -0.03306013 -0.08163537 0.04619722
v -0.03422636 -0.08163537 0.03733879
v -0.03304539 -0.08156105 0.04619327
v -0.03421111 -0.08156104 0.03733879
v -0.03304259 -0.08153759 0.04619252
v -0.03420821 -0.08153759 0.03733879
v -0.03304032 -0.08149279 0.04619191
v -0.03420586 -0.08149279 0.03733879
v -0.03304277 -0.08144378 0.04619257
v -0.03420839 -0.08144377 0.03733879
v -0.03305526 -0.08136297 0.04619592
v -0.03422133 -0.08136297 0.03733879
v -0.03308723 -0.08124268 0.04620448
v -0.03425442 -0.08124268 0.03733879
v -0.03314929 -0.08107440 0.04622111
v -0.03431867 -0.08107440 0.03733879
v -0.03494541 -0.07789246 0.04670238
v -0.03608187 -0.07809553 0.03733879
v -0.03503104 -0.07764094 0.04672533
v -0.03626681 -0.07764094 0.03733879
v -0.03506808 -0.07748302 0.04673525
v -0.03630515 -0.07748302 0.03733879
v -0.03508427 -0.07737012 0.04673959
v -0.03632191 -0.07737011 0.03733879
v -0.03508981 -0.07726225 0.04674107
v -0.03632764 -0.07726225 0.03733879
v -0.03487100 -0.07513740 0.04668244
v -0.03610111 -0.07513740 0.03733879
v -0.03461201 0.00702313 0.04661306
v -0.03511527 0.00983121 0.04674791
v -0.03635400 0.00983121 0.03733880
v -0.03514298 0.01000010 0.04675534
v -0.03638269 0.01000010 0.03733880
v -0.03515357 0.01017921 0.04675817
v -0.03639366 0.01017922 0.03733880
v -0.03513992 0.01046448 0.04675452
v -0.03637953 0.01046449 0.03733880
v -0.03610742 0.01151272 0.03733880
v -0.03542157 0.02029030 0.04691325
v -0.03570517 0.01837292 0.03957891
v -0.01616209 0.07854987 0.04358058
v -0.02975177 0.05218181 0.03733881
v -0.01604235 0.08621272 0.03733881
v -0.02328444 0.06565240 0.04170107
v -0.01781926 0.07769800 0.03781956
v -0.02618157 0.06116646 0.03733881
v -0.03165268 0.04652271 0.03733881
v -0.03430902 0.02353295 0.04653188
v -0.03532905 0.01692729 0.03733880
v -0.03263483 0.01437637 0.04608328
v -0.03281271 0.01456961 0.04613094
v -0.03352484 0.01105639 0.05016043
v -0.03453023 0.01019299 0.04659115
v -0.03497567 0.01136692 0.03953486
v -0.03452082 0.01006863 0.04658863
v -0.03573858 0.01006863 0.03733880
v -0.03451120 0.01001087 0.04658605
v -0.03572863 0.01001087 0.03733880
v -0.03448169 0.00990478 0.04657814
v -0.03569807 0.00990478 0.03733880
v -0.03398334 0.00702313 0.04644461
v -0.03532586 0.00835857 0.03733880
v -0.03398824 -0.07357707 0.04644591
v -0.03398334 -0.07354879 0.04644460
v -0.03422648 -0.07507882 0.04650974
v -0.03446113 -0.07726225 0.04657262
v -0.03567679 -0.07726225 0.03733879
v -0.03445869 -0.07731127 0.04657196
v -0.03567426 -0.07731127 0.03733879
v -0.03444619 -0.07739208 0.04656862
v -0.03566132 -0.07739208 0.03733879
v -0.03441423 -0.07751237 0.04656005
v -0.03562823 -0.07751237 0.03733879
v -0.03435216 -0.07768064 0.04654342
v -0.03556398 -0.07768064 0.03733879
v -0.03255604 -0.08086259 0.04606215
v -0.03380077 -0.08065952 0.03733879
v -0.03247041 -0.08111411 0.04603921
v -0.03361584 -0.08111410 0.03733879
v -0.03243337 -0.08127204 0.04602928
v -0.03357750 -0.08127204 0.03733879
v -0.03241719 -0.08138494 0.04602495
v -0.03356074 -0.08138493 0.03733879
v -0.03241165 -0.08149279 0.04602346
v -0.03355501 -0.08149279 0.03733879
v -0.03241694 -0.08159796 0.04602488
v -0.03356049 -0.08159796 0.03733879
v -0.03243241 -0.08170553 0.04602902
v -0.03357650 -0.08170553 0.03733879
v -0.03246780 -0.08185250 0.04603851
v -0.03361315 -0.08185250 0.03733879
v -0.03253377 -0.08204162 0.04605618
v -0.03368144 -0.08204162 0.03733879
v -0.03264106 -0.08227590 0.04608493
v -0.03379251 -0.08227590 0.03733879
v -0.03298142 -0.08283509 0.04616575
v -0.03429676 -0.08482537 0.04652858
v -0.03550662 -0.08482537 0.03733879
v -0.03438879 -0.08504352 0.04655323
v -0.03560189 -0.08504352 0.03733879
v -0.03443088 -0.08518001 0.04656451
v -0.03564547 -0.08518001 0.03733879
v -0.03445102 -0.08527691 0.04656991
v -0.03566632 -0.08527690 0.03733879
v -0.03445856 -0.08533863 0.04657193
v -0.03567413 -0.08533863 0.03733879
v -0.03446113 -0.08539791 0.04657262
v -0.03567679 -0.08539791 0.03733879
v -0.03445314 -0.08554535 0.04657048
v -0.03566851 -0.08554535 0.03733879
v -0.03266863 -0.10035852 0.03733878
v -0.02917180 -0.10545824 0.04569167
v -0.02771106 -0.10543095 0.03733878
v 0.00001188 -0.11000000 0.03734790
v -0.02490869 -0.10579513 0.05170419
v -0.02685273 -0.10399722 0.05284221
v -0.02730707 -0.10068304 0.05697087
v -0.03043103 -0.09242548 0.05490815
v -0.03146066 -0.08539792 0.05550261
v -0.03145513 -0.08527086 0.05549941
v -0.03143902 -0.08514161 0.05549011
v -0.03140228 -0.08496619 0.05546890
v -0.03133416 -0.08474254 0.05542957
v -0.03122414 -0.08446879 0.05536605
v -0.03012330 -0.08266409 0.05483146
v -0.02972631 -0.08188988 0.05450128
v -0.02967092 -0.08174308 0.05446930
v -0.02964090 -0.08163537 0.05445197
v -0.02962769 -0.08156105 0.05444434
v -0.02962518 -0.08153759 0.05444289
v -0.02962314 -0.08149279 0.05444172
v -0.02962534 -0.08144378 0.05444298
v -0.02963654 -0.08136297 0.05444945
v -0.02966520 -0.08124268 0.05446600
v -0.02972084 -0.08107440 0.05449812
v -0.03342383 -0.07931825 0.04955980
v -0.03133120 -0.07789246 0.05542787
v -0.03140797 -0.07764094 0.05547219
v -0.03144118 -0.07748302 0.05549136
v -0.03145569 -0.07737012 0.05549974
v -0.03146066 -0.07726225 0.05550261
v -0.03126448 -0.07513740 0.05538934
v -0.02818502 0.00702313 0.05896593
v -0.03359888 0.00841277 0.05092131
v -0.02750507 0.00765448 0.06057610
v -0.03148349 0.00983121 0.05551580
v -0.03150834 0.01000010 0.05553015
v -0.03151783 0.01017921 0.05553563
v -0.03150559 0.01046448 0.05552856
v -0.03379100 0.01180316 0.05074925
v -0.03063552 0.01310838 0.05502222
v -0.02723125 0.01431613 0.05823407
v -0.02983726 0.02090334 0.05903220
v -0.02838231 0.05062405 0.05287920
v -0.00096149 0.09201180 0.05181876
v -0.01909595 0.06572941 0.05187094
v -0.02560798 0.04747059 0.05692264
v -0.03278960 0.01774209 0.05388564
v -0.02846966 0.01652835 0.05879194
v -0.02941907 0.01456960 0.05432391
v -0.02925959 0.01437636 0.05423183
v -0.02669582 0.01415787 0.05782322
v -0.02822559 0.01170810 0.05916041
v -0.03095076 0.01039994 0.05520823
v -0.03095895 0.01019299 0.05521296
v -0.03095052 0.01006863 0.05520809
v -0.03094190 0.01001087 0.05520311
v -0.03091544 0.00990478 0.05518784
v -0.03046863 0.00702313 0.05492987
v -0.03046863 -0.07354879 0.05492986
v -0.03047302 -0.07357707 0.05493240
v -0.02051372 -0.07357707 0.06407279
v -0.03068662 -0.07507882 0.05505572
v -0.03089701 -0.07726225 0.05517718
v -0.03089481 -0.07731127 0.05517592
v -0.03088361 -0.07739208 0.05516945
v -0.03085495 -0.07751238 0.05515290
v -0.03079931 -0.07768065 0.05512078
v -0.03225253 -0.07995438 0.04947290
v -0.02939606 -0.08037348 0.05430017
v -0.02918895 -0.08086259 0.05419103
v -0.02911218 -0.08111411 0.05414671
v -0.02907897 -0.08127205 0.05412753
v -0.02906445 -0.08138494 0.05411916
v -0.02905949 -0.08149279 0.05411629
v -0.02906423 -0.08159796 0.05411903
v -0.02907810 -0.08170553 0.05412704
v -0.02910984 -0.08185251 0.05414536
v -0.02916898 -0.08204163 0.05417950
v -0.02926517 -0.08227590 0.05423504
v -0.03224517 -0.08428501 0.05197251
v -0.03074963 -0.08482538 0.05509209
v -0.03083214 -0.08504352 0.05513973
v -0.03086989 -0.08518002 0.05516152
v -0.03088794 -0.08527691 0.05517195
v -0.03089470 -0.08533863 0.05517585
v -0.03089701 -0.08539792 0.05517718
v -0.03088984 -0.08554535 0.05517304
v -0.02664687 -0.10348169 0.05276075
v -0.02185914 -0.10663077 0.04998943
v -0.02391429 -0.10777565 0.04447511
v -0.02156270 -0.10662082 0.05520857
v -0.02580797 -0.10266036 0.05703925
v -0.01966676 -0.09981690 0.06492745
v -0.02440749 -0.09586149 0.06174333
v -0.02568752 -0.08539792 0.06302631
v -0.02568301 -0.08527086 0.06302179
v -0.02566985 -0.08514161 0.06300864
v -0.02563985 -0.08496619 0.06297864
v -0.02558423 -0.08474255 0.06292302
v -0.02549441 -0.08446880 0.06283319
v -0.02456941 -0.08266402 0.06203186
v -0.02427143 -0.08188988 0.06161022
v -0.02422621 -0.08174309 0.06156499
v -0.02420169 -0.08163537 0.06154048
v -0.02419091 -0.08156105 0.06152969
v -0.02418886 -0.08153759 0.06152764
v -0.02418720 -0.08149279 0.06152598
v -0.02418899 -0.08144378 0.06152777
v -0.02419813 -0.08136298 0.06153692
v -0.02422153 -0.08124268 0.06156032
v -0.02426697 -0.08107440 0.06160575
v -0.02799269 -0.07951544 0.05926171
v -0.02558182 -0.07789246 0.06292061
v -0.02564450 -0.07764094 0.06298329
v -0.02567162 -0.07748302 0.06301041
v -0.02568347 -0.07737012 0.06302226
v -0.02568752 -0.07726225 0.06302631
v -0.02552734 -0.07513740 0.06286613
v -0.03139851 -0.07349092 0.05278948
v -0.02567247 0.00967373 0.06301127
v -0.02570616 0.00983121 0.06304496
v -0.02572645 0.01000010 0.06306525
v -0.02573420 0.01017921 0.06307300
v -0.02572421 0.01046448 0.06306301
v -0.03120952 0.01581638 0.05632403
v -0.02558565 0.02332275 0.06299600
v -0.01469087 0.07387738 0.05097719
v -0.02402057 0.01456960 0.06135937
v -0.02389035 0.01437636 0.06122916
v -0.02527119 0.01039994 0.06260999
v -0.02527788 0.01019299 0.06261668
v -0.02527099 0.01006863 0.06260980
v -0.02526395 0.01001087 0.06260275
v -0.02524235 0.00990478 0.06258115
v -0.02816375 0.00795865 0.05881916
v -0.03199196 0.00788600 0.05340860
v -0.02488189 0.00725320 0.06222069
v -0.02487753 0.00702313 0.06221633
v -0.02487753 -0.07354879 0.06221632
v -0.02488112 -0.07357707 0.06221991
v -0.02505552 -0.07507882 0.06239431
v -0.02522730 -0.07726225 0.06256609
v -0.02522551 -0.07731127 0.06256429
v -0.02521636 -0.07739208 0.06255515
v -0.02519296 -0.07751238 0.06253175
v -0.02514753 -0.07768065 0.06248632
v -0.02413063 -0.07993973 0.06160201
v -0.02383268 -0.08086259 0.06117146
v -0.02376999 -0.08111411 0.06110878
v -0.02374287 -0.08127205 0.06108166
v -0.02373103 -0.08138494 0.06106981
v -0.02372697 -0.08149279 0.06106576
v -0.02373085 -0.08159796 0.06106963
v -0.02374217 -0.08170553 0.06108096
v -0.02376808 -0.08185251 0.06110687
v -0.02381637 -0.08204163 0.06115516
v -0.02389491 -0.08227590 0.06123370
v -0.02414928 -0.08283511 0.06147388
v -0.02510697 -0.08482538 0.06244576
v -0.02517434 -0.08504353 0.06251313
v -0.02520516 -0.08518002 0.06254394
v -0.02521990 -0.08527691 0.06255868
v -0.02522542 -0.08533863 0.06256421
v -0.02522730 -0.08539792 0.06256608
v -0.02522145 -0.08554535 0.06256023
v -0.02622515 -0.10006940 0.05775830
v -0.02105905 -0.10543958 0.05684078
v -0.01432881 -0.10778462 0.04937595
v -0.01002278 -0.10662899 0.06296277
v -0.01121855 -0.10323130 0.06755891
v -0.01635770 -0.10182185 0.06566513
v -0.01693784 -0.09895871 0.06667599
v -0.01756936 -0.09242548 0.06776981
v -0.01816382 -0.08539792 0.06879945
v -0.01816063 -0.08527086 0.06879392
v -0.01815133 -0.08514161 0.06877781
v -0.01813011 -0.08496619 0.06874106
v -0.01809078 -0.08474255 0.06867294
v -0.01802727 -0.08446880 0.06856293
v -0.01734117 -0.08266399 0.06754947
v -0.01716250 -0.08188988 0.06706510
v -0.01713051 -0.08174309 0.06700971
v -0.01711318 -0.08163537 0.06697968
v -0.01710555 -0.08156105 0.06696647
v -0.01710411 -0.08153759 0.06696397
v -0.01710293 -0.08149279 0.06696193
v -0.01710420 -0.08144378 0.06696412
v -0.01711066 -0.08136298 0.06697533
v -0.01712721 -0.08124268 0.06700398
v -0.01715934 -0.08107440 0.06705963
v -0.01791276 -0.07881521 0.06817708
v -0.01808908 -0.07789246 0.06866999
v -0.01813340 -0.07764094 0.06874676
v -0.01815258 -0.07748302 0.06877997
v -0.01816095 -0.07737012 0.06879448
v -0.01816382 -0.07726226 0.06879945
v -0.01805056 -0.07513740 0.06860327
v -0.01815318 0.00967372 0.06878103
v -0.01817700 0.00983120 0.06882229
v -0.01819135 0.01000010 0.06884714
v -0.01819683 0.01017921 0.06885663
v -0.01818976 0.01046448 0.06884439
v -0.02255867 0.01180311 0.06584809
v -0.01768944 0.01310837 0.06797086
v -0.02630337 0.01431613 0.05752209
v -0.01313531 0.01431612 0.06905026
v -0.01813197 0.01750124 0.06874224
v -0.01824732 0.02087449 0.06910245
v -0.00738997 0.07353478 0.05593001
v -0.01179388 0.09169750 0.04638858
v -0.03111404 0.02359667 0.05264952
v -0.00443992 0.02353295 0.07106330
v -0.02264600 0.02292793 0.06525579
v -0.01790074 0.01860222 0.06834729
v -0.01357413 0.01614400 0.07009322
v -0.01698511 0.01456960 0.06675788
v -0.01689303 0.01437636 0.06659839
v -0.02917461 0.01303822 0.05948100
v -0.01250282 0.01102761 0.07099513
v -0.01786943 0.01039994 0.06828956
v -0.01787416 0.01019299 0.06829775
v -0.01786929 0.01006862 0.06828932
v -0.01786431 0.01001087 0.06828070
v -0.01784904 0.00990478 0.06825424
v -0.02057290 0.00808386 0.06622481
v -0.01759415 0.00725319 0.06781276
v -0.01759107 0.00702313 0.06780743
v -0.01759107 -0.07354879 0.06780741
v -0.01759361 -0.07357707 0.06781181
v -0.01771693 -0.07507882 0.06802541
v -0.01783839 -0.07726226 0.06823579
v -0.01783713 -0.07731127 0.06823360
v -0.01783066 -0.07739208 0.06822240
v -0.01781411 -0.07751238 0.06819374
v -0.01778199 -0.07768065 0.06813810
v -0.01685225 -0.08086259 0.06652773
v -0.01680792 -0.08111411 0.06645096
v -0.01678875 -0.08127205 0.06641775
v -0.01678037 -0.08138494 0.06640324
v -0.01677750 -0.08149279 0.06639828
v -0.01678024 -0.08159796 0.06640302
v -0.01678825 -0.08170553 0.06641689
v -0.01680657 -0.08185251 0.06644862
v -0.01684072 -0.08204163 0.06650777
v -0.01689625 -0.08227590 0.06660396
v -0.02060843 -0.08428543 0.06613476
v -0.01775331 -0.08482538 0.06808842
v -0.01780095 -0.08504353 0.06817093
v -0.01782274 -0.08518002 0.06820867
v -0.01783316 -0.08527691 0.06822673
v -0.01783707 -0.08533863 0.06823349
v -0.01783839 -0.08539792 0.06823579
v -0.01783426 -0.08554536 0.06822862
v -0.01265447 -0.10021390 0.06811543
v -0.01247728 -0.10336776 0.06590015
v -0.01070454 -0.10608426 0.06239451
v -0.01197102 -0.10693619 0.05842847
v -0.00571860 -0.10865384 0.05447373
v -0.00875876 -0.09911571 0.07002692
v -0.00876767 -0.09895871 0.07006018
v -0.00909457 -0.09242548 0.07128019
v -0.00940229 -0.08539792 0.07242859
v -0.00940063 -0.08527086 0.07242243
v -0.00939582 -0.08514161 0.07240446
v -0.00938484 -0.08496619 0.07236347
v -0.00936448 -0.08474255 0.07228750
v -0.00933160 -0.08446880 0.07216479
v -0.00893120 -0.08266414 0.07100840
v -0.00888396 -0.08188988 0.07049418
v -0.00886741 -0.08174309 0.07043240
v -0.00885843 -0.08163537 0.07039891
v -0.00885449 -0.08156105 0.07038418
v -0.00885374 -0.08153759 0.07038138
v -0.00885313 -0.08149280 0.07037911
v -0.00885378 -0.08144378 0.07038156
v -0.00885713 -0.08136298 0.07039405
v -0.00886570 -0.08124268 0.07042602
v -0.00888233 -0.08107440 0.07048808
v -0.00936360 -0.07789246 0.07228420
v -0.00938654 -0.07764094 0.07236983
v -0.00939647 -0.07748302 0.07240687
v -0.00940080 -0.07737012 0.07242306
v -0.00940229 -0.07726226 0.07242859
v -0.00934365 -0.07513740 0.07220978
v -0.00463713 0.00702313 0.07256130
v -0.00939678 0.00967372 0.07240805
v -0.00940911 0.00983120 0.07245407
v -0.00941653 0.01000010 0.07248178
v -0.00941937 0.01017921 0.07249237
v -0.00941571 0.01046448 0.07247872
v -0.01254400 0.01690679 0.07167725
v -0.00417757 0.05150539 0.06991299
v -0.00814840 0.08094046 0.05231119
v -0.00244660 0.08715264 0.05315844
v -0.01067587 0.08279146 0.04978286
v -0.01007410 0.07863741 0.05155015
v -0.00787940 0.07215887 0.05582181
v -0.01238526 0.04747059 0.06710289
v -0.02630847 0.01456960 0.05463955
v -0.00879214 0.01456960 0.07015151
v -0.00874448 0.01437636 0.06997363
v 0.00804615 0.01415787 0.06736744
v -0.00923601 0.01070908 0.07180806
v -0.00924990 0.01039994 0.07185989
v -0.00925235 0.01019299 0.07186903
v -0.00924983 0.01006862 0.07185962
v -0.00924725 0.01001087 0.07185000
v -0.00923934 0.00990478 0.07182049
v -0.00520375 0.00822537 0.07248380
v -0.00910740 0.00725319 0.07132809
v -0.00910581 0.00702313 0.07132214
v -0.00910581 -0.07354879 0.07132212
v -0.00910712 -0.07357707 0.07132703
v -0.00917096 -0.07507882 0.07156527
v -0.00923383 -0.07726226 0.07179992
v -0.00923318 -0.07731127 0.07179747
v -0.00922983 -0.07739208 0.07178498
v -0.00922126 -0.07751238 0.07175301
v -0.00920464 -0.07768065 0.07169095
v -0.01422591 -0.07995403 0.06872509
v -0.00879263 -0.08037356 0.07011839
v -0.00872337 -0.08086259 0.06989483
v -0.00870042 -0.08111411 0.06980920
v -0.00869050 -0.08127205 0.06977216
v -0.00868616 -0.08138494 0.06975597
v -0.00868468 -0.08149279 0.06975044
v -0.00868609 -0.08159796 0.06975573
v -0.00869024 -0.08170553 0.06977119
v -0.00869972 -0.08185251 0.06980659
v -0.00871740 -0.08204163 0.06987256
v -0.00874614 -0.08227590 0.06997984
v -0.00884634 -0.08283510 0.07031503
v -0.00918979 -0.08482538 0.07163555
v -0.00921445 -0.08504353 0.07172757
v -0.00922573 -0.08518002 0.07176967
v -0.00923112 -0.08527691 0.07178981
v -0.00923314 -0.08533863 0.07179735
v -0.00923383 -0.08539792 0.07179992
v -0.00923169 -0.08554536 0.07179192
v -0.01195010 -0.10037571 0.06815308
v -0.00347262 -0.10826482 0.05206598
v 0.00000000 -0.10473192 0.06754782
v -0.00000203 -0.10361921 0.06871993
v 0.00000000 -0.09911571 0.07118004
v 0.00000000 -0.09895871 0.07121447
v 0.00000000 -0.09242548 0.07247751
v 0.00000000 -0.08539792 0.07366643
v 0.00000000 -0.08527086 0.07366004
v 0.00000000 -0.08514161 0.07364144
v 0.00000000 -0.08496620 0.07359901
v 0.00000000 -0.08474255 0.07352036
v 0.00000000 -0.08446880 0.07339332
v 0.00008745 -0.08266407 0.07217265
v 0.00000000 -0.08188988 0.07166378
v 0.00000000 -0.08174309 0.07159981
v 0.00000000 -0.08163537 0.07156515
v 0.00000000 -0.08156105 0.07154989
v 0.00000000 -0.08153759 0.07154700
v 0.00000000 -0.08149280 0.07154465
v 0.00000000 -0.08144378 0.07154718
v 0.00000000 -0.08136298 0.07156011
v 0.00000000 -0.08124268 0.07159321
v 0.00000000 -0.08107440 0.07165746
v -0.00521142 -0.08038697 0.07195339
v 0.00000000 -0.07789246 0.07351694
v 0.00000000 -0.07764094 0.07360559
v 0.00000000 -0.07748302 0.07364394
v 0.00000000 -0.07737012 0.07366069
v 0.00000000 -0.07726226 0.07366643
v 0.00000000 -0.07513740 0.07343990
v -0.00941873 0.00745003 0.07267403
v 0.00000000 0.00967372 0.07364516
v 0.00000000 0.00983120 0.07369280
v 0.00000000 0.01000010 0.07372150
v 0.00000000 0.01017921 0.07373246
v 0.00000000 0.01046448 0.07371833
v -0.00528174 0.01180316 0.07330788
v -0.00000346 0.01310842 0.07271163
v 0.01268774 0.01431612 0.06796972
v -0.00000949 0.01796758 0.07378915
v -0.00813247 0.03103250 0.07230850
v 0.00220788 0.07514775 0.05630884
v 0.00241797 0.07644775 0.05492050
v 0.00270140 0.05826029 0.06534955
v -0.00459512 0.02359666 0.07224219
v -0.01074947 0.02313557 0.07200545
v -0.00016545 0.01551358 0.07286158
v 0.00000000 0.01456960 0.07130902
v 0.00000000 0.01437636 0.07112486
v 0.00505073 0.01206720 0.07249991
v 0.00000000 0.01070908 0.07302400
v 0.00000000 0.01039994 0.07307766
v 0.00000000 0.01019299 0.07308712
v 0.00000000 0.01006862 0.07307739
v 0.00000000 0.01001086 0.07306743
v 0.00000000 0.00990478 0.07303687
v 0.00602877 0.00890840 0.07242708
v 0.00000000 0.00725319 0.07252710
v 0.00000000 0.00702313 0.07252094
v 0.00000000 -0.07354879 0.07252093
v 0.00000000 -0.07357707 0.07252600
v 0.01289546 -0.07357707 0.06847119
v 0.00000000 -0.07507882 0.07277265
v 0.00000000 -0.07726226 0.07301557
v 0.00000000 -0.07731127 0.07301304
v 0.00000000 -0.07739208 0.07300011
v 0.00000000 -0.07751238 0.07296702
v 0.00000000 -0.07768065 0.07290277
v 0.00009378 -0.07993977 0.07155839
v 0.00000000 -0.08086259 0.07104328
v 0.00000000 -0.08111411 0.07095463
v 0.00000000 -0.08127205 0.07091628
v 0.00000000 -0.08138494 0.07089953
v 0.00000000 -0.08149280 0.07089379
v 0.00000000 -0.08159796 0.07089927
v 0.00000000 -0.08170553 0.07091529
v 0.00000000 -0.08185251 0.07095193
v 0.00000000 -0.08204163 0.07102022
v 0.00000000 -0.08227590 0.07113129
v -0.00344941 -0.08428504 0.07258080
v 0.00000000 -0.08482538 0.07284540
v 0.00000000 -0.08504353 0.07294068
v 0.00000000 -0.08518002 0.07298426
v 0.00000000 -0.08527691 0.07300511
v 0.00000000 -0.08533863 0.07301292
v 0.00000000 -0.08539792 0.07301557
v 0.00000000 -0.08554536 0.07300730
v 0.00028636 -0.10668786 0.06292579
v 0.00416520 -0.10638040 0.06516601
v 0.00474304 -0.10279003 0.06937334
v 0.00875876 -0.09911571 0.07002692
v 0.00876767 -0.09895871 0.07006018
v 0.00909457 -0.09242548 0.07128019
v 0.00940229 -0.08539792 0.07242859
v 0.00940063 -0.08527086 0.07242243
v 0.00939582 -0.08514161 0.07240446
v 0.00938484 -0.08496619 0.07236347
v 0.00936448 -0.08474255 0.07228750
v 0.00933160 -0.08446880 0.07216479
v 0.00910014 -0.08266409 0.07096309
v 0.00888396 -0.08188988 0.07049418
v 0.00886741 -0.08174309 0.07043240
v 0.00885843 -0.08163537 0.07039891
v 0.00885449 -0.08156105 0.07038418
v 0.00885374 -0.08153759 0.07038138
v 0.00885313 -0.08149280 0.07037911
v 0.00885378 -0.08144378 0.07038156
v 0.00885713 -0.08136298 0.07039405
v 0.00886570 -0.08124268 0.07042602
v 0.00888233 -0.08107440 0.07048808
v 0.00936360 -0.07789246 0.07228420
v 0.00938654 -0.07764094 0.07236983
v 0.00939647 -0.07748302 0.07240687
v 0.00940080 -0.07737012 0.07242306
v 0.00940229 -0.07726226 0.07242859
v 0.00934365 -0.07513740 0.07220978
v -0.00447912 -0.07349093 0.07136111
v 0.00939678 0.00967372 0.07240805
v 0.00940911 0.00983120 0.07245407
v 0.00941653 0.01000010 0.07248178
v 0.00941937 0.01017921 0.07249237
v 0.00941571 0.01046448 0.07247872
v 0.00569443 0.01519484 0.07250015
v 0.00947445 0.01954470 0.07271316
v 0.00942696 0.02332273 0.07232522
v 0.00369471 0.06117894 0.06458075
v 0.00437668 0.03888926 0.07096491
v 0.00522307 0.02129038 0.07314902
v 0.00472268 0.01751276 0.07295303
v 0.00879214 0.01456960 0.07015151
v 0.00874448 0.01437636 0.06997363
v 0.00924990 0.01039994 0.07185989
v 0.00925235 0.01019299 0.07186903
v 0.00924983 0.01006862 0.07185962
v 0.00924725 0.01001087 0.07185000
v 0.00923934 0.00990478 0.07182049
v 0.00910740 0.00725319 0.07132809
v 0.00910581 0.00702313 0.07132214
v 0.00910581 -0.07354879 0.07132212
v 0.00910712 -0.07357707 0.07132703
v 0.00917096 -0.07507882 0.07156527
v 0.00923383 -0.07726226 0.07179992
v 0.00923318 -0.07731127 0.07179747
v 0.00922983 -0.07739208 0.07178498
v 0.00922126 -0.07751238 0.07175301
v 0.00920464 -0.07768065 0.07169095
v 0.00872337 -0.08086259 0.06989483
v 0.00870042 -0.08111411 0.06980920
v 0.00869050 -0.08127205 0.06977216
v 0.00868616 -0.08138494 0.06975597
v 0.00868468 -0.08149279 0.06975044
v 0.00868609 -0.08159796 0.06975573
v 0.00869024 -0.08170553 0.06977119
v 0.00869972 -0.08185251 0.06980659
v 0.00871740 -0.08204163 0.06987256
v 0.00874614 -0.08227590 0.06997984
v 0.00882697 -0.08283509 0.07032021
v 0.00918979 -0.08482538 0.07163555
v 0.00921445 -0.08504353 0.07172757
v 0.00922573 -0.08518002 0.07176967
v 0.00923112 -0.08527691 0.07178981
v 0.00923314 -0.08533863 0.07179735
v 0.00923383 -0.08539792 0.07179992
v 0.00923169 -0.08554536 0.07179192
v 0.00442922 -0.10021504 0.07031915
v 0.00382725 -0.10434009 0.06731348
v 0.00435588 -0.10826483 0.05182927
v 0.02128360 -0.10487759 0.05979930
v 0.01215389 -0.10009549 0.06975075
v 0.01692063 -0.09911571 0.06664617
v 0.01693784 -0.09895871 0.06667599
v 0.01756936 -0.09242548 0.06776981
v 0.01816382 -0.08539792 0.06879945
v 0.01816063 -0.08527086 0.06879392
v 0.01815133 -0.08514161 0.06877781
v 0.01813011 -0.08496619 0.06874106
v 0.01809078 -0.08474255 0.06867294
v 0.01802727 -0.08446880 0.06856293
v 0.01749265 -0.08266400 0.06746203
v 0.01716250 -0.08188988 0.06706510
v 0.01713051 -0.08174309 0.06700971
v 0.01711318 -0.08163537 0.06697968
v 0.01710555 -0.08156105 0.06696647
v 0.01710411 -0.08153759 0.06696397
v 0.01710293 -0.08149279 0.06696193
v 0.01710420 -0.08144378 0.06696412
v 0.01711066 -0.08136298 0.06697533
v 0.01712721 -0.08124268 0.06700398
v 0.01715934 -0.08107440 0.06705963
v 0.00912246 -0.07886021 0.07228052
v 0.01808908 -0.07789246 0.06866999
v 0.01813340 -0.07764094 0.06874676
v 0.01815258 -0.07748302 0.06877997
v 0.01816095 -0.07737012 0.06879448
v 0.01816382 -0.07726226 0.06879945
v 0.01805056 -0.07513740 0.06860327
v 0.02162712 0.00702313 0.06552381
v 0.01387919 0.00816651 0.07077735
v 0.01815318 0.00967372 0.06878103
v 0.01817700 0.00983120 0.06882229
v 0.01819135 0.01000010 0.06884714
v 0.01819683 0.01017921 0.06885663
v 0.01818976 0.01046448 0.06884439
v 0.01341042 0.01180315 0.07112982
v 0.01768342 0.01310838 0.06797433
v 0.00432755 0.01431612 0.07020983
v 0.01844044 0.01819324 0.06913583
v 0.02713760 0.02353295 0.05689700
v 0.02154317 0.02185878 0.06634909
v 0.02306589 0.01786966 0.06499121
v 0.02597761 0.01635219 0.06273372
v 0.01698511 0.01456960 0.06675788
v 0.01689303 0.01437636 0.06659839
v 0.01786943 0.01039994 0.06828956
v 0.01787416 0.01019299 0.06829775
v 0.01786929 0.01006862 0.06828932
v 0.01786431 0.01001087 0.06828070
v 0.01784904 0.00990478 0.06825424
v 0.02117166 0.00822541 0.06586969
v 0.01759415 0.00725319 0.06781276
v 0.01759107 0.00702313 0.06780743
v 0.01759107 -0.07354879 0.06780741
v 0.01759361 -0.07357707 0.06781181
v 0.01771693 -0.07507882 0.06802541
v 0.01783839 -0.07726226 0.06823579
v 0.01783713 -0.07731127 0.06823360
v 0.01783066 -0.07739208 0.06822240
v 0.01781411 -0.07751238 0.06819374
v 0.01778199 -0.07768065 0.06813810
v 0.01213414 -0.07995440 0.06959130
v 0.01696139 -0.08037345 0.06673484
v 0.01685225 -0.08086259 0.06652773
v 0.01680792 -0.08111411 0.06645096
v 0.01678875 -0.08127205 0.06641775
v 0.01678037 -0.08138494 0.06640324
v 0.01677750 -0.08149279 0.06639828
v 0.01678024 -0.08159796 0.06640302
v 0.01678825 -0.08170553 0.06641689
v 0.01680657 -0.08185251 0.06644862
v 0.01684072 -0.08204163 0.06650777
v 0.01689625 -0.08227590 0.06660396
v 0.01463384 -0.08428544 0.06958421
v 0.01775331 -0.08482538 0.06808842
v 0.01780095 -0.08504353 0.06817093
v 0.01782274 -0.08518002 0.06820867
v 0.01783316 -0.08527691 0.06822673
v 0.01783707 -0.08533863 0.06823349
v 0.01783839 -0.08539792 0.06823579
v 0.01783426 -0.08554536 0.06822862
v 0.02032609 -0.10021422 0.06368615
v 0.00678093 -0.10145828 0.06941721
v 0.01098974 -0.10681244 0.05983096
v 0.00357752 -0.10896587 0.04353523
v 0.00875737 -0.10780530 0.05954246
v 0.01762978 -0.10669092 0.05825167
v 0.02314652 -0.10186992 0.06050121
v 0.02392938 -0.09911571 0.06126816
v 0.02395373 -0.09895871 0.06129251
v 0.02484683 -0.09242548 0.06218562
v 0.02568752 -0.08539792 0.06302631
v 0.02568301 -0.08527086 0.06302179
v 0.02566985 -0.08514161 0.06300864
v 0.02563985 -0.08496619 0.06297864
v 0.02558423 -0.08474255 0.06292302
v 0.02549441 -0.08446880 0.06283319
v 0.02469311 -0.08266407 0.06190821
v 0.02427143 -0.08188988 0.06161022
v 0.02422621 -0.08174309 0.06156499
v 0.02420169 -0.08163537 0.06154048
v 0.02419091 -0.08156105 0.06152969
v 0.02418886 -0.08153759 0.06152764
v 0.02418720 -0.08149279 0.06152598
v 0.02418899 -0.08144378 0.06152777
v 0.02419813 -0.08136298 0.06153692
v 0.02422153 -0.08124268 0.06156032
v 0.02426697 -0.08107440 0.06160575
v 0.02192296 -0.07951537 0.06533151
v 0.02558182 -0.07789246 0.06292061
v 0.02564450 -0.07764094 0.06298329
v 0.02567162 -0.07748302 0.06301041
v 0.02568347 -0.07737012 0.06302226
v 0.02568752 -0.07726225 0.06302631
v 0.02552734 -0.07513740 0.06286613
v 0.02542271 0.00844999 0.06276629
v 0.02567247 0.00967373 0.06301127
v 0.02570616 0.00983121 0.06304496
v 0.02572645 0.01000010 0.06306525
v 0.02573420 0.01017921 0.06307300
v 0.02572421 0.01046448 0.06306301
v 0.02565719 0.02332274 0.06292445
v 0.02076702 0.04154098 0.06432731
v 0.01152792 0.07454661 0.05294227
v 0.01292098 0.07660794 0.05021427
v 0.00783410 0.08380807 0.05247448
v 0.01361112 0.09201180 0.04297673
v 0.01119573 0.07664255 0.05102297
v 0.01266626 0.06872731 0.05551509
v 0.02440542 0.05119671 0.05791669
v 0.01244946 0.01456960 0.06739444
v 0.02402057 0.01456960 0.06135937
v 0.02389035 0.01437636 0.06122916
v 0.02382196 0.01168241 0.06424688
v 0.02527119 0.01039994 0.06260999
v 0.02527788 0.01019299 0.06261668
v 0.02527099 0.01006863 0.06260980
v 0.02526395 0.01001087 0.06260275
v 0.02524235 0.00990478 0.06258115
v 0.02907413 0.00890837 0.05788699
v 0.02488189 0.00725320 0.06222069
v 0.02487753 0.00702313 0.06221633
v 0.02487753 -0.07354879 0.06221632
v 0.02488112 -0.07357707 0.06221991
v 0.02505552 -0.07507882 0.06239431
v 0.02522730 -0.07726225 0.06256609
v 0.02522551 -0.07731127 0.06256429
v 0.02521636 -0.07739208 0.06255515
v 0.02519296 -0.07751238 0.06253175
v 0.02514753 -0.07768065 0.06248632
v 0.02426320 -0.07993981 0.06146937
v 0.02383268 -0.08086259 0.06117146
v 0.02376999 -0.08111411 0.06110878
v 0.02374287 -0.08127205 0.06108166
v 0.02373103 -0.08138494 0.06106981
v 0.02372697 -0.08149279 0.06106576
v 0.02373085 -0.08159796 0.06106963
v 0.02374217 -0.08170553 0.06108096
v 0.02376808 -0.08185251 0.06110687
v 0.02381637 -0.08204163 0.06115516
v 0.02389491 -0.08227590 0.06123370
v 0.02413510 -0.08283511 0.06148807
v 0.02510697 -0.08482538 0.06244576
v 0.02517434 -0.08504353 0.06251313
v 0.02520516 -0.08518002 0.06254394
v 0.02521990 -0.08527691 0.06255868
v 0.02522542 -0.08533863 0.06256421
v 0.02522730 -0.08539792 0.06256608
v 0.02522145 -0.08554535 0.06256023
v 0.02739194 -0.09940595 0.05807008
v 0.01800729 -0.10394973 0.06204285
v 0.02029409 -0.10509715 0.05761721
v 0.01499788 -0.10757308 0.05168290
v 0.02344844 -0.10745325 0.04629130
v 0.02618957 -0.10594885 0.04931979
v 0.03078635 -0.10102152 0.05045994
v 0.02930739 -0.09911571 0.05425941
v 0.02933720 -0.09895871 0.05427663
v 0.03043103 -0.09242548 0.05490815
v 0.03146066 -0.08539792 0.05550261
v 0.03145513 -0.08527086 0.05549941
v 0.03143902 -0.08514161 0.05549011
v 0.03140228 -0.08496619 0.05546890
v 0.03133416 -0.08474254 0.05542957
v 0.03122414 -0.08446879 0.05536605
v 0.03021072 -0.08266404 0.05467998
v 0.02972631 -0.08188988 0.05450128
v 0.02967092 -0.08174308 0.05446930
v 0.02964090 -0.08163537 0.05445197
v 0.02962769 -0.08156105 0.05444434
v 0.02962518 -0.08153759 0.05444289
v 0.02962314 -0.08149279 0.05444172
v 0.02962534 -0.08144378 0.05444298
v 0.02963654 -0.08136297 0.05444945
v 0.02966520 -0.08124268 0.05446600
v 0.02972084 -0.08107440 0.05449812
v 0.03305791 -0.07947865 0.05055917
v 0.03133120 -0.07789246 0.05542787
v 0.03140797 -0.07764094 0.05547219
v 0.03144118 -0.07748302 0.05549136
v 0.03145569 -0.07737012 0.05549974
v 0.03146066 -0.07726225 0.05550261
v 0.03126448 -0.07513740 0.05538934
v 0.03144223 0.00967373 0.05549198
v 0.03148349 0.00983121 0.05551580
v 0.03150834 0.01000010 0.05553015
v 0.03151783 0.01017921 0.05553563
v 0.03150559 0.01046448 0.05552856
v 0.02850930 0.01180315 0.05989744
v 0.03063205 0.01310839 0.05502823
v 0.02805596 0.01547714 0.05956753
v 0.02849628 0.01833983 0.06061478
v 0.03176363 0.02087449 0.05558613
v 0.01662115 0.07713715 0.04437687
v 0.02070093 0.02359666 0.06431679
v 0.02941907 0.01456960 0.05432391
v 0.02925959 0.01437636 0.05423183
v 0.03137705 0.01415787 0.04801978
v 0.03453542 0.01091063 0.04832572
v 0.03095076 0.01039994 0.05520823
v 0.03095895 0.01019299 0.05521296
v 0.03095052 0.01006863 0.05520809
v 0.03094190 0.01001087 0.05520311
v 0.03091544 0.00990478 0.05518784
v 0.03047396 0.00725320 0.05493295
v 0.03046863 0.00702313 0.05492987
v 0.03046863 -0.07354879 0.05492986
v 0.03047302 -0.07357707 0.05493240
v 0.03340918 -0.07357706 0.04173719
v 0.03068662 -0.07507882 0.05505572
v 0.03089701 -0.07726225 0.05517718
v 0.03089481 -0.07731127 0.05517592
v 0.03088361 -0.07739208 0.05516945
v 0.03085495 -0.07751238 0.05515290
v 0.03079931 -0.07768065 0.05512078
v 0.02918895 -0.08086259 0.05419103
v 0.02911218 -0.08111411 0.05414671
v 0.02907897 -0.08127205 0.05412753
v 0.02906445 -0.08138494 0.05411916
v 0.02905949 -0.08149279 0.05411629
v 0.02906423 -0.08159796 0.05411903
v 0.02907810 -0.08170553 0.05412704
v 0.02910984 -0.08185251 0.05414536
v 0.02916898 -0.08204163 0.05417950
v 0.02926517 -0.08227590 0.05423504
v 0.02879569 -0.08428489 0.05794702
v 0.03074963 -0.08482538 0.05509209
v 0.03083214 -0.08504352 0.05513973
v 0.03086989 -0.08518002 0.05516152
v 0.03088794 -0.08527691 0.05517195
v 0.03089470 -0.08533863 0.05517585
v 0.03089701 -0.08539792 0.05517718
v 0.03088984 -0.08554535 0.05517304
v 0.02769072 -0.10181862 0.05332603
v 0.02712829 -0.10272432 0.05300131
v 0.02381865 -0.10555527 0.05275105
v 0.01820039 -0.10757309 0.04731049
v 0.00589976 -0.10962623 0.04201709
v 0.03036744 -0.10362747 0.04549728
v 0.03268814 -0.09911570 0.04609754
v 0.03272140 -0.09895871 0.04610646
v 0.03394140 -0.09242548 0.04643336
v 0.03508981 -0.08539791 0.04674107
v 0.03508364 -0.08527085 0.04673942
v 0.03506567 -0.08514161 0.04673460
v 0.03502469 -0.08496619 0.04672362
v 0.03494871 -0.08474254 0.04670327
v 0.03482601 -0.08446879 0.04667039
v 0.03366952 -0.08266401 0.04626998
v 0.03315539 -0.08188988 0.04622275
v 0.03309361 -0.08174308 0.04620619
v 0.03306013 -0.08163537 0.04619722
v 0.03304539 -0.08156105 0.04619327
v 0.03304259 -0.08153759 0.04619252
v 0.03304032 -0.08149279 0.04619191
v 0.03304277 -0.08144378 0.04619257
v 0.03305526 -0.08136297 0.04619592
v 0.03308723 -0.08124268 0.04620448
v 0.03314929 -0.08107440 0.04622111
v 0.03503104 -0.07764094 0.04672533
v 0.03506808 -0.07748302 0.04673525
v 0.03508427 -0.07737012 0.04673959
v 0.03508981 -0.07726225 0.04674107
v 0.03487100 -0.07513740 0.04668244
v 0.02722463 -0.07349093 0.05822899
v 0.03522250 0.00702313 0.04197593
v 0.03345870 0.00816654 0.05116935
v 0.03506925 0.00967373 0.04673558
v 0.03511527 0.00983121 0.04674791
v 0.03514298 0.01000010 0.04675534
v 0.03515357 0.01017921 0.04675817
v 0.03513992 0.01046448 0.04675452
v 0.03501261 0.02332274 0.04666803
v 0.02615745 0.05219742 0.05634270
v 0.02560339 0.06076178 0.04761621
v 0.01940658 0.07319788 0.04224139
v 0.01038769 0.08972966 0.04964001
v 0.01700012 0.07497738 0.04445876
v 0.02386167 0.06248502 0.04745974
v 0.03172023 0.03803280 0.04970526
v 0.03331602 0.02108818 0.05158472
v 0.03458495 0.01860220 0.04660400
v 0.03281271 0.01456961 0.04613094
v 0.03263483 0.01437637 0.04608328
v 0.03452109 0.01039994 0.04658870
v 0.03453023 0.01019299 0.04659115
v 0.03452082 0.01006863 0.04658863
v 0.03451120 0.01001087 0.04658605
v 0.03448169 0.00990478 0.04657814
v 0.03514500 0.00822537 0.04254255
v 0.03398929 0.00725320 0.04644620
v 0.03398334 0.00702313 0.04644461
v 0.03398334 -0.07354879 0.04644460
v 0.03398824 -0.07357707 0.04644591
v 0.03422648 -0.07507882 0.04650974
v 0.03446113 -0.07726225 0.04657262
v 0.03445869 -0.07731127 0.04657196
v 0.03444619 -0.07739208 0.04656862
v 0.03441423 -0.07751237 0.04656005
v 0.03435216 -0.07768064 0.04654342
v 0.03138613 -0.07995436 0.05156463
v 0.03277965 -0.08037349 0.04613142
v 0.03255604 -0.08086259 0.04606215
v 0.03247041 -0.08111411 0.04603921
v 0.03243337 -0.08127204 0.04602928
v 0.03241719 -0.08138494 0.04602495
v 0.03241165 -0.08149279 0.04602346
v 0.03241694 -0.08159796 0.04602488
v 0.03243241 -0.08170553 0.04602902
v 0.03246780 -0.08185250 0.04603851
v 0.03253377 -0.08204162 0.04605618
v 0.03264106 -0.08227590 0.04608493
v 0.03297623 -0.08283508 0.04618512
v 0.03429676 -0.08482537 0.04652858
v 0.03438879 -0.08504352 0.04655323
v 0.03443088 -0.08518001 0.04656451
v 0.03445102 -0.08527691 0.04656991
v 0.03445856 -0.08533863 0.04657193
v 0.03446113 -0.08539791 0.04657262
v 0.03445314 -0.08554535 0.04657048
v 0.03057004 -0.10063691 0.04963637
v 0.02999788 -0.10306437 0.04537500
v 0.02498143 -0.10659714 0.04377556
v 0.00724387 -0.10894814 0.03907349
v 0.00001146 -0.10934915 0.03736645
v 0.03062427 -0.10445475 0.03736366
v 0.03384125 -0.09911570 0.03733878
v 0.03387568 -0.09895871 0.03733878
v 0.03513872 -0.09242548 0.03733878
v 0.03632764 -0.08539791 0.03733879
v 0.03632126 -0.08527085 0.03733879
v 0.03630265 -0.08514161 0.03733879
v 0.03626023 -0.08496619 0.03733879
v 0.03618157 -0.08474254 0.03733879
v 0.03605454 -0.08446879 0.03733879
v 0.03483377 -0.08266393 0.03725135
v 0.03432499 -0.08188988 0.03733879
v 0.03426103 -0.08174308 0.03733879
v 0.03422636 -0.08163537 0.03733879
v 0.03421111 -0.08156104 0.03733879
v 0.03420821 -0.08153759 0.03733879
v 0.03420586 -0.08149279 0.03733879
v 0.03420839 -0.08144377 0.03733879
v 0.03422133 -0.08136297 0.03733879
v 0.03425442 -0.08124268 0.03733879
v 0.03431867 -0.08107440 0.03733879
v 0.03617816 -0.07789246 0.03733879
v 0.03626681 -0.07764094 0.03733879
v 0.03630515 -0.07748302 0.03733879
v 0.03632191 -0.07737011 0.03733879
v 0.03632764 -0.07726225 0.03733879
v 0.03610111 -0.07513740 0.03733879
v 0.03595651 0.00844998 0.03734218
v 0.03630636 0.00967373 0.03733880
v 0.03635400 0.00983121 0.03733880
v 0.03638269 0.01000010 0.03733880
v 0.03639366 0.01017922 0.03733880
v 0.03637953 0.01046449 0.03733880
v 0.03633237 0.01076612 0.03733880
v 0.03577065 0.01198008 0.04318921
v 0.03537284 0.01310841 0.03734226
v 0.03063092 0.01431613 0.05002654
v 0.03063092 0.01431613 0.02465106
v 0.03585988 0.01687527 0.04423212
v 0.03600907 0.01667790 0.03733932
v 0.03669266 0.02029031 0.03725837
v 0.02946457 0.05661243 0.03727823
v 0.01672355 0.08386687 0.03578322
v 0.01215419 0.09169750 0.04424017
v 0.01902362 0.07352424 0.03735030
v 0.02778895 0.05789564 0.03733881
v 0.03490339 0.02359667 0.04193392
v 0.03558407 0.01683573 0.04144442
v 0.03488641 0.01575653 0.03733168
v 0.03397022 0.01456961 0.03733880
v 0.03378606 0.01437637 0.03733880
v 0.03507441 0.01220877 0.03181999
v 0.03573886 0.01039994 0.03733880
v 0.03574832 0.01019300 0.03733880
v 0.03573858 0.01006863 0.03733880
v 0.03572863 0.01001087 0.03733880
v 0.03569807 0.00990478 0.03733880
v 0.03508828 0.00890844 0.03131002
v 0.03518830 0.00725320 0.03733880
v 0.03518214 0.00702314 0.03733880
v 0.03518214 -0.07354878 0.03733879
v 0.03518722 -0.07357706 0.03733879
v 0.03543386 -0.07507881 0.03733879
v 0.03567679 -0.07726225 0.03733879
v 0.03567426 -0.07731127 0.03733879
v 0.03566132 -0.07739208 0.03733879
v 0.03562823 -0.07751237 0.03733879
v 0.03556398 -0.07768064 0.03733879
v 0.03421958 -0.07993980 0.03724502
v 0.03370449 -0.08086258 0.03733879
v 0.03361584 -0.08111410 0.03733879
v 0.03357750 -0.08127204 0.03733879
v 0.03356074 -0.08138493 0.03733879
v 0.03355501 -0.08149279 0.03733879
v 0.03356049 -0.08159796 0.03733879
v 0.03357650 -0.08170553 0.03733879
v 0.03361315 -0.08185250 0.03733879
v 0.03368144 -0.08204162 0.03733879
v 0.03379251 -0.08227590 0.03733879
v 0.03524229 -0.08428546 0.04078823
v 0.03550662 -0.08482537 0.03733879
v 0.03560189 -0.08504352 0.03733879
v 0.03564547 -0.08518001 0.03733879
v 0.03566632 -0.08527690 0.03733879
v 0.03567413 -0.08533863 0.03733879
v 0.03567679 -0.08539791 0.03733879
v 0.03566851 -0.08554535 0.03733879
v 0.03307530 -0.09952567 0.03733854
v 0.03039382 -0.10398120 0.03979727
v 0.02868903 -0.10509720 0.03732770
v 0.02648457 -0.10621459 0.03731149
v 0.02353381 -0.10704766 0.03728120
v 0.00715504 -0.10896587 0.03733878
v 0.00748813 -0.10960028 0.03650399
v 0.02302235 -0.10774055 0.03332750
v 0.02632109 -0.10705243 0.03515395
v 0.03106266 -0.10424110 0.03325515
v 0.03319682 -0.10086001 0.03264139
v 0.03268814 -0.09911570 0.02858002
v 0.03272140 -0.09895871 0.02857111
v 0.03394140 -0.09242548 0.02824421
v 0.03508981 -0.08539791 0.02793650
v 0.03508364 -0.08527085 0.02793815
v 0.03506567 -0.08514160 0.02794297
v 0.03502469 -0.08496619 0.02795395
v 0.03494871 -0.08474254 0.02797431
v 0.03482601 -0.08446879 0.02800719
v 0.03362427 -0.08266404 0.02823864
v 0.03315539 -0.08188988 0.02845482
v 0.03309361 -0.08174308 0.02847138
v 0.03306013 -0.08163537 0.02848035
v 0.03304539 -0.08156104 0.02848430
v 0.03304259 -0.08153759 0.02848505
v 0.03304032 -0.08149279 0.02848566
v 0.03304277 -0.08144377 0.02848500
v 0.03305526 -0.08136297 0.02848166
v 0.03308723 -0.08124267 0.02847309
v 0.03314929 -0.08107440 0.02845646
v 0.03472779 -0.08042082 0.03284595
v 0.03494541 -0.07789245 0.02797519
v 0.03503104 -0.07764093 0.02795225
v 0.03506808 -0.07748301 0.02794232
v 0.03508427 -0.07737011 0.02793799
v 0.03508981 -0.07726225 0.02793650
v 0.03487100 -0.07513739 0.02799513
v 0.03506925 0.00967373 0.02794202
v 0.03511527 0.00983121 0.02792969
v 0.03514298 0.01000010 0.02792227
v 0.03515357 0.01017922 0.02791943
v 0.03513992 0.01046449 0.02792309
v 0.03521106 0.01844038 0.02790547
v 0.03528358 0.02150194 0.02780403
v 0.03232340 0.04788030 0.03169822
v 0.01926244 0.07446904 0.03495282
v 0.01761097 0.07660789 0.03258663
v 0.01361112 0.09201180 0.03170091
v 0.01744869 0.07664255 0.03448510
v 0.02421131 0.06490677 0.03373616
v 0.03215155 0.04628680 0.03261215
v 0.02698632 0.02353296 0.01663148
v 0.03575343 0.02292792 0.03361164
v 0.03263993 0.01568399 0.02427221
v 0.03281271 0.01456961 0.02854666
v 0.03263483 0.01437637 0.02859433
v 0.03457580 0.01326735 0.03288568
v 0.03452109 0.01039994 0.02808890
v 0.03453023 0.01019300 0.02808646
v 0.03452082 0.01006863 0.02808898
v 0.03451120 0.01001087 0.02809155
v 0.03448169 0.00990478 0.02809946
v 0.03398929 0.00725320 0.02823140
v 0.03398334 0.00702314 0.02823299
v 0.03398334 -0.07354878 0.02823298
v 0.03398824 -0.07357706 0.02823167
v 0.03422648 -0.07507881 0.02816783
v 0.03446113 -0.07726225 0.02810495
v 0.03445869 -0.07731126 0.02810561
v 0.03444619 -0.07739208 0.02810896
v 0.03441423 -0.07751237 0.02811752
v 0.03435216 -0.07768064 0.02813415
v 0.03255604 -0.08086258 0.02861542
v 0.03247041 -0.08111410 0.02863837
v 0.03243337 -0.08127204 0.02864829
v 0.03241719 -0.08138493 0.02865263
v 0.03241165 -0.08149279 0.02865411
v 0.03241694 -0.08159796 0.02865269
v 0.03243241 -0.08170553 0.02864855
v 0.03246780 -0.08185250 0.02863906
v 0.03253377 -0.08204162 0.02862139
v 0.03264106 -0.08227590 0.02859264
v 0.03298141 -0.08283508 0.02851182
v 0.03429676 -0.08482537 0.02814900
v 0.03438879 -0.08504352 0.02812434
v 0.03443088 -0.08518001 0.02811306
v 0.03445102 -0.08527690 0.02810766
v 0.03445856 -0.08533863 0.02810564
v 0.03446113 -0.08539791 0.02810495
v 0.03445314 -0.08554535 0.02810710
v 0.03356583 -0.09662458 0.03209139
v 0.03211910 -0.10115665 0.03149181
v 0.03060195 -0.10227383 0.02913667
v 0.02767547 -0.10527739 0.02982179
v 0.02271707 -0.10704765 0.03119218
v 0.00659419 -0.10896841 0.03448460
v 0.01871435 -0.10802679 0.02492958
v 0.02347065 -0.10594885 0.02064848
v 0.02717784 -0.10361928 0.02165001
v 0.02930739 -0.09911570 0.02041816
v 0.02933720 -0.09895871 0.02040094
v 0.03043103 -0.09242548 0.01976942
v 0.03146066 -0.08539791 0.01917497
v 0.03145513 -0.08527085 0.01917816
v 0.03143902 -0.08514160 0.01918746
v 0.03140228 -0.08496619 0.01920867
v 0.03133416 -0.08474254 0.01924800
v 0.03122414 -0.08446879 0.01931152
v 0.03012331 -0.08266409 0.01984611
v 0.02972631 -0.08188988 0.02017629
v 0.02967092 -0.08174308 0.02020827
v 0.02964090 -0.08163537 0.02022561
v 0.02962769 -0.08156104 0.02023323
v 0.02962518 -0.08153758 0.02023468
v 0.02962314 -0.08149279 0.02023586
v 0.02962534 -0.08144377 0.02023459
v 0.02963654 -0.08136297 0.02022812
v 0.02966520 -0.08124267 0.02021158
v 0.02972084 -0.08107439 0.02017945
v 0.03133120 -0.07789245 0.01924971
v 0.03140797 -0.07764093 0.01920538
v 0.03144118 -0.07748301 0.01918621
v 0.03145569 -0.07737011 0.01917783
v 0.03146066 -0.07726225 0.01917497
v 0.03126448 -0.07513739 0.01928823
v 0.02818502 0.00702314 0.01571168
v 0.03343855 0.00816651 0.02345961
v 0.03144223 0.00967373 0.01918562
v 0.03148349 0.00983121 0.01916180
v 0.03150834 0.01000011 0.01914745
v 0.03151783 0.01017922 0.01914197
v 0.03150559 0.01046449 0.01914904
v 0.03146476 0.01076613 0.01917262
v 0.03390350 0.01198009 0.02452008
v 0.03063552 0.01310840 0.01965538
v 0.03358035 0.01506830 0.02587064
v 0.03151631 0.01750642 0.01915811
v 0.03150794 0.02227703 0.01905894
v 0.02259941 0.06311936 0.02429345
v 0.01515305 0.08670985 0.03349501
v 0.01512638 0.07411681 0.02608391
v 0.02128187 0.06443729 0.02505172
v 0.02531795 0.04744451 0.01799053
v 0.02746055 0.03463255 0.01634467
v 0.03298444 0.01857735 0.02265579
v 0.03339147 0.01456961 0.04173487
v 0.02941907 0.01456961 0.02035369
v 0.02925959 0.01437637 0.02044577
v 0.02669582 0.01415788 0.01685438
v 0.03095076 0.01039994 0.01946937
v 0.03095895 0.01019300 0.01946464
v 0.03095052 0.01006863 0.01946951
v 0.03094190 0.01001087 0.01947449
v 0.03091544 0.00990478 0.01948977
v 0.02853089 0.00822542 0.01616713
v 0.03047396 0.00725320 0.01974465
v 0.03046863 0.00702314 0.01974773
v 0.03046863 -0.07354878 0.01974772
v 0.03047302 -0.07357706 0.01974518
v 0.02051372 -0.07357706 0.01060479
v 0.03068662 -0.07507881 0.01962186
v 0.03089701 -0.07726225 0.01950039
v 0.03089481 -0.07731126 0.01950166
v 0.03088361 -0.07739207 0.01950813
v 0.03085495 -0.07751237 0.01952467
v 0.03079931 -0.07768064 0.01955680
v 0.03225263 -0.07995417 0.02520459
v 0.02939602 -0.08037353 0.02037743
v 0.02918895 -0.08086258 0.02048654
v 0.02911218 -0.08111410 0.02053086
v 0.02907897 -0.08127204 0.02055004
v 0.02906445 -0.08138493 0.02055842
v 0.02905949 -0.08149279 0.02056128
v 0.02906423 -0.08159795 0.02055854
v 0.02907810 -0.08170553 0.02055054
v 0.02910984 -0.08185250 0.02053221
v 0.02916898 -0.08204162 0.02049807
v 0.02926517 -0.08227589 0.02044253
v 0.03224514 -0.08428496 0.02270507
v 0.03074963 -0.08482537 0.01958548
v 0.03083214 -0.08504352 0.01953784
v 0.03086989 -0.08518001 0.01951605
v 0.03088794 -0.08527690 0.01950562
v 0.03089470 -0.08533862 0.01950172
v 0.03089701 -0.08539791 0.01950039
v 0.03088984 -0.08554535 0.01950453
v 0.02871446 -0.09919051 0.02075680
v 0.02794202 -0.10145248 0.02119535
v 0.02629150 -0.10378799 0.02215315
v 0.02391771 -0.10575375 0.02344471
v 0.00509177 -0.10961542 0.03224701
v 0.01795389 -0.10738770 0.01966999
v 0.02607314 -0.10232877 0.01728560
v 0.02392938 -0.09911570 0.01340940
v 0.02395373 -0.09895870 0.01338506
v 0.02484683 -0.09242547 0.01249195
v 0.02568752 -0.08539791 0.01165127
v 0.02568301 -0.08527085 0.01165578
v 0.02566985 -0.08514160 0.01166893
v 0.02563985 -0.08496619 0.01169893
v 0.02558423 -0.08474254 0.01175455
v 0.02549441 -0.08446879 0.01184438
v 0.02456941 -0.08266401 0.01264572
v 0.02427143 -0.08188987 0.01306735
v 0.02422621 -0.08174308 0.01311258
v 0.02420169 -0.08163536 0.01313709
v 0.02419091 -0.08156104 0.01314788
v 0.02418886 -0.08153758 0.01314993
v 0.02418720 -0.08149279 0.01315159
v 0.02418899 -0.08144377 0.01314980
v 0.02419813 -0.08136297 0.01314065
v 0.02422153 -0.08124267 0.01311725
v 0.02426697 -0.08107439 0.01307182
v 0.02782902 -0.08042024 0.01608378
v 0.02558182 -0.07789245 0.01175697
v 0.02564450 -0.07764093 0.01169428
v 0.02567162 -0.07748301 0.01166717
v 0.02568347 -0.07737011 0.01165532
v 0.02568752 -0.07726225 0.01165127
v 0.02552734 -0.07513739 0.01181145
v 0.03170376 -0.07349092 0.02420666
v 0.02542749 0.00844999 0.01191609
v 0.02567247 0.00967373 0.01166633
v 0.02570616 0.00983121 0.01163264
v 0.02572645 0.01000011 0.01161235
v 0.02573420 0.01017922 0.01160460
v 0.02572421 0.01046449 0.01161459
v 0.02577700 0.01844038 0.01156377
v 0.02578910 0.02150192 0.01143966
v 0.02542825 0.04843156 0.01694712
v 0.01548876 0.07446907 0.02564128
v 0.01287545 0.07660793 0.02441782
v 0.01184974 0.08595356 0.02613312
v 0.01310926 0.08021251 0.02723224
v 0.02076198 0.06127792 0.02083059
v 0.02881649 0.02359667 0.01804861
v 0.03219829 0.02133268 0.01999451
v 0.02531636 0.01860215 0.01201995
v 0.02402057 0.01456961 0.01331823
v 0.02389035 0.01437637 0.01344845
v 0.02851808 0.01198407 0.01610279
v 0.02200116 0.01178366 0.00924642
v 0.02527119 0.01039995 0.01206761
v 0.02527788 0.01019300 0.01206092
v 0.02527099 0.01006863 0.01206781
v 0.02526395 0.01001087 0.01207485
v 0.02524235 0.00990479 0.01209645
v 0.02054819 0.00890842 0.00826465
v 0.02488189 0.00725320 0.01245692
v 0.02487753 0.00702314 0.01246127
v 0.02487753 -0.07354878 0.01246126
v 0.02488112 -0.07357706 0.01245767
v 0.02505552 -0.07507881 0.01228327
v 0.02522730 -0.07726225 0.01211149
v 0.02522551 -0.07731126 0.01211328
v 0.02521636 -0.07739207 0.01212243
v 0.02519296 -0.07751237 0.01214583
v 0.02514753 -0.07768064 0.01219126
v 0.02413057 -0.07993986 0.01307561
v 0.02383268 -0.08086258 0.01350611
v 0.02376999 -0.08111410 0.01356879
v 0.02374287 -0.08127204 0.01359591
v 0.02373103 -0.08138493 0.01360776
v 0.02372697 -0.08149279 0.01361181
v 0.02373085 -0.08159795 0.01360794
v 0.02374217 -0.08170552 0.01359662
v 0.02376808 -0.08185250 0.01357070
v 0.02381637 -0.08204162 0.01352241
v 0.02389491 -0.08227589 0.01344388
v 0.02414927 -0.08283509 0.01320370
v 0.02510697 -0.08482537 0.01223181
v 0.02517434 -0.08504352 0.01216445
v 0.02520516 -0.08518001 0.01213363
v 0.02521990 -0.08527690 0.01211889
v 0.02522542 -0.08533862 0.01211337
v 0.02522730 -0.08539791 0.01211149
v 0.02522145 -0.08554535 0.01211734
v 0.02202130 -0.10311623 0.01526219
v 0.01871100 -0.10624505 0.01847357
v 0.01732933 -0.10754744 0.02573017
v 0.00360042 -0.10961542 0.03110266
v 0.01276910 -0.10738770 0.01562521
v 0.01936069 -0.10158480 0.01041040
v 0.01692063 -0.09911570 0.00803140
v 0.01693784 -0.09895870 0.00800158
v 0.01756936 -0.09242547 0.00690776
v 0.01816382 -0.08539791 0.00587813
v 0.01816063 -0.08527085 0.00588365
v 0.01815133 -0.08514160 0.00589977
v 0.01813011 -0.08496618 0.00593651
v 0.01809078 -0.08474254 0.00600463
v 0.01802727 -0.08446879 0.00611464
v 0.01734117 -0.08266397 0.00712810
v 0.01716250 -0.08188987 0.00761247
v 0.01713051 -0.08174308 0.00766787
v 0.01711318 -0.08163536 0.00769789
v 0.01710555 -0.08156104 0.00771110
v 0.01710411 -0.08153758 0.00771361
v 0.01710293 -0.08149278 0.00771564
v 0.01710420 -0.08144377 0.00771345
v 0.01711066 -0.08136297 0.00770225
v 0.01712721 -0.08124267 0.00767359
v 0.01715934 -0.08107439 0.00761794
v 0.01808908 -0.07789245 0.00600758
v 0.01813340 -0.07764093 0.00593081
v 0.01815258 -0.07748301 0.00589760
v 0.01816095 -0.07737011 0.00588309
v 0.01816382 -0.07726225 0.00587813
v 0.01805056 -0.07513739 0.00607431
v 0.01815318 0.00967373 0.00589657
v 0.01817700 0.00983122 0.00585531
v 0.01819135 0.01000011 0.00583046
v 0.01819683 0.01017922 0.00582097
v 0.01818976 0.01046449 0.00583321
v 0.01816619 0.01076613 0.00587405
v 0.02295192 0.01198011 0.00928573
v 0.01768945 0.01310834 0.00670673
v 0.02630337 0.01431613 0.01715552
v 0.00432755 0.01431614 0.00446778
v 0.02265590 0.01525715 0.00981529
v 0.01830674 0.01847982 0.00565835
v 0.01807327 0.02332273 0.00593380
v 0.01576409 0.04991320 0.01001802
v 0.00952381 0.07463035 0.02074622
v 0.01179388 0.09169751 0.02828905
v 0.00563791 0.09201180 0.02372770
v 0.01037467 0.06287545 0.01383347
v 0.02202163 0.01642357 0.00942969
v 0.01383986 0.01519906 0.00537690
v 0.01698511 0.01456961 0.00791973
v 0.01689303 0.01437637 0.00807921
v 0.01068099 0.01415788 0.00596175
v 0.01375579 0.01193271 0.00451947
v 0.01786943 0.01039995 0.00638804
v 0.01787416 0.01019300 0.00637985
v 0.01786929 0.01006863 0.00638828
v 0.01786431 0.01001088 0.00639690
v 0.01784904 0.00990479 0.00642337
v 0.01759415 0.00725320 0.00686484
v 0.01759107 0.00702314 0.00687017
v 0.01759107 -0.07354878 0.00687016
v 0.01759361 -0.07357706 0.00686576
v 0.01771693 -0.07507881 0.00665217
v 0.01783839 -0.07726225 0.00644178
v 0.01783713 -0.07731126 0.00644397
v 0.01783066 -0.07739207 0.00645518
v 0.01781411 -0.07751237 0.00648384
v 0.01778199 -0.07768064 0.00653948
v 0.01685225 -0.08086258 0.00814984
v 0.01680792 -0.08111410 0.00822661
v 0.01678875 -0.08127204 0.00825982
v 0.01678037 -0.08138493 0.00827433
v 0.01677750 -0.08149278 0.00827930
v 0.01678024 -0.08159795 0.00827455
v 0.01678825 -0.08170552 0.00826068
v 0.01680657 -0.08185250 0.00822895
v 0.01684072 -0.08204162 0.00816981
v 0.01689625 -0.08227589 0.00807362
v 0.02060847 -0.08428553 0.00854273
v 0.01775331 -0.08482537 0.00658915
v 0.01780095 -0.08504352 0.00650664
v 0.01782274 -0.08518001 0.00646890
v 0.01783316 -0.08527690 0.00645085
v 0.01783707 -0.08533862 0.00644408
v 0.01783839 -0.08539791 0.00644178
v 0.01783426 -0.08554535 0.00644895
v 0.02424938 -0.09639704 0.01314470
v 0.01648581 -0.09992654 0.00879289
v 0.01517633 -0.10378793 0.01104185
v 0.01369358 -0.10704832 0.01805224
v 0.00361313 -0.10880076 0.02873381
v 0.00186372 -0.10961542 0.03038330
v 0.01142719 -0.10640539 0.01184447
v 0.01099393 -0.10469417 0.00881362
v 0.00846893 -0.10182186 0.00574396
v 0.00875876 -0.09911570 0.00465064
v 0.00876767 -0.09895870 0.00461739
v 0.00909457 -0.09242547 0.00339738
v 0.00940229 -0.08539791 0.00224898
v 0.00940063 -0.08527085 0.00225514
v 0.00939582 -0.08514160 0.00227311
v 0.00938484 -0.08496618 0.00231410
v 0.00936448 -0.08474254 0.00239007
v 0.00933160 -0.08446879 0.00251278
v 0.00893117 -0.08266392 0.00366932
v 0.00888396 -0.08188987 0.00418339
v 0.00886741 -0.08174308 0.00424517
v 0.00885843 -0.08163536 0.00427866
v 0.00885449 -0.08156104 0.00429340
v 0.00885374 -0.08153758 0.00429619
v 0.00885313 -0.08149278 0.00429846
v 0.00885378 -0.08144377 0.00429602
v 0.00885713 -0.08136297 0.00428352
v 0.00886570 -0.08124267 0.00425156
v 0.00888233 -0.08107439 0.00418949
v 0.01347309 -0.08042036 0.00501697
v 0.00936360 -0.07789245 0.00239337
v 0.00938654 -0.07764093 0.00230774
v 0.00939647 -0.07748301 0.00227070
v 0.00940080 -0.07737011 0.00225452
v 0.00940229 -0.07726224 0.00224898
v 0.00934365 -0.07513739 0.00246779
v 0.00463713 0.00702314 0.00211630
v 0.01383055 0.00816659 0.00388009
v 0.00939678 0.00967374 0.00226955
v 0.00940911 0.00983122 0.00222353
v 0.00941653 0.01000011 0.00219582
v 0.00941937 0.01017922 0.00218523
v 0.00941571 0.01046449 0.00219888
v 0.01167029 0.02406229 0.00226853
v 0.01027739 0.06076181 0.01173542
v 0.00490258 0.07319788 0.01793222
v 0.00653491 0.08171711 0.02170892
v 0.00607344 0.08017716 0.02179623
v 0.00718160 0.07530270 0.02048617
v 0.01198238 0.04628685 0.00713144
v 0.00459654 0.02353296 0.00242464
v 0.01935558 0.02313562 0.00663556
v 0.00928821 0.01858202 0.00262671
v 0.00879214 0.01456961 0.00452609
v 0.00874448 0.01437637 0.00470397
v 0.00924990 0.01039995 0.00281771
v 0.00925235 0.01019300 0.00280858
v 0.00924983 0.01006863 0.00281798
v 0.00924725 0.01001088 0.00282760
v 0.00923934 0.00990479 0.00285711
v 0.00520374 0.00822537 0.00219380
v 0.00910740 0.00725321 0.00334951
v 0.00910581 0.00702314 0.00335546
v 0.00910581 -0.07354878 0.00335545
v 0.00910712 -0.07357706 0.00335055
v 0.00917096 -0.07507881 0.00311231
v 0.00923383 -0.07726224 0.00287766
v 0.00923318 -0.07731126 0.00288010
v 0.00922983 -0.07739207 0.00289260
v 0.00922126 -0.07751237 0.00292456
v 0.00920464 -0.07768064 0.00298662
v 0.01422593 -0.07995393 0.00595243
v 0.00879264 -0.08037341 0.00455910
v 0.00872337 -0.08086258 0.00478274
v 0.00870042 -0.08111410 0.00486837
v 0.00869050 -0.08127204 0.00490542
v 0.00868616 -0.08138493 0.00492160
v 0.00868468 -0.08149278 0.00492714
v 0.00868609 -0.08159795 0.00492185
v 0.00869024 -0.08170552 0.00490638
v 0.00869972 -0.08185250 0.00487098
v 0.00871740 -0.08204162 0.00480502
v 0.00874614 -0.08227589 0.00469773
v 0.00884634 -0.08283509 0.00436254
v 0.00918979 -0.08482537 0.00304203
v 0.00921445 -0.08504352 0.00295000
v 0.00922573 -0.08518001 0.00290790
v 0.00923112 -0.08527690 0.00288776
v 0.00923314 -0.08533862 0.00288022
v 0.00923383 -0.08539791 0.00287766
v 0.00923169 -0.08554534 0.00288565
v 0.00856734 -0.09916859 0.00526302
v 0.01130533 -0.10248473 0.00760328
v 0.01026262 -0.10566486 0.01110181
v 0.00618596 -0.10687551 0.01367346
v -0.00360704 -0.10980771 0.03732281
v 0.00523007 -0.10766106 0.01387660
v 0.00020160 -0.10738770 0.01214975
v 0.00354678 -0.10135810 0.00420963
v 0.00000000 -0.09911570 0.00349753
v 0.00000000 -0.09895870 0.00346310
v 0.00000000 -0.09242547 0.00220006
v 0.00000000 -0.08539791 0.00101114
v 0.00000000 -0.08527085 0.00101753
v 0.00000000 -0.08514160 0.00103613
v 0.00000000 -0.08496618 0.00107856
v 0.00000000 -0.08474254 0.00115722
v 0.00000000 -0.08446879 0.00128425
v -0.00008745 -0.08266382 0.00250508
v 0.00000000 -0.08188987 0.00301379
v 0.00000000 -0.08174308 0.00307776
v 0.00000000 -0.08163536 0.00311243
v 0.00000000 -0.08156104 0.00312768
v 0.00000000 -0.08153758 0.00313058
v 0.00000000 -0.08149278 0.00313292
v 0.00000000 -0.08144377 0.00313039
v 0.00000000 -0.08136297 0.00311746
v 0.00000000 -0.08124267 0.00308437
v 0.00000000 -0.08107439 0.00302011
v 0.00000000 -0.07789245 0.00116063
v 0.00000000 -0.07764093 0.00107198
v 0.00000000 -0.07748301 0.00103363
v 0.00000000 -0.07737011 0.00101688
v 0.00000000 -0.07726224 0.00101115
v 0.00000000 -0.07513739 0.00123768
v 0.00000338 0.00844999 0.00138229
v 0.00000000 0.00967374 0.00103244
v 0.00000000 0.00983122 0.00098480
v 0.00000000 0.01000011 0.00095611
v 0.00000000 0.01017922 0.00094515
v 0.00000000 0.01046449 0.00095928
v 0.00000000 0.01076613 0.00100643
v 0.00585041 0.01198009 0.00156815
v 0.00000346 0.01310840 0.00196595
v 0.00522266 0.01547716 0.00192725
v 0.00000102 0.01750144 0.00107659
v 0.00000000 0.02367455 0.00118341
v -0.00259600 0.05692313 0.00801393
v -0.00004843 0.07463038 0.01820732
v 0.00673610 0.02359667 0.00332224
v -0.00000143 0.01766938 0.00171764
v -0.00000337 0.01612937 0.00227583
v 0.00000000 0.01517742 0.00286146
v 0.01244946 0.01456961 0.00728316
v 0.00000000 0.01456961 0.00336858
v -0.00551881 0.01220877 0.00226439
v 0.00475058 0.01148726 0.00185396
v 0.00000000 0.01039995 0.00159994
v 0.00000000 0.01019300 0.00159048
v 0.00000000 0.01006864 0.00160022
v 0.00000000 0.01001088 0.00161017
v 0.00000000 0.00990479 0.00164073
v -0.00602879 0.00890853 0.00225051
v 0.00000000 0.00725321 0.00215050
v 0.00000000 -0.07354878 0.00215665
v 0.00000000 -0.07357706 0.00215157
v -0.01289546 -0.07357706 0.00620639
v 0.00000000 -0.07507881 0.00190493
v 0.00000000 -0.07726224 0.00166200
v 0.00000000 -0.07731126 0.00166453
v 0.00000000 -0.07739207 0.00167747
v 0.00000000 -0.07751237 0.00171056
v 0.00000000 -0.07768064 0.00177481
v -0.00009378 -0.07993971 0.00311916
v 0.00000000 -0.08086258 0.00363429
v 0.00000000 -0.08111410 0.00372294
v 0.00000000 -0.08127204 0.00376129
v 0.00000000 -0.08138493 0.00377804
v 0.00000000 -0.08149278 0.00378378
v 0.00000000 -0.08159795 0.00377830
v 0.00000000 -0.08170552 0.00376229
v 0.00000000 -0.08185250 0.00372564
v 0.00000000 -0.08204162 0.00365735
v 0.00000000 -0.08227589 0.00354628
v 0.00344944 -0.08428493 0.00209684
v 0.00000000 -0.08482537 0.00183217
v 0.00000000 -0.08504352 0.00173689
v 0.00000000 -0.08518001 0.00169331
v 0.00000000 -0.08527690 0.00167246
v 0.00000000 -0.08533862 0.00166465
v 0.00000000 -0.08539791 0.00166200
v 0.00000000 -0.08554534 0.00167027
v -0.00000255 -0.10141152 0.00510250
v -0.00002100 -0.10383624 0.00695885
v 0.00301303 -0.10619277 0.01059776
v 0.00001351 -0.10708581 0.01416597
v 0.00000000 -0.10896587 0.03018374
v -0.00392602 -0.10819780 0.01606000
v -0.00285092 -0.10640538 0.00954643
v -0.00474158 -0.10469416 0.00713830
v -0.00846311 -0.10182188 0.00574241
v -0.00875876 -0.09911570 0.00465064
v -0.00876767 -0.09895870 0.00461739
v -0.00909457 -0.09242547 0.00339738
v -0.00940229 -0.08539791 0.00224898
v -0.00940063 -0.08527085 0.00225514
v -0.00939582 -0.08514160 0.00227311
v -0.00938484 -0.08496618 0.00231410
v -0.00936448 -0.08474254 0.00239007
v -0.00933160 -0.08446879 0.00251278
v -0.00910009 -0.08266389 0.00371460
v -0.00888396 -0.08188987 0.00418339
v -0.00886741 -0.08174308 0.00424517
v -0.00885843 -0.08163536 0.00427866
v -0.00885449 -0.08156104 0.00429340
v -0.00885374 -0.08153758 0.00429619
v -0.00885313 -0.08149278 0.00429846
v -0.00885378 -0.08144377 0.00429602
v -0.00885713 -0.08136297 0.00428352
v -0.00886570 -0.08124267 0.00425156
v -0.00888233 -0.08107439 0.00418949
v -0.00449287 -0.08042030 0.00261068
v -0.00936360 -0.07789245 0.00239337
v -0.00938654 -0.07764093 0.00230774
v -0.00939647 -0.07748301 0.00227070
v -0.00940080 -0.07737011 0.00225452
v -0.00940229 -0.07726224 0.00224898
v -0.00934365 -0.07513739 0.00246779
v 0.00447912 -0.07349092 0.00331646
v -0.00939678 0.00967374 0.00226955
v -0.00940911 0.00983122 0.00222353
v -0.00941653 0.01000011 0.00219582
v -0.00941937 0.01017922 0.00218523
v -0.00941571 0.01046449 0.00219888
v -0.00463813 0.01887841 0.00065150
v -0.00946855 0.02073038 0.00200472
v -0.00571621 0.03736702 0.00330223
v -0.00545755 0.07319786 0.01808092
v 0.00053667 0.08528045 0.02102226
v -0.00384597 0.09201180 0.02298545
v 0.00121807 0.08220659 0.02086796
v -0.00250276 0.07431187 0.01869197
v -0.00303724 0.06572942 0.01353516
v -0.00457412 0.05627284 0.00893037
v -0.00368584 0.04195293 0.00416347
v -0.01531544 0.02353296 0.00621515
v -0.00502387 0.01861978 0.00137913
v -0.01492202 0.01495646 0.00610264
v -0.00879214 0.01456961 0.00452609
v -0.00437224 0.01437637 0.00412836
v -0.00445311 0.01326736 0.00276300
v -0.00924990 0.01039995 0.00281771
v -0.00925235 0.01019300 0.00280858
v -0.00924983 0.01006863 0.00281798
v -0.00924725 0.01001088 0.00282760
v -0.00923934 0.00990479 0.00285711
v -0.00910740 0.00725321 0.00334951
v -0.00455291 0.00702314 0.00275606
v -0.00910581 -0.07354878 0.00335545
v -0.00910712 -0.07357706 0.00335055
v -0.00917096 -0.07507881 0.00311231
v -0.00923383 -0.07726224 0.00287766
v -0.00923318 -0.07731126 0.00288010
v -0.00922983 -0.07739207 0.00289260
v -0.00922126 -0.07751237 0.00292456
v -0.00920464 -0.07768064 0.00298662
v -0.00872337 -0.08086258 0.00478274
v -0.00870042 -0.08111410 0.00486837
v -0.00869050 -0.08127204 0.00490542
v -0.00868616 -0.08138493 0.00492160
v -0.00868468 -0.08149278 0.00492714
v -0.00868609 -0.08159795 0.00492185
v -0.00869024 -0.08170552 0.00490638
v -0.00869972 -0.08185250 0.00487098
v -0.00871740 -0.08204162 0.00480502
v -0.00874614 -0.08227589 0.00469773
v -0.00882696 -0.08283509 0.00435736
v -0.00918979 -0.08482537 0.00304203
v -0.00921445 -0.08504352 0.00295000
v -0.00922573 -0.08518001 0.00290790
v -0.00923112 -0.08527690 0.00288776
v -0.00923314 -0.08533862 0.00288022
v -0.00923383 -0.08539791 0.00287766
v -0.00923169 -0.08554534 0.00288565
v -0.00370481 -0.09936502 0.00413504
v -0.00838345 -0.10151446 0.00612161
v -0.00766511 -0.10445873 0.00876163
v -0.00717462 -0.10568792 0.01062797
v -0.00647543 -0.10687551 0.01375103
v -0.00304743 -0.10895443 0.03050975
v -0.01186253 -0.10765754 0.01680953
v -0.01594015 -0.10653406 0.01470549
v -0.01529822 -0.10439917 0.01082877
v -0.01349297 -0.10135809 0.00687471
v -0.01692063 -0.09911570 0.00803140
v -0.01693784 -0.09895870 0.00800158
v -0.01756936 -0.09242547 0.00690776
v -0.01816382 -0.08539791 0.00587813
v -0.01816063 -0.08527085 0.00588365
v -0.01815133 -0.08514160 0.00589977
v -0.01813011 -0.08496618 0.00593651
v -0.01809078 -0.08474254 0.00600463
v -0.01802727 -0.08446879 0.00611464
v -0.01749262 -0.08266392 0.00721559
v -0.01716250 -0.08188987 0.00761247
v -0.01713051 -0.08174308 0.00766787
v -0.01711318 -0.08163536 0.00769789
v -0.01710555 -0.08156104 0.00771110
v -0.01710411 -0.08153758 0.00771361
v -0.01710293 -0.08149278 0.00771564
v -0.01710420 -0.08144377 0.00771345
v -0.01711066 -0.08136297 0.00770225
v -0.01712721 -0.08124267 0.00767359
v -0.01715934 -0.08107439 0.00761794
v -0.01808908 -0.07789245 0.00600758
v -0.01813340 -0.07764093 0.00593081
v -0.01815258 -0.07748301 0.00589760
v -0.01816095 -0.07737011 0.00588309
v -0.01816382 -0.07726225 0.00587813
v -0.01805056 -0.07513739 0.00607431
v -0.02162712 0.00702314 0.00915378
v -0.01387918 0.00816652 0.00390025
v -0.01815318 0.00967373 0.00589657
v -0.01817700 0.00983122 0.00585531
v -0.01819135 0.01000011 0.00583046
v -0.01819683 0.01017922 0.00582097
v -0.01818976 0.01046449 0.00583321
v -0.01816619 0.01076613 0.00587405
v -0.01281871 0.01198005 0.00343529
v -0.01768344 0.01310832 0.00670324
v -0.00432755 0.01431614 0.00446778
v -0.02630337 0.01431613 0.01715552
v -0.01339115 0.01466620 0.00472060
v -0.01800409 0.01667791 0.00615378
v -0.01841599 0.02029031 0.00560224
v -0.01461417 0.06618132 0.01769428
v -0.00922966 0.07645663 0.02135902
v -0.00194038 0.09169751 0.02260013
v -0.00896862 0.09201180 0.02565068
v -0.01685208 0.05486956 0.01300891
v -0.01347221 0.02359667 0.00481402
v -0.01431758 0.02213386 0.00419200
v -0.01774036 0.01721098 0.00661160
v -0.01698511 0.01456961 0.00791973
v -0.02048442 0.01415788 0.01064299
v -0.01786943 0.01039995 0.00638804
v -0.01787416 0.01019300 0.00637985
v -0.01786929 0.01006863 0.00638828
v -0.01786431 0.01001088 0.00639690
v -0.01784904 0.00990479 0.00642337
v -0.02117166 0.00822543 0.00880791
v -0.01759415 0.00725320 0.00686484
v -0.01759107 -0.07354878 0.00687016
v -0.01759361 -0.07357706 0.00686576
v -0.01771693 -0.07507881 0.00665217
v -0.01783839 -0.07726225 0.00644178
v -0.01783713 -0.07731126 0.00644397
v -0.01783066 -0.07739207 0.00645518
v -0.01781411 -0.07751237 0.00648384
v -0.01213425 -0.07995395 0.00508605
v -0.01696137 -0.08037350 0.00794275
v -0.01685225 -0.08086258 0.00814984
v -0.01680792 -0.08111410 0.00822661
v -0.01678875 -0.08127204 0.00825982
v -0.01678037 -0.08138493 0.00827433
v -0.01677750 -0.08149278 0.00827930
v -0.01678024 -0.08159795 0.00827455
v -0.01678825 -0.08170552 0.00826068
v -0.01680657 -0.08185250 0.00822895
v -0.01684072 -0.08204162 0.00816981
v -0.01689625 -0.08227589 0.00807362
v -0.01463374 -0.08428514 0.00509353
v -0.01775331 -0.08482537 0.00658915
v -0.01780095 -0.08504352 0.00650664
v -0.01782274 -0.08518001 0.00646890
v -0.01783316 -0.08527690 0.00645085
v -0.01783707 -0.08533862 0.00644408
v -0.01783839 -0.08539791 0.00644178
v -0.01783426 -0.08554535 0.00644895
v -0.01682587 -0.09718450 0.00824885
v -0.01533583 -0.10399781 0.01097011
v -0.01235975 -0.10687551 0.01623076
v -0.00431095 -0.10961796 0.03153268
v -0.02163705 -0.10445474 0.01566656
v -0.02641399 -0.09977418 0.01606795
v -0.02392938 -0.09911570 0.01340940
v -0.02395373 -0.09895870 0.01338506
v -0.02484683 -0.09242547 0.01249195
v -0.02568752 -0.08539791 0.01165127
v -0.02568301 -0.08527085 0.01165578
v -0.02566985 -0.08514160 0.01166893
v -0.02563985 -0.08496619 0.01169893
v -0.02558423 -0.08474254 0.01175455
v -0.02549441 -0.08446879 0.01184438
v -0.02469308 -0.08266401 0.01276938
v -0.02427143 -0.08188987 0.01306735
v -0.02422621 -0.08174308 0.01311258
v -0.02420169 -0.08163536 0.01313709
v -0.02419091 -0.08156104 0.01314788
v -0.02418886 -0.08153758 0.01314993
v -0.02418720 -0.08149279 0.01315159
v -0.02418899 -0.08144377 0.01314980
v -0.02419813 -0.08136297 0.01314065
v -0.02422153 -0.08124267 0.01311725
v -0.02426697 -0.08107439 0.01307182
v -0.02125496 -0.08042041 0.00950987
v -0.02558182 -0.07789245 0.01175697
v -0.02564450 -0.07764093 0.01169428
v -0.02567162 -0.07748301 0.01166717
v -0.02568347 -0.07737011 0.01165532
v -0.02568752 -0.07726225 0.01165127
v -0.02552734 -0.07513739 0.01181145
v -0.02162712 -0.07349092 0.00915377
v -0.02542271 0.00844999 0.01191132
v -0.02567247 0.00967373 0.01166633
v -0.02570616 0.00983121 0.01163264
v -0.02572645 0.01000011 0.01161235
v -0.02573420 0.01017922 0.01160460
v -0.02572421 0.01046449 0.01161459
v -0.02577503 0.01844039 0.01156179
v -0.02589915 0.02150191 0.01154971
v -0.02039168 0.04843156 0.01191055
v -0.01165243 0.07752224 0.02370939
v -0.00978346 0.09073977 0.02447554
v -0.01027540 0.07887205 0.02377410
v -0.01169796 0.07391011 0.02238325
v -0.02128729 0.03803288 0.01076904
v -0.02271970 0.01857737 0.00927851
v -0.02467344 0.01575650 0.01267543
v -0.02220613 0.01447299 0.01204103
v -0.02123603 0.01198406 0.00882073
v -0.02886514 0.01120893 0.01610999
v -0.02527119 0.01039995 0.01206761
v -0.02527788 0.01019300 0.01206092
v -0.02527099 0.01006863 0.01206781
v -0.02526395 0.01001087 0.01207485
v -0.02524235 0.00990479 0.01209645
v -0.02489494 0.00757732 0.01244666
v -0.02123430 0.00702314 0.00966572
v -0.02487753 -0.07354878 0.01246126
v -0.02488112 -0.07357706 0.01245767
v -0.02505552 -0.07507881 0.01228327
v -0.02522730 -0.07726225 0.01211149
v -0.02522551 -0.07731126 0.01211328
v -0.02521636 -0.07739207 0.01212243
v -0.02519296 -0.07751237 0.01214583
v -0.02169003 -0.07855750 0.00928878
v -0.02426318 -0.07993986 0.01320823
v -0.02383268 -0.08086258 0.01350611
v -0.02376999 -0.08111410 0.01356879
v -0.02374287 -0.08127204 0.01359591
v -0.02373103 -0.08138493 0.01360776
v -0.02372697 -0.08149279 0.01361181
v -0.02373085 -0.08159795 0.01360794
v -0.02374217 -0.08170552 0.01359662
v -0.02376808 -0.08185250 0.01357070
v -0.02381637 -0.08204162 0.01352241
v -0.02389491 -0.08227589 0.01344388
v -0.02413509 -0.08283508 0.01318952
v -0.02510697 -0.08482537 0.01223181
v -0.02517434 -0.08504352 0.01216445
v -0.02520516 -0.08518001 0.01213363
v -0.02521990 -0.08527690 0.01211889
v -0.02522542 -0.08533862 0.01211337
v -0.02522730 -0.08539791 0.01211149
v -0.02522145 -0.08554535 0.01211734
v -0.02099512 -0.10019844 0.01169580
v -0.02279630 -0.10141153 0.01454610
v -0.02196081 -0.10306437 0.01538027
v -0.02092680 -0.10445868 0.01642276
v -0.01886522 -0.10624506 0.01862780
v -0.01020622 -0.10821890 0.02588662
v -0.01770387 -0.10766107 0.02107843
v -0.02648556 -0.10220222 0.01803508
v -0.02930739 -0.09911570 0.02041816
v -0.02933720 -0.09895871 0.02040094
v -0.03043103 -0.09242548 0.01976942
v -0.03146066 -0.08539791 0.01917497
v -0.03145513 -0.08527085 0.01917816
v -0.03143902 -0.08514160 0.01918746
v -0.03140228 -0.08496619 0.01920867
v -0.03133416 -0.08474254 0.01924800
v -0.03109520 -0.08417536 0.01939921
v -0.02986732 -0.08218124 0.02009488
v -0.02972631 -0.08188988 0.02017629
v -0.02967092 -0.08174308 0.02020827
v -0.02964090 -0.08163537 0.02022561
v -0.02962769 -0.08156104 0.02023323
v -0.02962518 -0.08153758 0.02023468
v -0.02962314 -0.08149279 0.02023586
v -0.02962534 -0.08144377 0.02023459
v -0.02963654 -0.08136297 0.02022812
v -0.02966520 -0.08124267 0.02021158
v -0.02982248 -0.08079663 0.02010661
v -0.03133120 -0.07789245 0.01924971
v -0.03140797 -0.07764093 0.01920538
v -0.03144118 -0.07748301 0.01918621
v -0.03145569 -0.07737011 0.01917783
v -0.03146066 -0.07726225 0.01917497
v -0.03126448 -0.07513739 0.01928823
v -0.03144223 0.00967373 0.01918562
v -0.03148349 0.00983121 0.01916180
v -0.03150834 0.01000011 0.01914745
v -0.03151783 0.01017922 0.01914197
v -0.03150559 0.01046449 0.01914904
v -0.03146476 0.01076613 0.01917262
v -0.02805307 0.01198014 0.01438689
v -0.03347505 0.01294187 0.02470381
v -0.02672191 0.01506832 0.01399145
v -0.03150310 0.01750642 0.01913523
v -0.03158480 0.02227701 0.01919205
v -0.02554735 0.05661244 0.02265899
v -0.01800962 0.07131786 0.02673151
v -0.02406594 0.05789564 0.02344433
v -0.03253483 0.02353295 0.02386244
v -0.02858115 0.02247247 0.01537072
v -0.03093267 0.01816249 0.01947982
v -0.02941907 0.01456961 0.02035369
v -0.03108793 0.01415788 0.02446176
v -0.03095076 0.01039994 0.01946937
v -0.03095895 0.01019300 0.01946464
v -0.03095052 0.01006863 0.01946951
v -0.03094190 0.01001087 0.01947449
v -0.03047396 0.00725320 0.01974465
v -0.03046863 -0.07354878 0.01974772
v -0.03047302 -0.07357706 0.01974518
v -0.03223063 -0.07357706 0.02398843
v -0.03068662 -0.07507881 0.01962186
v -0.03089701 -0.07726225 0.01950039
v -0.03089481 -0.07731126 0.01950166
v -0.03088361 -0.07739207 0.01950813
v -0.03085495 -0.07751237 0.01952467
v -0.02918895 -0.08086258 0.02048654
v -0.02911218 -0.08111410 0.02053086
v -0.02907897 -0.08127204 0.02055004
v -0.02906445 -0.08138493 0.02055842
v -0.02905949 -0.08149279 0.02056128
v -0.02906423 -0.08159795 0.02055854
v -0.02907810 -0.08170553 0.02055054
v -0.02910984 -0.08185250 0.02053221
v -0.02916898 -0.08204162 0.02049807
v -0.02926517 -0.08227589 0.02044253
v -0.02879575 -0.08428498 0.01673052
v -0.03074963 -0.08482537 0.01958548
v -0.03083214 -0.08504352 0.01953784
v -0.03086989 -0.08518001 0.01951605
v -0.03088794 -0.08527690 0.01950562
v -0.03089470 -0.08533862 0.01950172
v -0.03089701 -0.08539791 0.01950039
v -0.02911651 -0.09718515 0.02055920
v -0.02763419 -0.10240107 0.02143489
v -0.02306514 -0.10624507 0.02414807
v -0.02006149 -0.10708581 0.02574067
v -0.00619645 -0.10896587 0.03376126
v -0.01073065 -0.10928362 0.03385157
v -0.02271389 -0.10741169 0.02639731
v -0.02600412 -0.10590194 0.02460492
v -0.03042830 -0.10368478 0.02913824
v -0.03243315 -0.09999669 0.02864436
v -0.03268814 -0.09911570 0.02858002
v -0.03333867 -0.09586168 0.02840359
v -0.03508981 -0.08539791 0.02793650
v -0.03508364 -0.08527085 0.02793815
v -0.03506567 -0.08514160 0.02794297
v -0.03502469 -0.08496619 0.02795395
v -0.03494871 -0.08474254 0.02797431
v -0.03467881 -0.08417544 0.02805849
v -0.03331267 -0.08218125 0.02841268
v -0.03315539 -0.08188988 0.02845482
v -0.03309361 -0.08174308 0.02847138
v -0.03306013 -0.08163537 0.02848035
v -0.03304539 -0.08156104 0.02848430
v -0.03304259 -0.08153759 0.02848505
v -0.03304032 -0.08149279 0.02848566
v -0.03304277 -0.08144377 0.02848500
v -0.03305526 -0.08136297 0.02848166
v -0.03317786 -0.08098049 0.02845426
v -0.03337274 -0.07903466 0.02424944
v -0.03494541 -0.07789245 0.02797519
v -0.03503104 -0.07764093 0.02795225
v -0.03506808 -0.07748301 0.02794232
v -0.03508427 -0.07737011 0.02793799
v -0.03508981 -0.07726225 0.02793650
v -0.03487100 -0.07513739 0.02799513
v -0.03282214 -0.07349092 0.02374341
v -0.03461201 0.00702314 0.02806454
v -0.03345871 0.00816658 0.02350825
v -0.03506925 0.00967373 0.02794202
v -0.03511527 0.00983121 0.02792969
v -0.03514298 0.01000010 0.02792227
v -0.03515357 0.01017922 0.02791943
v -0.03513992 0.01046449 0.02792309
v -0.03509438 0.01076613 0.02793529
v -0.03487695 0.01663152 0.02797848
v -0.03532387 0.02150193 0.02795437
v -0.03081318 0.04788030 0.02606200
v -0.02054741 0.07013151 0.02937823
v -0.01698885 0.07687425 0.03043955
v -0.01532929 0.08733675 0.03324180
v -0.01360203 0.09169751 0.03064548
v -0.01238272 0.08957221 0.02791012
v -0.01568112 0.07887201 0.03072912
v -0.01824306 0.07383388 0.03244429
v -0.03020739 0.04628678 0.02535644
v -0.03111404 0.02359667 0.02202809
v -0.03382725 0.02033031 0.02433848
v -0.03275443 0.01614402 0.02376467
v -0.03386909 0.01612935 0.02826711
v -0.03187996 0.01447299 0.02653336
v -0.03266135 0.01281270 0.02441855
v -0.03446926 0.01070909 0.02810279
v -0.03452109 0.01039994 0.02808890
v -0.03453023 0.01019300 0.02808646
v -0.03452082 0.01006863 0.02808898
v -0.03451120 0.01001087 0.02809155
v -0.03236585 0.00810518 0.02286684
v -0.03403723 0.00802479 0.02821860
v -0.03398334 -0.07354878 0.02823298
v -0.03422648 -0.07507881 0.02816783
v -0.03446113 -0.07726225 0.02810495
v -0.03445869 -0.07731126 0.02810561
v -0.03444619 -0.07739208 0.02810896
v -0.03441423 -0.07751237 0.02811752
v -0.03257145 -0.07826514 0.02317521
v -0.03277963 -0.08037352 0.02854616
v -0.03255604 -0.08086258 0.02861542
v -0.03247041 -0.08111410 0.02863837
v -0.03243337 -0.08127204 0.02864829
v -0.03241719 -0.08138493 0.02865263
v -0.03241165 -0.08149279 0.02865411
v -0.03241694 -0.08159796 0.02865269
v -0.03243241 -0.08170553 0.02864855
v -0.03246780 -0.08185250 0.02863906
v -0.03253377 -0.08204162 0.02862139
v -0.03276477 -0.08251890 0.02854764
v -0.03412992 -0.08451530 0.02819370
v -0.03429676 -0.08482537 0.02814900
v -0.03438879 -0.08504352 0.02812434
v -0.03443088 -0.08518001 0.02811306
v -0.03445102 -0.08527690 0.02810766
v -0.03445856 -0.08533863 0.02810564
v -0.03446113 -0.08539791 0.02810495
v -0.03320116 -0.08594080 0.02362881
v -0.03170486 -0.10056836 0.02885371
v -0.02932878 -0.10378796 0.02948571
v -0.02557932 -0.10644394 0.03076145
v -0.00724392 -0.10894814 0.03560401
v -0.00000230 -0.10934915 0.03731668
v -0.02236484 -0.10785010 0.03733878
v -0.02485325 -0.10737671 0.03733878
v -0.02952571 -0.10513707 0.03733878
v -0.03262913 -0.10178938 0.03733878
v -0.03384125 -0.09911570 0.03733878
v -0.03450720 -0.09569210 0.03733878
v -0.03601806 -0.08444221 0.03733879
v -0.03514097 -0.08310752 0.03733879
v -0.03448781 -0.08218125 0.03733879
v -0.03438363 -0.08097768 0.03733879
v -0.03617816 -0.07789246 0.03733879
v -0.03592512 0.00804983 0.03733880
v -0.03630636 0.00967373 0.03733880
v -0.03627881 0.01097649 0.03733880
v -0.03576111 0.01231896 0.03733880
v -0.03505046 0.01364422 0.03733880
v -0.03033600 0.01431613 0.02241095
v -0.03540631 0.01546267 0.03733880
v -0.03641235 0.02029908 0.03733880
v -0.03540770 0.03000232 0.03733881
v -0.02861301 0.05656192 0.03733881
v -0.02022176 0.07273444 0.03733881
v -0.01852264 0.07647520 0.03733881
v -0.01607559 0.08660326 0.03733881
v -0.01527891 0.08700093 0.03733881
v -0.01616825 0.08194985 0.03733881
v -0.01861138 0.07467776 0.03733881
v -0.02075694 0.07062378 0.03733881
v -0.02457419 0.06443729 0.03733881
v -0.02778895 0.05789564 0.03733881
v -0.03443580 0.03357202 0.03733881
v -0.03551931 0.02353295 0.03733880
v -0.03568326 0.02276657 0.03733880
v -0.03585413 0.02147923 0.03733880
v -0.03590810 0.02024528 0.03733880
v -0.03556919 0.01774759 0.03733880
v -0.03468509 0.01550231 0.03733880
v -0.02580937 0.01456961 0.01753458
v -0.03540762 0.01151476 0.03733880
v -0.03568520 0.01070909 0.03733880
v -0.03573886 0.01039994 0.03733880
v -0.03574832 0.01019300 0.03733880
v -0.03542956 0.00898154 0.03733880
v -0.03222598 0.00702314 0.02399036
v -0.03398824 -0.07357706 0.02823167
v -0.03543386 -0.07507881 0.03733879
v -0.03463344 -0.07924941 0.03733879
v -0.03370449 -0.08086258 0.03733879
v -0.03397024 -0.08256269 0.03733879
v -0.03533389 -0.08451530 0.03733879
v -0.03439355 -0.09243487 0.03733878
v -0.03267100 -0.10050127 0.03733878
v -0.03197449 -0.10181861 0.03733878
v -0.03030287 -0.10374963 0.03733878
v -0.02819745 -0.10537878 0.03733878
v -0.02709178 -0.10594203 0.03733878
v -0.02426593 -0.10683914 0.03733878
v -0.00715504 -0.10896587 0.03733878
v -0.00003611 -0.10934915 0.03733878
v -0.01587411 -0.02491435 0.07043302
v -0.00000000 -0.07486629 0.07467758
v 0.00486286 -0.03490473 0.07425214
v 0.00000000 0.09575912 0.03733882
v 0.00000000 0.11000000 0.03733882
v 0.00297409 0.11000000 0.02623936
v 0.01614771 0.09575912 0.03875156
v -0.00633946 0.09575912 0.02374380
v -0.01448931 0.11000000 0.04122121
v 0.00000000 0.11000000 0.05202952
v -0.01614771 0.09575912 0.03875156
f 223 3 1
f 223 2 3
f 2 4 3
f 2 7 4
f 2 5 7
f 5 6 7
f 6 8 9
f 6 9 7
f 8 10 11
f 8 11 9
f 10 12 13
f 10 13 11
f 12 14 15
f 12 15 13
f 14 16 17
f 14 17 15
f 16 18 20
f 16 20 17
f 18 19 20
f 19 21 22
f 19 22 20
f 21 23 24
f 21 24 22
f 23 25 26
f 23 26 24
f 25 27 28
f 25 28 26
f 27 29 30
f 27 30 28
f 29 31 32
f 29 32 30
f 31 33 34
f 31 34 32
f 33 35 36
f 33 36 34
f 35 37 38
f 35 38 36
f 37 158 40
f 37 40 38
f 158 39 40
f 39 41 42
f 39 42 40
f 41 43 44
f 41 44 42
f 43 45 46
f 43 46 44
f 45 47 48
f 45 48 46
f 47 49 50
f 47 50 48
f 49 252 50
f 166 52 53
f 166 53 51
f 52 54 55
f 52 55 53
f 54 56 57
f 54 57 55
f 56 58 59
f 56 59 57
f 58 172 60
f 58 60 59
f 172 338 60
f 258 61 62
f 61 176 64
f 61 64 62
f 176 63 64
f 63 65 64
f 63 343 65
f 66 68 67
f 66 69 68
f 66 344 69
f 180 71 70
f 180 432 71
f 351 74 76
f 74 75 76
f 75 77 78
f 75 78 76
f 77 79 80
f 77 80 78
f 79 81 82
f 79 82 80
f 81 269 84
f 81 84 82
f 269 83 84
f 87 88 89
f 87 89 85
f 88 90 91
f 88 91 89
f 90 92 93
f 90 93 91
f 92 94 95
f 92 95 93
f 94 96 97
f 94 97 95
f 96 201 99
f 96 99 97
f 201 98 99
f 98 100 101
f 98 101 99
f 100 102 103
f 100 103 101
f 102 104 105
f 102 105 103
f 104 106 107
f 104 107 105
f 106 108 109
f 106 109 107
f 108 110 111
f 108 111 109
f 110 112 113
f 110 113 111
f 112 114 115
f 112 115 113
f 114 116 117
f 114 117 115
f 116 118 120
f 116 120 117
f 118 213 120
f 213 119 120
f 119 121 122
f 119 122 120
f 121 123 124
f 121 124 122
f 123 125 126
f 123 126 124
f 125 127 128
f 125 128 126
f 127 129 130
f 127 130 128
f 129 131 132
f 129 132 130
f 131 134 133
f 131 133 132
f 134 135 133
f 134 986 135
f 136 223 1
f 224 137 223
f 137 224 2
f 137 2 223
f 224 138 2
f 138 225 2
f 225 139 2
f 139 140 5
f 139 5 2
f 140 141 6
f 140 6 5
f 141 142 8
f 141 8 6
f 142 143 10
f 142 10 8
f 143 144 12
f 143 12 10
f 144 145 14
f 144 14 12
f 145 146 16
f 145 16 14
f 146 147 18
f 146 18 16
f 147 148 19
f 147 19 18
f 148 149 21
f 148 21 19
f 149 150 23
f 149 23 21
f 150 151 25
f 150 25 23
f 151 152 27
f 151 27 25
f 152 153 29
f 152 29 27
f 153 154 31
f 153 31 29
f 154 155 33
f 154 33 31
f 155 156 35
f 155 35 33
f 156 157 37
f 156 37 35
f 157 158 37
f 245 159 39
f 245 39 158
f 159 160 41
f 159 41 39
f 160 161 43
f 160 43 41
f 161 162 45
f 161 45 43
f 162 163 47
f 162 47 45
f 163 164 49
f 163 49 47
f 164 252 49
f 165 166 51
f 167 168 52
f 167 52 166
f 168 169 54
f 168 54 52
f 169 170 56
f 169 56 54
f 170 171 58
f 170 58 56
f 171 172 58
f 173 338 172
f 174 258 62
f 258 175 61
f 175 176 61
f 176 260 63
f 177 428 66
f 177 66 67
f 428 429 66
f 429 178 66
f 178 179 66
f 179 344 66
f 181 432 180
f 182 183 72
f 182 72 73
f 184 351 76
f 185 74 351
f 186 187 75
f 186 75 74
f 187 188 77
f 187 77 75
f 188 189 79
f 188 79 77
f 189 190 81
f 189 81 79
f 190 268 269
f 190 269 81
f 269 191 83
f 192 193 85
f 192 85 86
f 194 195 87
f 194 87 85
f 195 196 88
f 195 88 87
f 196 197 90
f 196 90 88
f 197 198 92
f 197 92 90
f 198 199 94
f 198 94 92
f 199 200 96
f 199 96 94
f 200 201 96
f 202 203 98
f 202 98 201
f 203 204 100
f 203 100 98
f 204 205 102
f 204 102 100
f 205 206 104
f 205 104 102
f 206 207 106
f 206 106 104
f 207 208 108
f 207 108 106
f 208 209 110
f 208 110 108
f 209 210 112
f 209 112 110
f 210 211 114
f 210 114 112
f 211 212 116
f 211 116 114
f 212 213 118
f 212 118 116
f 213 214 119
f 214 215 121
f 214 121 119
f 215 216 123
f 215 123 121
f 216 217 125
f 216 125 123
f 217 218 127
f 217 127 125
f 218 219 129
f 218 129 127
f 219 220 131
f 219 131 129
f 220 299 134
f 220 134 131
f 299 221 134
f 221 300 134
f 300 222 134
f 222 301 134
f 224 225 138
f 226 227 139
f 227 140 139
f 227 228 141
f 227 141 140
f 228 229 142
f 228 142 141
f 229 230 143
f 229 143 142
f 230 231 144
f 230 144 143
f 231 232 145
f 231 145 144
f 232 233 146
f 232 146 145
f 233 234 147
f 233 147 146
f 234 235 148
f 234 148 147
f 235 236 149
f 235 149 148
f 236 237 150
f 236 150 149
f 237 238 151
f 237 151 150
f 238 239 152
f 238 152 151
f 239 240 153
f 239 153 152
f 240 241 154
f 240 154 153
f 241 242 155
f 241 155 154
f 242 243 156
f 242 156 155
f 243 244 157
f 243 157 156
f 244 245 158
f 244 158 157
f 245 246 159
f 246 247 160
f 246 160 159
f 247 248 161
f 247 161 160
f 248 249 162
f 248 162 161
f 249 250 163
f 249 163 162
f 250 251 164
f 250 164 163
f 251 252 164
f 165 167 166
f 253 254 168
f 253 168 167
f 254 255 169
f 254 169 168
f 255 256 170
f 255 170 169
f 256 257 171
f 256 171 170
f 257 336 172
f 257 172 171
f 336 173 172
f 336 338 173
f 259 176 175
f 260 426 63
f 426 343 63
f 70 346 180
f 261 262 183
f 261 183 182
f 185 263 186
f 185 186 74
f 263 264 187
f 263 187 186
f 264 265 188
f 264 188 187
f 265 266 189
f 265 189 188
f 266 267 190
f 266 190 189
f 267 268 190
f 268 358 269
f 270 271 191
f 270 191 269
f 272 273 193
f 272 193 192
f 194 274 195
f 274 275 196
f 274 196 195
f 275 276 197
f 275 197 196
f 276 277 198
f 276 198 197
f 277 278 199
f 277 199 198
f 278 279 200
f 278 200 199
f 279 280 201
f 279 201 200
f 280 202 201
f 280 281 203
f 280 203 202
f 281 282 204
f 281 204 203
f 282 283 205
f 282 205 204
f 283 284 206
f 283 206 205
f 284 285 207
f 284 207 206
f 285 286 208
f 285 208 207
f 286 287 209
f 286 209 208
f 287 288 210
f 287 210 209
f 288 289 211
f 288 211 210
f 289 290 212
f 289 212 211
f 290 291 213
f 290 213 212
f 291 379 213
f 379 292 214
f 379 214 213
f 292 293 215
f 292 215 214
f 293 294 216
f 293 216 215
f 294 295 217
f 294 217 216
f 295 296 218
f 295 218 217
f 296 297 219
f 296 219 218
f 297 298 220
f 297 220 219
f 298 299 220
f 299 300 221
f 300 301 222
f 301 986 134
f 136 391 223
f 391 224 223
f 391 302 224
f 302 303 224
f 303 225 224
f 303 304 225
f 304 226 139
f 304 139 225
f 226 305 227
f 305 306 227
f 306 307 228
f 306 228 227
f 307 308 229
f 307 229 228
f 308 309 230
f 308 230 229
f 309 310 231
f 309 231 230
f 310 311 232
f 310 232 231
f 311 312 233
f 311 233 232
f 312 313 234
f 312 234 233
f 313 314 235
f 313 235 234
f 314 315 236
f 314 236 235
f 315 316 237
f 315 237 236
f 316 317 238
f 316 238 237
f 317 318 239
f 317 239 238
f 318 319 240
f 318 240 239
f 319 320 241
f 319 241 240
f 320 321 242
f 320 242 241
f 321 322 243
f 321 243 242
f 322 323 244
f 322 244 243
f 323 324 245
f 323 245 244
f 324 325 246
f 324 246 245
f 325 326 247
f 325 247 246
f 326 327 248
f 326 248 247
f 327 328 249
f 327 249 248
f 328 329 250
f 328 250 249
f 329 330 251
f 329 251 250
f 330 590 252
f 330 252 251
f 165 504 167
f 504 331 253
f 504 253 167
f 331 332 254
f 331 254 253
f 332 333 255
f 332 255 254
f 333 334 256
f 333 256 255
f 334 335 257
f 334 257 256
f 335 336 257
f 337 338 336
f 339 424 258
f 339 258 174
f 424 340 258
f 340 341 258
f 341 175 258
f 341 259 175
f 341 514 176
f 341 176 259
f 514 425 176
f 425 260 176
f 425 342 260
f 342 426 260
f 430 178 429
f 430 431 179
f 430 179 178
f 431 344 179
f 345 346 70
f 519 180 346
f 519 347 180
f 347 181 180
f 347 348 181
f 348 432 181
f 349 350 262
f 349 262 261
f 351 352 185
f 352 353 263
f 352 263 185
f 353 354 264
f 353 264 263
f 354 355 265
f 354 265 264
f 355 356 266
f 355 266 265
f 356 357 267
f 356 267 266
f 357 358 268
f 357 268 267
f 358 359 270
f 358 270 269
f 359 360 271
f 359 271 270
f 361 362 273
f 361 273 272
f 194 363 274
f 363 364 275
f 363 275 274
f 364 365 276
f 364 276 275
f 365 366 277
f 365 277 276
f 366 367 278
f 366 278 277
f 367 368 279
f 367 279 278
f 368 453 280
f 368 280 279
f 453 369 281
f 453 281 280
f 369 370 282
f 369 282 281
f 370 371 283
f 370 283 282
f 371 372 284
f 371 284 283
f 372 373 285
f 372 285 284
f 373 374 286
f 373 286 285
f 374 375 287
f 374 287 286
f 375 376 288
f 375 288 287
f 376 377 289
f 376 289 288
f 377 378 290
f 377 290 289
f 378 379 291
f 378 291 290
f 379 380 292
f 380 381 293
f 380 293 292
f 381 382 294
f 381 294 293
f 382 383 295
f 382 295 294
f 383 384 296
f 383 296 295
f 384 385 297
f 384 297 296
f 385 386 298
f 385 298 297
f 386 387 299
f 386 299 298
f 387 473 299
f 473 388 299
f 388 300 299
f 388 389 300
f 389 390 300
f 390 301 300
f 390 474 301
f 474 986 301
f 303 226 304
f 303 392 226
f 392 393 305
f 392 305 226
f 393 394 306
f 393 306 305
f 394 395 307
f 394 307 306
f 395 396 308
f 395 308 307
f 396 397 309
f 396 309 308
f 397 398 310
f 397 310 309
f 398 399 311
f 398 311 310
f 399 400 312
f 399 312 311
f 400 401 313
f 400 313 312
f 401 402 314
f 401 314 313
f 402 403 315
f 402 315 314
f 403 404 316
f 403 316 315
f 404 405 317
f 404 317 316
f 405 406 318
f 405 318 317
f 406 407 319
f 406 319 318
f 407 408 320
f 407 320 319
f 408 409 321
f 408 321 320
f 409 410 322
f 409 322 321
f 410 411 323
f 410 323 322
f 411 497 324
f 411 324 323
f 497 412 325
f 497 325 324
f 412 413 326
f 412 326 325
f 413 414 327
f 413 327 326
f 414 415 328
f 414 328 327
f 415 416 329
f 415 329 328
f 416 417 330
f 416 330 329
f 417 590 330
f 418 504 165
f 504 419 331
f 419 420 332
f 419 332 331
f 420 421 333
f 420 333 332
f 421 422 334
f 421 334 333
f 422 423 335
f 422 335 334
f 423 510 336
f 423 336 335
f 510 337 336
f 510 679 338
f 510 338 337
f 424 341 340
f 424 514 341
f 427 1030 343
f 427 343 426
f 431 518 344
f 345 519 346
f 519 348 347
f 433 434 350
f 433 350 349
f 435 352 351
f 435 351 184
f 436 437 353
f 436 353 352
f 437 438 354
f 437 354 353
f 438 439 355
f 438 355 354
f 439 440 356
f 439 356 355
f 440 441 357
f 440 357 356
f 441 442 358
f 441 358 357
f 442 443 359
f 442 359 358
f 443 444 360
f 443 360 359
f 445 446 362
f 445 362 361
f 194 447 363
f 447 448 364
f 447 364 363
f 448 449 365
f 448 365 364
f 449 450 366
f 449 366 365
f 450 451 367
f 450 367 366
f 451 452 368
f 451 368 367
f 452 453 368
f 454 455 369
f 454 369 453
f 455 456 370
f 455 370 369
f 456 457 371
f 456 371 370
f 457 458 372
f 457 372 371
f 458 459 373
f 458 373 372
f 459 460 374
f 459 374 373
f 460 461 375
f 460 375 374
f 461 462 376
f 461 376 375
f 462 463 377
f 462 377 376
f 463 464 378
f 463 378 377
f 464 465 379
f 464 379 378
f 465 553 379
f 553 466 380
f 553 380 379
f 466 467 381
f 466 381 380
f 467 468 382
f 467 382 381
f 468 469 383
f 468 383 382
f 469 470 384
f 469 384 383
f 470 471 385
f 470 385 384
f 471 472 386
f 471 386 385
f 472 387 386
f 389 474 390
f 727 562 302
f 727 302 391
f 562 475 303
f 562 303 302
f 475 476 303
f 476 563 303
f 563 642 303
f 642 477 392
f 642 392 303
f 477 478 393
f 477 393 392
f 478 479 394
f 478 394 393
f 479 480 395
f 479 395 394
f 480 481 396
f 480 396 395
f 481 482 397
f 481 397 396
f 482 483 398
f 482 398 397
f 483 484 399
f 483 399 398
f 484 485 400
f 484 400 399
f 485 486 401
f 485 401 400
f 486 487 402
f 486 402 401
f 487 488 403
f 487 403 402
f 488 489 404
f 488 404 403
f 489 490 405
f 489 405 404
f 490 491 406
f 490 406 405
f 491 492 407
f 491 407 406
f 492 493 408
f 492 408 407
f 493 494 409
f 493 409 408
f 494 495 410
f 494 410 409
f 495 496 411
f 495 411 410
f 496 497 411
f 663 498 412
f 663 412 497
f 498 499 413
f 498 413 412
f 499 500 414
f 499 414 413
f 500 501 415
f 500 415 414
f 501 502 416
f 501 416 415
f 502 503 417
f 502 417 416
f 503 590 417
f 504 505 419
f 505 506 420
f 505 420 419
f 506 507 421
f 506 421 420
f 507 508 422
f 507 422 421
f 508 509 423
f 508 423 422
f 509 510 423
f 511 679 510
f 512 596 424
f 512 424 339
f 596 513 424
f 513 514 424
f 599 342 425
f 599 515 342
f 515 426 342
f 515 767 426
f 767 427 426
f 177 938 428
f 938 516 429
f 938 429 428
f 516 430 429
f 516 517 430
f 517 431 430
f 517 600 431
f 600 518 431
f 601 602 519
f 602 348 519
f 602 520 348
f 520 772 432
f 520 432 348
f 521 522 434
f 521 434 433
f 435 523 352
f 523 524 436
f 523 436 352
f 524 525 437
f 524 437 436
f 525 526 438
f 525 438 437
f 526 527 439
f 526 439 438
f 527 528 440
f 527 440 439
f 528 529 441
f 528 441 440
f 529 442 441
f 530 531 443
f 530 443 442
f 531 532 444
f 531 444 443
f 533 534 446
f 533 446 445
f 535 536 447
f 535 447 194
f 536 537 448
f 536 448 447
f 537 538 449
f 537 449 448
f 538 539 450
f 538 450 449
f 539 540 451
f 539 451 450
f 540 541 452
f 540 452 451
f 541 542 453
f 541 453 452
f 542 454 453
f 542 543 455
f 542 455 454
f 543 544 456
f 543 456 455
f 544 545 457
f 544 457 456
f 545 546 458
f 545 458 457
f 546 547 459
f 546 459 458
f 547 548 460
f 547 460 459
f 548 549 461
f 548 461 460
f 549 550 462
f 549 462 461
f 550 551 463
f 550 463 462
f 551 552 464
f 551 464 463
f 552 553 465
f 552 465 464
f 553 554 466
f 554 555 467
f 554 467 466
f 555 556 468
f 555 468 467
f 556 557 469
f 556 469 468
f 557 558 470
f 557 470 469
f 558 559 471
f 558 471 470
f 559 560 472
f 559 472 471
f 560 638 387
f 560 387 472
f 638 724 473
f 638 473 387
f 724 639 473
f 639 388 473
f 639 561 389
f 639 389 388
f 561 474 389
f 561 640 474
f 640 986 474
f 562 563 476
f 562 476 475
f 642 564 477
f 564 565 478
f 564 478 477
f 565 566 479
f 565 479 478
f 566 567 480
f 566 480 479
f 567 568 481
f 567 481 480
f 568 569 482
f 568 482 481
f 569 570 483
f 569 483 482
f 570 571 484
f 570 484 483
f 571 572 485
f 571 485 484
f 572 573 486
f 572 486 485
f 573 574 487
f 573 487 486
f 574 575 488
f 574 488 487
f 575 576 489
f 575 489 488
f 576 577 490
f 576 490 489
f 577 578 491
f 577 491 490
f 578 579 492
f 578 492 491
f 579 580 493
f 579 493 492
f 580 581 494
f 580 494 493
f 581 582 495
f 581 495 494
f 582 583 496
f 582 496 495
f 583 663 497
f 583 497 496
f 663 584 498
f 584 585 499
f 584 499 498
f 585 586 500
f 585 500 499
f 586 587 501
f 586 501 500
f 587 588 502
f 587 502 501
f 588 589 503
f 588 503 502
f 589 590 503
f 418 671 504
f 671 591 505
f 671 505 504
f 591 592 506
f 591 506 505
f 592 593 507
f 592 507 506
f 593 594 508
f 593 508 507
f 594 595 509
f 594 509 508
f 595 677 510
f 595 510 509
f 677 511 510
f 677 679 511
f 596 597 513
f 597 514 513
f 597 598 514
f 598 425 514
f 767 1030 427
f 600 856 518
f 345 601 519
f 603 604 522
f 603 522 521
f 523 605 525
f 523 525 524
f 605 606 526
f 605 526 525
f 606 607 527
f 606 527 526
f 607 608 528
f 607 528 527
f 608 609 529
f 608 529 528
f 609 530 442
f 609 442 529
f 530 610 531
f 610 611 532
f 610 532 531
f 612 613 534
f 612 534 533
f 535 614 536
f 614 615 537
f 614 537 536
f 615 616 538
f 615 538 537
f 616 617 539
f 616 539 538
f 617 618 540
f 617 540 539
f 618 619 541
f 618 541 540
f 619 703 542
f 619 542 541
f 703 620 543
f 703 543 542
f 620 621 544
f 620 544 543
f 621 622 545
f 621 545 544
f 622 623 546
f 622 546 545
f 623 624 547
f 623 547 546
f 624 625 548
f 624 548 547
f 625 626 549
f 625 549 548
f 626 627 550
f 626 550 549
f 627 628 551
f 627 551 550
f 628 629 552
f 628 552 551
f 629 630 553
f 629 553 552
f 630 715 553
f 715 631 554
f 715 554 553
f 631 632 555
f 631 555 554
f 632 633 556
f 632 556 555
f 633 634 557
f 633 557 556
f 634 635 558
f 634 558 557
f 635 636 559
f 635 559 558
f 636 637 560
f 636 560 559
f 637 638 560
f 639 725 561
f 725 640 561
f 136 899 391
f 899 727 391
f 727 728 562
f 728 641 562
f 641 563 562
f 641 642 563
f 642 643 564
f 643 644 565
f 643 565 564
f 644 645 566
f 644 566 565
f 645 646 567
f 645 567 566
f 646 647 568
f 646 568 567
f 647 648 569
f 647 569 568
f 648 649 570
f 648 570 569
f 649 650 571
f 649 571 570
f 650 651 572
f 650 572 571
f 651 652 573
f 651 573 572
f 652 653 574
f 652 574 573
f 653 654 575
f 653 575 574
f 654 655 576
f 654 576 575
f 655 656 577
f 655 577 576
f 656 657 578
f 656 578 577
f 657 658 579
f 657 579 578
f 658 659 580
f 658 580 579
f 659 660 581
f 659 581 580
f 660 661 582
f 660 582 581
f 661 662 583
f 661 583 582
f 662 663 583
f 750 664 584
f 750 584 663
f 664 665 585
f 664 585 584
f 665 666 586
f 665 586 585
f 666 667 587
f 666 587 586
f 667 668 588
f 667 588 587
f 668 669 589
f 668 589 588
f 669 926 590
f 669 590 589
f 670 671 418
f 671 672 591
f 672 673 592
f 672 592 591
f 673 674 593
f 673 593 592
f 674 675 594
f 674 594 593
f 675 676 595
f 675 595 594
f 676 677 595
f 678 679 677
f 512 680 596
f 680 597 596
f 680 598 597
f 680 764 425
f 680 425 598
f 764 935 599
f 764 599 425
f 935 765 599
f 765 515 599
f 765 767 515
f 938 769 516
f 769 770 516
f 770 517 516
f 770 771 517
f 771 600 517
f 771 856 600
f 681 682 601
f 681 601 345
f 682 683 602
f 682 602 601
f 683 684 602
f 684 520 602
f 684 772 520
f 685 686 604
f 685 604 603
f 435 775 523
f 775 687 605
f 775 605 523
f 687 688 606
f 687 606 605
f 688 689 607
f 688 607 606
f 689 690 608
f 689 608 607
f 690 691 609
f 690 609 608
f 691 692 530
f 691 530 609
f 692 693 610
f 692 610 530
f 693 694 611
f 693 611 610
f 695 696 613
f 695 613 612
f 535 697 614
f 697 698 615
f 697 615 614
f 698 699 616
f 698 616 615
f 699 700 617
f 699 617 616
f 700 701 618
f 700 618 617
f 701 702 619
f 701 619 618
f 702 703 619
f 704 705 620
f 704 620 703
f 705 706 621
f 705 621 620
f 706 707 622
f 706 622 621
f 707 708 623
f 707 623 622
f 708 709 624
f 708 624 623
f 709 710 625
f 709 625 624
f 710 711 626
f 710 626 625
f 711 712 627
f 711 627 626
f 712 713 628
f 712 628 627
f 713 714 629
f 713 629 628
f 714 715 630
f 714 630 629
f 715 716 631
f 716 717 632
f 716 632 631
f 717 718 633
f 717 633 632
f 718 719 634
f 718 634 633
f 719 720 635
f 719 635 634
f 720 721 636
f 720 636 635
f 721 722 637
f 721 637 636
f 722 723 638
f 722 638 637
f 723 811 724
f 723 724 638
f 812 639 724
f 812 725 639
f 725 726 640
f 726 986 640
f 729 642 641
f 642 730 643
f 730 731 644
f 730 644 643
f 731 732 645
f 731 645 644
f 732 733 646
f 732 646 645
f 733 734 647
f 733 647 646
f 734 735 648
f 734 648 647
f 735 736 649
f 735 649 648
f 736 737 650
f 736 650 649
f 737 738 651
f 737 651 650
f 738 739 652
f 738 652 651
f 739 740 653
f 739 653 652
f 740 741 654
f 740 654 653
f 741 742 655
f 741 655 654
f 742 743 656
f 742 656 655
f 743 744 657
f 743 657 656
f 744 745 658
f 744 658 657
f 745 746 659
f 745 659 658
f 746 747 660
f 746 660 659
f 747 748 661
f 747 661 660
f 748 749 662
f 748 662 661
f 749 750 663
f 749 663 662
f 750 751 664
f 751 752 665
f 751 665 664
f 752 753 666
f 752 666 665
f 753 754 667
f 753 667 666
f 754 755 668
f 754 668 667
f 755 756 669
f 755 669 668
f 756 926 669
f 670 757 671
f 757 758 672
f 757 672 671
f 758 759 673
f 758 673 672
f 759 760 674
f 759 674 673
f 760 761 675
f 760 675 674
f 761 762 676
f 761 676 675
f 762 850 677
f 762 677 676
f 850 678 677
f 850 1023 679
f 850 679 678
f 512 852 680
f 852 853 680
f 853 763 680
f 763 764 680
f 766 767 765
f 768 938 177
f 773 774 686
f 773 686 685
f 775 776 687
f 776 777 688
f 776 688 687
f 777 778 689
f 777 689 688
f 778 779 690
f 778 690 689
f 779 780 691
f 779 691 690
f 780 692 691
f 781 782 693
f 781 693 692
f 782 783 694
f 782 694 693
f 784 785 696
f 784 696 695
f 535 786 697
f 786 787 698
f 786 698 697
f 787 788 699
f 787 699 698
f 788 789 700
f 788 700 699
f 789 790 701
f 789 701 700
f 790 791 702
f 790 702 701
f 791 792 703
f 791 703 702
f 792 704 703
f 792 793 705
f 792 705 704
f 793 794 706
f 793 706 705
f 794 795 707
f 794 707 706
f 795 796 708
f 795 708 707
f 796 797 709
f 796 709 708
f 797 798 710
f 797 710 709
f 798 799 711
f 798 711 710
f 799 800 712
f 799 712 711
f 800 801 713
f 800 713 712
f 801 802 714
f 801 714 713
f 802 803 715
f 802 715 714
f 803 887 715
f 887 804 716
f 887 716 715
f 804 805 717
f 804 717 716
f 805 806 718
f 805 718 717
f 806 807 719
f 806 719 718
f 807 808 720
f 807 720 719
f 808 809 721
f 808 721 720
f 809 810 722
f 809 722 721
f 810 723 722
f 811 812 724
f 813 897 725
f 813 725 812
f 897 814 725
f 814 726 725
f 814 986 726
f 899 815 727
f 815 728 727
f 815 816 728
f 816 641 728
f 641 817 729
f 817 642 729
f 817 818 730
f 817 730 642
f 818 819 731
f 818 731 730
f 819 820 732
f 819 732 731
f 820 821 733
f 820 733 732
f 821 822 734
f 821 734 733
f 822 823 735
f 822 735 734
f 823 824 736
f 823 736 735
f 824 825 737
f 824 737 736
f 825 826 738
f 825 738 737
f 826 827 739
f 826 739 738
f 827 828 740
f 827 740 739
f 828 829 741
f 828 741 740
f 829 830 742
f 829 742 741
f 830 831 743
f 830 743 742
f 831 832 744
f 831 744 743
f 832 833 745
f 832 745 744
f 833 834 746
f 833 746 745
f 834 835 747
f 834 747 746
f 835 836 748
f 835 748 747
f 836 837 749
f 836 749 748
f 837 838 750
f 837 750 749
f 838 839 751
f 838 751 750
f 839 840 752
f 839 752 751
f 840 841 753
f 840 753 752
f 841 842 754
f 841 754 753
f 842 843 755
f 842 755 754
f 843 844 756
f 843 756 755
f 844 926 756
f 670 928 757
f 928 845 758
f 928 758 757
f 845 846 759
f 845 759 758
f 846 847 760
f 846 760 759
f 847 848 761
f 847 761 760
f 848 849 762
f 848 762 761
f 849 850 762
f 851 1023 850
f 854 763 853
f 854 935 764
f 854 764 763
f 936 765 935
f 936 855 765
f 855 766 765
f 855 767 766
f 938 939 769
f 939 770 769
f 939 940 770
f 940 771 770
f 941 856 771
f 681 942 682
f 942 683 682
f 942 684 683
f 684 1220 772
f 857 858 774
f 857 774 773
f 859 860 775
f 859 775 435
f 860 861 776
f 860 776 775
f 861 862 777
f 861 777 776
f 862 863 778
f 862 778 777
f 863 864 779
f 863 779 778
f 864 865 780
f 864 780 779
f 865 781 692
f 865 692 780
f 781 866 782
f 866 867 783
f 866 783 782
f 868 869 785
f 868 785 784
f 870 871 786
f 870 786 535
f 871 872 787
f 871 787 786
f 872 873 788
f 872 788 787
f 873 874 789
f 873 789 788
f 874 875 790
f 874 790 789
f 875 876 791
f 875 791 790
f 876 962 792
f 876 792 791
f 962 877 793
f 962 793 792
f 877 878 794
f 877 794 793
f 878 879 795
f 878 795 794
f 879 880 796
f 879 796 795
f 880 881 797
f 880 797 796
f 881 882 798
f 881 798 797
f 882 883 799
f 882 799 798
f 883 884 800
f 883 800 799
f 884 885 801
f 884 801 800
f 885 886 802
f 885 802 801
f 886 887 803
f 886 803 802
f 887 888 804
f 888 889 805
f 888 805 804
f 889 890 806
f 889 806 805
f 890 891 807
f 890 807 806
f 891 892 808
f 891 808 807
f 892 893 809
f 892 809 808
f 893 894 810
f 893 810 809
f 894 811 723
f 894 723 810
f 982 895 811
f 895 896 812
f 895 812 811
f 896 897 812
f 897 813 812
f 897 898 814
f 898 986 814
f 900 641 816
f 900 817 641
f 817 901 818
f 901 902 819
f 901 819 818
f 902 903 820
f 902 820 819
f 903 904 821
f 903 821 820
f 904 905 822
f 904 822 821
f 905 906 823
f 905 823 822
f 906 907 824
f 906 824 823
f 907 908 825
f 907 825 824
f 908 909 826
f 908 826 825
f 909 910 827
f 909 827 826
f 910 911 828
f 910 828 827
f 911 912 829
f 911 829 828
f 912 913 830
f 912 830 829
f 913 914 831
f 913 831 830
f 914 915 832
f 914 832 831
f 915 916 833
f 915 833 832
f 916 917 834
f 916 834 833
f 917 918 835
f 917 835 834
f 918 919 836
f 918 836 835
f 919 920 837
f 919 837 836
f 920 838 837
f 838 921 840
f 838 840 839
f 921 922 841
f 921 841 840
f 922 923 842
f 922 842 841
f 923 924 843
f 923 843 842
f 924 925 844
f 924 844 843
f 925 926 844
f 927 928 670
f 928 929 845
f 929 930 846
f 929 846 845
f 930 931 847
f 930 847 846
f 931 932 848
f 931 848 847
f 932 933 849
f 932 849 848
f 933 1021 850
f 933 850 849
f 1021 851 850
f 1021 1023 851
f 512 1025 852
f 1025 853 852
f 1025 854 853
f 1025 934 854
f 934 935 854
f 937 855 936
f 1029 767 855
f 1029 1030 767
f 941 1033 856
f 943 684 942
f 943 1034 684
f 1034 1220 684
f 944 945 858
f 944 858 857
f 860 946 861
f 946 947 862
f 946 862 861
f 947 948 863
f 947 863 862
f 948 949 864
f 948 864 863
f 949 950 865
f 949 865 864
f 950 951 781
f 950 781 865
f 951 952 866
f 951 866 781
f 952 953 867
f 952 867 866
f 954 955 869
f 954 869 868
f 870 956 871
f 956 957 872
f 956 872 871
f 957 958 873
f 957 873 872
f 958 959 874
f 958 874 873
f 959 960 875
f 959 875 874
f 960 961 876
f 960 876 875
f 961 962 876
f 963 964 877
f 963 877 962
f 964 965 878
f 964 878 877
f 965 966 879
f 965 879 878
f 966 967 880
f 966 880 879
f 967 968 881
f 967 881 880
f 968 969 882
f 968 882 881
f 969 970 883
f 969 883 882
f 970 971 884
f 970 884 883
f 971 972 885
f 971 885 884
f 972 973 886
f 972 886 885
f 973 974 887
f 973 887 886
f 974 1066 887
f 1066 975 888
f 1066 888 887
f 975 976 889
f 975 889 888
f 976 977 890
f 976 890 889
f 977 978 891
f 977 891 890
f 978 979 892
f 978 892 891
f 979 980 893
f 979 893 892
f 980 981 894
f 980 894 893
f 981 811 894
f 982 983 896
f 982 896 895
f 983 897 896
f 983 1075 897
f 1075 984 897
f 984 898 897
f 984 985 898
f 985 986 898
f 136 1080 899
f 1080 1081 815
f 1080 815 899
f 1081 1082 815
f 1082 816 815
f 1082 987 816
f 987 900 816
f 987 1083 900
f 1083 817 900
f 1083 1084 817
f 1084 988 901
f 1084 901 817
f 988 989 902
f 988 902 901
f 989 990 903
f 989 903 902
f 990 991 904
f 990 904 903
f 991 992 905
f 991 905 904
f 992 993 906
f 992 906 905
f 993 994 907
f 993 907 906
f 994 995 908
f 994 908 907
f 995 996 909
f 995 909 908
f 996 997 910
f 996 910 909
f 997 998 911
f 997 911 910
f 998 999 912
f 998 912 911
f 999 1000 913
f 999 913 912
f 1000 1001 914
f 1000 914 913
f 1001 1002 915
f 1001 915 914
f 1002 1003 916
f 1002 916 915
f 1003 1004 917
f 1003 917 916
f 1004 1005 918
f 1004 918 917
f 1005 1006 919
f 1005 919 918
f 1006 1007 920
f 1006 920 919
f 1007 1105 838
f 1007 838 920
f 1105 1008 838
f 1008 1009 921
f 1008 921 838
f 1009 1010 922
f 1009 922 921
f 1010 1011 923
f 1010 923 922
f 1011 1012 924
f 1011 924 923
f 1012 1013 925
f 1012 925 924
f 1013 1295 926
f 1013 926 925
f 927 1014 928
f 1014 1015 929
f 1014 929 928
f 1015 1016 930
f 1015 930 929
f 1016 1017 931
f 1016 931 930
f 1017 1018 932
f 1017 932 931
f 1018 1019 933
f 1018 933 932
f 1019 1020 1021
f 1019 1021 933
f 1022 1023 1021
f 1024 1025 512
f 1026 1027 1025
f 1027 934 1025
f 1027 1119 935
f 1027 935 934
f 1119 1028 935
f 1028 936 935
f 1028 937 936
f 1028 1120 937
f 1120 855 937
f 1120 1029 855
f 768 1214 938
f 1214 1123 939
f 1214 939 938
f 1123 1031 939
f 1031 940 939
f 1031 1124 940
f 1124 1032 771
f 1124 771 940
f 1032 1125 771
f 1125 941 771
f 1125 1033 941
f 681 1127 942
f 1127 1034 942
f 1034 943 942
f 1035 1220 1034
f 1036 1037 945
f 1036 945 944
f 859 1131 860
f 1131 1038 860
f 860 1039 946
f 1039 1040 947
f 1039 947 946
f 1040 1041 948
f 1040 948 947
f 1041 1042 949
f 1041 949 948
f 1042 1043 950
f 1042 950 949
f 1043 951 950
f 1044 1045 952
f 1044 952 951
f 1045 1046 953
f 1045 953 952
f 1047 1048 955
f 1047 955 954
f 870 1049 956
f 1049 1050 957
f 1049 957 956
f 1050 1051 958
f 1050 958 957
f 1051 1052 959
f 1051 959 958
f 1052 1053 960
f 1052 960 959
f 1053 1054 961
f 1053 961 960
f 1054 1055 962
f 1054 962 961
f 1055 963 962
f 1055 1056 964
f 1055 964 963
f 1056 1057 965
f 1056 965 964
f 1057 1058 966
f 1057 966 965
f 1058 1059 967
f 1058 967 966
f 1059 1060 968
f 1059 968 967
f 1060 1061 969
f 1060 969 968
f 1061 1062 970
f 1061 970 969
f 1062 1063 971
f 1062 971 970
f 1063 1064 972
f 1063 972 971
f 1064 1065 973
f 1064 973 972
f 1065 1066 974
f 1065 974 973
f 1066 1067 975
f 1067 1068 976
f 1067 976 975
f 1068 1069 977
f 1068 977 976
f 1069 1070 978
f 1069 978 977
f 1070 1071 979
f 1070 979 978
f 1071 1072 980
f 1071 980 979
f 1072 1073 981
f 1072 981 980
f 1073 1165 811
f 1073 811 981
f 1165 1074 811
f 1074 982 811
f 1074 1166 982
f 1166 1075 982
f 1075 983 982
f 1076 984 1075
f 1076 1077 984
f 1077 1078 984
f 1078 985 984
f 1078 1079 985
f 1079 2078 986
f 1079 986 985
f 1083 987 1082
f 1084 1085 988
f 1085 1086 989
f 1085 989 988
f 1086 1087 990
f 1086 990 989
f 1087 1088 991
f 1087 991 990
f 1088 1089 992
f 1088 992 991
f 1089 1090 993
f 1089 993 992
f 1090 1091 994
f 1090 994 993
f 1091 1092 995
f 1091 995 994
f 1092 1093 996
f 1092 996 995
f 1093 1094 997
f 1093 997 996
f 1094 1095 998
f 1094 998 997
f 1095 1096 999
f 1095 999 998
f 1096 1097 1000
f 1096 1000 999
f 1097 1098 1001
f 1097 1001 1000
f 1098 1099 1002
f 1098 1002 1001
f 1099 1100 1003
f 1099 1003 1002
f 1100 1101 1004
f 1100 1004 1003
f 1101 1102 1005
f 1101 1005 1004
f 1102 1103 1006
f 1102 1006 1005
f 1103 1104 1007
f 1103 1007 1006
f 1104 1105 1007
f 1105 1106 1008
f 1106 1107 1009
f 1106 1009 1008
f 1107 1108 1010
f 1107 1010 1009
f 1108 1109 1011
f 1108 1011 1010
f 1109 1110 1012
f 1109 1012 1011
f 1110 1111 1013
f 1110 1013 1012
f 1111 1295 1013
f 927 1201 1014
f 1201 1112 1015
f 1201 1015 1014
f 1112 1113 1016
f 1112 1016 1015
f 1113 1114 1017
f 1113 1017 1016
f 1114 1115 1018
f 1114 1018 1017
f 1115 1116 1019
f 1115 1019 1018
f 1116 1208 1020
f 1116 1020 1019
f 1208 1021 1020
f 1208 1022 1021
f 1208 1392 1023
f 1208 1023 1022
f 1024 1210 1025
f 1210 1026 1025
f 1210 1117 1027
f 1210 1027 1026
f 1117 1118 1027
f 1118 1119 1027
f 1119 1120 1028
f 1121 1029 1120
f 1029 1399 1030
f 1122 1214 768
f 1123 1124 1031
f 1124 1125 1032
f 1125 1310 1033
f 1126 1127 681
f 1311 1034 1127
f 1311 1219 1034
f 1219 1128 1034
f 1128 1035 1034
f 1128 1220 1035
f 1129 1130 1037
f 1129 1037 1036
f 1038 1132 1039
f 1038 1039 860
f 1132 1133 1040
f 1132 1040 1039
f 1133 1134 1041
f 1133 1041 1040
f 1134 1135 1042
f 1134 1042 1041
f 1135 1136 1043
f 1135 1043 1042
f 1136 1044 951
f 1136 951 1043
f 1044 1137 1045
f 1137 1138 1046
f 1137 1046 1045
f 1139 1140 1048
f 1139 1048 1047
f 870 1141 1049
f 1141 1142 1050
f 1141 1050 1049
f 1142 1143 1051
f 1142 1051 1050
f 1143 1144 1052
f 1143 1052 1051
f 1144 1145 1053
f 1144 1053 1052
f 1145 1146 1054
f 1145 1054 1053
f 1146 1241 1055
f 1146 1055 1054
f 1241 1147 1056
f 1241 1056 1055
f 1147 1148 1057
f 1147 1057 1056
f 1148 1149 1058
f 1148 1058 1057
f 1149 1150 1059
f 1149 1059 1058
f 1150 1151 1060
f 1150 1060 1059
f 1151 1152 1061
f 1151 1061 1060
f 1152 1153 1062
f 1152 1062 1061
f 1153 1154 1063
f 1153 1063 1062
f 1154 1155 1064
f 1154 1064 1063
f 1155 1156 1065
f 1155 1065 1064
f 1156 1157 1066
f 1156 1066 1065
f 1157 1253 1066
f 1253 1158 1067
f 1253 1067 1066
f 1158 1159 1068
f 1158 1068 1067
f 1159 1160 1069
f 1159 1069 1068
f 1160 1161 1070
f 1160 1070 1069
f 1161 1162 1071
f 1161 1071 1070
f 1162 1163 1072
f 1162 1072 1071
f 1163 1164 1073
f 1163 1073 1072
f 1164 1165 1073
f 1165 1166 1074
f 1166 1167 1075
f 1167 1168 1075
f 1168 1076 1075
f 1168 1077 1076
f 1168 1169 1078
f 1168 1078 1077
f 1169 1170 1079
f 1169 1079 1078
f 1170 2078 1079
f 136 1171 1080
f 1171 1081 1080
f 1171 1082 1081
f 1171 1172 1082
f 1172 1083 1082
f 1172 1173 1083
f 1173 1267 1083
f 1267 1084 1083
f 1267 1174 1085
f 1267 1085 1084
f 1174 1175 1086
f 1174 1086 1085
f 1175 1176 1087
f 1175 1087 1086
f 1176 1177 1088
f 1176 1088 1087
f 1177 1178 1089
f 1177 1089 1088
f 1178 1179 1090
f 1178 1090 1089
f 1179 1180 1091
f 1179 1091 1090
f 1180 1181 1092
f 1180 1092 1091
f 1181 1182 1093
f 1181 1093 1092
f 1182 1183 1094
f 1182 1094 1093
f 1183 1184 1095
f 1183 1095 1094
f 1184 1185 1096
f 1184 1096 1095
f 1185 1186 1097
f 1185 1097 1096
f 1186 1187 1098
f 1186 1098 1097
f 1187 1188 1099
f 1187 1099 1098
f 1188 1189 1100
f 1188 1100 1099
f 1189 1190 1101
f 1189 1101 1100
f 1190 1191 1102
f 1190 1102 1101
f 1191 1192 1103
f 1191 1103 1102
f 1192 1193 1104
f 1192 1104 1103
f 1193 1288 1105
f 1193 1105 1104
f 1288 1194 1106
f 1288 1106 1105
f 1194 1195 1107
f 1194 1107 1106
f 1195 1196 1108
f 1195 1108 1107
f 1196 1197 1109
f 1196 1109 1108
f 1197 1198 1110
f 1197 1110 1109
f 1198 1199 1111
f 1198 1111 1110
f 1199 1295 1111
f 1200 1201 927
f 1201 1202 1112
f 1202 1203 1113
f 1202 1113 1112
f 1203 1204 1114
f 1203 1114 1113
f 1204 1205 1115
f 1204 1115 1114
f 1205 1206 1116
f 1205 1116 1115
f 1206 1207 1208
f 1206 1208 1116
f 1209 1392 1208
f 1211 1117 1210
f 1211 1118 1117
f 1211 1212 1118
f 1212 1304 1119
f 1212 1119 1118
f 1304 1213 1119
f 1213 1120 1119
f 1213 1305 1120
f 1305 1121 1120
f 1305 1307 1121
f 1307 1029 1121
f 1214 1308 1123
f 1308 1215 1123
f 1215 1124 1123
f 1215 1216 1124
f 1216 1309 1125
f 1216 1125 1124
f 1309 1217 1125
f 1217 1218 1125
f 1218 1310 1125
f 1126 1311 1127
f 1221 1222 1130
f 1221 1130 1129
f 1223 1315 1131
f 1223 1131 859
f 1315 1038 1131
f 1315 1224 1132
f 1315 1132 1038
f 1224 1225 1133
f 1224 1133 1132
f 1225 1226 1134
f 1225 1134 1133
f 1226 1227 1135
f 1226 1135 1134
f 1227 1228 1136
f 1227 1136 1135
f 1228 1229 1044
f 1228 1044 1136
f 1229 1230 1137
f 1229 1137 1044
f 1230 1231 1138
f 1230 1138 1137
f 1232 1233 1140
f 1232 1140 1139
f 1234 1235 1141
f 1234 1141 870
f 1235 1236 1142
f 1235 1142 1141
f 1236 1237 1143
f 1236 1143 1142
f 1237 1238 1144
f 1237 1144 1143
f 1238 1239 1145
f 1238 1145 1144
f 1239 1240 1146
f 1239 1146 1145
f 1240 1241 1146
f 1242 1243 1147
f 1242 1147 1241
f 1243 1244 1148
f 1243 1148 1147
f 1244 1245 1149
f 1244 1149 1148
f 1245 1246 1150
f 1245 1150 1149
f 1246 1247 1151
f 1246 1151 1150
f 1247 1248 1152
f 1247 1152 1151
f 1248 1249 1153
f 1248 1153 1152
f 1249 1250 1154
f 1249 1154 1153
f 1250 1251 1155
f 1250 1155 1154
f 1251 1252 1156
f 1251 1156 1155
f 1252 1253 1157
f 1252 1157 1156
f 1253 1254 1158
f 1254 1255 1159
f 1254 1159 1158
f 1255 1256 1160
f 1255 1160 1159
f 1256 1257 1161
f 1256 1161 1160
f 1257 1258 1162
f 1257 1162 1161
f 1258 1259 1163
f 1258 1163 1162
f 1259 1260 1164
f 1259 1164 1163
f 1260 1441 1165
f 1260 1165 1164
f 1441 1261 1165
f 1261 1166 1165
f 1261 1262 1166
f 1262 1167 1166
f 1262 1263 1168
f 1262 1168 1167
f 1263 1264 1168
f 1264 1354 1169
f 1264 1169 1168
f 1354 1170 1169
f 136 1265 1171
f 1266 1172 1171
f 1267 1173 1172
f 1267 1268 1174
f 1268 1269 1175
f 1268 1175 1174
f 1269 1270 1176
f 1269 1176 1175
f 1270 1271 1177
f 1270 1177 1176
f 1271 1272 1178
f 1271 1178 1177
f 1272 1273 1179
f 1272 1179 1178
f 1273 1274 1180
f 1273 1180 1179
f 1274 1275 1181
f 1274 1181 1180
f 1275 1276 1182
f 1275 1182 1181
f 1276 1277 1183
f 1276 1183 1182
f 1277 1278 1184
f 1277 1184 1183
f 1278 1279 1185
f 1278 1185 1184
f 1279 1280 1186
f 1279 1186 1185
f 1280 1281 1187
f 1280 1187 1186
f 1281 1282 1188
f 1281 1188 1187
f 1282 1283 1189
f 1282 1189 1188
f 1283 1284 1190
f 1283 1190 1189
f 1284 1285 1191
f 1284 1191 1190
f 1285 1286 1192
f 1285 1192 1191
f 1286 1287 1193
f 1286 1193 1192
f 1287 1288 1193
f 1288 1289 1194
f 1289 1290 1195
f 1289 1195 1194
f 1290 1291 1196
f 1290 1196 1195
f 1291 1292 1197
f 1291 1197 1196
f 1292 1293 1198
f 1292 1198 1197
f 1293 1294 1199
f 1293 1199 1198
f 1294 1295 1199
f 1200 1296 1201
f 1296 1297 1202
f 1296 1202 1201
f 1297 1298 1203
f 1297 1203 1202
f 1298 1299 1204
f 1298 1204 1203
f 1299 1300 1205
f 1299 1205 1204
f 1300 1301 1206
f 1300 1206 1205
f 1301 1390 1207
f 1301 1207 1206
f 1390 1208 1207
f 1390 1209 1208
f 1390 1392 1209
f 1024 1394 1210
f 1394 1211 1210
f 1394 1302 1211
f 1302 1303 1211
f 1303 1212 1211
f 1303 1304 1212
f 1304 1305 1213
f 1306 1307 1305
f 1307 1399 1029
f 1122 1308 1214
f 1215 1309 1216
f 1492 1219 1311
f 1492 1312 1219
f 1312 1402 1219
f 1402 1128 1219
f 1402 1584 1220
f 1402 1220 1128
f 1313 1314 1222
f 1313 1222 1221
f 1316 1317 1224
f 1316 1224 1315
f 1317 1318 1225
f 1317 1225 1224
f 1318 1319 1226
f 1318 1226 1225
f 1319 1320 1227
f 1319 1227 1226
f 1320 1321 1228
f 1320 1228 1227
f 1321 1229 1228
f 1322 1323 1230
f 1322 1230 1229
f 1323 1324 1231
f 1323 1231 1230
f 1325 1326 1233
f 1325 1233 1232
f 1234 1327 1235
f 1327 1328 1236
f 1327 1236 1235
f 1328 1329 1237
f 1328 1237 1236
f 1329 1330 1238
f 1329 1238 1237
f 1330 1331 1239
f 1330 1239 1238
f 1331 1332 1240
f 1331 1240 1239
f 1332 1333 1241
f 1332 1241 1240
f 1333 1242 1241
f 1333 1334 1243
f 1333 1243 1242
f 1334 1335 1244
f 1334 1244 1243
f 1335 1336 1245
f 1335 1245 1244
f 1336 1337 1246
f 1336 1246 1245
f 1337 1338 1247
f 1337 1247 1246
f 1338 1339 1248
f 1338 1248 1247
f 1339 1340 1249
f 1339 1249 1248
f 1340 1341 1250
f 1340 1250 1249
f 1341 1342 1251
f 1341 1251 1250
f 1342 1343 1252
f 1342 1252 1251
f 1343 1344 1253
f 1343 1253 1252
f 1344 1433 1253
f 1433 1345 1254
f 1433 1254 1253
f 1345 1346 1255
f 1345 1255 1254
f 1346 1347 1256
f 1346 1256 1255
f 1347 1348 1257
f 1347 1257 1256
f 1348 1349 1258
f 1348 1258 1257
f 1349 1350 1259
f 1349 1259 1258
f 1350 1351 1260
f 1350 1260 1259
f 1351 1441 1260
f 1441 1262 1261
f 1441 1352 1262
f 1352 1263 1262
f 1352 1264 1263
f 1352 1353 1264
f 1353 1354 1264
f 1353 1444 1354
f 1354 2078 1170
f 136 1355 1265
f 1355 1171 1265
f 1171 1356 1266
f 1356 1447 1172
f 1356 1172 1266
f 1447 1448 1267
f 1447 1267 1172
f 1448 1357 1267
f 1357 1358 1268
f 1357 1268 1267
f 1358 1359 1269
f 1358 1269 1268
f 1359 1360 1270
f 1359 1270 1269
f 1360 1361 1271
f 1360 1271 1270
f 1361 1362 1272
f 1361 1272 1271
f 1362 1363 1273
f 1362 1273 1272
f 1363 1364 1274
f 1363 1274 1273
f 1364 1365 1275
f 1364 1275 1274
f 1365 1366 1276
f 1365 1276 1275
f 1366 1367 1277
f 1366 1277 1276
f 1367 1368 1278
f 1367 1278 1277
f 1368 1369 1279
f 1368 1279 1278
f 1369 1370 1280
f 1369 1280 1279
f 1370 1371 1281
f 1370 1281 1280
f 1371 1372 1282
f 1371 1282 1281
f 1372 1373 1283
f 1372 1283 1282
f 1373 1374 1284
f 1373 1284 1283
f 1374 1375 1285
f 1374 1285 1284
f 1375 1376 1286
f 1375 1286 1285
f 1376 1377 1287
f 1376 1287 1286
f 1377 1470 1288
f 1377 1288 1287
f 1470 1378 1289
f 1470 1289 1288
f 1378 1379 1290
f 1378 1290 1289
f 1379 1380 1291
f 1379 1291 1290
f 1380 1381 1292
f 1380 1292 1291
f 1381 1382 1293
f 1381 1293 1292
f 1382 1383 1294
f 1382 1294 1293
f 1383 1659 1295
f 1383 1295 1294
f 1200 1478 1296
f 1478 1384 1297
f 1478 1297 1296
f 1384 1385 1298
f 1384 1298 1297
f 1385 1386 1299
f 1385 1299 1298
f 1386 1387 1300
f 1386 1300 1299
f 1387 1388 1301
f 1387 1301 1300
f 1388 1389 1390
f 1388 1390 1301
f 1391 1392 1390
f 1393 1394 1024
f 1395 1302 1394
f 1395 1303 1302
f 1395 1396 1303
f 1396 1484 1304
f 1396 1304 1303
f 1484 1397 1304
f 1397 1485 1304
f 1485 1305 1304
f 1485 1398 1305
f 1398 1306 1305
f 1398 1487 1306
f 1487 1307 1306
f 1400 1671 1308
f 1400 1308 1122
f 1671 1488 1308
f 1488 1489 1308
f 1489 1215 1308
f 1489 1401 1215
f 1401 1309 1215
f 1401 1490 1217
f 1401 1217 1309
f 1490 1218 1217
f 1490 1580 1310
f 1490 1310 1218
f 1126 1492 1311
f 1492 1402 1312
f 1403 1584 1402
f 1404 1405 1314
f 1404 1314 1313
f 1406 1407 1315
f 1406 1315 1223
f 1407 1316 1315
f 1407 1408 1317
f 1407 1317 1316
f 1408 1409 1318
f 1408 1318 1317
f 1409 1410 1319
f 1409 1319 1318
f 1410 1411 1320
f 1410 1320 1319
f 1411 1412 1321
f 1411 1321 1320
f 1412 1322 1229
f 1412 1229 1321
f 1322 1413 1323
f 1413 1414 1324
f 1413 1324 1323
f 1415 1416 1326
f 1415 1326 1325
f 1234 1417 1327
f 1417 1418 1328
f 1417 1328 1327
f 1418 1419 1329
f 1418 1329 1328
f 1419 1420 1330
f 1419 1330 1329
f 1420 1421 1331
f 1420 1331 1330
f 1421 1422 1332
f 1421 1332 1331
f 1422 1512 1333
f 1422 1333 1332
f 1512 1423 1334
f 1512 1334 1333
f 1423 1424 1335
f 1423 1335 1334
f 1424 1425 1336
f 1424 1336 1335
f 1425 1426 1337
f 1425 1337 1336
f 1426 1427 1338
f 1426 1338 1337
f 1427 1428 1339
f 1427 1339 1338
f 1428 1429 1340
f 1428 1340 1339
f 1429 1430 1341
f 1429 1341 1340
f 1430 1431 1342
f 1430 1342 1341
f 1431 1432 1343
f 1431 1343 1342
f 1432 1433 1344
f 1432 1344 1343
f 1433 1434 1345
f 1434 1435 1346
f 1434 1346 1345
f 1435 1436 1347
f 1435 1347 1346
f 1436 1437 1348
f 1436 1348 1347
f 1437 1438 1349
f 1437 1349 1348
f 1438 1439 1350
f 1438 1350 1349
f 1439 1440 1351
f 1439 1351 1350
f 1440 1441 1351
f 1442 1352 1441
f 1442 1533 1352
f 1533 1443 1352
f 1443 1534 1352
f 1534 1353 1352
f 1534 1444 1353
f 1445 1354 1444
f 1445 2078 1354
f 136 1446 1355
f 1446 1537 1171
f 1446 1171 1355
f 1537 1356 1171
f 1537 1447 1356
f 1448 1449 1357
f 1449 1539 1357
f 1539 1450 1358
f 1539 1358 1357
f 1450 1451 1359
f 1450 1359 1358
f 1451 1452 1360
f 1451 1360 1359
f 1452 1453 1361
f 1452 1361 1360
f 1453 1454 1362
f 1453 1362 1361
f 1454 1455 1363
f 1454 1363 1362
f 1455 1456 1364
f 1455 1364 1363
f 1456 1457 1365
f 1456 1365 1364
f 1457 1458 1366
f 1457 1366 1365
f 1458 1459 1367
f 1458 1367 1366
f 1459 1460 1368
f 1459 1368 1367
f 1460 1461 1369
f 1460 1369 1368
f 1461 1462 1370
f 1461 1370 1369
f 1462 1463 1371
f 1462 1371 1370
f 1463 1464 1372
f 1463 1372 1371
f 1464 1465 1373
f 1464 1373 1372
f 1465 1466 1374
f 1465 1374 1373
f 1466 1467 1375
f 1466 1375 1374
f 1467 1468 1376
f 1467 1376 1375
f 1468 1469 1377
f 1468 1377 1376
f 1469 1470 1377
f 1470 1471 1378
f 1471 1472 1379
f 1471 1379 1378
f 1472 1473 1380
f 1472 1380 1379
f 1473 1474 1381
f 1473 1381 1380
f 1474 1475 1382
f 1474 1382 1381
f 1475 1476 1383
f 1475 1383 1382
f 1476 1659 1383
f 1477 1478 1200
f 1478 1479 1384
f 1479 1480 1385
f 1479 1385 1384
f 1480 1481 1386
f 1480 1386 1385
f 1481 1482 1387
f 1481 1387 1386
f 1482 1483 1388
f 1482 1388 1387
f 1483 1573 1389
f 1483 1389 1388
f 1573 1390 1389
f 1573 1391 1390
f 1573 1761 1392
f 1573 1392 1391
f 1393 1575 1394
f 1575 1395 1394
f 1575 1484 1395
f 1484 1396 1395
f 1484 1485 1397
f 1486 1398 1485
f 1486 1487 1398
f 1669 1307 1487
f 1669 1768 1399
f 1669 1399 1307
f 1491 1492 1126
f 1493 1402 1492
f 1493 1403 1402
f 1494 1495 1405
f 1494 1405 1404
f 1587 1496 1408
f 1587 1408 1407
f 1496 1497 1409
f 1496 1409 1408
f 1497 1498 1410
f 1497 1410 1409
f 1498 1499 1411
f 1498 1411 1410
f 1499 1500 1412
f 1499 1412 1411
f 1500 1501 1322
f 1500 1322 1412
f 1501 1502 1413
f 1501 1413 1322
f 1502 1503 1414
f 1502 1414 1413
f 1504 1505 1416
f 1504 1416 1415
f 1234 1506 1417
f 1506 1507 1418
f 1506 1418 1417
f 1507 1508 1419
f 1507 1419 1418
f 1508 1509 1420
f 1508 1420 1419
f 1509 1510 1421
f 1509 1421 1420
f 1510 1511 1422
f 1510 1422 1421
f 1511 1512 1422
f 1513 1514 1423
f 1513 1423 1512
f 1514 1515 1424
f 1514 1424 1423
f 1515 1516 1425
f 1515 1425 1424
f 1516 1517 1426
f 1516 1426 1425
f 1517 1518 1427
f 1517 1427 1426
f 1518 1519 1428
f 1518 1428 1427
f 1519 1520 1429
f 1519 1429 1428
f 1520 1521 1430
f 1520 1430 1429
f 1521 1522 1431
f 1521 1431 1430
f 1522 1523 1432
f 1522 1432 1431
f 1523 1524 1433
f 1523 1433 1432
f 1524 1615 1433
f 1615 1525 1434
f 1615 1434 1433
f 1525 1526 1435
f 1525 1435 1434
f 1526 1527 1436
f 1526 1436 1435
f 1527 1528 1437
f 1527 1437 1436
f 1528 1529 1438
f 1528 1438 1437
f 1529 1530 1439
f 1529 1439 1438
f 1530 1531 1440
f 1530 1440 1439
f 1531 1532 1441
f 1531 1441 1440
f 1532 1442 1441
f 1532 1533 1442
f 1533 1534 1443
f 1625 1535 1534
f 1535 1444 1534
f 1535 1445 1444
f 1536 1628 1446
f 1536 1446 136
f 1628 1537 1446
f 1538 1447 1537
f 1538 1629 1447
f 1629 1448 1447
f 1629 1630 1448
f 1630 1539 1448
f 1539 1449 1448
f 1539 1540 1450
f 1540 1541 1451
f 1540 1451 1450
f 1541 1542 1452
f 1541 1452 1451
f 1542 1543 1453
f 1542 1453 1452
f 1543 1544 1454
f 1543 1454 1453
f 1544 1545 1455
f 1544 1455 1454
f 1545 1546 1456
f 1545 1456 1455
f 1546 1547 1457
f 1546 1457 1456
f 1547 1548 1458
f 1547 1458 1457
f 1548 1549 1459
f 1548 1459 1458
f 1549 1550 1460
f 1549 1460 1459
f 1550 1551 1461
f 1550 1461 1460
f 1551 1552 1462
f 1551 1462 1461
f 1552 1553 1463
f 1552 1463 1462
f 1553 1554 1464
f 1553 1464 1463
f 1554 1555 1465
f 1554 1465 1464
f 1555 1556 1466
f 1555 1466 1465
f 1556 1557 1467
f 1556 1467 1466
f 1557 1558 1468
f 1557 1468 1467
f 1558 1559 1469
f 1558 1469 1468
f 1559 1652 1470
f 1559 1470 1469
f 1652 1560 1471
f 1652 1471 1470
f 1560 1561 1472
f 1560 1472 1471
f 1561 1562 1473
f 1561 1473 1472
f 1562 1563 1474
f 1562 1474 1473
f 1563 1564 1475
f 1563 1475 1474
f 1564 1565 1476
f 1564 1476 1475
f 1565 1659 1476
f 1477 1566 1478
f 1566 1567 1479
f 1566 1479 1478
f 1567 1568 1480
f 1567 1480 1479
f 1568 1569 1481
f 1568 1481 1480
f 1569 1570 1482
f 1569 1482 1481
f 1570 1571 1483
f 1570 1483 1482
f 1571 1572 1573
f 1571 1573 1483
f 1574 1761 1573
f 1576 1484 1575
f 1576 1665 1484
f 1665 1577 1484
f 1577 1667 1484
f 1667 1578 1484
f 1578 1485 1484
f 1578 1486 1485
f 1578 1579 1486
f 1579 1487 1486
f 1579 1669 1487
f 1671 1672 1489
f 1671 1489 1488
f 1672 1673 1401
f 1672 1401 1489
f 1673 1674 1490
f 1673 1490 1401
f 1674 1675 1490
f 1675 1580 1490
f 1491 1677 1492
f 1677 1493 1492
f 1677 1581 1493
f 1581 1582 1493
f 1582 1403 1493
f 1582 1583 1403
f 1583 1584 1403
f 1585 1680 1495
f 1585 1495 1494
f 1406 1681 1407
f 1681 1586 1407
f 1586 1587 1407
f 1587 1588 1496
f 1588 1589 1497
f 1588 1497 1496
f 1589 1590 1498
f 1589 1498 1497
f 1590 1591 1499
f 1590 1499 1498
f 1591 1592 1500
f 1591 1500 1499
f 1592 1501 1500
f 1593 1594 1502
f 1593 1502 1501
f 1594 1688 1503
f 1594 1503 1502
f 1595 1596 1505
f 1595 1505 1504
f 1597 1598 1506
f 1597 1506 1234
f 1598 1599 1507
f 1598 1507 1506
f 1599 1600 1508
f 1599 1508 1507
f 1600 1601 1509
f 1600 1509 1508
f 1601 1602 1510
f 1601 1510 1509
f 1602 1603 1511
f 1602 1511 1510
f 1603 1604 1512
f 1603 1512 1511
f 1604 1513 1512
f 1604 1605 1514
f 1604 1514 1513
f 1605 1606 1515
f 1605 1515 1514
f 1606 1607 1516
f 1606 1516 1515
f 1607 1608 1517
f 1607 1517 1516
f 1608 1609 1518
f 1608 1518 1517
f 1609 1610 1519
f 1609 1519 1518
f 1610 1611 1520
f 1610 1520 1519
f 1611 1612 1521
f 1611 1521 1520
f 1612 1613 1522
f 1612 1522 1521
f 1613 1614 1523
f 1613 1523 1522
f 1614 1615 1524
f 1614 1524 1523
f 1615 1616 1525
f 1616 1617 1526
f 1616 1526 1525
f 1617 1618 1527
f 1617 1527 1526
f 1618 1619 1528
f 1618 1528 1527
f 1619 1620 1529
f 1619 1529 1528
f 1620 1621 1530
f 1620 1530 1529
f 1621 1622 1531
f 1621 1531 1530
f 1622 1715 1532
f 1622 1532 1531
f 1715 1623 1533
f 1715 1533 1532
f 1623 1624 1533
f 1624 1534 1533
f 1624 1625 1534
f 1625 1626 1535
f 1626 1445 1535
f 1627 2078 1445
f 1628 1538 1537
f 1628 1629 1538
f 1630 1631 1539
f 1631 1724 1539
f 1724 1632 1540
f 1724 1540 1539
f 1632 1633 1541
f 1632 1541 1540
f 1633 1634 1542
f 1633 1542 1541
f 1634 1635 1543
f 1634 1543 1542
f 1635 1636 1544
f 1635 1544 1543
f 1636 1637 1545
f 1636 1545 1544
f 1637 1638 1546
f 1637 1546 1545
f 1638 1639 1547
f 1638 1547 1546
f 1639 1640 1548
f 1639 1548 1547
f 1640 1641 1549
f 1640 1549 1548
f 1641 1642 1550
f 1641 1550 1549
f 1642 1643 1551
f 1642 1551 1550
f 1643 1644 1552
f 1643 1552 1551
f 1644 1645 1553
f 1644 1553 1552
f 1645 1646 1554
f 1645 1554 1553
f 1646 1647 1555
f 1646 1555 1554
f 1647 1648 1556
f 1647 1556 1555
f 1648 1649 1557
f 1648 1557 1556
f 1649 1650 1558
f 1649 1558 1557
f 1650 1651 1559
f 1650 1559 1558
f 1651 1652 1559
f 1652 1653 1560
f 1653 1654 1561
f 1653 1561 1560
f 1654 1655 1562
f 1654 1562 1561
f 1655 1656 1563
f 1655 1563 1562
f 1656 1657 1564
f 1656 1564 1563
f 1657 1658 1565
f 1657 1565 1564
f 1658 1659 1565
f 1477 1752 1566
f 1752 1660 1567
f 1752 1567 1566
f 1660 1661 1568
f 1660 1568 1567
f 1661 1662 1569
f 1661 1569 1568
f 1662 1663 1570
f 1662 1570 1569
f 1663 1664 1571
f 1663 1571 1570
f 1664 1759 1572
f 1664 1572 1571
f 1759 1573 1572
f 1759 1574 1573
f 1759 1761 1574
f 1393 1763 1575
f 1763 1665 1575
f 1665 1576 1575
f 1666 1667 1665
f 1667 1577 1665
f 1668 1579 1578
f 1668 1669 1579
f 1854 1768 1669
f 1670 1671 1400
f 1675 1771 1580
f 1676 1772 1677
f 1676 1677 1491
f 1677 1582 1581
f 1677 1678 1583
f 1677 1583 1582
f 1678 2116 1584
f 1678 1584 1583
f 1679 1680 1585
f 1586 1682 1588
f 1586 1588 1587
f 1682 1683 1589
f 1682 1589 1588
f 1683 1684 1590
f 1683 1590 1589
f 1684 1685 1591
f 1684 1591 1590
f 1685 1686 1592
f 1685 1592 1591
f 1686 1593 1501
f 1686 1501 1592
f 1593 1687 1594
f 1687 1688 1594
f 1689 1690 1596
f 1689 1596 1595
f 1597 1691 1598
f 1691 1692 1599
f 1691 1599 1598
f 1692 1693 1600
f 1692 1600 1599
f 1693 1694 1601
f 1693 1601 1600
f 1694 1695 1602
f 1694 1602 1601
f 1695 1696 1603
f 1695 1603 1602
f 1696 1790 1604
f 1696 1604 1603
f 1790 1697 1605
f 1790 1605 1604
f 1697 1698 1606
f 1697 1606 1605
f 1698 1699 1607
f 1698 1607 1606
f 1699 1700 1608
f 1699 1608 1607
f 1700 1701 1609
f 1700 1609 1608
f 1701 1702 1610
f 1701 1610 1609
f 1702 1703 1611
f 1702 1611 1610
f 1703 1704 1612
f 1703 1612 1611
f 1704 1705 1613
f 1704 1613 1612
f 1705 1706 1614
f 1705 1614 1613
f 1706 1707 1615
f 1706 1615 1614
f 1707 1802 1615
f 1802 1708 1616
f 1802 1616 1615
f 1708 1709 1617
f 1708 1617 1616
f 1709 1710 1618
f 1709 1618 1617
f 1710 1711 1619
f 1710 1619 1618
f 1711 1712 1620
f 1711 1620 1619
f 1712 1713 1621
f 1712 1621 1620
f 1713 1714 1622
f 1713 1622 1621
f 1714 1715 1622
f 1716 1623 1715
f 1716 1624 1623
f 1716 1717 1624
f 1717 1718 1625
f 1717 1625 1624
f 1718 1719 1625
f 1719 1626 1625
f 1719 1720 1445
f 1719 1445 1626
f 1720 1627 1445
f 1720 2078 1627
f 1536 1813 1628
f 1721 1722 1628
f 1722 1629 1628
f 1722 1630 1629
f 1722 1723 1630
f 1723 1724 1630
f 1724 1631 1630
f 1724 1725 1632
f 1725 1726 1633
f 1725 1633 1632
f 1726 1727 1634
f 1726 1634 1633
f 1727 1728 1635
f 1727 1635 1634
f 1728 1729 1636
f 1728 1636 1635
f 1729 1730 1637
f 1729 1637 1636
f 1730 1731 1638
f 1730 1638 1637
f 1731 1732 1639
f 1731 1639 1638
f 1732 1733 1640
f 1732 1640 1639
f 1733 1734 1641
f 1733 1641 1640
f 1734 1735 1642
f 1734 1642 1641
f 1735 1736 1643
f 1735 1643 1642
f 1736 1737 1644
f 1736 1644 1643
f 1737 1738 1645
f 1737 1645 1644
f 1738 1739 1646
f 1738 1646 1645
f 1739 1740 1647
f 1739 1647 1646
f 1740 1741 1648
f 1740 1648 1647
f 1741 1742 1649
f 1741 1649 1648
f 1742 1743 1650
f 1742 1650 1649
f 1743 1744 1651
f 1743 1651 1650
f 1744 1836 1652
f 1744 1652 1651
f 1836 1745 1653
f 1836 1653 1652
f 1745 1746 1654
f 1745 1654 1653
f 1746 1747 1655
f 1746 1655 1654
f 1747 1748 1656
f 1747 1656 1655
f 1748 1749 1657
f 1748 1657 1656
f 1749 1750 1658
f 1749 1658 1657
f 1750 1843 1659
f 1750 1659 1658
f 1751 1752 1477
f 1752 1753 1660
f 1753 1754 1661
f 1753 1661 1660
f 1754 1755 1662
f 1754 1662 1661
f 1755 1756 1663
f 1755 1663 1662
f 1756 1757 1664
f 1756 1664 1663
f 1757 1758 1759
f 1757 1759 1664
f 1760 1761 1759
f 1762 1763 1393
f 1763 1764 1665
f 1764 1765 1665
f 1765 1666 1665
f 1765 1667 1666
f 1765 1852 1667
f 1852 1578 1667
f 1852 1766 1578
f 1766 1668 1578
f 1766 1767 1668
f 1767 1669 1668
f 1767 1853 1669
f 1853 1854 1669
f 1769 2031 1671
f 1769 1671 1670
f 2031 1855 1671
f 1855 1672 1671
f 1855 1856 1672
f 1856 1673 1672
f 1856 1770 1673
f 1770 1674 1673
f 1770 1675 1674
f 1770 1857 1675
f 1857 1771 1675
f 1772 1858 1677
f 1858 1773 1677
f 1773 1678 1677
f 1774 1860 1680
f 1774 1680 1679
f 1775 1861 1681
f 1775 1681 1406
f 1861 1586 1681
f 1861 1776 1682
f 1861 1682 1586
f 1776 1777 1683
f 1776 1683 1682
f 1777 1778 1684
f 1777 1684 1683
f 1778 1779 1685
f 1778 1685 1684
f 1779 1780 1686
f 1779 1686 1685
f 1780 1781 1593
f 1780 1593 1686
f 1781 1782 1687
f 1781 1687 1593
f 1782 1869 1688
f 1782 1688 1687
f 1783 1784 1690
f 1783 1690 1689
f 1597 1785 1691
f 1785 1786 1692
f 1785 1692 1691
f 1786 1787 1693
f 1786 1693 1692
f 1787 1788 1694
f 1787 1694 1693
f 1788 1789 1695
f 1788 1695 1694
f 1789 1877 1696
f 1789 1696 1695
f 1877 1790 1696
f 1791 1792 1697
f 1791 1697 1790
f 1792 1793 1698
f 1792 1698 1697
f 1793 1794 1699
f 1793 1699 1698
f 1794 1795 1700
f 1794 1700 1699
f 1795 1796 1701
f 1795 1701 1700
f 1796 1797 1702
f 1796 1702 1701
f 1797 1798 1703
f 1797 1703 1702
f 1798 1799 1704
f 1798 1704 1703
f 1799 1800 1705
f 1799 1705 1704
f 1800 1801 1706
f 1800 1706 1705
f 1801 1802 1707
f 1801 1707 1706
f 1802 1803 1708
f 1803 1804 1709
f 1803 1709 1708
f 1804 1805 1710
f 1804 1710 1709
f 1805 1806 1711
f 1805 1711 1710
f 1806 1807 1712
f 1806 1712 1711
f 1807 1808 1713
f 1807 1713 1712
f 1808 1809 1714
f 1808 1714 1713
f 1809 1810 1715
f 1809 1715 1714
f 1810 1897 1716
f 1810 1716 1715
f 1897 1811 1716
f 1811 1717 1716
f 1811 1718 1717
f 1811 1812 1719
f 1811 1719 1718
f 1812 1720 1719
f 1902 2078 1720
f 1813 1903 1628
f 1903 1721 1628
f 1903 1722 1721
f 1814 1723 1722
f 1814 1724 1723
f 1814 1904 1724
f 1904 1815 1724
f 1815 1816 1725
f 1815 1725 1724
f 1816 1817 1726
f 1816 1726 1725
f 1817 1818 1727
f 1817 1727 1726
f 1818 1819 1728
f 1818 1728 1727
f 1819 1820 1729
f 1819 1729 1728
f 1820 1821 1730
f 1820 1730 1729
f 1821 1822 1731
f 1821 1731 1730
f 1822 1823 1732
f 1822 1732 1731
f 1823 1824 1733
f 1823 1733 1732
f 1824 1825 1734
f 1824 1734 1733
f 1825 1826 1735
f 1825 1735 1734
f 1826 1827 1736
f 1826 1736 1735
f 1827 1828 1737
f 1827 1737 1736
f 1828 1829 1738
f 1828 1738 1737
f 1829 1830 1739
f 1829 1739 1738
f 1830 1831 1740
f 1830 1740 1739
f 1831 1832 1741
f 1831 1741 1740
f 1832 1833 1742
f 1832 1742 1741
f 1833 1834 1743
f 1833 1743 1742
f 1834 1835 1744
f 1834 1744 1743
f 1835 1836 1744
f 1836 1837 1745
f 1837 1838 1746
f 1837 1746 1745
f 1838 1839 1747
f 1838 1747 1746
f 1839 1840 1748
f 1839 1748 1747
f 1840 1841 1749
f 1840 1749 1748
f 1841 1842 1750
f 1841 1750 1749
f 1842 1843 1750
f 1751 1844 1752
f 1844 1845 1753
f 1844 1753 1752
f 1845 1846 1754
f 1845 1754 1753
f 1846 1847 1755
f 1846 1755 1754
f 1847 1848 1756
f 1847 1756 1755
f 1848 1849 1757
f 1848 1757 1756
f 1849 1937 1758
f 1849 1758 1757
f 1937 1759 1758
f 1937 1760 1759
f 1937 2095 1761
f 1937 1761 1760
f 1762 1939 1763
f 1939 1764 1763
f 1939 1850 1765
f 1939 1765 1764
f 1850 1851 1765
f 1851 1852 1765
f 1853 1767 1766
f 1854 2030 1768
f 1943 1770 1856
f 1857 2035 1771
f 1676 1946 1772
f 1946 1858 1772
f 1858 1859 1678
f 1858 1678 1773
f 1859 2116 1678
f 1862 1863 1776
f 1862 1776 1861
f 1863 1864 1777
f 1863 1777 1776
f 1864 1865 1778
f 1864 1778 1777
f 1865 1866 1779
f 1865 1779 1778
f 1866 1867 1780
f 1866 1780 1779
f 1867 1781 1780
f 1868 1782 1781
f 1868 1869 1782
f 1870 1871 1784
f 1870 1784 1783
f 1597 1872 1785
f 1872 1873 1786
f 1872 1786 1785
f 1873 1874 1787
f 1873 1787 1786
f 1874 1875 1788
f 1874 1788 1787
f 1875 1876 1789
f 1875 1789 1788
f 1876 1877 1789
f 1877 1878 1790
f 1878 1791 1790
f 1878 1879 1792
f 1878 1792 1791
f 1879 1880 1793
f 1879 1793 1792
f 1880 1881 1794
f 1880 1794 1793
f 1881 1882 1795
f 1881 1795 1794
f 1882 1883 1796
f 1882 1796 1795
f 1883 1884 1797
f 1883 1797 1796
f 1884 1885 1798
f 1884 1798 1797
f 1885 1886 1799
f 1885 1799 1798
f 1886 1887 1800
f 1886 1800 1799
f 1887 1888 1801
f 1887 1801 1800
f 1888 1889 1802
f 1888 1802 1801
f 1889 1973 1802
f 1973 1890 1803
f 1973 1803 1802
f 1890 1891 1804
f 1890 1804 1803
f 1891 1892 1805
f 1891 1805 1804
f 1892 1893 1806
f 1892 1806 1805
f 1893 1894 1807
f 1893 1807 1806
f 1894 1895 1808
f 1894 1808 1807
f 1895 1896 1809
f 1895 1809 1808
f 1896 1897 1810
f 1896 1810 1809
f 1897 1898 1811
f 1898 1899 1811
f 1899 1900 1811
f 1900 1901 1811
f 1901 1812 1811
f 1901 1902 1812
f 1902 1720 1812
f 1536 1985 1813
f 1985 1903 1813
f 1986 1722 1903
f 1986 1987 1722
f 1987 1814 1722
f 1987 1904 1814
f 1815 1905 1816
f 1905 1906 1817
f 1905 1817 1816
f 1906 1907 1818
f 1906 1818 1817
f 1907 1908 1819
f 1907 1819 1818
f 1908 1909 1820
f 1908 1820 1819
f 1909 1910 1821
f 1909 1821 1820
f 1910 1911 1822
f 1910 1822 1821
f 1911 1912 1823
f 1911 1823 1822
f 1912 1913 1824
f 1912 1824 1823
f 1913 1825 1824
f 1913 1914 1825
f 1914 1915 1826
f 1914 1826 1825
f 1915 1916 1827
f 1915 1827 1826
f 1916 1917 1828
f 1916 1828 1827
f 1917 1918 1829
f 1917 1829 1828
f 1918 1919 1830
f 1918 1830 1829
f 1919 1920 1831
f 1919 1831 1830
f 1920 1921 1832
f 1920 1832 1831
f 1921 1922 1833
f 1921 1833 1832
f 1922 1923 1834
f 1922 1834 1833
f 1923 1924 1835
f 1923 1835 1834
f 1924 1836 1835
f 1924 2008 1836
f 2008 1925 1837
f 2008 1837 1836
f 1925 1926 1838
f 1925 1838 1837
f 1926 1927 1839
f 1926 1839 1838
f 1927 1928 1840
f 1927 1840 1839
f 1928 1929 1841
f 1928 1841 1840
f 1929 1930 1842
f 1929 1842 1841
f 1930 2015 1843
f 1930 1843 1842
f 1751 2017 1844
f 2017 1931 1845
f 2017 1845 1844
f 1931 1932 1846
f 1931 1846 1845
f 1932 1933 1847
f 1932 1847 1846
f 1933 1934 1848
f 1933 1848 1847
f 1934 1935 1849
f 1934 1849 1848
f 1935 1936 1937
f 1935 1937 1849
f 1938 2095 1937
f 1940 1850 1939
f 1940 1851 1850
f 1940 1941 1851
f 1941 2026 1852
f 1941 1852 1851
f 2026 1942 1852
f 1942 1766 1852
f 1942 2027 1766
f 2027 1853 1766
f 2027 2028 1853
f 2028 1854 1853
f 2031 2032 1855
f 2032 1856 1855
f 2032 1943 1856
f 1943 1944 1770
f 1944 2034 1770
f 2034 1857 1770
f 2034 2035 1857
f 1945 1946 1676
f 1946 2036 1858
f 2036 1947 1858
f 1947 2037 1858
f 2037 1859 1858
f 2037 2116 1859
f 1948 2039 1860
f 1949 2040 1861
f 1949 1861 1775
f 2040 1862 1861
f 1862 1950 1863
f 1950 1951 1864
f 1950 1864 1863
f 1951 1952 1865
f 1951 1865 1864
f 1952 1953 1866
f 1952 1866 1865
f 1953 2046 1867
f 1953 1867 1866
f 2046 1781 1867
f 2046 1868 1781
f 2046 1954 1868
f 1954 2122 1869
f 1954 1869 1868
f 1955 1956 1871
f 1955 1871 1870
f 1957 1958 1872
f 1957 1872 1597
f 1958 1959 1873
f 1958 1873 1872
f 1959 1960 1874
f 1959 1874 1873
f 1960 1961 1875
f 1960 1875 1874
f 1961 1962 1876
f 1961 1876 1875
f 1962 2054 1877
f 1962 1877 1876
f 2054 1878 1877
f 2054 1963 1879
f 2054 1879 1878
f 1963 1964 1880
f 1963 1880 1879
f 1964 1965 1881
f 1964 1881 1880
f 1965 1966 1882
f 1965 1882 1881
f 1966 1967 1883
f 1966 1883 1882
f 1967 1968 1884
f 1967 1884 1883
f 1968 1969 1885
f 1968 1885 1884
f 1969 1970 1886
f 1969 1886 1885
f 1970 1971 1887
f 1970 1887 1886
f 1971 1972 1888
f 1971 1888 1887
f 1972 1973 1889
f 1972 1889 1888
f 1973 1974 1890
f 1974 1975 1891
f 1974 1891 1890
f 1975 1976 1892
f 1975 1892 1891
f 1976 1977 1893
f 1976 1893 1892
f 1977 1978 1894
f 1977 1894 1893
f 1978 1979 1895
f 1978 1895 1894
f 1979 2073 1896
f 1979 1896 1895
f 2073 1980 1897
f 2073 1897 1896
f 1980 1981 1897
f 1981 1898 1897
f 1981 1899 1898
f 1981 1900 1899
f 1981 1982 1901
f 1981 1901 1900
f 1982 1983 1902
f 1982 1902 1901
f 1984 2078 1902
f 1985 1986 1903
f 1988 1904 1987
f 1988 1989 1904
f 1989 1815 1904
f 1989 1990 1905
f 1989 1905 1815
f 1990 1991 1906
f 1990 1906 1905
f 1991 1907 1906
f 1991 1992 1908
f 1991 1908 1907
f 1992 1993 1909
f 1992 1909 1908
f 1993 1994 1910
f 1993 1910 1909
f 1994 1995 1911
f 1994 1911 1910
f 1995 1996 1912
f 1995 1912 1911
f 1996 1997 1913
f 1996 1913 1912
f 1997 1998 1914
f 1997 1914 1913
f 1998 1999 1915
f 1998 1915 1914
f 1999 2000 1916
f 1999 1916 1915
f 2000 2001 1917
f 2000 1917 1916
f 2001 2002 1918
f 2001 1918 1917
f 2002 2003 1919
f 2002 1919 1918
f 2003 2004 1920
f 2003 1920 1919
f 2004 2005 1921
f 2004 1921 1920
f 2005 2006 1922
f 2005 1922 1921
f 2006 2007 1923
f 2006 1923 1922
f 2007 1924 1923
f 2007 2008 1924
f 2008 2009 1925
f 2009 2010 1926
f 2009 1926 1925
f 2010 2011 1927
f 2010 1927 1926
f 2011 2012 1928
f 2011 1928 1927
f 2012 2013 1929
f 2012 1929 1928
f 2013 2014 1930
f 2013 1930 1929
f 2014 2015 1930
f 2016 2017 1751
f 2017 2018 1931
f 2018 2019 1932
f 2018 1932 1931
f 2019 2020 1933
f 2019 1933 1932
f 2020 2021 1934
f 2020 1934 1933
f 2021 2022 1935
f 2021 1935 1934
f 2022 2023 1936
f 2022 1936 1935
f 2023 1938 1937
f 2023 1937 1936
f 1762 2024 1939
f 2024 1940 1939
f 2024 2025 1940
f 2025 1941 1940
f 2025 2026 1941
f 2026 2027 1942
f 2028 2029 1854
f 2029 2030 1854
f 2033 1943 2032
f 1943 2034 1944
f 1945 2036 1946
f 2036 2037 1947
f 2040 2041 1862
f 2041 2042 1950
f 2041 1950 1862
f 2042 2043 1951
f 2042 1951 1950
f 2043 2044 1952
f 2043 1952 1951
f 2044 2045 1953
f 2044 1953 1952
f 2045 2046 1953
f 2047 1954 2046
f 2047 2122 1954
f 2048 2123 1956
f 2048 1956 1955
f 1957 2049 1958
f 2049 2050 1959
f 2049 1959 1958
f 2050 2051 1960
f 2050 1960 1959
f 2051 2052 1961
f 2051 1961 1960
f 2052 2053 1962
f 2052 1962 1961
f 2053 2054 1962
f 2055 2056 1963
f 2055 1963 2054
f 2056 2057 1964
f 2056 1964 1963
f 2057 2058 1965
f 2057 1965 1964
f 2058 2059 1966
f 2058 1966 1965
f 2059 2060 1967
f 2059 1967 1966
f 2060 2061 1968
f 2060 1968 1967
f 2061 2062 1969
f 2061 1969 1968
f 2062 2063 1970
f 2062 1970 1969
f 2063 2064 1971
f 2063 1971 1970
f 2064 2065 1972
f 2064 1972 1971
f 2065 1973 1972
f 2065 2066 1973
f 2066 2067 1974
f 2066 1974 1973
f 2067 2068 1975
f 2067 1975 1974
f 2068 2069 1976
f 2068 1976 1975
f 2069 2070 1977
f 2069 1977 1976
f 2070 2071 1978
f 2070 1978 1977
f 2071 2072 1979
f 2071 1979 1978
f 2072 2073 1979
f 2073 2074 1980
f 2074 1981 1980
f 2074 2075 1981
f 2075 2076 1981
f 2076 1982 1981
f 2076 1983 1982
f 2076 2077 1902
f 2076 1902 1983
f 2077 1984 1902
f 2077 2078 1984
f 1536 2079 1985
f 2079 2080 1986
f 2079 1986 1985
f 2080 2081 1987
f 2080 1987 1986
f 2081 1988 1987
f 2081 2082 1988
f 2082 1989 1988
f 2082 2083 1990
f 2082 1990 1989
f 2083 2084 1991
f 2083 1991 1990
f 2084 7 1992
f 2084 1992 1991
f 7 9 1993
f 7 1993 1992
f 9 11 1994
f 9 1994 1993
f 11 13 1995
f 11 1995 1994
f 13 2085 1996
f 13 1996 1995
f 2085 1997 1996
f 2085 2086 1997
f 2086 2087 1998
f 2086 1998 1997
f 2087 20 1999
f 2087 1999 1998
f 20 22 2000
f 20 2000 1999
f 22 24 2001
f 22 2001 2000
f 24 26 2002
f 24 2002 2001
f 26 28 2003
f 26 2003 2002
f 28 30 2004
f 28 2004 2003
f 30 32 2005
f 30 2005 2004
f 32 34 2006
f 32 2006 2005
f 34 2088 2007
f 34 2007 2006
f 2088 2008 2007
f 2088 2089 2009
f 2088 2009 2008
f 2089 42 2010
f 2089 2010 2009
f 42 44 2011
f 42 2011 2010
f 44 46 2012
f 44 2012 2011
f 46 48 2013
f 46 2013 2012
f 48 2014 2013
f 48 2015 2014
f 2090 2017 2016
f 2090 2091 2018
f 2090 2018 2017
f 2091 53 2019
f 2091 2019 2018
f 53 55 2020
f 53 2020 2019
f 55 57 2021
f 55 2021 2020
f 57 59 2022
f 57 2022 2021
f 59 2092 2023
f 59 2023 2022
f 2092 1938 2023
f 2092 2093 1938
f 2093 2094 1938
f 2094 2095 1938
f 2096 2024 1762
f 2096 2097 2024
f 2097 2025 2024
f 2097 2098 2025
f 2098 2026 2025
f 2098 2099 2026
f 2099 2027 2026
f 2099 2100 2027
f 2100 2028 2027
f 2100 2101 2028
f 2101 2102 2028
f 2102 2029 2028
f 2102 2030 2029
f 2103 2031 1769
f 2103 2104 2032
f 2103 2032 2031
f 2104 2105 2032
f 2105 2033 2032
f 2105 2106 1943
f 2105 1943 2033
f 2106 2107 1943
f 2107 2108 2034
f 2107 2034 1943
f 2108 69 2034
f 69 2109 2034
f 2109 2035 2034
f 2110 2111 2036
f 2110 2036 1945
f 2111 2112 2036
f 2112 2113 2036
f 2113 2114 2036
f 2114 2037 2036
f 2114 2038 2037
f 2114 2115 2038
f 2115 2037 2038
f 2115 2116 2037
f 1949 2117 2040
f 2117 2118 2041
f 2117 2041 2040
f 2118 2119 2042
f 2118 2042 2041
f 2119 2120 2043
f 2119 2043 2042
f 2120 78 2044
f 2120 2044 2043
f 78 80 2045
f 78 2045 2044
f 80 2121 2046
f 80 2046 2045
f 2121 2047 2046
f 2121 2122 2047
f 2124 2049 1957
f 2124 89 2050
f 2124 2050 2049
f 89 91 2051
f 89 2051 2050
f 91 93 2052
f 91 2052 2051
f 93 95 2053
f 93 2053 2052
f 95 2125 2054
f 95 2054 2053
f 2125 2055 2054
f 2125 2126 2056
f 2125 2056 2055
f 2126 101 2057
f 2126 2057 2056
f 101 103 2058
f 101 2058 2057
f 103 105 2059
f 103 2059 2058
f 105 107 2060
f 105 2060 2059
f 107 109 2061
f 107 2061 2060
f 109 111 2062
f 109 2062 2061
f 111 113 2063
f 111 2063 2062
f 113 115 2064
f 113 2064 2063
f 115 2127 2065
f 115 2065 2064
f 2127 2128 2066
f 2127 2066 2065
f 2128 120 2067
f 2128 2067 2066
f 120 122 2068
f 120 2068 2067
f 122 124 2069
f 122 2069 2068
f 124 126 2070
f 124 2070 2069
f 126 128 2071
f 126 2071 2070
f 128 130 2072
f 128 2072 2071
f 130 2129 2073
f 130 2073 2072
f 2129 2074 2073
f 2129 2130 2074
f 2130 2131 2074
f 2131 2132 2074
f 2132 2075 2074
f 2132 2076 2075
f 2132 2133 2076
f 2133 2134 2076
f 2134 2135 2076
f 2135 2077 2076
f 2135 2136 2077
f 2136 2137 2078
f 2136 2078 2077
f 2139 2140 2138
f 2145 2144 2141
f 2148 2145 2141
f 2146 2142 2143
f 2147 2142 2146
f 2144 2148 2141
f 2143 2142 2147

