# https://github.com/mikedh/trimesh
v -0.01438759 -0.00673096 0.16452989
v -0.07654167 -0.00037223 0.10295865
v -0.04871094 -0.03511021 0.11871876
v -0.04303530 -0.03507403 0.11731984
v -0.02451094 -0.03501279 0.16247474
v -0.02664529 -0.03500094 0.15877279
v -0.03196674 -0.03496204 0.16660075
v -0.03329746 -0.03493522 0.17122969
v -0.03080568 -0.03465138 0.19322219
v -0.05823220 -0.03486051 0.16428912
v -0.06542189 -0.03327018 0.16974017
v -0.07039905 -0.03216323 0.16176558
v -0.07424161 -0.03136034 0.15323749
v -0.08139197 -0.01796085 0.14541330
v -0.08694343 -0.01461280 0.13852072
v -0.08968753 -0.01293180 0.13595658
v -0.10031894 -0.00635481 0.11884668
v -0.10556708 0.00848339 0.07373391
v -0.10106827 0.02457270 0.04890653
v -0.07181875 0.02921039 0.02887626
v -0.06409435 0.02850520 0.02501294
v -0.04551558 0.01839083 0.02660902
v -0.04025281 0.01211141 0.03202874
v 0.00807306 0.00191754 0.04721747
v 0.00773723 0.00060067 0.05210511
v 0.01549590 0.00008640 0.05565115
v 0.04417608 -0.00445404 0.11924215
v 0.03599866 -0.00549431 0.12122032
v 0.03430932 -0.00578493 0.12769607
v 0.03792464 -0.00538624 0.12939952
v 0.03318467 -0.00592667 0.13299635
v 0.03031160 -0.00618261 0.13746167
v 0.03016295 -0.00614323 0.14181749
v 0.02519282 -0.00638380 0.14976363
v 0.02690406 -0.00607503 0.15317250
v 0.02052117 -0.00646172 0.15654036
v 0.02608147 -0.00577717 0.16052732
v 0.02205343 -0.00577788 0.16476104
v 0.02187436 -0.00495399 0.17272576
v 0.02101569 -0.00533697 0.16995889
v 0.02613543 -0.00592918 0.15761304
v 0.03139160 -0.00572874 0.15086238
v 0.04105753 -0.00508055 0.13626093
v 0.04439943 -0.00460450 0.12728751
v 0.04966367 -0.00370110 0.11801714
v 0.04714528 -0.00391011 0.11504066
v 0.04696979 -0.00370828 0.11086793
v 0.03136841 -0.00528167 0.10388217
v 0.03333756 -0.00433577 0.09425947
v 0.02792014 -0.00441381 0.08798165
v 0.02938348 -0.00355169 0.08180312
v 0.01719892 -0.00455061 0.07929367
v 0.01111899 -0.00398996 0.07266187
v 0.00299258 0.00385156 0.04035330
v -0.00731031 0.00535391 0.03663242
v -0.01232827 0.00477084 0.03788752
v -0.02578084 0.00772575 0.03417070
v -0.03983647 0.01607744 0.02696002
v -0.05393265 0.02703049 0.02132880
v -0.08885257 0.02394754 0.03623973
v -0.10736812 0.01859079 0.06125445
v -0.10370936 0.01669513 0.05863045
v -0.11020377 0.00661380 0.08748337
v -0.10585405 0.00185360 0.08984345
v -0.11213345 0.00208198 0.10894485
v -0.10453740 -0.00255352 0.10427865
v -0.10741585 -0.00286167 0.12524449
v -0.09407197 -0.01013706 0.12712104
v -0.08882676 -0.01365867 0.13291459
v -0.08106199 -0.01969052 0.13689581
v -0.07779566 -0.02300239 0.14784482
v -0.06598651 -0.03440766 0.16199040
v -0.06032410 -0.03479814 0.16489248
v -0.04983946 -0.03487557 0.16628527
v -0.04545428 -0.03489022 0.16604585
v -0.03505578 -0.03495772 0.15983101
v -0.02039922 -0.03501832 0.15343861
v -0.02865726 -0.03499236 0.15239131
v -0.02498340 -0.03500018 0.14800118
v -0.01365301 -0.03498506 0.13556059
v -0.01193753 -0.03494110 0.12346655
v -0.00887301 -0.03493236 0.12324979
v -0.01023616 -0.03488184 0.11195920
v -0.00067158 -0.03480851 0.10669546
v -0.01291949 -0.03488713 0.11099145
v -0.00707315 -0.03481536 0.10331503
v -0.00309221 -0.03474973 0.09735508
v 0.01188451 -0.03434168 0.06296294
v 0.03696656 -0.02967762 0.06095420
v 0.06534252 -0.01361433 0.07259300
v 0.07144447 -0.01306525 0.07845003
v 0.07211279 -0.00879827 0.06727417
v 0.07901057 -0.01205432 0.08641229
v 0.08929711 -0.00513593 0.08153356
v 0.09159375 -0.00559696 0.08744909
v 0.09425735 -0.00359970 0.08532851
v 0.10151381 0.00016947 0.09010227
v 0.11031762 0.00369824 0.10335343
v 0.11619622 0.00700177 0.11724607
v 0.12192873 0.01452680 0.11823142
v 0.12332144 0.01494267 0.12848779
v 0.12919471 0.02498760 0.13226360
v 0.12737982 0.02517041 0.15301518
v 0.12703567 0.02862301 0.15942308
v 0.12366022 0.03181981 0.16886567
v 0.11486727 0.03237856 0.18701625
v 0.11440578 0.03202057 0.17991345
v 0.10985832 0.02535369 0.17417342
v 0.09910790 0.02239098 0.19038060
v 0.09221019 0.02086777 0.19833389
v 0.07616469 0.01078348 0.19950576
v 0.04524121 0.00325465 0.20527740
v 0.04227513 0.00444806 0.21103900
v 0.02222746 0.00093410 0.20712123
v 0.02084497 -0.00073899 0.20001657
v 0.00419666 -0.00269420 0.19331615
v 0.00421094 -0.00400843 0.18571840
v -0.00794617 -0.00592513 0.17241425
v -0.00980445 -0.00643279 0.16796637
v -0.01543506 -0.00691802 0.16259038
v -0.01321682 -0.00613724 0.16994651
v -0.00851752 -0.00529224 0.17719811
v -0.00402391 -0.00434476 0.18376699
v 0.00125188 -0.00334876 0.18976172
v 0.00542225 -0.00058556 0.20379087
v 0.01615447 0.00084285 0.20814984
v 0.03188129 0.00373923 0.21357462
v 0.05441442 0.00631263 0.20879960
v 0.06257861 0.01026901 0.21124998
v 0.08248191 0.01516616 0.20181621
v 0.12286453 0.01463849 0.14020897
v 0.11208242 0.00255142 0.11652251
v 0.11697399 0.01015820 0.10861737
v 0.03717903 -0.03058524 0.06108930
v 0.03317552 -0.03352544 0.06407352
v 0.02848093 -0.03418361 0.06772114
v 0.02395143 -0.03435485 0.07430994
v 0.01513316 -0.03442906 0.07459849
v 0.01058006 -0.03450821 0.07949733
v 0.00357067 -0.03460735 0.08522898
v -0.00286985 -0.03481825 0.10676850
v -0.00597426 -0.03485154 0.10986667
v -0.00785929 -0.03488841 0.11502808
v -0.01850891 -0.03501584 0.14935813
v -0.01856186 -0.03502311 0.15279060
v 0.03404919 -0.00547076 0.11335460
v 0.03078391 -0.00599728 0.11757342
v 0.02949877 -0.00627485 0.12548758
v 0.02759055 -0.00647119 0.12706210
v 0.02240715 -0.00686116 0.14053321
v 0.01728287 -0.00698634 0.15023390
v 0.01476719 -0.00603292 0.16729524
v 0.01798908 -0.00533739 0.17199880
v 0.01843134 -0.00465101 0.17723780
v 0.02629793 -0.00411105 0.17664225
v 0.02590975 -0.00502771 0.16892381
v 0.02918606 -0.00511218 0.16492453
v 0.03340179 -0.00499107 0.16060151
v 0.03670175 -0.00484172 0.15661192
v 0.04395629 -0.00432409 0.14992070
v 0.03819272 -0.00513168 0.14689388
v 0.04490840 -0.00452112 0.14199662
v 0.04414196 -0.00465886 0.13930247
v 0.04869168 -0.00408410 0.12686571
v 0.05548675 -0.00283949 0.11716720
v 0.05240655 -0.00283512 0.10830320
v 0.04202419 -0.00372382 0.10067591
v 0.03522546 -0.00099631 0.07018896
v 0.02900199 0.00098693 0.05714195
v 0.00263764 0.00852939 0.03089136
v -0.01080532 0.01321967 0.02413084
v -0.03756260 0.02407058 0.01777256
v -0.05269594 0.02980366 0.01646141
v -0.06886360 0.02971535 0.02239397
v -0.07551780 0.02522258 0.02410367
v -0.08265494 0.02087286 0.03217841
v -0.09086701 0.01663328 0.04341803
v -0.09376281 0.00784221 0.05594560
v -0.09724076 0.00259337 0.07057081
v -0.09565893 -0.00617400 0.09341952
v -0.08802385 -0.01289226 0.11773567
v -0.08002006 -0.02202713 0.13396143
v -0.07587195 -0.03194133 0.14638268
v -0.06842670 -0.03461738 0.15192297
v -0.05989715 -0.03483810 0.15974831
v 0.07912831 -0.00626674 0.06954204
v 0.10443842 0.02443323 0.18416343
v -0.01062619 -0.00673663 0.16514504
v -0.01423528 -0.00725783 0.15957072
v -0.02036073 -0.00667063 0.16347836
v -0.01766267 -0.00559134 0.17281881
v -0.01294173 -0.00438340 0.18214359
v -0.00626084 -0.00238993 0.19432211
v -0.00070715 -0.00100259 0.20184328
v 0.01379131 0.00234961 0.21480833
v 0.01940673 0.00364288 0.21753776
v 0.03606822 0.00746351 0.22099977
v 0.04302113 0.00961301 0.22161139
v 0.06440280 0.01638895 0.21932034
v 0.09422912 0.03001486 0.20872661
v 0.11718831 0.03033486 0.18602104
v 0.12024711 0.02298383 0.17528691
v 0.12150877 0.01495320 0.15608004
v 0.11185766 0.00062663 0.12971683
v 0.10499572 -0.00312047 0.11592360
v 0.09555604 -0.00628770 0.10190623
v 0.08500688 -0.01071369 0.09414474
v 0.07288743 -0.01631606 0.08780153
v 0.06265129 -0.02249948 0.08151861
v 0.05983543 -0.03116502 0.08052748
v 0.04055083 -0.03412745 0.07259716
v 0.02468989 -0.03442313 0.08006848
v 0.01682618 -0.03452027 0.08449571
v 0.00653214 -0.03468955 0.09610247
v -0.00277526 -0.03486220 0.11356942
v -0.00419354 -0.03489772 0.11875854
v -0.00412220 -0.03491808 0.12247695
v -0.00670671 -0.03497613 0.13376124
v -0.01102506 -0.03501337 0.14375467
v -0.01682708 -0.03503473 0.15495205
v -0.01798654 -0.03517807 0.19262465
v -0.07633039 -0.01555850 0.16981337
v -0.08073241 -0.01303444 0.16825008
v -0.08699602 -0.00996381 0.16667591
v -0.09329979 -0.01067125 0.13399773
v -0.10226899 -0.00566683 0.12907194
v -0.11217459 0.00450806 0.10016540
v -0.11571171 0.00687021 0.10158006
v -0.12161399 0.01277806 0.10663091
v -0.10988543 0.01540346 0.06983842
v -0.12052958 0.01987318 0.08775585
v -0.08894249 0.02842428 0.03599661
v -0.10525056 0.02948346 0.05963335
v -0.08465835 0.02952938 0.03541516
v -0.09351612 0.02471481 0.05465943
v -0.08464085 0.02521183 0.04484619
v -0.05824448 0.01683200 0.03483942
v -0.06461299 0.01270846 0.04475785
v -0.02139896 0.00738624 0.03377353
v -0.00947274 0.00093811 0.04893182
v -0.01012146 -0.00204009 0.06106175
v 0.00648017 -0.00239142 0.06389325
v 0.01389830 -0.00410341 0.07529396
v 0.01200267 -0.00586714 0.08640041
v 0.03502811 -0.00508433 0.10793806
v 0.02954450 -0.00603031 0.11403669
v 0.02689269 -0.00649787 0.12113513
v 0.02579540 -0.00664474 0.13075061
v 0.02363932 -0.00682859 0.13294813
v 0.02002558 -0.00695963 0.14519466
v 0.01446512 -0.00702015 0.15397158
v 0.01570357 -0.00669225 0.15867018
v 0.01353030 -0.00655530 0.16218365
v 0.01791117 -0.00433286 0.17984879
v 0.02811624 -0.00482912 0.16889548
v 0.03058825 -0.00492934 0.16548235
v 0.04850046 -0.00415357 0.13601005
v 0.05554746 -0.00315559 0.12987478
v 0.05817383 -0.00259513 0.12120403
v 0.05842699 -0.00212189 0.11242351
v 0.05311353 -0.00270402 0.10824477
v 0.04838910 -0.00300640 0.10260941
v 0.04245996 -0.00275903 0.08919600
v 0.04349948 -0.00254192 0.08909475
v 0.03918022 -0.00151455 0.07645193
v 0.02923640 -0.00066853 0.06429833
v 0.03121176 0.00215182 0.05330637
v 0.02207473 0.00447330 0.04208997
v 0.01130298 0.00791126 0.03267390
v -0.00188518 0.01228237 0.02499049
v -0.01469347 0.01661504 0.02035614
v -0.02313866 0.02004760 0.01801191
v -0.04424666 0.02934470 0.01436604
v -0.07855217 0.01313995 0.03511549
v -0.08799815 0.00872286 0.04846039
v -0.09520121 -0.00288030 0.07972512
v -0.09360333 -0.00523033 0.08419594
v -0.09033750 -0.01014856 0.10214884
v -0.08123349 -0.01958362 0.12299557
v -0.07431677 -0.03432772 0.14431001
v -0.06481110 -0.03480293 0.15010146
v -0.04605232 -0.03492054 0.15697757
v -0.04249959 -0.03494434 0.15325520
v -0.03796141 -0.03495851 0.15355455
v -0.02693605 -0.03499475 0.14636727
v -0.01802407 -0.03500989 0.14615308
v -0.01573904 -0.03500505 0.14283539
v -0.01499939 -0.03499566 0.13916004
v -0.01213632 -0.03497184 0.13179870
v -0.01472341 -0.03493398 0.11957806
v -0.01381330 -0.03492332 0.11772672
v -0.00803415 -0.03474967 0.09320230
v -0.00149721 -0.03471448 0.09391115
v -0.00314305 -0.03462727 0.08263830
v 0.00584314 -0.03456915 0.08273067
v 0.00806484 -0.03441174 0.06745686
v 0.01579261 -0.03431064 0.06337200
v 0.02032036 -0.03403940 0.06069465
v 0.02859085 -0.03203795 0.05851176
v 0.04591790 -0.02926899 0.06698808
v 0.05026640 -0.02028753 0.06787460
v 0.05417671 -0.01622526 0.06648603
v 0.05873939 -0.01770872 0.07356962
v 0.05944500 -0.01065485 0.05760564
v 0.08281225 -0.00379411 0.06805360
v 0.10726233 0.00751801 0.08376360
v 0.11838190 0.01590639 0.09581100
v 0.11234243 0.00529771 0.10942678
v 0.12512966 0.02262440 0.10727855
v 0.12487387 0.01830059 0.12173061
v 0.12784627 0.02247390 0.13896265
v 0.12968748 0.03281955 0.14004720
v 0.12466393 0.03393453 0.14900555
v 0.12290292 0.03312077 0.15435116
v 0.11961249 0.03162949 0.16072784
v 0.10317494 0.01998120 0.17757485
v 0.09374716 0.01581411 0.18616031
v 0.08212604 0.01310186 0.19769497
v 0.06461538 0.00862083 0.20567247
v 0.05726104 0.00573971 0.20458934
v 0.03568777 0.00159227 0.20395023
v 0.02914544 0.00090467 0.20410003
v 0.03129164 -0.00013151 0.19801450
v 0.02286741 -0.00229887 0.19055629
v 0.01398926 -0.00171385 0.19689981
v 0.01599626 -0.00316145 0.18821732
v 0.00020817 -0.00510057 0.17889114
v -0.00218415 -0.00586344 0.17323856
v -0.00371724 -0.00667510 0.16596939
v -0.00532674 -0.00679375 0.16482813
v -0.00625442 -0.00709291 0.16178549
v -0.01236094 -0.00749617 0.15737606
v -0.02317270 -0.00746051 0.15530482
v -0.02121765 -0.00652941 0.16445733
v -0.01947969 -0.00621243 0.16768089
v -0.01609567 -0.00474732 0.17912451
v -0.01264075 -0.00338469 0.18802933
v -0.00823902 -0.00158951 0.19825913
v 0.00128347 0.00042048 0.20834620
v 0.01526458 0.00363268 0.21909279
v 0.05123700 0.01330467 0.22335046
v 0.06500628 0.01726982 0.22032284
v 0.07688582 0.02259182 0.21727444
v 0.08461264 0.02258782 0.20985033
v 0.09044861 0.03094974 0.21455925
v 0.10274021 0.03203143 0.20079005
v 0.10624028 0.03165315 0.20487594
v 0.11611996 0.02772705 0.18954747
v 0.12027498 0.01701965 0.16761799
v 0.11928756 0.01074814 0.15236880
v 0.11768562 0.00780508 0.14543104
v 0.10457134 -0.00245640 0.11084146
v 0.08843654 -0.01233055 0.11439977
v 0.10302465 -0.00112866 0.09786883
v 0.07919866 -0.01455610 0.09570396
v 0.06733481 -0.02078396 0.08707549
v 0.06323981 -0.02946088 0.08390929
v 0.04925547 -0.03397276 0.07621216
v 0.03425018 -0.03433490 0.07704599
v 0.02163366 -0.03450679 0.08575796
v 0.01292253 -0.03461050 0.09119049
v 0.00643838 -0.03470461 0.09766266
v 0.00155307 -0.03479825 0.10659626
v 0.00255883 -0.03482093 0.11024786
v -0.00156069 -0.03487624 0.11633695
v -0.00331450 -0.03493923 0.12671422
v -0.00645300 -0.03500465 0.14036185
v -0.00857061 -0.03500966 0.14206593
v -0.01137506 -0.03502962 0.14864003
v -0.01636180 -0.03505223 0.16045162
v -0.02095538 -0.03503591 0.16370097
v -0.02098268 -0.03505819 0.17261179
v -0.07835662 0.02012821 0.04528896
v 0.02852094 -0.00615543 0.11286978
v 0.02119918 -0.00694398 0.11692291
v 0.01946080 -0.00716991 0.12199154
v 0.01534598 -0.00754787 0.12619899
v 0.01444383 -0.00752075 0.13883896
v 0.01133024 -0.00746157 0.14794184
v 0.01210854 -0.00581294 0.17090221
v 0.02826993 -0.00315955 0.18200399
v 0.03279870 -0.00358025 0.17567405
v 0.03317959 -0.00396098 0.17199170
v 0.03492933 -0.00405238 0.16937017
v 0.04351943 -0.00365580 0.16174970
v 0.05283392 -0.00324705 0.14723650
v 0.05543350 -0.00312729 0.13798770
v 0.06075768 -0.00225239 0.12878424
v 0.06328099 -0.00177078 0.12713359
v 0.06555789 -0.00129325 0.12530968
v 0.06521277 -0.00123577 0.12023970
v 0.06639304 -0.00080791 0.11536465
v 0.05655513 -0.00225317 0.10872142
v 0.05143921 -0.00235455 0.09983444
v 0.04607287 -0.00216702 0.08908416
v 0.04305507 -0.00134581 0.07918104
v 0.03962215 -0.00065552 0.07163924
v 0.04056136 0.00258187 0.05728001
v 0.03747743 0.00383911 0.05058202
v 0.03695630 0.00571584 0.04467690
v 0.02875944 0.00681733 0.03894661
v 0.02751175 0.00946096 0.03357602
v 0.01753763 0.01100679 0.02895646
v 0.01479643 0.01482544 0.02335366
v 0.00409446 0.01649594 0.02017503
v -0.00527436 0.01995545 0.01622635
v -0.00951672 0.02383750 0.01270861
v -0.02104897 0.02900885 0.00906095
v -0.03690939 0.02993105 0.01100604
v -0.05970909 0.02518563 0.01514003
v -0.06930122 0.01838178 0.02410408
v -0.07305663 0.01002176 0.03388790
v -0.08777547 -0.00105132 0.06447924
v -0.08435980 -0.01325597 0.10040686
v -0.08162688 -0.01656433 0.11129881
v -0.07959444 -0.02190442 0.12007639
v -0.07815917 -0.02901894 0.12566818
v -0.07640212 -0.03266031 0.14211151
v -0.07261147 -0.03461277 0.14047232
v -0.05832741 -0.03489469 0.14743236
v -0.05035771 -0.03493273 0.14885289
v -0.04079368 -0.03495865 0.15011711
v -0.03154533 -0.03498471 0.14833712
v -0.03565630 -0.03497864 0.14657298
v -0.04159402 -0.03496904 0.14589212
v -0.04913951 -0.03495924 0.14433037
v -0.05555410 -0.03494962 0.14301854
v -0.06769612 -0.03490065 0.14329244
v -0.07300580 -0.03461551 0.13220542
v -0.07670857 -0.03259587 0.13229501
v -0.07553667 -0.03440011 0.11875314
v -0.07836201 -0.02562955 0.11945045
v -0.07776976 -0.02292984 0.11355940
v -0.07648203 -0.01963017 0.10299760
v -0.07914507 -0.01652296 0.09992258
v -0.08240320 -0.01283455 0.09134898
v -0.08315762 -0.01064686 0.08379931
v -0.08646921 -0.00575317 0.07370373
v -0.08063794 -0.00156775 0.05690923
v -0.08801360 0.00188211 0.05849800
v -0.07891571 0.00413766 0.04533660
v -0.06500840 0.01338608 0.02533073
v -0.05349208 0.02213845 0.01346955
v -0.04607515 0.02819473 0.00872448
v -0.03200825 0.02908975 0.00471021
v -0.02262644 0.03052911 0.00631260
v 0.00765667 0.03146089 0.00279548
v -0.00977095 0.02814487 0.00895418
v -0.00146067 0.03067563 0.00610586
v 0.01188938 0.01913762 0.01797392
v 0.02552107 0.01315531 0.02774514
v 0.03600224 0.00864585 0.03809514
v 0.04712732 0.00530887 0.05170948
v 0.04715924 0.00406625 0.05603316
v 0.04665144 0.00231784 0.06274046
v 0.05153890 0.00161641 0.07039964
v 0.05207987 0.00075674 0.07580077
v 0.05225864 -0.00017050 0.08213064
v 0.05391855 -0.00055059 0.08705585
v 0.05278674 -0.00161139 0.09422903
v 0.05512969 -0.00200041 0.10267408
v 0.05605150 -0.00134522 0.09740777
v 0.05563380 0.00294463 0.06702632
v 0.04555371 0.00820048 0.04360209
v 0.03669550 0.01219669 0.03265614
v 0.02693585 0.01876089 0.02122273
v 0.01520877 0.02240380 0.01517009
v -0.03852488 0.02240924 0.00756849
v -0.04989717 0.01504896 0.01648241
v -0.06727499 0.00461672 0.03536516
v -0.07535479 -0.00017506 0.04847343
v -0.07739387 -0.00576058 0.06252582
v -0.07866461 -0.01293027 0.08366549
v -0.07647524 -0.01723812 0.09451037
v -0.07485007 -0.02125506 0.10173247
v -0.07611349 -0.03263423 0.11397853
v -0.07201276 -0.03511960 0.12502258
v -0.07032124 -0.03499327 0.13111721
v -0.06890837 -0.03492795 0.13734525
v -0.04891053 -0.03498405 0.13982563
v -0.03853529 -0.03498132 0.14316396
v -0.02933553 -0.03499290 0.13899111
v -0.02730493 -0.03499281 0.13578018
v -0.02445934 -0.03499114 0.13589997
v -0.02052551 -0.03498365 0.13256395
v -0.02264353 -0.03497561 0.12594637
v -0.02195030 -0.03496973 0.12389384
v -0.01896907 -0.03495473 0.12173300
v -0.01920524 -0.03494839 0.11907587
v -0.02254961 -0.03495395 0.11572526
v -0.01672181 -0.03490278 0.10964201
v -0.02088624 -0.03491246 0.10632774
v -0.01853330 -0.03486592 0.09981456
v -0.02220188 -0.03485027 0.09215186
v -0.01766640 -0.03478400 0.08770644
v -0.00689870 -0.03469581 0.08746123
v -0.00852573 -0.03456975 0.07250486
v -0.00879903 -0.03453765 0.06958100
v 0.00065325 -0.03439703 0.06443510
v -0.01049357 -0.03290134 0.05429288
v 0.01615959 -0.02863391 0.05313759
v 0.01921856 -0.02502242 0.05333333
v 0.02663514 -0.02245685 0.05525049
v 0.03872587 -0.02038844 0.06022057
v 0.04885035 -0.01220991 0.05195903
v 0.05394811 -0.01267451 0.05753363
v 0.06386857 -0.00816564 0.05615467
v 0.06844709 -0.00379390 0.05129441
v 0.08086909 -0.00151414 0.06061677
v 0.09201453 0.00087643 0.07000079
v 0.09946214 0.01018693 0.06376499
v 0.10660178 0.01278310 0.07207933
v 0.11186671 0.01554041 0.07850352
v 0.11461737 0.01688957 0.08284111
v 0.12282715 0.02292958 0.09527774
v 0.12641100 0.02850329 0.09756910
v 0.12832013 0.02984647 0.10676031
v 0.12929054 0.03154092 0.11020644
v 0.12745555 0.03491933 0.12405996
v 0.12563203 0.03396127 0.13227170
v 0.12420756 0.03310815 0.13451648
v 0.11754644 0.02634695 0.14404493
v 0.11416252 0.02403662 0.15418967
v 0.10756580 0.01781901 0.15758201
v 0.10383758 0.01755163 0.16905757
v 0.09756881 0.01434477 0.17462485
v 0.09050638 0.01038708 0.17673117
v 0.07611335 0.00579153 0.18431513
v 0.06859325 0.00390408 0.18645972
v 0.05952835 0.00349485 0.19453689
v 0.05445032 0.00139307 0.18870051
v 0.04691341 0.00070670 0.19158843
v 0.04003751 -0.00075601 0.18876588
v 0.03489687 -0.00162354 0.18739459
v 0.03353895 -0.00218224 0.18499023
v 0.02973232 -0.00231143 0.18660450
v 0.01160613 -0.00423965 0.18281335
v 0.00352528 -0.00477824 0.18092206
v 0.00703696 -0.00547190 0.17518768
v 0.00002706 -0.00660503 0.16671216
v -0.00633147 -0.00740679 0.15832441
v -0.01352513 -0.00774787 0.15422220
v -0.02621192 -0.00660816 0.16160939
v -0.02550299 -0.00555064 0.17001978
v -0.01517052 -0.00162923 0.19668529
v -0.01075152 -0.00015426 0.20474453
v -0.00401014 0.00114521 0.21119206
v 0.00311641 0.00276687 0.21726023
v 0.01206929 0.00491152 0.22239173
v 0.02975680 0.01093688 0.22901906
v 0.06149982 0.02184383 0.22812166
v 0.07292458 0.03003431 0.22932953
v 0.08869126 0.03227462 0.21887498
v 0.10410959 0.02624205 0.20778371
v 0.11258709 0.02001649 0.19051918
v 0.11235965 0.01559050 0.18587775
v 0.11506881 0.00729868 0.16004933
v 0.11121587 0.00022889 0.14060610
v 0.10955347 -0.00099512 0.13970541
v 0.10072794 -0.00660341 0.12490726
v 0.09025530 -0.01166249 0.11815368
v 0.07278414 -0.01953760 0.09625428
v 0.06987956 -0.02236119 0.09344690
v 0.06502054 -0.03342101 0.09147806
v 0.04066217 -0.03434396 0.08109409
v 0.02665117 -0.03449462 0.08709591
v 0.01734658 -0.03460868 0.09322927
v 0.01220153 -0.03472749 0.10315145
v 0.01287436 -0.03476248 0.10725667
v 0.00236064 -0.03487432 0.11770237
v 0.00097756 -0.03490965 0.12273919
v 0.00032842 -0.03495141 0.12966067
v -0.00306258 -0.03497490 0.13372362
v -0.00375170 -0.03502996 0.14545306
v -0.01303199 -0.03504907 0.15551000
v -0.01655154 -0.03508354 0.16924048
v -0.03500385 -0.03486652 0.18222011
v -0.03762016 -0.03481856 0.18228418
v -0.02341058 -0.03371316 0.20080601
v -0.05137240 -0.03425858 0.18351620
v -0.04856856 -0.03429609 0.18923288
v -0.05704367 -0.03237224 0.18303605
v -0.06640818 -0.02236153 0.17475489
v -0.07020722 -0.02085818 0.17010569
v -0.07476156 -0.01966256 0.16195066
v -0.10375418 -0.00293871 0.15370974
v -0.10809171 -0.00147183 0.14486163
v -0.11234435 0.00141401 0.11871591
v -0.11680976 0.00560456 0.13783751
v -0.11827527 0.02520723 0.07725020
v -0.11369703 0.02726262 0.06847784
v -0.09289867 0.01816030 0.06369073
v -0.07916336 0.01513538 0.05317978
v -0.05482041 0.00904423 0.04446744
v -0.03266281 0.00486659 0.04172021
v -0.01468649 0.00157125 0.04712716
v -0.02269849 -0.00081537 0.05829458
v -0.00995774 -0.00393040 0.06860446
v 0.00474406 -0.00591646 0.08324685
v 0.01915452 -0.00671162 0.10612796
v 0.01887963 -0.00713942 0.11607146
v 0.01238580 -0.00777553 0.12625591
v 0.01606415 -0.00745942 0.13513502
v 0.01008201 -0.00779543 0.14031755
v 0.00842297 -0.00771907 0.14559398
v 0.00885357 -0.00728224 0.15503976
v 0.00900303 -0.00679866 0.16205967
v 0.00814165 -0.00642011 0.16662230
v 0.00483427 -0.00628191 0.16927539
v 0.00352305 -0.00649175 0.16753710
v -0.00853942 -0.00785282 0.15235771
v -0.01534527 -0.00799636 0.15029455
v -0.02595948 -0.00740640 0.15446108
v -0.02964084 -0.00616945 0.16350449
v -0.02913604 -0.00497979 0.17243787
v -0.02401748 -0.00445731 0.17821670
v -0.02323259 -0.00359539 0.18383339
v -0.01719662 -0.00172415 0.19586948
v -0.01107643 0.00175510 0.21304323
v 0.00178840 0.00416257 0.22157648
v 0.01379295 0.00688546 0.22621379
v 0.02296597 0.01105532 0.23120540
v 0.03363717 0.01351805 0.23159572
v 0.04098987 0.01637807 0.23243783
v 0.05107104 0.01933275 0.23132975
v 0.08992878 0.03151345 0.22319678
v 0.09855391 0.02730817 0.21477198
v 0.10983702 0.02035688 0.19585437
v 0.11335042 0.01114158 0.17605121
v 0.11113237 0.00391646 0.16305031
v 0.10540998 -0.00422352 0.13458863
v 0.08409147 -0.01535132 0.11530213
v 0.08786917 -0.01153390 0.10735646
v 0.07427079 -0.02115490 0.10295865
v 0.06703603 -0.03070438 0.09013402
v 0.05675143 -0.03427848 0.08954830
v 0.05193698 -0.03412532 0.08045086
v 0.03591272 -0.03444541 0.08697817
v 0.02343442 -0.03455847 0.09128920
v 0.01635979 -0.03465152 0.09700190
v 0.00817685 -0.03477368 0.10671591
v 0.00957374 -0.03479834 0.11027955
v 0.00775439 -0.03482782 0.11324749
v 0.00336653 -0.03489770 0.12145392
v 0.00004279 -0.03498940 0.13653355
v -0.00542460 -0.03504677 0.14985225
v -0.00751999 -0.03506269 0.15472531
v -0.01177868 -0.03508529 0.16353932
v -0.01317706 -0.03516188 0.17760013
v -0.05568323 -0.02389376 0.18616365
v 0.01290788 -0.00757369 0.11427336
v 0.00770436 -0.00810235 0.12219741
v 0.00796790 -0.00810315 0.12890252
v 0.00602648 -0.00815052 0.13602394
v 0.00540562 -0.00796072 0.14361992
v 0.00572807 -0.00741967 0.15466103
v 0.00201149 -0.00718448 0.15971359
v -0.00383535 -0.00775653 0.15304908
v -0.00694622 -0.00807577 0.14825320
v -0.01290026 -0.00817690 0.14721010
v -0.01941950 -0.00801346 0.14942480
v -0.03031457 -0.00719407 0.15432528
v -0.03431260 -0.00622996 0.16038268
v -0.03560135 -0.00519666 0.16759264
v -0.03092926 -0.00327718 0.18257657
v -0.02917545 -0.00314283 0.18400062
v -0.02457194 -0.00204388 0.19183181
v -0.02285471 0.00002249 0.20272920
v -0.01717991 0.00165762 0.21133585
v -0.00041936 0.00635101 0.22623929
v 0.00746363 0.00935366 0.23109783
v 0.02292177 0.01587391 0.23748053
v 0.04206174 0.02217439 0.23847623
v 0.05984035 0.02605710 0.23379069
v 0.06574476 0.03067925 0.23548486
v 0.06323033 0.03113596 0.24135937
v 0.08273931 0.03054733 0.22929122
v 0.09676159 0.02508071 0.21644055
v 0.10303405 0.01507500 0.20053572
v 0.10666505 0.00830753 0.18493927
v 0.10756998 0.00308417 0.17112098
v 0.10540705 -0.00351045 0.15272613
v 0.10443887 -0.00398314 0.15231859
v 0.09925590 -0.00769162 0.13871081
v 0.08911393 -0.01266160 0.12269952
v 0.08078277 -0.01805103 0.11596907
v 0.08284351 -0.01513336 0.10923720
v 0.06276583 -0.03402060 0.09384255
v 0.05492779 -0.03435561 0.09032800
v 0.04444042 -0.03445240 0.09113355
v 0.03254678 -0.03454107 0.09338629
v 0.02187949 -0.03465027 0.09908495
v 0.01634034 -0.03472777 0.10479842
v 0.01304950 -0.03478972 0.11043086
v 0.00718245 -0.03486687 0.11816135
v 0.00529164 -0.03492141 0.12556889
v 0.00411696 -0.03495571 0.13075789
v 0.00096321 -0.03501231 0.14072634
v -0.00728233 -0.03510017 0.16251154
v -0.01509801 -0.03521331 0.19512194
v -0.01173481 -0.03510788 0.19838856
v -0.10588558 -0.00072617 0.15855826
v -0.12540042 0.01672291 0.13684370
v -0.12942654 0.02405439 0.11852872
v -0.12220025 0.02989164 0.09470452
v -0.11742720 0.02995542 0.08824575
v -0.11010109 0.02758454 0.07707652
v -0.08550417 0.01386470 0.06138972
v -0.08243401 0.00786645 0.07164757
v -0.07233710 0.00762037 0.06027323
v -0.04153298 0.00299973 0.05061403
v -0.04480021 -0.00113694 0.06852397
v -0.03619414 -0.00303314 0.07290453
v -0.02716860 -0.00586502 0.08373611
v -0.01356509 -0.00374823 0.06929425
v -0.01173990 -0.00563795 0.07911157
v 0.01700043 -0.00669380 0.10156036
v 0.01187832 -0.00739162 0.10687303
v 0.00636697 -0.00805541 0.11450504
v 0.00478841 -0.00832337 0.12877105
v 0.00347590 -0.00821081 0.13920435
v 0.00285586 -0.00770875 0.15143633
v -0.01543955 -0.00843798 0.14221900
v -0.02345639 -0.00798894 0.14890906
v -0.03423975 -0.00724920 0.15085538
v -0.03965170 -0.00558148 0.16242069
v -0.03519570 -0.00406999 0.17554541
v -0.02903132 -0.00073103 0.19694847
v -0.02751043 0.00175009 0.20905180
v -0.01357713 0.00356469 0.21861625
v -0.00240880 0.00647932 0.22679902
v 0.01153325 0.01289827 0.23587672
v 0.03377350 0.02064615 0.23979975
v 0.04608563 0.02765064 0.24237885
v 0.06363447 0.03131557 0.23839183
v 0.08383988 0.02891006 0.22956190
v 0.09678227 0.01616643 0.20981321
v 0.10186443 0.00919881 0.19485163
v 0.10453710 0.00258000 0.17731033
v 0.10174366 -0.00486025 0.15848794
v 0.10093116 -0.00661806 0.14822656
v 0.09494671 -0.00987868 0.13611426
v 0.08811493 -0.01339057 0.12980611
v 0.07785664 -0.02108570 0.11651228
v 0.07675497 -0.02648438 0.11672946
v 0.07616766 -0.02118759 0.10938489
v 0.07319423 -0.03086107 0.10432460
v 0.06895740 -0.03256243 0.09706665
v 0.04630652 -0.03450847 0.09565322
v 0.03788244 -0.03454619 0.09563352
v 0.02680129 -0.03461298 0.09743938
v 0.01949111 -0.03469600 0.10266289
v 0.01489374 -0.03475801 0.10752095
v 0.01694178 -0.03480079 0.11274981
v 0.01163562 -0.03486018 0.11843784
v 0.00800905 -0.03492292 0.12609271
v 0.00521039 -0.03503100 0.14333284
v 0.00072978 -0.03506208 0.15029711
v -0.00392310 -0.03513129 0.16565734
v -0.09628249 -0.00521660 0.16531336
v -0.12487646 0.02907238 0.10001530
v -0.10574689 0.02018256 0.08352101
v -0.02024920 -0.00431446 0.07285233
v 0.00101773 -0.00848834 0.11998974
v 0.00059032 -0.00846403 0.13330237
v 0.00046935 -0.00821778 0.14215571
v -0.00302580 -0.00814312 0.14604288
v -0.00975160 -0.00849569 0.13968943
v -0.02938899 -0.00789936 0.14674369
v -0.03698835 -0.00723702 0.14872350
v -0.04620307 -0.00389991 0.16909400
v -0.04256115 -0.00335918 0.17544942
v -0.03398897 0.00240264 0.20915504
v -0.02079806 0.00534109 0.22147876
v 0.00794097 0.01687118 0.24089975
v 0.01685546 0.02001106 0.24299490
v 0.04997085 0.03128818 0.24523691
v 0.08557220 0.02168131 0.22520018
v 0.09114262 0.00816978 0.20768908
v 0.09336927 0.00897016 0.20581218
v 0.09625219 0.00504547 0.19644232
v 0.09776055 -0.00696810 0.15935162
v 0.09196715 -0.01087846 0.14994479
v 0.08039986 -0.01937110 0.12401031
v 0.07822484 -0.02173975 0.12196806
v 0.07739112 -0.02304169 0.11813093
v 0.07483114 -0.03107369 0.10993619
v 0.07049632 -0.03357251 0.10727923
v 0.06417911 -0.03454997 0.10448110
v 0.05495988 -0.03454030 0.09976606
v 0.04794250 -0.03456402 0.09964963
v 0.04009915 -0.03461817 0.10167329
v 0.02683618 -0.03467358 0.10278846
v 0.02383084 -0.03471638 0.10593442
v 0.01990769 -0.03475529 0.10872692
v 0.02478073 -0.03475938 0.11016744
v 0.01357728 -0.03485944 0.11869526
v 0.01103280 -0.03492696 0.12702338
v 0.00906244 -0.03495860 0.13143330
v 0.00575250 -0.03498678 0.13583520
v 0.00272993 -0.03504994 0.14736823
v -0.00858154 -0.03513780 0.16990443
v -0.01550199 -0.03516326 0.17998058
v -0.03196303 -0.03162722 0.19899412
v -0.04487453 -0.03239521 0.19185009
v -0.03074865 -0.02083282 0.20366610
v -0.06674055 -0.02548308 0.17363195
v -0.05382903 -0.01673857 0.19450298
v -0.07090862 -0.01503634 0.17931466
v -0.06640983 -0.00658064 0.20447959
v -0.07172377 -0.00703423 0.19723159
v -0.10489120 0.00430295 0.17878129
v -0.10721000 0.00298191 0.17183625
v -0.10871096 0.00596923 0.17671057
v -0.12782707 0.02139387 0.13977538
v -0.11974063 0.02753617 0.10836610
v -0.11044188 0.02197530 0.09178620
v -0.10458595 0.01653284 0.09068173
v -0.06733857 0.00568976 0.06037616
v -0.05817828 0.00192339 0.06469990
v -0.05021765 0.00018293 0.06478131
v -0.01459804 -0.00691119 0.08814257
v -0.01054519 -0.00781969 0.09582844
v 0.00573966 -0.00694150 0.09288245
v 0.00369296 -0.00786523 0.10407824
v 0.00438852 -0.00806237 0.10991862
v -0.00163238 -0.00862608 0.11936141
v -0.00132188 -0.00857513 0.13207968
v -0.00294420 -0.00830245 0.14206528
v -0.00963500 -0.00865175 0.13490917
v -0.04427899 -0.00599774 0.15433313
v -0.04799815 -0.00237732 0.17723509
v -0.04007051 -0.00044944 0.19300260
v -0.00171003 0.01502195 0.23924250
v 0.00959027 0.02000746 0.24413012
v 0.02642159 0.02807612 0.24909511
v 0.01948359 0.03083844 0.25553401
v 0.08340279 0.01523958 0.22216330
v 0.09440532 0.00187059 0.19364292
v 0.09421673 -0.00187708 0.18513306
v 0.09511750 -0.00558661 0.17164047
v 0.08901996 -0.01158594 0.15685409
v 0.08359615 -0.01631006 0.14023390
v 0.07896536 -0.02072402 0.13343507
v 0.03003586 -0.03468715 0.10481017
v 0.02941245 -0.03472518 0.10802068
v 0.03582985 -0.03469204 0.10639316
v 0.04253234 -0.03468884 0.10706102
v 0.05143765 -0.03466211 0.10601610
v 0.06960027 -0.03463651 0.11721384
v 0.07100516 -0.03411737 0.11780794
v 0.07439364 -0.03236441 0.11716896
v 0.07712127 -0.03101957 0.12265125
v 0.07752379 -0.03003945 0.12688865
v 0.08246008 -0.01664402 0.14771499
v 0.08749930 -0.01333708 0.14853211
v 0.08673255 -0.01148385 0.16292025
v 0.08862491 -0.00977018 0.16688467
v 0.08988856 -0.00647892 0.17777280
v 0.08742718 -0.00752011 0.17820785
v 0.08902669 -0.00472054 0.18516534
v 0.08834955 -0.00237145 0.19275385
v 0.07345128 0.01291938 0.22779871
v 0.07102752 0.01832530 0.23378709
v 0.06793252 0.02600634 0.24031576
v 0.05338829 0.02749938 0.24810341
v 0.04628081 0.02951202 0.25105342
v 0.04086679 0.03099402 0.25207266
v 0.02102264 0.02951798 0.25200989
v 0.01306402 0.02734867 0.25072403
v 0.00139372 0.02234452 0.24688566
v -0.01001453 0.01326919 0.23663145
v -0.01763521 0.01041555 0.23145590
v -0.03004909 0.01008813 0.22806564
v -0.02639547 0.00777394 0.22516271
v -0.03588863 0.00706064 0.22039564
v -0.03032106 0.00456548 0.21707941
v -0.04215515 0.00318628 0.20774089
v -0.03817761 0.00137583 0.20277497
v -0.05011551 -0.00037474 0.18688468
v -0.04342835 -0.00202558 0.18278839
v -0.05214839 -0.00077593 0.18292494
v -0.04680739 -0.00617156 0.14933441
v -0.04102836 -0.00775041 0.13510462
v -0.03669889 -0.00766352 0.14424501
v -0.03037058 -0.00850846 0.13556016
v -0.03412771 -0.00825129 0.13617360
v -0.02355449 -0.00851411 0.13970955
v -0.01797385 -0.00881565 0.13130704
v -0.00930918 -0.00883079 0.12691904
v -0.01420885 -0.00875015 0.13411018
v -0.01739350 -0.00891044 0.12697138
v -0.02453312 -0.00885402 0.12895695
v -0.03578207 -0.00842473 0.13029153
v -0.04522540 -0.00682982 0.14385669
v -0.05001872 -0.00555860 0.15160773
v -0.05233214 -0.00453866 0.15793040
v -0.04802020 -0.00446546 0.16358575
v -0.05950276 -0.00262880 0.16364980
v -0.05414549 -0.00121028 0.17843224
v -0.04909083 0.00159304 0.19702297
v -0.04282162 0.00556451 0.21388493
v -0.02353152 0.01528800 0.23702161
v -0.01297116 0.01821293 0.24205503
v -0.00562424 0.02088827 0.24541245
v 0.01220918 0.03022394 0.25404867
v 0.03980739 0.02909600 0.25381672
v 0.04946491 0.02349514 0.24861230
v 0.05992950 0.01823144 0.24042163
v 0.07003823 0.01070882 0.22839192
v 0.07598335 0.00645538 0.21969763
v 0.07930722 0.00371270 0.21347230
v 0.08312265 0.00066127 0.20518558
v 0.08508752 -0.00196588 0.19810663
v 0.08555624 -0.00578965 0.18749835
v 0.08479839 -0.00855983 0.17867719
v 0.08418525 -0.01198116 0.16594234
v 0.08192520 -0.01493205 0.15859888
v 0.07812959 -0.02004662 0.14881622
v 0.07693037 -0.02448311 0.14555100
v 0.07775277 -0.02955880 0.12803084
v 0.07452371 -0.03389978 0.12760415
v 0.06883479 -0.03484362 0.12403250
v 0.06801904 -0.03471346 0.11747552
v 0.05653092 -0.03478906 0.11358633
v 0.04408671 -0.03471166 0.10876169
v 0.03752572 -0.03471709 0.10854932
v 0.03367332 -0.03468488 0.10537976
v 0.02568979 -0.03475561 0.11004844
v 0.02078674 -0.03477310 0.11074699
v 0.02094505 -0.03479967 0.11349778
v 0.01584945 -0.03488171 0.12177527
v 0.01192784 -0.03494757 0.12979010
v 0.00956147 -0.03500894 0.13894789
v 0.00812788 -0.03503556 0.14345626
v 0.00542194 -0.03508846 0.15319231
v -0.00199885 -0.03508310 0.15559930
v -0.00394340 -0.03525731 0.18147546
v 0.00294860 -0.03534628 0.19407289
v -0.03467951 -0.01788233 0.20446017
v -0.09169484 -0.00276932 0.18331042
v -0.10125909 0.00077362 0.17708178
v -0.11798463 0.01532234 0.17180309
v -0.12192924 0.01798178 0.16266009
v -0.12623198 0.02768420 0.10035611
v -0.09142306 0.01201815 0.07523506
v -0.03735213 -0.00411763 0.07975632
v -0.00656365 -0.00878971 0.12151751
v -0.02018764 -0.00897280 0.12385808
v -0.05266457 -0.00585415 0.14371263
v -0.05932925 -0.00285157 0.16205295
v -0.05961060 0.00019035 0.18125879
v -0.05474943 0.00313335 0.19951896
v -0.04425495 0.00710205 0.21685824
v -0.03822374 0.01101981 0.22672028
v -0.03772503 0.01628904 0.23434500
v -0.02378836 0.01960686 0.24179740
v -0.01173965 0.02606169 0.24976550
v -0.00740935 0.02821830 0.25219780
v -0.00128879 0.03086675 0.25754195
v 0.02760754 0.02901280 0.25623340
v 0.03919026 0.02486794 0.25299832
v 0.04321478 0.01593930 0.24657880
v 0.05342951 0.01095561 0.23823864
v 0.07834354 -0.00637845 0.19503427
v 0.07977354 -0.00858709 0.18630461
v 0.07757396 -0.01227155 0.17596235
v 0.07841311 -0.01577420 0.16334879
v 0.07524676 -0.02227463 0.15357982
v 0.07691245 -0.02251490 0.14557528
v 0.07414270 -0.03394451 0.14365782
v 0.06803585 -0.03502694 0.12797809
v 0.05470530 -0.03484422 0.11705805
v 0.05008059 -0.03477464 0.11306527
v 0.03313659 -0.03478049 0.11334344
v 0.02908841 -0.03477498 0.11240069
v 0.02634494 -0.03479719 0.11412548
v 0.02137958 -0.03481793 0.11546051
v 0.01902933 -0.03485722 0.11934714
v 0.01563539 -0.03491763 0.12607546
v 0.01390691 -0.03496848 0.13268901
v 0.01314843 -0.03500582 0.13794789
v 0.01234777 -0.03511712 0.15523495
v 0.00937106 -0.03514351 0.16088071
v 0.00543715 -0.03513112 0.16055447
v -0.00100726 -0.03524731 0.17969889
v 0.00433650 -0.03534317 0.19126956
v -0.00321115 -0.03526116 0.19458776
v -0.00941953 -0.03212178 0.20490670
v -0.01032342 -0.03134900 0.20553627
v -0.02231196 -0.02778365 0.20417326
v -0.03978621 -0.01776700 0.20204252
v -0.04411770 -0.01498720 0.20410508
v -0.05640771 -0.01187214 0.20149391
v -0.09063761 -0.00056723 0.19109810
v -0.12819755 0.02631734 0.15699386
v -0.12953091 0.02570609 0.14380062
v -0.11290070 0.02130505 0.10356524
v -0.10100213 0.01430954 0.08828563
v -0.05778412 0.00331206 0.05784515
v -0.07750786 0.00082266 0.09326063
v -0.06432979 -0.00178705 0.09047901
v -0.04909742 -0.00186420 0.07444626
v -0.05084904 -0.00470947 0.09337167
v -0.03580211 -0.00651169 0.09249705
v -0.03397836 -0.00706463 0.09609187
v -0.01550670 -0.00796657 0.09715919
v -0.01352035 -0.00861648 0.10487142
v -0.00660289 -0.00850838 0.10764188
v -0.00619156 -0.00865863 0.11228196
v -0.01163138 -0.00889078 0.11968833
v -0.02217263 -0.00896368 0.12099468
v -0.03345834 -0.00876666 0.12457800
v -0.03841702 -0.00830936 0.12699319
v -0.04763210 -0.00715565 0.13169150
v -0.05220036 -0.00612368 0.14056023
v -0.05669955 -0.00482411 0.14927799
v -0.06096859 -0.00308829 0.15806877
v -0.06550784 -0.00021695 0.17190311
v -0.05997034 0.00258298 0.19322794
v -0.05512794 0.00569584 0.20708602
v -0.02480426 0.02694464 0.24885449
v -0.00811982 0.03077178 0.25555793
v 0.05996292 0.00665778 0.23048181
v 0.06443621 0.00328781 0.22388036
v 0.06769623 -0.00008883 0.21716507
v 0.07041626 -0.00268349 0.21095402
v 0.07329346 -0.00566296 0.20238328
v 0.07579874 -0.00900312 0.19024463
v 0.07605696 -0.01466433 0.17045487
v 0.07442700 -0.01912670 0.16299203
v 0.07487231 -0.03201182 0.14788665
v 0.06788867 -0.03507391 0.13300403
v 0.06337433 -0.03503291 0.12651234
v 0.06458288 -0.03479597 0.11907671
v 0.05290311 -0.03490634 0.12146033
v 0.04132067 -0.03479932 0.11513363
v 0.03077041 -0.03480183 0.11501533
v 0.03064943 -0.03479916 0.11476847
v 0.02471354 -0.03483767 0.11788014
v 0.02011610 -0.03490493 0.12478014
v 0.01604660 -0.03497170 0.13288503
v 0.01254648 -0.03505892 0.14590197
v 0.01434917 -0.03508169 0.14892864
v 0.00472347 -0.03515153 0.16423667
v 0.00589118 -0.03519279 0.17021843
v 0.00565617 -0.03529413 0.18393796
v -0.02885758 -0.01752612 0.20684402
v -0.07615992 -0.00307053 0.20337599
v -0.08104385 -0.00150903 0.20142994
v -0.09758433 0.00475899 0.19148270
v -0.12853002 0.03101679 0.13157716
v -0.12184942 0.02791131 0.12265108
v -0.05285962 -0.00338931 0.08726992
v -0.04403680 -0.00543322 0.09177328
v -0.01348629 -0.00886125 0.11392388
v -0.02281188 -0.00890336 0.11519234
v -0.04132067 -0.00802750 0.12237014
v -0.06139271 -0.00432460 0.14379231
v -0.06430111 -0.00327225 0.15008557
v -0.06862943 -0.00092506 0.16273066
v -0.06877232 0.00096028 0.17507208
v -0.07019809 0.00257268 0.18145869
v -0.06744186 0.00278603 0.18584577
v -0.06094536 0.00797137 0.20812381
v -0.05156548 0.01299850 0.22351797
v -0.05380644 0.01703870 0.22788493
v -0.04120298 0.02159363 0.23876140
v -0.03657331 0.02317986 0.24199421
v -0.01812853 0.03047570 0.25426226
v 0.01003526 0.02740178 0.25948112
v 0.00999575 0.02398178 0.25828854
v 0.02776499 0.01941153 0.25260292
v 0.03942309 0.01049280 0.24335228
v 0.04904026 0.00506971 0.23407826
v 0.06495339 -0.00688874 0.20648165
v 0.06972083 -0.01321623 0.18467682
v 0.07036584 -0.01603069 0.17636157
v 0.07384997 -0.03329536 0.14852252
v 0.07019061 -0.03486428 0.14279533
v 0.05468080 -0.03500618 0.12808173
v 0.04888911 -0.03490499 0.12228544
v 0.04493811 -0.03490753 0.12318503
v 0.04580803 -0.03487332 0.12041789
v 0.02357504 -0.03487926 0.12208971
v 0.02098557 -0.03494964 0.12990415
v 0.01980935 -0.03501117 0.13761720
v 0.01807375 -0.03503547 0.14117459
v 0.01711015 -0.03509022 0.14930094
v 0.01645039 -0.03519436 0.16631671
v 0.00421315 -0.03523196 0.17625439
v 0.00965491 -0.03530569 0.18550752
v 0.01497810 -0.03458375 0.20199319
v 0.00806944 -0.03237076 0.20616355
v -0.00506745 -0.01777446 0.21162943
v -0.09729386 0.00947769 0.19958724
v -0.11102157 0.01459314 0.18741946
v -0.11441472 0.01053518 0.17257341
v -0.12804701 0.03042505 0.14970277
v -0.12457359 0.03097600 0.15706598
v -0.12483046 0.03072499 0.13598715
v -0.11900392 0.02494024 0.13532833
v -0.11381390 0.01891128 0.12537605
v -0.10749901 0.01375263 0.11357843
v -0.09779428 0.00937566 0.09850786
v -0.09343346 0.00771086 0.09282421
v -0.08642980 0.00429871 0.09166940
v -0.08221870 0.00382853 0.08534139
v -0.07830531 0.00203105 0.08804871
v -0.06726273 -0.00132379 0.09132581
v -0.02758602 -0.00833442 0.10526488
v -0.03437153 -0.00867147 0.12106956
v -0.04194381 -0.00796726 0.12108626
v -0.05016647 -0.00691103 0.12318084
v -0.05490546 -0.00612098 0.12924358
v -0.06040714 -0.00489822 0.13689490
v -0.06533390 -0.00340712 0.14585025
v -0.07031091 -0.00142185 0.15631459
v -0.07485059 0.00134896 0.16815488
v -0.07435867 0.00366209 0.18129504
v -0.06758832 0.00437987 0.19229536
v -0.06463407 0.00598965 0.20055013
v -0.05917035 0.01045672 0.21475688
v -0.06029609 0.01488349 0.22098424
v -0.04688348 0.02085089 0.23574770
v -0.03638208 0.02906390 0.24787086
v -0.02613374 0.03132465 0.25368657
v -0.00536264 0.02903883 0.26000715
v 0.00292953 0.02214312 0.25831611
v 0.03490921 0.01030998 0.24458645
v 0.04221298 0.00631346 0.23838947
v 0.05009136 0.00129246 0.22891319
v 0.05472530 -0.00161691 0.22250391
v 0.05972166 -0.00515199 0.21391191
v 0.06688105 -0.00862996 0.20078305
v 0.06410026 -0.01347122 0.19050444
v 0.06772768 -0.02019662 0.17311573
v 0.07103854 -0.02394707 0.16343856
v 0.07260705 -0.03117864 0.15536803
v 0.06966955 -0.03490635 0.14776026
v 0.04803280 -0.03493632 0.12486733
v 0.03433512 -0.03492218 0.12597563
v 0.03696706 -0.03487118 0.12115389
v 0.02926315 -0.03485209 0.11957217
v 0.03362472 -0.03488571 0.12264137
v 0.02719642 -0.03488820 0.12308056
v 0.02474397 -0.03493479 0.12804277
v 0.01897317 -0.03508298 0.14758942
v 0.01641707 -0.03529640 0.18493847
v -0.05886249 -0.00411791 0.21620949
v -0.08986336 0.00856560 0.20789091
v -0.12043509 0.02336344 0.17818436
v -0.06205905 -0.00289948 0.09573043
v -0.02870376 -0.00878155 0.11569943
v -0.03381432 -0.00827131 0.11099016
v -0.04706058 -0.00725025 0.11705126
v -0.05779768 -0.00569415 0.12194630
v -0.06710517 -0.00348706 0.13766636
v -0.08012227 0.00200854 0.16334592
v -0.06546740 0.01495759 0.21769425
v -0.05499297 0.02368180 0.23472488
v -0.04809770 0.03097242 0.24578564
v -0.03824415 0.03144585 0.25081180
v -0.02066546 0.02766450 0.25859047
v -0.01380983 0.02385687 0.25855660
v -0.00479317 0.01940457 0.25721503
v 0.01372887 0.01366852 0.25167740
v 0.01989161 0.00582861 0.24403987
v 0.03212240 0.00338590 0.23818300
v 0.03928389 -0.00087045 0.23001959
v 0.04352915 -0.00331856 0.22470793
v 0.04676304 -0.00618105 0.21859664
v 0.05074648 -0.00761425 0.21400181
v 0.05620060 -0.01261871 0.19952719
v 0.06402702 -0.01661208 0.18397367
v 0.06293793 -0.02152045 0.17863105
v 0.06478130 -0.02476716 0.17396714
v 0.06591755 -0.03089062 0.16995145
v 0.06431930 -0.03519558 0.14763821
v 0.06378688 -0.03517984 0.13978291
v 0.06286541 -0.03511440 0.13329644
v 0.05282814 -0.03504082 0.13171701
v 0.04703302 -0.03499298 0.12967418
v 0.04298919 -0.03496309 0.12820277
v 0.04202948 -0.03490978 0.12386104
v 0.03281756 -0.03485543 0.11990690
v 0.02979568 -0.03490686 0.12484628
v 0.02497365 -0.03494957 0.12965214
v 0.02570430 -0.03499733 0.13495847
v 0.02357502 -0.03502105 0.13815730
v 0.02353899 -0.03510626 0.14926602
v 0.01848422 -0.03521977 0.17013335
v 0.01844598 -0.03530672 0.19312461
v 0.02509437 -0.03469160 0.20006305
v -0.00640215 -0.02212391 0.20846682
v -0.00420826 -0.02038343 0.20934418
v -0.02959206 -0.02254402 0.20358162
v -0.03115513 -0.00747299 0.22408328
v -0.03291776 -0.00649603 0.22543071
v -0.05900761 -0.00615113 0.21265340
v -0.04772314 -0.00342545 0.22443031
v -0.06282666 -0.00001462 0.22184132
v -0.07340431 0.00274018 0.21722941
v -0.11052033 0.02567518 0.20004052
v -0.11234806 0.02890774 0.19617412
v -0.12359041 0.03047809 0.16911915
v -0.11358581 0.02744985 0.17307186
v -0.11834607 0.02705748 0.15536149
v -0.11269234 0.01842558 0.13849776
v -0.11080200 0.01608314 0.12944981
v -0.10097185 0.00888780 0.11313674
v -0.09621557 0.00624845 0.11150717
v -0.08979662 0.00301115 0.11248893
v -0.08739084 0.00224538 0.11065970
v -0.04987833 -0.00606702 0.10477044
v -0.03534557 -0.00740433 0.09957059
v -0.03871367 -0.00795567 0.11242103
v -0.04723338 -0.00707658 0.11339271
v -0.06361051 -0.00452231 0.12832606
v -0.06759971 -0.00354717 0.13341640
v -0.07305585 -0.00192455 0.14237494
v -0.07653568 -0.00048072 0.15040541
v -0.08002553 0.00113106 0.15703592
v -0.08360315 0.00343314 0.16500972
v -0.08473224 0.00534054 0.17193044
v -0.08533670 0.00711058 0.17803726
v -0.08094168 0.00713086 0.18502061
v -0.07491759 0.00836652 0.19615915
v -0.07301918 0.01148246 0.20511690
v -0.07293549 0.01647912 0.21365928
v -0.06486135 0.01950680 0.22428384
v -0.06091916 0.02881125 0.23684043
v -0.03545734 0.03012853 0.25580411
v -0.01801105 0.02202897 0.25749055
v 0.00017779 0.01268948 0.25247720
v 0.01002670 0.01015128 0.24954227
v 0.02632548 0.00047233 0.23609506
v 0.04722231 -0.01010792 0.21113487
v 0.05065436 -0.01226086 0.20458430
v 0.05537980 -0.01674812 0.19169025
v 0.05794425 -0.02192251 0.18366635
v 0.06325257 -0.03203627 0.17384901
v 0.06361271 -0.03371880 0.17016508
v 0.06176946 -0.03520215 0.15503055
v 0.05881408 -0.03521879 0.14669413
v 0.05767883 -0.03519678 0.14433492
v 0.05331213 -0.03514928 0.14151870
v 0.04334669 -0.03499619 0.13103126
v 0.03780287 -0.03494871 0.12792208
v 0.03307707 -0.03493527 0.12735251
v 0.02560859 -0.03503336 0.13922554
v 0.02404473 -0.03507753 0.14522439
v 0.02576650 -0.03509423 0.14682447
v 0.02352478 -0.03513722 0.15358093
v 0.02167214 -0.03519823 0.16434168
v 0.02137354 -0.03525222 0.17546675
v 0.02343770 -0.03527066 0.17962631
v 0.02226313 -0.03529765 0.18921321
v 0.02304268 -0.03517596 0.19685370
v -0.06650383 0.00460540 0.22530594
v -0.08084434 0.00466506 0.21333702
v -0.06765804 0.00927902 0.23045557
v -0.09163197 0.01609725 0.21598621
v -0.10935959 0.02678329 0.20114759
v -0.11467751 0.03060823 0.18096791
v -0.11560444 0.03048726 0.17696028
v -0.11551755 0.02216931 0.14598000
v -0.10815869 0.01506073 0.14793343
v -0.10776587 0.01352251 0.13525029
v -0.07165613 -0.00150338 0.10191997
v -0.06625163 -0.00337386 0.10890830
v -0.06013520 -0.00464983 0.10875935
v -0.05658445 -0.00545121 0.10990055
v -0.05295110 -0.00626098 0.11270261
v -0.05900132 -0.00521627 0.11414508
v -0.06867031 -0.00341033 0.12577915
v -0.07629182 -0.00136103 0.13619638
v -0.08293708 0.00121718 0.14872167
v -0.08582331 0.00290015 0.15640471
v -0.08950076 0.00683025 0.16964420
v -0.08911960 0.00987479 0.18075697
v -0.08469996 0.01342526 0.19558249
v -0.07763265 0.01770728 0.21108721
v -0.07311068 0.02180006 0.22071935
v -0.06839913 0.02891039 0.23206217
v -0.06195520 0.03109716 0.23932349
v -0.05560893 0.03120929 0.24546873
v -0.05339625 0.03062412 0.24818218
v -0.04316167 0.02712440 0.25347168
v -0.03813402 0.02441945 0.25430257
v -0.03412134 0.02034620 0.25352304
v -0.02490427 0.01597187 0.25297999
v -0.01702562 0.01515105 0.25356192
v -0.00534663 0.01007338 0.25053897
v 0.00208003 0.00706012 0.24746864
v 0.00725576 0.00485571 0.24483351
v 0.01550333 0.00132401 0.23966507
v 0.01862381 -0.00240856 0.23425554
v 0.02646719 -0.00321072 0.23067121
v 0.03467813 -0.00588982 0.22369503
v 0.03672371 -0.00816348 0.21925931
v 0.04399240 -0.01381769 0.20625712
v 0.04759780 -0.01650559 0.19920325
v 0.05381384 -0.02228296 0.18756757
v 0.05458281 -0.02415427 0.18595815
v 0.06005958 -0.03388669 0.17633377
v 0.05928745 -0.03506702 0.16770625
v 0.04793514 -0.03509546 0.13870566
v 0.04706147 -0.03503507 0.13338745
v 0.03844098 -0.03499646 0.13229488
v 0.03179733 -0.03496372 0.13035544
v 0.02866889 -0.03497877 0.13239222
v 0.02986376 -0.03503551 0.13844301
v 0.02673150 -0.03505989 0.14220142
v 0.02910748 -0.03512557 0.14955927
v 0.02847248 -0.03519475 0.15962724
v 0.02926338 -0.03522632 0.16427702
v 0.03044303 -0.03526885 0.17273615
v 0.03054844 -0.03332766 0.20058605
v 0.02485256 -0.03168787 0.20319364
v 0.01631218 -0.03164226 0.20546242
v 0.01520164 -0.02135780 0.20772780
v -0.00305816 -0.01406349 0.21740209
v -0.00478498 -0.01219064 0.22052323
v -0.01384593 -0.00967773 0.22378608
v -0.02409327 -0.00466244 0.23121109
v -0.03101524 -0.00259042 0.23262868
v -0.03982612 -0.00195797 0.23032067
v -0.06712315 0.00314822 0.22354205
v -0.09142493 0.01752618 0.21742796
v -0.10937483 0.03059806 0.19705985
v -0.11128720 0.02408912 0.17024563
v -0.10827350 0.01862150 0.16461803
v -0.10867916 0.01783353 0.15981704
v -0.10786210 0.01536925 0.15086338
v -0.10195605 0.00938411 0.14240170
v -0.10144088 0.00835098 0.12592859
v -0.09514428 0.00480712 0.13025249
v -0.09590065 0.00524963 0.12381582
v -0.09302321 0.00395770 0.12027664
v -0.08846219 0.00206529 0.12144475
v -0.08412072 0.00150970 0.10612773
v -0.07825283 -0.00041641 0.10927471
v -0.07484414 -0.00124528 0.10828840
v -0.06901799 -0.00282174 0.10960411
v -0.06397261 -0.00432068 0.11707163
v -0.06732491 -0.00369685 0.12157118
v -0.07283824 -0.00241708 0.12762308
v -0.07685203 -0.00133676 0.13233353
v -0.08058950 -0.00012331 0.13852492
v -0.08526179 0.00169686 0.14594776
v -0.08915181 0.00367714 0.15164066
v -0.09373552 0.00659105 0.15764775
v -0.09509725 0.00873473 0.16476313
v -0.09420577 0.01075083 0.17440956
v -0.08875258 0.01159267 0.18601851
v -0.08608657 0.01255046 0.19195051
v -0.08530841 0.01835219 0.20342277
v -0.07891691 0.02143054 0.21517559
v -0.07287542 0.03041677 0.23073612
v -0.04423783 0.02689063 0.25360515
v -0.01628206 0.01174274 0.25121749
v -0.00551075 0.00598324 0.24676309
v 0.01105327 -0.00040667 0.23841033
v 0.02429840 -0.00479873 0.22889028
v 0.03375724 -0.01052286 0.21656040
v 0.03804768 -0.01196760 0.21254312
v 0.04124614 -0.01689167 0.20324298
v 0.04436952 -0.01944578 0.19798924
v 0.04473636 -0.02230177 0.19509152
v 0.05450681 -0.03045287 0.18486938
v 0.05876261 -0.03326592 0.17917407
v 0.05642311 -0.03508330 0.17628913
v 0.05549098 -0.03531525 0.16684601
v 0.05667435 -0.03527611 0.15707661
v 0.05384992 -0.03525446 0.15278126
v 0.05101409 -0.03519493 0.14742262
v 0.04175548 -0.03506134 0.13766934
v 0.03646703 -0.03502491 0.13556699
v 0.03287667 -0.03499349 0.13318634
v 0.03096404 -0.03507534 0.14270590
v 0.03139732 -0.03514286 0.15074040
v 0.03121117 -0.03518134 0.15597027
v 0.03138100 -0.03525336 0.16741267
v 0.03150143 -0.03528514 0.17880783
v 0.03046059 -0.03528047 0.18709131
v 0.03067102 -0.03502970 0.19617501
v 0.00533328 -0.01646676 0.21424211
v -0.01640423 -0.00665781 0.22928654
v -0.03869364 -0.00089778 0.23241192
v -0.04202609 0.00370098 0.23714892
v -0.04662017 0.00580023 0.23769075
v -0.07441932 0.01328029 0.22870704
v -0.08877864 0.02567073 0.22548039
v -0.10339423 0.03003702 0.19852873
v -0.06964146 -0.00288568 0.11390662
v -0.07177706 -0.00250892 0.11740754
v -0.07355683 -0.00213126 0.11935846
v -0.07808007 -0.00105159 0.12417509
v -0.08203174 0.00002515 0.12951573
v -0.08588676 0.00126983 0.13383618
v -0.08895233 0.00256997 0.13949004
v -0.09174094 0.00435975 0.14820349
v -0.09810272 0.01313776 0.17347194
v -0.09661206 0.01512177 0.18120223
v -0.08827493 0.01970541 0.20219617
v -0.08208411 0.03015614 0.22297292
v -0.08109775 0.03131461 0.22740341
v -0.07429133 0.03079882 0.23549524
v -0.05437533 0.01896894 0.24501014
v -0.03154074 0.01178110 0.24828867
v -0.00666596 0.00178005 0.24190400
v 0.00652592 -0.00372751 0.23452045
v 0.01332330 -0.00631803 0.22957532
v 0.02318315 -0.00954479 0.22146387
v 0.02852087 -0.01252006 0.21522841
v 0.03704580 -0.01894736 0.20312760
v 0.04687588 -0.03210964 0.19166854
v 0.05596102 -0.03494363 0.17934887
v 0.05206146 -0.03540014 0.17258641
v 0.04978912 -0.03530184 0.15905388
v 0.04853052 -0.03524411 0.15372246
v 0.04579101 -0.03517691 0.14792289
v 0.04449978 -0.03511881 0.14245236
v 0.03838127 -0.03505899 0.13853246
v 0.03440366 -0.03502984 0.13663489
v 0.03295318 -0.03504340 0.13850478
v 0.04064093 -0.03445385 0.19412018
v 0.03751312 -0.03135034 0.19792576
v 0.02486039 -0.02083942 0.20549492
v 0.02139681 -0.02115369 0.20655723
v 0.01193972 -0.02053455 0.20873307
v 0.01661364 -0.01692972 0.21194642
v 0.01190426 -0.01441444 0.21642301
v 0.00797214 -0.01291893 0.21939087
v 0.00444378 -0.01222273 0.22085924
v 0.00680069 -0.00734004 0.22919388
v -0.00667227 -0.00850791 0.22719704
v -0.02085940 -0.00182781 0.23577113
v -0.02987478 0.00132779 0.23797692
v -0.05232754 0.00794389 0.23729214
v -0.06218839 0.00992606 0.23406139
v -0.06426099 0.02105076 0.24126829
v -0.07048200 0.02213114 0.23785526
v -0.08254452 0.01901271 0.22708135
v -0.07547251 0.02472467 0.23575844
v -0.08739237 0.02954177 0.22675123
v -0.09143102 0.02969685 0.22206730
v -0.09177363 0.03068695 0.22005778
v -0.09684534 0.03086368 0.21180351
v -0.10531860 0.03094926 0.19955029
v -0.10113048 0.02801479 0.19808341
v -0.10268761 0.02541783 0.19111864
v -0.10454968 0.01635431 0.16757981
v -0.10361142 0.01342778 0.15973447
v -0.10109160 0.01014942 0.15271749
v -0.09734238 0.00690994 0.14484877
v -0.09886805 0.00686952 0.13506598
v -0.08840916 0.00204346 0.13273819
v -0.08005602 -0.00049427 0.12146842
v -0.07960860 -0.00033811 0.11364793
v -0.09879161 0.01709364 0.18192540
v -0.10450768 0.02062695 0.17884757
v -0.09429914 0.01763906 0.19033959
v -0.09504213 0.02182059 0.19662626
v -0.09394094 0.02737703 0.20652438
v -0.06953805 0.02830390 0.24077790
v -0.04596258 0.01414021 0.24541797
v -0.03903297 0.01254459 0.24678671
v -0.02899983 0.00854338 0.24617627
v -0.02081617 0.00468081 0.24389900
v -0.01371187 0.00194952 0.24168670
v -0.00429405 -0.00165445 0.23772905
v 0.00098795 -0.00381460 0.23480549
v 0.01262477 -0.00782206 0.22736235
v 0.02125015 -0.01184322 0.21839220
v 0.02690195 -0.01699242 0.20910173
v 0.03771562 -0.02312526 0.19957126
v 0.04339690 -0.03149356 0.19409795
v 0.04352723 -0.03424588 0.19133482
v 0.04976849 -0.03541106 0.17485337
v 0.04990661 -0.03538929 0.16800111
v 0.04635755 -0.03526029 0.15633985
v 0.04185578 -0.03515206 0.14705996
v 0.03750218 -0.03508232 0.14129863
v 0.03799371 -0.03511940 0.14513312
v 0.03533965 -0.03512573 0.14696240
v 0.03959457 -0.03517033 0.15010059
v 0.04051904 -0.03519670 0.15260764
v 0.03820891 -0.03521727 0.15639164
v 0.04182058 -0.03528406 0.16183988
v 0.03761230 -0.03526971 0.16394160
v 0.03932399 -0.03531713 0.17038007
v 0.04123255 -0.03534349 0.17475553
v 0.04078246 -0.03533476 0.17878554
v 0.04792642 -0.03532534 0.18006380
v 0.03910042 -0.03518582 0.18893099
v 0.04062268 -0.03463755 0.19190252
v 0.00052543 -0.00853158 0.22740282
v -0.03233664 0.00426022 0.24078985
v -0.09286216 0.02953355 0.21107866
v -0.09866430 0.02266767 0.19272926
v 0.12664533 0.02548664 0.10703269
v 0.12401682 0.02070864 0.10746675
v 0.11270384 0.01046306 0.09096604
v 0.10026307 0.00758116 0.06821401
v 0.06747364 -0.00906572 0.06240413
v 0.01367288 -0.03287061 0.05488513
v 0.00995642 -0.03394642 0.05751913
v -0.01282084 -0.03480415 0.09615111
v -0.01473447 -0.03486007 0.10337903
v -0.01500057 -0.03490436 0.11231674
v -0.01223123 -0.03495629 0.12745344
v -0.02338623 -0.03499270 0.13785710
v -0.02459121 -0.03499593 0.14171567
v 0.03865151 -0.00378523 0.16765999
v 0.04774605 -0.00332391 0.15802624
v 0.05812127 -0.00259152 0.14144647
v 0.06458531 -0.00156689 0.13334597
v 0.06812637 -0.00076159 0.12451995
v 0.06640470 -0.00026224 0.10710267
v 0.06358739 0.00000289 0.09829520
v 0.06134598 0.00035315 0.09125952
v 0.06275044 0.00248075 0.07884490
v 0.06204871 0.00356140 0.07220425
v 0.05940786 0.00597042 0.05934811
v 0.05516424 0.00853023 0.04920821
v 0.04704658 0.01275929 0.03662120
v 0.03550259 0.01871790 0.02395859
v 0.02499580 0.02258605 0.01692000
v 0.01149466 0.03071650 0.00718258
v -0.01752571 0.02945517 0.00230976
v -0.01961931 0.02515433 0.00209970
v -0.02867115 0.01914001 0.00663379
v -0.03670938 0.01339506 0.01281307
v -0.04273962 0.01002388 0.01765767
v -0.05549779 0.00849669 0.02458085
v -0.05811654 0.00350465 0.03111940
v -0.06329220 -0.00033802 0.03926156
v -0.06865937 -0.00716817 0.05645090
v -0.06846295 -0.01129208 0.06588854
v -0.07831430 -0.00922414 0.07249651
v -0.07346941 -0.01529494 0.08233997
v -0.07327454 -0.01771824 0.08905187
v -0.07455414 -0.02980642 0.10604160
v -0.07444167 -0.03461853 0.11055344
v -0.07138349 -0.03532132 0.12095685
v -0.06330567 -0.03511009 0.12902758
v -0.05734356 -0.03501387 0.13566738
v -0.04673486 -0.03500344 0.13656784
v -0.04206542 -0.03499639 0.13787171
v -0.03873667 -0.03499333 0.13875116
v -0.03664315 -0.03499224 0.13926510
v -0.03289005 -0.03499081 0.14063674
v -0.03405875 -0.03499556 0.13738090
v -0.02134619 -0.03495393 0.11811982
v -0.02426855 -0.03497116 0.12049837
v -0.02465816 -0.03490669 0.09876143
v -0.02913818 -0.03493212 0.09588049
v -0.01334977 -0.03470429 0.08197936
v -0.01607441 -0.03471747 0.08051152
v -0.00761143 -0.03451867 0.06917854
v -0.01105700 -0.03443111 0.06205290
v -0.00282025 -0.03424778 0.06011232
v 0.02104979 -0.02007326 0.05163227
v 0.03374951 -0.01676682 0.05130869
v 0.03866301 -0.01627273 0.05298081
v 0.05224566 -0.00931088 0.04827252
v 0.08064681 -0.00045730 0.05814174
v 0.08904495 0.00310232 0.06166634
v 0.12727434 0.03416309 0.10197782
v 0.12845444 0.03150577 0.10670160
v 0.10389239 0.01702648 0.16762649
v 0.06485238 0.00272029 0.18527584
v 0.05999904 0.00186540 0.18579985
v 0.04455934 -0.00073953 0.18524925
v 0.04110298 -0.00172882 0.18156150
v 0.04204292 -0.00265555 0.17374261
v 0.04646698 -0.00272665 0.16747490
v 0.05250810 -0.00269699 0.15723948
v 0.05714279 -0.00223159 0.15321692
v 0.05995105 -0.00199224 0.14940486
v 0.06279969 -0.00175459 0.14215122
v 0.06634699 -0.00116638 0.13719108
v 0.07437301 0.00055241 0.13130504
v 0.07457318 0.00069001 0.12534019
v 0.07424535 0.00075006 0.12037585
v 0.07263396 0.00078104 0.11186926
v 0.07067493 0.00096508 0.10368924
v 0.06532450 0.00020186 0.09935064
v 0.06433688 0.00161683 0.08627043
v 0.07133197 0.00412026 0.08117966
v 0.06187764 0.00515814 0.06459830
v 0.06351288 0.00793262 0.05742990
v 0.05975150 0.01104766 0.04777405
v 0.05615510 0.01340207 0.04117674
v 0.04703589 0.01887132 0.02879127
v 0.04024945 0.02150611 0.02290652
v 0.02712946 0.03152933 0.00922876
v 0.02375086 0.03233100 0.00604037
v 0.00340411 0.02950345 0.00035073
v -0.00233630 0.02784286 0.00003103
v -0.01519232 0.02438593 0.00132219
v -0.04668192 0.00496725 0.02417889
v -0.05454748 0.00008390 0.03342108
v -0.06309325 -0.00323276 0.04371259
v -0.06620230 -0.00502113 0.04946374
v -0.06881023 -0.01299081 0.07024643
v -0.06941392 -0.01827851 0.08369022
v -0.07215600 -0.02073793 0.09388941
v -0.07275638 -0.02354262 0.09858577
v -0.07341291 -0.03273845 0.10423307
v -0.07334425 -0.03497447 0.11206063
v -0.06344395 -0.03515785 0.12671655
v -0.05736637 -0.03507510 0.13010364
v -0.05343071 -0.03504649 0.13190945
v -0.04313527 -0.03501035 0.13415326
v -0.03277547 -0.03499772 0.13487601
v -0.02903256 -0.03499495 0.13267790
v -0.03035432 -0.03499742 0.13048169
v -0.03073386 -0.03499867 0.12962553
v -0.02650240 -0.03498780 0.12785743
v -0.02640651 -0.03498416 0.12380036
v -0.02376849 -0.03494154 0.10936238
v -0.02408129 -0.03492424 0.10393073
v -0.02981281 -0.03495974 0.10106718
v -0.02980815 -0.03485937 0.08288672
v -0.01691207 -0.03469366 0.07661433
v -0.01882009 -0.03466934 0.06943256
v -0.01146897 -0.03430905 0.05995253
v -0.00857763 -0.03415324 0.05881755
v -0.00226391 -0.02978601 0.05199451
v 0.00417814 -0.03112633 0.05229095
v 0.01057886 -0.03070377 0.05264273
v 0.02740490 -0.01573188 0.04716356
v 0.03082515 -0.01521183 0.04745150
v 0.03467281 -0.01360377 0.04632479
v 0.04078775 -0.01093071 0.04457392
v 0.05280196 -0.00635234 0.04370866
v 0.06070336 -0.00612140 0.04878470
v 0.07560432 0.00285376 0.04767885
v 0.08941618 0.00836818 0.05351668
v 0.09269978 0.01321940 0.05149936
v 0.10598649 0.01859518 0.06335670
v 0.11584863 0.01938550 0.08108372
v 0.11784905 0.02947585 0.07332923
v 0.12239596 0.03263892 0.08500014
v 0.12162085 0.03128507 0.11891674
v 0.12245037 0.03135300 0.14206414
v 0.11456290 0.02233435 0.13633059
v 0.11053255 0.01982595 0.15319228
v 0.10112643 0.01243473 0.15568108
v 0.09603065 0.01069033 0.16579527
v 0.09417959 0.01054898 0.16988944
v 0.08756299 0.00808119 0.17412686
v 0.07974549 0.00574881 0.17883829
v 0.07340289 0.00505508 0.18619246
v 0.05310386 -0.00026315 0.18037486
v 0.05315391 -0.00024592 0.17945977
v 0.04429989 -0.00175178 0.17838813
v 0.04674324 -0.00233505 0.17084961
v 0.04948780 -0.00228128 0.16750126
v 0.05384379 -0.00185413 0.16454247
v 0.06240583 -0.00140334 0.15221102
v 0.06786330 -0.00056162 0.14665033
v 0.07053202 -0.00029921 0.13785656
v 0.07795203 0.00137823 0.13147339
v 0.07705432 0.00148179 0.11879607
v 0.07479908 0.00141284 0.11008557
v 0.07378001 0.00197959 0.10080904
v 0.07125773 0.00284937 0.08931311
v 0.07264463 0.00529725 0.07752673
v 0.07249093 0.00667771 0.07184465
v 0.06822892 0.01020923 0.05689796
v 0.06375195 0.01335145 0.04676903
v 0.05581210 0.01689496 0.03582499
v 0.05231601 0.02134570 0.02853897
v 0.03813906 0.02595634 0.01770218
v 0.03582679 0.03051715 0.01277125
v 0.00390338 0.02832087 -0.00050573
v -0.00138964 0.02313818 0.00124033
v -0.00692747 0.02036109 0.00277718
v -0.01517342 0.01650181 0.00595584
v -0.02404984 0.01152915 0.01108215
v -0.03114809 0.00796563 0.01593609
v -0.04062913 0.00309388 0.02393141
v -0.04741979 -0.00075726 0.03142427
v -0.06246236 -0.01143452 0.06046771
v -0.06440596 -0.01613338 0.07232052
v -0.06571001 -0.01864701 0.07895725
v -0.06535745 -0.02251671 0.08416610
v -0.06757126 -0.02362564 0.08835749
v -0.06928926 -0.03049984 0.09393272
v -0.07101422 -0.03453754 0.10379934
v -0.06786305 -0.03533488 0.11128108
v -0.06817413 -0.03534440 0.11348311
v -0.06718237 -0.03533534 0.11376022
v -0.06293101 -0.03527501 0.11493796
v -0.07249026 -0.03538440 0.11572429
v -0.05580006 -0.03513119 0.12365133
v -0.04612068 -0.03504225 0.12935374
v -0.03827685 -0.03501254 0.13161324
v -0.03657858 -0.03500653 0.13273808
v -0.03266076 -0.03500584 0.12669929
v -0.03085251 -0.03500033 0.12415186
v -0.03150245 -0.03500301 0.12306278
v -0.02967392 -0.03499486 0.12134562
v -0.02725540 -0.03498141 0.11832817
v -0.03143341 -0.03499372 0.10907458
v -0.03146636 -0.03498436 0.10491029
v -0.03715565 -0.03502724 0.09945057
v -0.03712637 -0.03500966 0.09393717
v -0.02346982 -0.03466020 0.06313512
v -0.01118551 -0.03350071 0.05595223
v -0.01121343 -0.03104409 0.05300620
v -0.01001709 -0.02355269 0.05117362
v -0.00311588 -0.02205902 0.05008516
v -0.00569656 -0.01943461 0.04844907
v 0.02317646 -0.01869979 0.05034204
v 0.02381817 -0.01185532 0.04020204
v 0.03073759 -0.00523673 0.03193082
v 0.04137563 -0.00840548 0.04049604
v 0.04504394 -0.00018320 0.03052308
v 0.05501957 -0.00362317 0.04059250
v 0.06275235 -0.00058735 0.04151760
v 0.06717568 0.00188067 0.04150934
v 0.07199920 0.00741219 0.03874793
v 0.07580624 0.00946239 0.03959890
v 0.09833086 0.01365710 0.05803595
v 0.10881393 0.02560748 0.05990889
v 0.11134034 0.02732585 0.06285745
v 0.11731229 0.03159760 0.07217007
v 0.11863339 0.03431884 0.08279020
v 0.11766913 0.03449380 0.08477923
v 0.12344969 0.03517790 0.09709601
v 0.11710977 0.03337285 0.08999953
v 0.11710439 0.03092658 0.09770046
v 0.12056827 0.03176971 0.10832740
v 0.11605295 0.02643102 0.10953997
v 0.11392550 0.02309290 0.11451509
v 0.11468574 0.02289459 0.12180276
v 0.11117842 0.01901950 0.12564994
v 0.11113152 0.01866714 0.13370028
v 0.10461725 0.01292192 0.12546669
v 0.10424768 0.01330065 0.14479759
v 0.10221488 0.01207180 0.14763389
v 0.09539762 0.00813961 0.15192736
v 0.08756991 0.00489000 0.15625189
v 0.08581522 0.00517736 0.16258937
v 0.08212017 0.00366112 0.15947131
v 0.07656016 0.00321830 0.17001867
v 0.07455507 0.00267913 0.16959802
v 0.06507342 0.00033973 0.16637323
v 0.06365233 0.00082525 0.17331285
v 0.05480224 -0.00110223 0.17049770
v 0.05066092 -0.00099091 0.17703826
v 0.05899334 -0.00138021 0.16031298
v 0.06566200 -0.00048335 0.15587821
v 0.07795109 0.00157706 0.14412329
v 0.08317005 0.00280428 0.13769374
v 0.08361614 0.00288392 0.13127145
v 0.08264963 0.00292385 0.12071265
v 0.08243853 0.00308893 0.11604547
v 0.07918207 0.00312165 0.10390472
v 0.07440377 0.00269101 0.09623880
v 0.07408927 0.00434960 0.08431864
v 0.07734422 0.00685304 0.07760007
v 0.07343833 0.00896889 0.06571602
v 0.07202565 0.01252773 0.05581070
v 0.06942300 0.01677604 0.04629953
v 0.06512514 0.01939941 0.03903713
v 0.05644616 0.02438388 0.02774110
v 0.05001827 0.02970633 0.01929215
v 0.04127816 0.03235620 0.01199133
v 0.03881281 0.03217875 0.00900102
v 0.02569179 0.02985167 0.00312846
v 0.00156045 0.02118882 0.00207799
v -0.01486027 0.01321936 0.00819445
v -0.02638316 0.00681058 0.01567066
v -0.03786819 -0.00014668 0.02700199
v -0.04902892 -0.00386427 0.03677813
v -0.05315666 -0.00620777 0.04306785
v -0.05398750 -0.01012839 0.05159705
v -0.05863016 -0.01085744 0.05628498
v -0.05909880 -0.01446946 0.06378018
v -0.06592171 -0.02829119 0.08735492
v -0.06827707 -0.03310351 0.09391446
v -0.07040020 -0.03518901 0.10725384
v -0.06382071 -0.03530737 0.10895565
v -0.05870739 -0.03521857 0.11607682
v -0.05149034 -0.03509035 0.12539103
v -0.04751412 -0.03506123 0.12695226
v -0.04248723 -0.03503519 0.12835124
v -0.03960816 -0.03502109 0.12982266
v -0.03730219 -0.03502152 0.12656640
v -0.03424580 -0.03501545 0.12189959
v -0.03659112 -0.03502805 0.12093108
v -0.03511158 -0.03502267 0.11771677
v -0.03226665 -0.03500420 0.11481523
v -0.03279458 -0.03500600 0.11233638
v -0.03500686 -0.03494758 0.08788498
v -0.03779704 -0.03494484 0.08243650
v -0.03853806 -0.03489281 0.07717994
v -0.04331311 -0.03491218 0.07550332
v -0.03562264 -0.03481271 0.07290412
v -0.03432330 -0.03476227 0.06957016
v -0.03206955 -0.03403878 0.06121951
v -0.02962665 -0.03200126 0.05834699
v -0.01904307 -0.02249909 0.05277107
v 0.00505774 -0.01965039 0.04883131
v 0.00485372 -0.01713680 0.04604524
v -0.00174989 -0.01284354 0.04002506
v 0.01359586 -0.01571492 0.04436091
v 0.00440323 -0.01041326 0.03599405
v 0.00824730 -0.00918901 0.03414808
v 0.01722854 -0.00974618 0.03571771
v 0.01572320 -0.00680936 0.03112554
v 0.01822633 -0.00514284 0.02908322
v 0.02196206 -0.00492993 0.02950599
v 0.02776759 -0.00245305 0.02760554
v 0.04153371 -0.00138907 0.03054733
v 0.04959015 0.00100296 0.03120699
v 0.05155429 0.00530060 0.02765265
v 0.05764778 0.00785895 0.02832569
v 0.07216384 0.01497516 0.03094820
v 0.07904683 0.01518067 0.03614012
v 0.09003219 0.01957539 0.04216935
v 0.09465792 0.02270651 0.04411954
v 0.10064371 0.03063934 0.04667429
v 0.11029019 0.02537159 0.09102225
v 0.10873464 0.02033598 0.10168961
v 0.10782100 0.01788151 0.10856904
v 0.10621249 0.01542932 0.11376760
v 0.10211766 0.01136276 0.12424567
v 0.09900998 0.00920931 0.12857881
v 0.09040349 0.00555988 0.14932977
v 0.08386786 0.00314911 0.14678926
v 0.07840930 0.00197278 0.15023219
v 0.07719493 0.00231790 0.15941467
v 0.07089114 0.00042380 0.15324408
v 0.07182606 0.00206389 0.16985139
v 0.08637566 0.00368279 0.13376034
v 0.08625637 0.00372014 0.12747317
v 0.08574520 0.00422924 0.11331847
v 0.08406393 0.00468377 0.10275622
v 0.08172409 0.00562461 0.09119847
v 0.08752778 0.00995647 0.08270624
v 0.08199902 0.01111226 0.07081144
v 0.08126482 0.01327412 0.06465045
v 0.07412671 0.01967558 0.04624534
v 0.06379155 0.02254984 0.03412396
v 0.05904631 0.03116645 0.02264800
v 0.05184519 0.03232923 0.01629715
v 0.03990848 0.03058225 0.00673099
v 0.02633940 0.02720599 0.00253347
v 0.02106948 0.02401271 0.00267494
v -0.00468082 0.01055021 0.00990310
v -0.01195533 0.00709264 0.01336018
v -0.01563707 0.00549628 0.01532784
v -0.02229101 0.00248887 0.01971252
v -0.04410747 -0.00832844 0.04271206
v -0.05113886 -0.01323216 0.05565377
v -0.05525162 -0.01806886 0.06711296
v -0.06436667 -0.02175760 0.08191604
v -0.06367599 -0.03329591 0.08599598
v -0.06392353 -0.03465064 0.08926629
v -0.06412520 -0.03525598 0.09520915
v -0.06256703 -0.03534715 0.09853084
v -0.06100804 -0.03534321 0.09928198
v -0.05785600 -0.03523634 0.11095325
v -0.05410036 -0.03517459 0.11516724
v -0.05656908 -0.03519347 0.11664691
v -0.05337332 -0.03515517 0.11750112
v -0.05003137 -0.03512166 0.11840124
v -0.05897678 -0.03518237 0.12103200
v -0.04077894 -0.03504422 0.12326798
v -0.03802919 -0.03503556 0.12080842
v -0.03907186 -0.03504848 0.11653226
v -0.04491040 -0.03509342 0.11535221
v -0.04254699 -0.03508185 0.11179628
v -0.04026537 -0.03506477 0.10869254
v -0.04492889 -0.03511223 0.10660060
v -0.04167955 -0.03507917 0.10310373
v -0.04668435 -0.03513882 0.10127841
v -0.04355599 -0.03509863 0.09806986
v -0.04676603 -0.03514229 0.09533046
v -0.04515258 -0.03511953 0.09388385
v -0.04995384 -0.03519381 0.08952020
v -0.05153220 -0.03522334 0.08629540
v -0.05292516 -0.03524853 0.08394089
v -0.05364164 -0.03516537 0.08001113
v -0.05292362 -0.03507723 0.07896465
v -0.05512842 -0.03449306 0.07773960
v -0.04405261 -0.03387745 0.06893671
v -0.03536805 -0.03385337 0.06328849
v -0.03854473 -0.03078634 0.06238792
v -0.04012395 -0.02468075 0.06182258
v -0.03814937 -0.02342751 0.06038783
v -0.03253920 -0.02382677 0.05770030
v -0.03263482 -0.01862521 0.05422089
v -0.02017679 -0.01801256 0.05006955
v -0.02072213 -0.01566513 0.04707885
v -0.02776256 -0.01263302 0.04399901
v -0.01811200 -0.00991275 0.03697978
v -0.01363539 -0.01536593 0.04510012
v -0.00885150 -0.01059632 0.03674222
v -0.01157510 -0.00659635 0.03013880
v -0.00378850 -0.00486695 0.02711561
v -0.00024176 -0.00381846 0.02562959
v 0.00558894 -0.00192260 0.02335453
v 0.01215199 0.00238741 0.01878021
v 0.01628009 0.00394003 0.01761349
v 0.02523721 0.00551443 0.01777972
v 0.02928278 0.00683194 0.01753271
v 0.03083762 0.00955677 0.01527137
v 0.03849575 0.00987628 0.01766639
v 0.04345222 0.01287387 0.01704091
v 0.05255804 0.01668475 0.01798197
v 0.05067502 0.01537551 0.01804736
v 0.06061576 0.01360590 0.02428663
v 0.06371104 0.01449274 0.02534469
v 0.06864997 0.02076285 0.02378868
v 0.07162212 0.02562975 0.02205598
v 0.08259423 0.02761943 0.02879230
v 0.08052310 0.02987907 0.02759891
v 0.08922100 0.03359423 0.03740437
v 0.08673576 0.03230303 0.03366427
v 0.09299520 0.03327179 0.04089142
v 0.09243504 0.03375092 0.04714714
v 0.09377089 0.03163930 0.05209833
v 0.09924133 0.02921928 0.06298764
v 0.10012251 0.02522794 0.07036939
v 0.09989878 0.01901186 0.08142370
v 0.09999789 0.01748262 0.08529313
v 0.09969845 0.01571041 0.08948683
v 0.09957587 0.01360708 0.09620163
v 0.10138649 0.01398036 0.10081269
v 0.09708890 0.01037614 0.10332863
v 0.10059708 0.01195419 0.10836269
v 0.09852860 0.01021750 0.11102591
v 0.09666010 0.00858858 0.11600950
v 0.09819543 0.00913823 0.12051792
v 0.09285713 0.00640768 0.12043630
v 0.09230644 0.00601404 0.12426690
v 0.09459449 0.00677907 0.13393728
v 0.10936347 0.03179664 0.07615779
v 0.10708343 0.03317672 0.06919152
v 0.10768371 0.03454005 0.06568278
v 0.10455243 0.03378232 0.05416465
v 0.09593636 0.02616369 0.04223658
v -0.03252173 -0.02127499 0.05652636
v -0.02623448 -0.03033993 0.05638259
v -0.03813886 -0.03448454 0.06790530
v -0.03638161 -0.03502205 0.12419034
v -0.03562729 -0.03502323 0.12065034
v 0.09066401 0.00590674 0.11479390
v 0.09107407 0.00656214 0.10944864
v 0.07648816 0.02668603 0.03988068
v 0.06309891 0.03016185 0.01653982
v 0.01842056 0.01806737 0.00578280
v -0.00401821 0.00725233 0.01274952
v -0.02291193 0.00004771 0.02280353
v -0.02945543 -0.00287447 0.02843902
v -0.03985777 -0.00668253 0.03788210
v -0.04391491 -0.01080143 0.04726577
v -0.04937665 -0.01655064 0.06014371
v -0.04955656 -0.01996664 0.06525134
v -0.05509209 -0.02169770 0.07144434
v -0.05620957 -0.02462720 0.07438156
v -0.04597386 -0.03510808 0.11328653
v -0.05227777 -0.03517356 0.11148492
v -0.05043231 -0.03516635 0.10855416
v -0.05900240 -0.03528564 0.10488440
v -0.05113701 -0.03519095 0.10346009
v -0.05408687 -0.03524629 0.09805954
v -0.05641832 -0.03528191 0.09235759
v -0.05910662 -0.03321070 0.07997206
v -0.05427907 -0.03166133 0.07437100
v -0.05097242 -0.02625952 0.07011158
v -0.04949304 -0.02455019 0.06840863
v -0.04423481 -0.01969903 0.06125008
v -0.04262400 -0.01830795 0.05860841
v -0.04461885 -0.01318390 0.05175007
v -0.03779335 -0.01362280 0.04919084
v -0.03587272 -0.01229694 0.04630159
v -0.03138395 -0.01001548 0.04082369
v -0.03334930 -0.00591741 0.03430447
v -0.02612871 -0.00761187 0.03504679
v -0.02311829 -0.00652907 0.03246666
v -0.02028351 -0.00528810 0.02984742
v -0.01416547 -0.00279746 0.02511456
v -0.01364292 0.00184111 0.01904042
v -0.00276693 0.00234756 0.01802851
v 0.01105505 0.00758722 0.01345214
v 0.00885789 0.01291605 0.00831875
v 0.01533498 0.01248511 0.00958932
v 0.02057200 0.00966904 0.01297990
v 0.02736803 0.01445659 0.01042321
v 0.03138632 0.01814654 0.00875487
v 0.04032947 0.02436085 0.00753292
v 0.05361151 0.02807667 0.01188911
v 0.06223255 0.03344007 0.01855899
v 0.07027504 0.03287479 0.02410620
v 0.07180217 0.03288132 0.02876077
v 0.07675849 0.03191281 0.03433622
v 0.08073828 0.02376922 0.04729969
v 0.08332460 0.02164133 0.05284057
v 0.09025088 0.02305718 0.05916529
v 0.08333268 0.01789913 0.05838510
v 0.08950622 0.01971676 0.06339846
v 0.09649325 0.01892250 0.07485745
v 0.08812279 0.01426223 0.07134473
v 0.09195767 0.01425795 0.07807330
v 0.09225234 0.01306774 0.08186269
v 0.08788805 0.00850148 0.08881943
v 0.09137894 0.00950909 0.09255752
v 0.08674888 0.00635035 0.09695034
v 0.09366562 0.00934560 0.09957439
v 0.09637637 0.01162449 0.09597388
v 0.09856001 0.02373650 0.06993312
v 0.09542057 0.03055877 0.05570324
v 0.09624691 0.03452149 0.04754131
v 0.04949707 0.02576142 0.01040040
v -0.04887225 -0.03180378 0.06970700
v -0.04320317 -0.03506757 0.11991862
v -0.04652662 -0.03508160 0.12149713
v -0.04122399 -0.03505635 0.11960454
v -0.03269558 -0.03500845 0.12153532
v -0.02799852 -0.03498923 0.12314225
v -0.02747732 -0.03498661 0.12276389
f 46 27 45
f 29 30 28
f 30 43 28
f 32 33 31
f 33 250 34
f 34 35 42
f 34 41 35
f 36 41 34
f 36 252 38
f 36 38 37
f 38 153 40
f 153 39 40
f 41 37 35
f 41 36 37
f 37 42 35
f 33 34 42
f 43 31 33
f 43 29 31
f 43 30 29
f 43 44 28
f 44 164 28
f 164 27 28
f 47 245 46
f 245 48 374
f 49 717 48
f 51 244 50
f 266 243 52
f 26 24 25
f 24 54 240
f 55 596 54
f 239 57 595
f 22 59 237
f 20 174 235
f 174 232 234
f 232 60 19
f 177 61 19
f 18 63 228
f 64 227 63
f 66 588 65
f 17 68 226
f 68 69 225
f 69 70 16
f 70 15 16
f 70 14 15
f 70 71 222
f 70 222 14
f 71 183 585
f 183 13 585
f 12 72 11
f 72 581 11
f 185 73 72
f 75 76 578
f 76 8 578
f 76 7 8
f 76 6 7
f 142 1512 84
f 188 120 1
f 120 335 1
f 335 188 1
f 335 121 188
f 121 119 188
f 121 122 118
f 121 118 119
f 122 328 118
f 122 123 327
f 123 124 117
f 123 117 538
f 125 325 116
f 125 115 325
f 125 126 114
f 125 114 115
f 114 127 322
f 127 321 322
f 127 113 321
f 113 128 112
f 128 129 320
f 129 111 319
f 129 130 111
f 130 318 111
f 344 110 130
f 110 346 109
f 346 107 108
f 201 105 106
f 103 311 102
f 311 131 101
f 101 100 310
f 101 99 100
f 132 133 99
f 354 96 97
f 95 207 94
f 91 303 90
f 303 1567 302
f 300 134 89
f 135 299 134
f 136 298 135
f 136 137 88
f 136 88 297
f 139 1562 138
f 293 292 496
f 141 85 86
f 142 143 83
f 143 82 291
f 82 218 1513
f 288 287 1515
f 286 144 79
f 144 145 78
f 145 77 78
f 6 371 5
f 5 372 6
f 6 372 7
f 8 577 578
f 75 578 74
f 74 9 10
f 9 580 10
f 10 580 73
f 73 580 72
f 807 12 11
f 12 583 13
f 13 584 585
f 71 585 222
f 14 224 15
f 15 760 16
f 68 225 226
f 17 226 67
f 66 67 588
f 64 65 227
f 18 229 230
f 61 590 19
f 19 233 232
f 20 373 21
f 237 59 21
f 237 238 22
f 22 238 58
f 58 238 23
f 54 596 240
f 24 240 25
f 25 241 26
f 26 241 242
f 26 242 53
f 266 53 243
f 51 599 244
f 245 146 46
f 46 146 27
f 146 246 27
f 246 28 27
f 246 147 28
f 147 247 28
f 247 29 28
f 247 148 29
f 148 149 31
f 148 31 29
f 149 248 31
f 248 32 31
f 248 249 33
f 248 33 32
f 249 603 33
f 603 150 33
f 150 250 33
f 250 151 34
f 151 36 34
f 151 251 36
f 253 152 38
f 253 38 252
f 152 153 38
f 154 155 153
f 155 39 153
f 155 40 39
f 40 156 38
f 156 255 38
f 255 256 38
f 256 157 38
f 157 37 38
f 157 256 37
f 256 158 37
f 158 42 37
f 158 159 42
f 159 160 42
f 160 161 42
f 161 43 33
f 161 33 42
f 161 162 43
f 162 163 43
f 163 257 43
f 257 164 43
f 164 44 43
f 164 259 45
f 164 45 27
f 259 165 45
f 165 46 45
f 165 166 46
f 166 47 46
f 166 245 47
f 166 167 245
f 167 48 245
f 167 263 48
f 263 49 48
f 263 50 49
f 263 51 50
f 263 265 51
f 265 397 52
f 265 52 51
f 397 168 52
f 168 266 52
f 266 169 53
f 169 26 53
f 169 267 26
f 267 268 26
f 268 24 26
f 268 54 24
f 269 55 54
f 269 170 55
f 170 56 55
f 170 270 56
f 270 239 56
f 270 171 239
f 171 57 239
f 171 271 57
f 271 23 57
f 271 272 23
f 272 58 23
f 272 172 58
f 172 22 58
f 172 59 22
f 172 273 59
f 273 173 21
f 273 21 59
f 173 174 20
f 173 20 21
f 175 232 174
f 175 176 232
f 176 60 232
f 176 19 60
f 176 177 19
f 177 178 62
f 177 62 61
f 178 230 62
f 178 18 230
f 178 179 18
f 179 63 18
f 179 276 63
f 276 64 63
f 276 65 64
f 276 180 65
f 180 66 65
f 180 278 67
f 180 67 66
f 278 17 67
f 278 68 17
f 278 181 68
f 181 69 68
f 181 279 69
f 279 70 69
f 279 182 70
f 182 418 70
f 418 71 70
f 418 183 71
f 183 280 13
f 280 12 13
f 280 184 72
f 280 72 12
f 184 185 72
f 185 10 73
f 185 282 10
f 282 74 10
f 282 75 74
f 282 76 75
f 282 78 76
f 78 6 76
f 78 77 6
f 79 285 286
f 286 1515 287
f 288 1514 80
f 80 485 289
f 289 485 1513
f 81 488 82
f 82 290 291
f 143 291 83
f 1512 142 83
f 491 86 85
f 491 1511 86
f 87 1510 293
f 140 497 295
f 136 1509 298
f 89 504 300
f 300 504 301
f 90 304 91
f 186 93 92
f 186 94 93
f 94 186 305
f 95 510 96
f 1506 354 97
f 354 306 98
f 98 306 1505
f 1505 307 98
f 307 308 98
f 133 100 99
f 101 102 311
f 103 312 104
f 104 312 105
f 105 314 106
f 106 315 107
f 187 346 108
f 187 109 346
f 109 316 110
f 110 317 130
f 130 317 318
f 320 530 128
f 113 112 321
f 322 323 114
f 115 324 325
f 325 326 116
f 116 326 124
f 118 540 119
f 332 189 188
f 189 120 188
f 189 190 120
f 190 335 120
f 191 121 335
f 191 336 121
f 336 122 121
f 336 192 122
f 192 337 123
f 192 123 122
f 337 193 124
f 337 124 123
f 193 194 116
f 193 116 124
f 194 125 116
f 194 339 125
f 339 195 125
f 195 126 125
f 195 114 126
f 195 196 114
f 196 127 114
f 196 197 127
f 197 113 127
f 197 198 113
f 198 128 113
f 198 341 129
f 198 129 128
f 341 199 129
f 199 342 130
f 199 130 129
f 342 343 130
f 343 344 130
f 344 200 110
f 200 346 110
f 106 107 346
f 348 201 106
f 201 348 105
f 348 202 105
f 202 104 105
f 202 349 104
f 349 103 104
f 349 203 311
f 349 311 103
f 203 350 311
f 350 131 311
f 350 351 101
f 350 101 131
f 351 204 101
f 204 99 101
f 204 132 99
f 204 205 132
f 205 352 133
f 205 133 132
f 308 354 98
f 354 206 96
f 206 95 96
f 207 355 93
f 207 93 94
f 355 208 93
f 208 92 93
f 208 91 92
f 208 356 91
f 356 303 91
f 356 209 303
f 209 210 303
f 210 301 303
f 210 300 301
f 210 358 300
f 358 134 300
f 358 211 134
f 211 135 134
f 211 136 135
f 211 359 136
f 359 212 136
f 212 137 136
f 212 88 137
f 212 138 88
f 212 213 138
f 213 139 138
f 213 361 139
f 361 295 139
f 361 140 295
f 361 214 140
f 214 293 140
f 214 362 293
f 362 87 293
f 363 141 86
f 363 86 87
f 364 142 84
f 364 215 142
f 215 365 142
f 365 216 143
f 365 143 142
f 216 217 143
f 217 366 82
f 217 82 143
f 366 218 82
f 218 289 1513
f 218 368 289
f 368 80 289
f 368 219 288
f 368 288 80
f 219 369 288
f 369 287 288
f 369 286 287
f 369 220 286
f 220 144 286
f 220 145 144
f 220 77 145
f 220 371 77
f 371 6 77
f 371 372 5
f 8 7 372
f 577 8 221
f 9 74 578
f 581 72 580
f 807 11 582
f 583 12 807
f 584 13 583
f 223 14 222
f 224 14 223
f 760 15 224
f 16 586 69
f 587 67 226
f 228 63 227
f 229 18 228
f 231 62 230
f 61 62 231
f 233 19 591
f 233 234 232
f 235 174 234
f 236 20 235
f 373 237 21
f 1000 57 23
f 711 56 239
f 596 55 56
f 241 25 240
f 598 53 242
f 599 51 52
f 824 50 244
f 717 49 50
f 245 246 146
f 246 247 147
f 247 149 148
f 247 248 149
f 603 250 150
f 251 252 36
f 253 380 152
f 380 153 152
f 380 154 153
f 380 254 154
f 254 155 154
f 155 255 156
f 155 156 40
f 160 162 161
f 162 257 163
f 257 258 164
f 258 259 164
f 259 260 166
f 259 166 165
f 260 261 166
f 261 262 166
f 262 167 166
f 262 263 167
f 264 396 263
f 396 265 263
f 397 266 168
f 267 169 266
f 268 269 54
f 269 270 170
f 270 271 171
f 272 273 172
f 444 174 173
f 444 175 174
f 175 274 176
f 274 177 176
f 274 275 177
f 275 178 177
f 275 440 178
f 440 179 178
f 440 276 179
f 277 180 276
f 415 279 181
f 280 183 418
f 280 281 184
f 281 420 185
f 281 185 184
f 420 282 185
f 283 284 282
f 284 78 282
f 79 144 78
f 286 285 1515
f 81 82 1513
f 290 82 488
f 1512 83 291
f 87 86 1511
f 292 293 1510
f 293 496 294
f 294 140 293
f 497 140 294
f 295 497 139
f 296 138 1562
f 88 138 296
f 1509 136 297
f 1508 135 298
f 299 135 1508
f 1567 303 301
f 304 90 303
f 1507 92 91
f 94 305 510
f 510 95 94
f 1506 97 96
f 306 354 1506
f 515 308 307
f 515 1504 308
f 133 310 100
f 310 133 309
f 102 101 310
f 312 103 102
f 313 105 312
f 314 105 313
f 315 106 314
f 108 107 315
f 108 109 187
f 109 108 316
f 317 110 316
f 1657 319 111
f 319 1657 320
f 320 129 319
f 128 530 112
f 322 321 323
f 115 114 323
f 537 124 326
f 117 124 537
f 327 123 538
f 328 122 327
f 540 118 328
f 329 330 119
f 329 119 540
f 330 331 119
f 331 188 119
f 331 541 188
f 541 332 188
f 332 333 189
f 333 190 189
f 333 334 190
f 334 335 190
f 336 337 192
f 338 193 337
f 338 194 193
f 338 339 194
f 339 340 195
f 340 196 195
f 340 197 196
f 197 341 198
f 342 199 341
f 345 200 344
f 345 346 200
f 347 106 346
f 347 348 106
f 348 349 202
f 349 350 203
f 351 558 204
f 353 354 308
f 633 206 354
f 633 95 206
f 633 207 95
f 633 355 207
f 355 356 208
f 357 209 356
f 357 210 209
f 637 358 210
f 358 359 211
f 359 360 212
f 360 213 212
f 360 361 213
f 362 214 361
f 362 363 87
f 365 215 364
f 365 366 217
f 365 217 216
f 573 218 366
f 367 368 218
f 368 369 219
f 575 220 369
f 575 370 220
f 370 371 220
f 9 579 580
f 586 16 760
f 586 226 225
f 229 704 230
f 591 19 590
f 233 707 234
f 236 592 373
f 373 20 236
f 373 238 237
f 23 710 594
f 23 819 1000
f 57 1000 595
f 56 711 596
f 242 715 598
f 243 599 52
f 50 824 717
f 48 600 374
f 246 245 374
f 374 247 246
f 374 375 247
f 375 601 247
f 601 376 247
f 376 377 247
f 377 248 247
f 377 249 248
f 377 603 249
f 378 250 603
f 378 604 250
f 604 379 250
f 250 379 151
f 379 251 151
f 379 606 252
f 379 252 251
f 606 607 252
f 252 607 253
f 607 380 253
f 380 537 254
f 537 326 254
f 326 324 254
f 324 155 254
f 324 381 155
f 381 382 155
f 382 383 155
f 383 256 255
f 383 255 155
f 383 384 256
f 384 1516 256
f 1516 158 256
f 1516 385 158
f 385 159 158
f 385 160 159
f 386 162 160
f 386 387 162
f 387 257 162
f 387 258 257
f 258 388 259
f 388 389 259
f 389 390 259
f 390 1520 259
f 1520 391 259
f 391 392 259
f 392 260 259
f 392 393 260
f 393 261 260
f 393 262 261
f 393 394 262
f 394 395 263
f 394 263 262
f 395 264 263
f 395 396 264
f 396 397 265
f 455 266 397
f 455 398 266
f 398 267 266
f 398 399 267
f 399 400 267
f 400 268 267
f 400 401 268
f 401 402 268
f 402 269 268
f 402 403 269
f 403 404 269
f 404 270 269
f 404 405 270
f 405 406 270
f 406 271 270
f 406 407 272
f 406 272 271
f 407 408 272
f 408 273 272
f 408 409 273
f 409 445 273
f 445 173 273
f 445 444 173
f 410 175 444
f 410 411 175
f 411 274 175
f 411 412 274
f 274 441 275
f 441 440 275
f 413 438 276
f 413 276 440
f 438 277 276
f 438 437 277
f 437 180 277
f 180 414 278
f 414 181 278
f 414 415 181
f 415 416 279
f 416 417 279
f 417 182 279
f 417 430 182
f 430 418 182
f 418 419 280
f 419 479 280
f 479 428 280
f 428 420 280
f 420 281 280
f 421 422 282
f 421 282 420
f 422 283 282
f 422 284 283
f 422 423 78
f 422 78 284
f 423 79 78
f 423 285 79
f 424 423 422
f 481 424 422
f 425 481 422
f 426 425 422
f 427 426 420
f 1549 427 420
f 478 479 419
f 429 478 418
f 430 431 418
f 431 430 417
f 433 432 416
f 434 433 415
f 435 434 415
f 436 435 180
f 473 436 180
f 1542 437 438
f 439 438 413
f 471 440 441
f 470 441 274
f 443 442 411
f 446 445 409
f 408 447 446
f 448 408 407
f 449 407 406
f 450 449 405
f 451 404 403
f 452 402 401
f 453 400 399
f 454 453 398
f 456 455 397
f 457 456 396
f 458 457 396
f 459 458 395
f 460 459 395
f 393 461 394
f 462 394 461
f 462 460 394
f 459 463 458
f 463 457 458
f 463 456 457
f 463 455 456
f 463 453 454
f 463 454 455
f 464 400 453
f 464 452 400
f 464 465 452
f 465 402 452
f 465 451 402
f 465 466 451
f 466 404 451
f 466 450 404
f 466 467 450
f 467 449 450
f 449 448 407
f 449 447 408
f 449 408 448
f 1532 446 447
f 1532 445 446
f 445 468 444
f 468 443 444
f 468 469 443
f 469 442 443
f 469 1537 442
f 1537 470 442
f 470 412 442
f 470 471 441
f 471 439 440
f 471 472 439
f 472 438 439
f 472 1542 438
f 1542 473 437
f 474 436 473
f 474 435 436
f 474 475 435
f 475 434 435
f 475 433 434
f 433 476 432
f 476 431 417
f 476 417 432
f 477 478 431
f 478 429 431
f 1549 428 479
f 1549 480 427
f 480 426 427
f 480 481 426
f 481 425 426
f 481 423 424
f 1620 485 1619
f 495 292 494
f 1561 294 1560
f 1562 1563 499
f 1642 1506 1570
f 531 112 1575
f 533 321 1576
f 536 115 535
f 326 325 324
f 117 537 538
f 540 330 329
f 540 541 331
f 540 331 330
f 542 332 541
f 542 333 332
f 333 543 334
f 543 614 334
f 614 544 334
f 544 615 335
f 544 335 334
f 615 616 335
f 616 191 335
f 616 336 191
f 616 617 336
f 617 618 337
f 617 337 336
f 618 545 338
f 618 338 337
f 545 546 338
f 546 547 339
f 546 339 338
f 547 548 339
f 548 340 339
f 548 620 340
f 620 549 340
f 549 621 340
f 621 622 197
f 621 197 340
f 622 550 197
f 550 623 197
f 623 624 341
f 623 341 197
f 624 625 341
f 625 342 341
f 625 551 342
f 551 552 342
f 552 343 342
f 552 553 343
f 553 344 343
f 553 345 344
f 553 626 346
f 553 346 345
f 626 347 346
f 554 628 348
f 554 348 347
f 628 555 348
f 555 556 348
f 556 349 348
f 556 629 349
f 629 557 349
f 557 350 349
f 557 351 350
f 557 558 351
f 559 631 558
f 631 204 558
f 631 560 204
f 560 205 204
f 560 561 205
f 561 353 352
f 561 352 205
f 353 633 354
f 687 355 633
f 687 562 355
f 562 356 355
f 562 563 356
f 563 635 356
f 635 357 356
f 635 564 357
f 564 210 357
f 564 637 210
f 637 565 358
f 565 638 359
f 565 359 358
f 638 566 359
f 566 360 359
f 566 639 360
f 639 567 360
f 567 361 360
f 567 640 361
f 640 362 361
f 640 568 362
f 568 641 362
f 641 363 362
f 642 364 84
f 642 84 569
f 364 570 365
f 570 571 365
f 571 572 365
f 572 366 365
f 572 573 366
f 573 574 218
f 574 367 218
f 574 368 367
f 574 646 368
f 646 369 368
f 646 647 369
f 647 575 369
f 648 576 575
f 576 370 575
f 576 371 370
f 576 372 371
f 576 649 372
f 803 8 372
f 221 8 803
f 805 581 580
f 582 11 581
f 582 650 807
f 809 585 584
f 586 225 69
f 586 702 587
f 587 226 586
f 589 67 587
f 589 588 67
f 589 65 588
f 228 227 65
f 231 230 704
f 590 61 231
f 235 234 707
f 592 236 235
f 708 373 592
f 593 373 708
f 593 238 373
f 710 23 238
f 819 23 594
f 711 239 595
f 821 596 711
f 597 240 596
f 763 241 240
f 715 242 241
f 716 53 598
f 599 243 53
f 600 48 717
f 374 601 375
f 601 377 376
f 602 603 377
f 603 604 378
f 605 379 604
f 605 606 379
f 607 608 380
f 608 609 380
f 609 539 380
f 539 538 380
f 538 537 380
f 609 327 539
f 609 610 328
f 610 657 540
f 657 541 540
f 658 611 541
f 611 542 541
f 611 612 542
f 612 661 333
f 612 333 542
f 661 724 333
f 724 613 333
f 613 662 333
f 662 614 333
f 614 543 333
f 615 544 614
f 617 667 618
f 618 546 545
f 618 619 546
f 619 547 546
f 619 620 548
f 619 548 547
f 620 621 549
f 622 623 550
f 674 551 625
f 674 552 551
f 552 676 553
f 676 626 553
f 626 627 347
f 627 554 347
f 628 556 555
f 629 630 557
f 630 682 558
f 630 558 557
f 682 559 558
f 682 631 559
f 633 353 632
f 687 634 562
f 634 563 562
f 634 635 563
f 636 637 564
f 637 638 565
f 638 639 566
f 640 567 639
f 643 695 364
f 643 364 642
f 695 644 364
f 644 570 364
f 644 571 570
f 644 572 571
f 572 645 573
f 645 698 573
f 698 574 573
f 647 699 575
f 699 648 575
f 221 700 577
f 577 701 578
f 583 808 584
f 702 586 760
f 587 813 589
f 589 703 65
f 65 703 228
f 945 590 231
f 590 761 591
f 591 706 233
f 593 708 238
f 238 709 710
f 595 820 711
f 596 712 597
f 597 713 240
f 240 713 763
f 241 714 715
f 53 822 599
f 599 823 244
f 717 718 600
f 718 374 600
f 718 601 374
f 718 651 601
f 651 652 601
f 652 377 601
f 652 602 377
f 652 653 602
f 653 603 602
f 653 720 603
f 720 654 603
f 654 604 603
f 654 655 604
f 655 605 604
f 655 722 606
f 655 606 605
f 722 656 606
f 656 657 606
f 657 607 606
f 607 610 609
f 607 609 608
f 607 657 610
f 657 658 541
f 658 659 611
f 659 660 611
f 660 612 611
f 660 661 612
f 724 662 613
f 662 663 614
f 663 664 614
f 664 615 614
f 664 727 615
f 727 665 615
f 665 616 615
f 665 666 617
f 665 617 616
f 666 667 617
f 728 618 667
f 728 668 618
f 668 669 618
f 669 619 618
f 669 730 619
f 730 620 619
f 730 731 620
f 731 670 620
f 670 671 621
f 670 621 620
f 671 732 622
f 671 622 621
f 732 672 622
f 672 623 622
f 672 733 623
f 733 624 623
f 733 673 624
f 673 625 624
f 673 734 625
f 734 674 625
f 675 552 674
f 675 676 552
f 677 626 676
f 677 736 626
f 736 678 626
f 678 627 626
f 678 554 627
f 678 737 628
f 678 628 554
f 737 679 628
f 679 738 628
f 738 556 628
f 738 680 556
f 680 629 556
f 680 739 629
f 739 681 629
f 681 630 629
f 681 682 630
f 683 741 682
f 741 631 682
f 741 684 631
f 684 742 631
f 742 560 631
f 742 743 560
f 743 685 560
f 685 561 560
f 685 784 561
f 784 744 353
f 784 353 561
f 632 687 633
f 687 632 686
f 746 634 687
f 746 747 634
f 747 748 634
f 748 635 634
f 748 564 635
f 748 688 564
f 688 689 564
f 689 636 564
f 689 690 636
f 690 637 636
f 690 750 638
f 690 638 637
f 750 691 638
f 691 639 638
f 691 751 639
f 751 692 639
f 692 640 639
f 692 752 640
f 752 693 640
f 693 568 640
f 693 753 568
f 753 641 568
f 694 642 569
f 642 695 643
f 695 696 644
f 696 697 644
f 697 572 644
f 697 800 572
f 800 698 572
f 698 645 572
f 801 574 698
f 801 758 574
f 758 937 574
f 937 646 574
f 937 647 646
f 937 699 647
f 699 802 648
f 802 576 648
f 802 649 576
f 803 372 649
f 701 577 700
f 9 578 701
f 805 580 579
f 809 584 808
f 222 585 809
f 760 942 702
f 229 228 703
f 945 231 704
f 761 590 945
f 705 591 761
f 706 591 705
f 707 233 706
f 762 235 707
f 235 762 592
f 709 238 708
f 819 594 710
f 820 595 1000
f 821 711 820
f 712 596 821
f 713 597 712
f 241 763 714
f 822 53 716
f 825 717 824
f 718 719 651
f 719 652 651
f 720 653 652
f 720 721 654
f 721 655 654
f 721 722 655
f 722 657 656
f 722 658 657
f 722 767 658
f 767 659 658
f 767 660 659
f 767 723 660
f 723 661 660
f 723 724 661
f 888 769 724
f 769 662 724
f 769 725 662
f 725 726 662
f 726 663 662
f 726 664 663
f 726 727 664
f 665 728 667
f 665 667 666
f 728 729 668
f 729 669 668
f 729 730 669
f 731 671 670
f 731 732 671
f 733 734 673
f 735 674 734
f 735 675 674
f 735 676 675
f 736 677 676
f 736 778 678
f 778 737 678
f 737 738 679
f 738 739 680
f 739 740 682
f 739 682 681
f 740 683 682
f 740 741 683
f 741 742 684
f 743 784 685
f 745 746 687
f 745 687 686
f 787 747 746
f 789 688 748
f 789 689 688
f 749 690 689
f 749 750 690
f 750 751 691
f 752 692 751
f 752 753 693
f 754 694 569
f 754 797 642
f 754 642 694
f 797 755 642
f 755 695 642
f 755 797 695
f 797 756 695
f 756 696 695
f 756 697 696
f 756 800 697
f 800 757 698
f 757 801 698
f 759 699 937
f 759 802 699
f 805 806 581
f 650 992 807
f 222 810 223
f 223 1049 224
f 941 760 224
f 702 812 587
f 589 1098 703
f 703 996 229
f 592 946 708
f 819 1108 1000
f 598 1005 716
f 599 1007 823
f 244 823 824
f 824 1008 825
f 717 825 826
f 826 718 717
f 826 719 718
f 826 764 719
f 764 652 719
f 764 720 652
f 764 827 720
f 827 828 720
f 828 765 720
f 765 721 720
f 765 766 721
f 766 722 721
f 766 767 722
f 766 829 767
f 829 768 767
f 768 723 767
f 723 888 724
f 769 770 725
f 770 831 726
f 770 726 725
f 831 898 726
f 898 771 726
f 771 772 726
f 772 727 726
f 772 881 727
f 881 665 727
f 881 833 665
f 833 728 665
f 833 879 728
f 879 773 728
f 773 729 728
f 773 877 729
f 877 730 729
f 877 774 730
f 774 875 731
f 774 731 730
f 875 873 731
f 873 872 731
f 872 834 732
f 872 732 731
f 834 775 732
f 775 835 732
f 835 776 672
f 835 672 732
f 776 836 733
f 776 733 672
f 836 777 733
f 777 734 733
f 777 735 734
f 777 676 735
f 865 736 676
f 865 778 736
f 838 737 778
f 838 779 737
f 779 780 737
f 780 779 738
f 780 738 737
f 779 781 738
f 781 839 738
f 839 739 738
f 839 840 739
f 840 841 739
f 841 740 739
f 841 782 740
f 782 842 741
f 782 741 740
f 842 783 741
f 783 856 741
f 856 742 741
f 856 843 743
f 856 743 742
f 843 844 743
f 844 784 743
f 785 786 784
f 786 852 744
f 786 744 784
f 746 745 787
f 787 788 747
f 788 850 748
f 788 748 747
f 850 789 748
f 790 791 689
f 790 689 789
f 791 749 689
f 791 792 750
f 791 750 749
f 792 751 750
f 792 793 751
f 793 794 751
f 794 752 751
f 794 795 752
f 795 753 752
f 930 754 569
f 930 569 796
f 797 798 756
f 798 799 756
f 799 800 756
f 934 935 800
f 935 757 800
f 936 758 801
f 936 937 758
f 985 1045 937
f 1045 759 937
f 938 649 802
f 803 649 938
f 803 939 221
f 579 9 701
f 804 805 579
f 806 805 1197
f 581 1048 582
f 582 940 992
f 992 650 582
f 1200 222 809
f 810 222 1200
f 811 223 810
f 1049 223 811
f 224 1050 941
f 995 760 941
f 995 942 760
f 812 702 942
f 813 587 812
f 814 589 813
f 1098 589 814
f 815 229 996
f 997 229 815
f 704 229 997
f 704 1052 945
f 1053 706 705
f 816 706 1053
f 817 707 706
f 817 762 707
f 818 592 762
f 999 592 818
f 946 592 999
f 712 821 1003
f 598 715 714
f 1007 599 822
f 825 827 826
f 827 764 826
f 828 766 765
f 828 829 766
f 828 768 829
f 828 830 768
f 830 891 723
f 830 723 768
f 891 888 723
f 888 885 769
f 885 770 769
f 885 831 770
f 771 832 772
f 832 881 772
f 879 878 773
f 877 875 774
f 834 835 775
f 835 836 776
f 836 837 777
f 837 868 777
f 868 867 676
f 868 676 777
f 867 866 676
f 866 865 676
f 864 778 865
f 864 838 778
f 779 839 781
f 841 842 782
f 842 856 783
f 844 785 784
f 844 853 786
f 844 786 785
f 853 852 786
f 850 788 787
f 849 790 789
f 849 791 790
f 849 792 791
f 928 845 792
f 845 793 792
f 846 845 928
f 847 928 792
f 847 792 927
f 927 792 848
f 848 792 926
f 926 792 849
f 924 850 851
f 851 850 787
f 851 787 745
f 922 852 853
f 854 853 844
f 854 844 921
f 921 844 920
f 920 844 970
f 970 844 843
f 919 843 855
f 855 843 856
f 918 856 842
f 857 842 858
f 858 842 841
f 858 841 917
f 859 860 841
f 859 841 915
f 915 841 861
f 861 841 840
f 862 840 839
f 862 839 914
f 914 839 913
f 913 839 779
f 913 779 912
f 912 779 911
f 911 779 838
f 911 838 910
f 910 838 863
f 863 838 864
f 864 865 909
f 908 865 866
f 837 836 869
f 869 836 906
f 906 836 870
f 870 836 835
f 906 835 871
f 871 835 905
f 905 835 834
f 905 834 904
f 904 834 872
f 874 873 875
f 877 876 875
f 833 901 879
f 880 833 881
f 882 881 832
f 900 832 899
f 899 832 771
f 897 898 831
f 896 831 883
f 883 831 885
f 884 895 885
f 886 887 885
f 886 885 888
f 889 888 891
f 830 828 891
f 828 890 891
f 890 892 891
f 892 889 891
f 892 893 888
f 892 888 889
f 893 886 888
f 894 887 886
f 894 885 887
f 894 884 885
f 895 896 883
f 895 883 885
f 896 897 831
f 898 899 771
f 900 882 832
f 882 880 881
f 901 833 880
f 901 878 879
f 878 902 773
f 902 877 773
f 902 954 877
f 954 876 877
f 954 955 875
f 954 875 876
f 955 874 875
f 903 873 874
f 903 872 873
f 903 904 872
f 905 906 871
f 906 870 835
f 906 837 869
f 907 868 837
f 907 867 868
f 907 908 866
f 907 866 867
f 908 909 865
f 909 910 864
f 910 863 864
f 914 915 862
f 915 840 862
f 915 861 840
f 915 916 860
f 915 860 859
f 916 967 841
f 916 841 860
f 967 917 841
f 917 857 858
f 917 918 842
f 917 842 857
f 918 919 856
f 919 855 856
f 919 970 843
f 921 922 854
f 922 853 854
f 923 1035 852
f 923 852 922
f 925 789 850
f 925 974 849
f 925 849 789
f 926 927 848
f 927 928 847
f 794 793 846
f 793 845 846
f 929 795 794
f 931 978 754
f 931 754 930
f 978 979 754
f 979 797 754
f 979 932 797
f 932 980 797
f 980 933 797
f 933 798 797
f 933 799 798
f 933 934 800
f 933 800 799
f 935 1043 757
f 1043 801 757
f 1043 936 801
f 1046 759 1045
f 1046 1091 759
f 1091 802 759
f 1091 986 802
f 986 938 802
f 938 987 939
f 939 803 938
f 221 1093 700
f 701 1094 579
f 804 991 805
f 805 991 1197
f 1048 581 806
f 940 582 1048
f 807 992 583
f 583 993 808
f 809 994 1200
f 1050 224 1049
f 943 703 1098
f 944 703 943
f 945 1052 761
f 761 1101 705
f 998 817 706
f 817 998 762
f 762 1104 818
f 708 1106 709
f 710 1107 819
f 821 1002 1003
f 712 1004 713
f 947 763 713
f 947 1055 763
f 763 1055 714
f 716 1006 822
f 1009 1010 825
f 1010 827 825
f 1010 948 827
f 948 890 827
f 948 1011 890
f 1011 949 890
f 949 892 890
f 949 893 892
f 949 1013 893
f 1013 886 893
f 1013 894 886
f 1013 1014 894
f 1014 884 894
f 1014 1015 884
f 1015 1016 895
f 1015 895 884
f 1016 950 895
f 950 1017 895
f 1017 896 895
f 1017 897 896
f 1017 1018 897
f 1018 951 898
f 1018 898 897
f 951 899 898
f 952 900 899
f 952 882 900
f 952 880 882
f 952 1020 880
f 1020 953 901
f 1020 901 880
f 953 878 901
f 953 1021 878
f 1021 954 878
f 954 902 878
f 955 956 874
f 956 903 874
f 956 957 903
f 957 904 903
f 957 1022 904
f 1022 958 905
f 1022 905 904
f 958 959 905
f 959 1023 906
f 959 906 905
f 1023 960 906
f 960 837 906
f 961 907 837
f 961 962 907
f 962 908 907
f 962 963 908
f 963 909 908
f 963 964 909
f 964 910 909
f 964 1024 910
f 1024 1025 910
f 1025 911 910
f 1025 1026 911
f 1026 912 911
f 1026 1027 912
f 1027 913 912
f 1027 1028 913
f 1028 914 913
f 1028 965 914
f 965 915 914
f 965 1029 915
f 1029 966 915
f 966 967 915
f 967 916 915
f 967 1030 917
f 1030 968 918
f 1030 918 917
f 968 1031 918
f 1031 969 918
f 969 919 918
f 969 970 919
f 971 921 920
f 971 922 921
f 971 972 922
f 972 923 922
f 972 1035 923
f 851 973 924
f 973 850 924
f 973 925 850
f 973 974 925
f 974 1037 849
f 1037 926 849
f 1037 927 926
f 975 928 927
f 975 976 846
f 975 846 928
f 976 929 846
f 977 930 796
f 977 978 930
f 978 931 930
f 979 980 932
f 980 981 933
f 981 982 933
f 982 934 933
f 982 1043 934
f 1043 935 934
f 983 936 1043
f 983 984 936
f 984 937 936
f 984 985 937
f 986 987 938
f 988 221 939
f 1093 221 988
f 701 700 1093
f 989 579 1094
f 990 579 989
f 991 804 579
f 993 583 992
f 994 809 808
f 995 941 1050
f 942 1261 1051
f 1051 812 942
f 1097 1098 814
f 996 703 944
f 997 815 996
f 1099 704 997
f 1052 704 1099
f 1101 761 1052
f 1053 705 1101
f 998 706 816
f 1104 762 998
f 1106 946 999
f 1106 708 946
f 1107 710 709
f 1108 819 1107
f 1109 1000 1108
f 1001 820 1000
f 821 820 1001
f 1002 821 1110
f 1004 712 1054
f 1055 947 713
f 1005 598 714
f 1006 716 1005
f 1216 822 1006
f 1008 824 823
f 1009 825 1008
f 1011 948 1010
f 1011 1056 949
f 1056 1012 949
f 1012 1013 949
f 1016 1017 950
f 1018 899 951
f 1019 952 899
f 1019 1062 952
f 1062 1020 952
f 1020 1021 953
f 1021 1123 954
f 1123 1066 954
f 1066 955 954
f 1066 956 955
f 956 1022 957
f 1022 1023 959
f 1022 959 958
f 1071 837 960
f 1071 961 837
f 1071 962 961
f 1071 1073 962
f 1073 963 962
f 1028 1029 965
f 1029 1077 967
f 1029 967 966
f 1077 1030 967
f 1030 1031 968
f 969 1032 970
f 1032 920 970
f 1032 971 920
f 1033 972 971
f 1033 1034 972
f 1034 1035 972
f 1036 973 851
f 1084 974 973
f 1084 1037 974
f 1037 975 927
f 1038 976 975
f 977 796 1039
f 977 1040 978
f 1040 1085 978
f 1085 979 978
f 1085 1041 979
f 1041 980 979
f 1041 1086 980
f 1086 1042 980
f 1042 981 980
f 1042 982 981
f 1042 1043 982
f 1044 983 1043
f 1045 985 984
f 1092 1047 1091
f 1047 986 1091
f 1047 987 986
f 579 1195 991
f 1197 1095 806
f 808 1200 994
f 1049 811 810
f 1261 942 995
f 812 1096 813
f 944 1152 996
f 1099 1100 1052
f 1103 998 816
f 1103 1104 998
f 818 1104 999
f 999 1211 1105
f 1105 1106 999
f 1003 1153 1054
f 1054 712 1003
f 1055 713 1004
f 822 1111 1007
f 1007 1111 823
f 1056 1009 1008
f 1056 1010 1009
f 1056 1011 1010
f 1057 1012 1056
f 1057 1154 1013
f 1057 1013 1012
f 1154 1112 1013
f 1112 1014 1013
f 1112 1058 1014
f 1058 1015 1014
f 1058 1113 1015
f 1113 1114 1015
f 1114 1115 1015
f 1115 1116 1015
f 1116 1016 1015
f 1116 1059 1017
f 1116 1017 1016
f 1059 1117 1017
f 1117 1060 1017
f 1060 1118 1017
f 1118 1018 1017
f 1118 1061 899
f 1118 899 1018
f 1061 1062 899
f 1062 1019 899
f 1063 1064 1020
f 1063 1020 1062
f 1064 1120 1020
f 1120 1121 1020
f 1121 1122 1020
f 1122 1021 1020
f 1122 1065 1021
f 1065 1123 1021
f 1066 1067 956
f 1067 1125 956
f 1125 1068 956
f 1068 1069 956
f 1069 1022 956
f 1069 1126 1022
f 1126 1127 1022
f 1127 1070 1022
f 1070 1023 1022
f 1128 960 1023
f 1128 1071 960
f 1072 1073 1071
f 1073 1167 963
f 1167 1130 963
f 1130 1074 963
f 1074 1131 963
f 1131 964 963
f 1131 1075 964
f 1075 1024 964
f 1075 1132 1024
f 1132 1025 1024
f 1132 1133 1025
f 1133 1026 1025
f 1133 1134 1026
f 1134 1027 1026
f 1134 1076 1028
f 1134 1028 1027
f 1076 1135 1028
f 1135 1029 1028
f 1135 1136 1029
f 1136 1077 1029
f 1077 1175 1030
f 1175 1078 1030
f 1078 1137 1030
f 1137 1031 1030
f 1137 1138 1031
f 1138 969 1031
f 1138 1139 969
f 1139 1079 969
f 1079 1032 969
f 1079 1080 971
f 1079 971 1032
f 1080 1033 971
f 1033 1081 1034
f 1081 1141 1034
f 1141 1082 1035
f 1141 1035 1034
f 1083 1084 973
f 1083 973 1036
f 1084 1143 1037
f 1143 975 1037
f 1186 1038 975
f 1144 977 1039
f 1144 1040 977
f 1144 1085 1040
f 1085 1086 1041
f 1086 1087 1042
f 1087 1088 1042
f 1088 1043 1042
f 1088 1148 1043
f 1148 1089 1043
f 1089 1044 1043
f 1089 983 1044
f 1255 1090 983
f 1090 984 983
f 1090 1045 984
f 1090 1192 1045
f 1192 1046 1045
f 1192 1091 1046
f 1092 987 1047
f 1093 988 939
f 1094 701 1093
f 1195 579 990
f 1198 808 993
f 1200 808 1198
f 810 1150 1049
f 1202 1050 1049
f 1261 995 1050
f 1261 1096 1051
f 1096 812 1051
f 1263 813 1096
f 814 813 1263
f 1098 1204 943
f 1152 944 943
f 1206 997 996
f 1099 997 1206
f 1102 1053 1101
f 1103 816 1053
f 1211 999 1104
f 1107 709 1106
f 1001 1000 1109
f 1110 821 1001
f 1153 1003 1002
f 1054 1153 1004
f 1005 714 1055
f 1216 1006 1005
f 1111 822 1216
f 1008 823 1111
f 1056 1008 1057
f 1112 1113 1058
f 1116 1117 1059
f 1117 1118 1060
f 1118 1119 1062
f 1118 1062 1061
f 1119 1120 1062
f 1120 1063 1062
f 1120 1064 1063
f 1122 1123 1065
f 1160 1124 1066
f 1160 1066 1123
f 1124 1067 1066
f 1125 1126 1069
f 1125 1069 1068
f 1127 1128 1023
f 1127 1023 1070
f 1128 1129 1071
f 1129 1072 1071
f 1129 1167 1072
f 1167 1073 1072
f 1130 1131 1074
f 1131 1132 1075
f 1134 1135 1076
f 1136 1175 1077
f 1175 1137 1078
f 1140 1080 1079
f 1140 1180 1033
f 1140 1033 1080
f 1180 1181 1033
f 1181 1182 1033
f 1182 1081 1033
f 1182 1141 1081
f 1141 1185 1082
f 1084 1083 1142
f 1186 975 1143
f 1144 1039 1145
f 1146 1085 1144
f 1146 1187 1085
f 1187 1147 1085
f 1147 1086 1085
f 1147 1188 1086
f 1087 1148 1088
f 1148 983 1089
f 1148 1254 983
f 1254 1255 983
f 1149 1091 1192
f 1149 1092 1091
f 1149 939 1092
f 939 987 1092
f 939 1194 1093
f 1093 1321 1094
f 989 1094 990
f 991 1196 1197
f 806 1095 1048
f 1200 1201 1150
f 1150 810 1200
f 1202 1049 1150
f 1329 1050 1202
f 1203 1050 1329
f 1203 1261 1050
f 1151 1096 1261
f 1204 1098 1097
f 1152 943 1204
f 1152 1205 996
f 1266 1052 1100
f 1052 1207 1101
f 1101 1267 1102
f 1267 1053 1102
f 1210 1104 1103
f 1104 1337 1211
f 1212 1105 1211
f 1212 1106 1105
f 1106 1213 1107
f 1107 1213 1108
f 1108 1342 1109
f 1055 1215 1005
f 1005 1215 1216
f 1216 1217 1111
f 1111 1154 1008
f 1008 1154 1057
f 1111 1155 1112
f 1111 1112 1154
f 1155 1217 1112
f 1217 1113 1112
f 1217 1156 1113
f 1156 1114 1113
f 1156 1157 1114
f 1157 1115 1114
f 1157 1219 1115
f 1219 1116 1115
f 1219 1220 1116
f 1220 1158 1116
f 1158 1221 1116
f 1221 1117 1116
f 1221 1222 1118
f 1221 1118 1117
f 1222 1223 1118
f 1223 1159 1118
f 1159 1119 1118
f 1159 1120 1119
f 1227 1228 1120
f 1228 1121 1120
f 1228 1122 1121
f 1228 1229 1122
f 1229 1123 1122
f 1229 1160 1123
f 1160 1231 1067
f 1160 1067 1124
f 1231 1161 1125
f 1231 1125 1067
f 1161 1232 1125
f 1232 1162 1125
f 1162 1126 1125
f 1162 1163 1126
f 1163 1127 1126
f 1163 1233 1127
f 1233 1164 1127
f 1164 1128 1127
f 1164 1165 1128
f 1165 1166 1128
f 1166 1129 1128
f 1166 1167 1129
f 1236 1168 1167
f 1168 1130 1167
f 1168 1169 1130
f 1169 1131 1130
f 1169 1170 1131
f 1170 1132 1131
f 1170 1171 1132
f 1171 1133 1132
f 1171 1172 1133
f 1172 1134 1133
f 1172 1173 1134
f 1173 1238 1134
f 1238 1239 1134
f 1239 1135 1134
f 1239 1174 1135
f 1174 1136 1135
f 1174 1240 1136
f 1240 1175 1136
f 1241 1176 1175
f 1176 1137 1175
f 1176 1177 1137
f 1177 1178 1137
f 1178 1138 1137
f 1178 1243 1138
f 1243 1139 1138
f 1243 1140 1079
f 1243 1079 1139
f 1179 1180 1140
f 1182 1183 1141
f 1183 1184 1141
f 1184 1249 1141
f 1249 1185 1141
f 1142 1143 1084
f 1143 1142 1186
f 1187 1144 1145
f 1187 1146 1144
f 1187 1188 1147
f 1188 1189 1086
f 1189 1190 1087
f 1189 1087 1086
f 1190 1251 1087
f 1251 1314 1087
f 1314 1252 1087
f 1252 1148 1087
f 1252 1191 1148
f 1191 1254 1148
f 1192 1090 1255
f 1256 1149 1192
f 1149 1193 939
f 939 1259 1194
f 1195 990 1094
f 1196 991 1195
f 1197 1388 1095
f 1198 993 992
f 1199 1200 1198
f 1201 1202 1150
f 1261 1262 1263
f 1263 1151 1261
f 1263 1096 1151
f 1097 814 1263
f 1204 1097 1330
f 1264 1152 1204
f 1205 1152 1264
f 1206 996 1205
f 1099 1265 1100
f 1207 1052 1266
f 1208 1101 1207
f 1209 1053 1267
f 1209 1103 1053
f 1103 1268 1210
f 1210 1269 1104
f 1213 1106 1212
f 1214 1108 1213
f 1342 1108 1214
f 1001 1109 1342
f 1001 2 1110
f 1270 1002 1110
f 1272 1055 1004
f 1273 1055 1272
f 1215 1055 1273
f 1216 1218 1156
f 1216 1156 1217
f 1218 1274 1157
f 1218 1157 1156
f 1220 1221 1158
f 1223 1224 1159
f 1224 1225 1120
f 1224 1120 1159
f 1225 1226 1120
f 1226 1227 1120
f 1230 1160 1229
f 1230 1231 1160
f 1232 1161 1231
f 1162 1233 1163
f 1233 1234 1164
f 1234 1165 1164
f 1234 1166 1165
f 1235 1167 1166
f 1235 1236 1167
f 1168 1237 1169
f 1237 1170 1169
f 1172 1238 1173
f 1239 1240 1174
f 1240 1241 1175
f 1241 1177 1176
f 1241 1242 1177
f 1242 1178 1177
f 1242 1243 1178
f 1243 1244 1140
f 1244 1179 1140
f 1244 1245 1179
f 1245 1246 1180
f 1245 1180 1179
f 1246 1247 1180
f 1247 1181 1180
f 1247 1309 1181
f 1309 1182 1181
f 1309 1248 1182
f 1248 1183 1182
f 1248 1184 1183
f 1248 1249 1184
f 1250 1145 1185
f 1250 1185 1249
f 1250 1187 1145
f 1250 1311 1187
f 1311 1188 1187
f 1311 1312 1188
f 1312 1189 1188
f 1251 1190 1189
f 1253 1254 1252
f 1254 1191 1252
f 1316 1255 1254
f 1257 1258 1256
f 1258 1149 1256
f 1258 1193 1149
f 1258 1259 1193
f 1259 939 1193
f 1194 1319 1093
f 1093 1320 1321
f 1094 1322 1195
f 1388 1197 1196
f 1095 1323 1048
f 1048 1323 940
f 940 1324 992
f 992 1325 1198
f 1199 1326 1200
f 1200 1327 1201
f 1260 1203 1329
f 1260 1261 1203
f 1263 1445 1097
f 1205 1331 1206
f 1265 1099 1206
f 1266 1100 1265
f 1208 1332 1333
f 1208 1333 1267
f 1267 1101 1208
f 1268 1209 1267
f 1268 1103 1209
f 1269 1210 1268
f 1269 1336 1104
f 1104 1458 1337
f 1339 1212 1211
f 1339 1340 1212
f 1212 1340 1213
f 1342 1461 1001
f 1001 1343 2
f 1271 1153 1345
f 1272 1004 1271
f 1274 1215 1273
f 1274 1218 1216
f 1273 1275 1274
f 1275 1346 1274
f 1346 1347 1157
f 1346 1157 1274
f 1347 1276 1219
f 1347 1219 1157
f 1276 1348 1219
f 1348 1220 1219
f 1348 1349 1220
f 1349 1277 1221
f 1349 1221 1220
f 1277 1350 1221
f 1350 1351 1221
f 1351 1278 1222
f 1351 1222 1221
f 1278 1279 1222
f 1279 1223 1222
f 1279 1224 1223
f 1279 1280 1224
f 1280 1225 1224
f 1280 1226 1225
f 1280 1281 1226
f 1281 1356 1227
f 1281 1227 1226
f 1356 1357 1227
f 1357 1282 1228
f 1357 1228 1227
f 1282 1229 1228
f 1282 1283 1229
f 1283 1230 1229
f 1283 1284 1231
f 1283 1231 1230
f 1284 1285 1232
f 1284 1232 1231
f 1285 1286 1232
f 1286 1162 1232
f 1286 1287 1162
f 1287 1288 1162
f 1288 1233 1162
f 1288 1289 1233
f 1289 1290 1233
f 1290 1291 1233
f 1291 1234 1233
f 1291 1292 1234
f 1292 1293 1234
f 1293 1362 1166
f 1293 1166 1234
f 1362 1294 1166
f 1294 1235 1166
f 1294 1295 1236
f 1294 1236 1235
f 1295 1296 1236
f 1296 1168 1236
f 1296 1364 1168
f 1364 1297 1168
f 1297 1298 1168
f 1298 1237 1168
f 1298 1299 1237
f 1299 1365 1170
f 1299 1170 1237
f 1365 1300 1170
f 1300 1171 1170
f 1300 1301 1171
f 1301 1366 1172
f 1301 1172 1171
f 1366 1367 1172
f 1367 1238 1172
f 1367 1302 1238
f 1302 1239 1238
f 1302 1368 1239
f 1368 1303 1239
f 1303 1369 1240
f 1303 1240 1239
f 1369 1370 1240
f 1370 1304 1240
f 1304 1305 1241
f 1304 1241 1240
f 1305 1371 1241
f 1371 1372 1241
f 1372 1306 1241
f 1306 1242 1241
f 1306 1307 1243
f 1306 1243 1242
f 1307 1375 1244
f 1307 1244 1243
f 1375 1376 1244
f 1376 1245 1244
f 1376 1246 1245
f 1376 1247 1246
f 1308 1309 1247
f 1309 1310 1248
f 1310 1249 1248
f 1310 1311 1249
f 1311 1250 1249
f 1312 1313 1189
f 1313 1251 1189
f 1313 1314 1251
f 1314 1253 1252
f 1314 1315 1253
f 1315 1254 1253
f 1315 1382 1254
f 1382 1383 1254
f 1383 1316 1254
f 1317 1255 1316
f 1317 1384 1255
f 1384 1318 1255
f 1318 1192 1255
f 1318 1256 1192
f 1318 1385 1256
f 1385 1386 1256
f 1386 1257 1256
f 1386 1258 1257
f 1258 1387 1259
f 1259 1387 1194
f 1320 1093 1319
f 1430 1094 1321
f 1432 1195 1322
f 1324 940 1323
f 1325 992 1324
f 1198 1438 1389
f 1199 1198 1389
f 1199 1389 1326
f 1327 1200 1326
f 1328 1201 1327
f 1328 1390 1201
f 1390 1202 1201
f 1202 1391 1329
f 1329 1442 1260
f 1442 1261 1260
f 1442 1262 1261
f 1393 1263 1262
f 1330 1097 1445
f 1330 1394 1204
f 1451 1206 1331
f 1206 1395 1265
f 1265 1452 1266
f 1332 1208 1207
f 1334 1267 1333
f 1334 1268 1267
f 1334 1335 1268
f 1336 1269 1268
f 1458 1104 1336
f 1338 1211 1337
f 1339 1211 1338
f 1341 1213 1340
f 1343 1001 1461
f 1343 1344 2
f 1344 1270 2
f 1344 1345 1270
f 1273 1346 1275
f 1347 1348 1276
f 1349 1350 1277
f 1351 1352 1279
f 1351 1279 1278
f 1352 1353 1279
f 1353 1354 1280
f 1353 1280 1279
f 1354 1355 1280
f 1355 1281 1280
f 1355 1356 1281
f 1282 1358 1283
f 1358 1406 1283
f 1406 1359 1283
f 1359 1284 1283
f 1359 1360 1284
f 1360 1285 1284
f 1360 1286 1285
f 1288 1287 1286
f 1361 1289 1288
f 1361 1290 1289
f 1361 1291 1290
f 1292 1362 1293
f 1362 1363 1294
f 1363 1295 1294
f 1363 1296 1295
f 1363 1364 1296
f 1364 1298 1297
f 1298 1365 1299
f 1365 1366 1300
f 1366 1301 1300
f 1368 1302 1367
f 1368 1369 1303
f 1370 1371 1305
f 1370 1305 1304
f 1372 1373 1306
f 1373 1374 1307
f 1373 1307 1306
f 1374 1375 1307
f 1377 1424 1247
f 1377 1247 1376
f 1424 1308 1247
f 1424 1378 1308
f 1378 1309 1308
f 1378 1379 1309
f 1379 1310 1309
f 1379 1380 1310
f 1380 1311 1310
f 1380 1312 1311
f 1380 1427 1312
f 1427 1313 1312
f 1381 1314 1313
f 1381 1487 1314
f 1487 1382 1314
f 1382 1315 1314
f 1492 1316 1383
f 1492 1384 1316
f 1384 1317 1316
f 1386 1387 1258
f 1386 1428 1387
f 1387 1428 1194
f 1194 1429 1319
f 1094 1431 1322
f 1195 1433 1388
f 1388 1196 1195
f 1388 1434 1095
f 1095 1435 1323
f 1323 1436 1324
f 1438 1198 1325
f 1390 1328 1327
f 1391 1202 1390
f 1392 1329 1391
f 1441 1329 1392
f 1441 1442 1329
f 1263 1444 1445
f 1330 1446 1394
f 1204 1447 1264
f 1264 1448 1205
f 1205 1450 1331
f 1395 1206 1451
f 1452 1265 1395
f 1463 1332 1207
f 1463 1333 1332
f 1454 1455 1334
f 1455 1335 1334
f 1455 1268 1335
f 1456 1336 1268
f 1337 1458 1338
f 1338 1340 1339
f 1338 1341 1340
f 1213 1460 1214
f 1214 1460 1342
f 1343 1345 1344
f 1345 1396 1271
f 1396 1272 1271
f 1396 1397 1346
f 1397 1398 1347
f 1397 1347 1346
f 1398 1460 1347
f 1460 1399 1348
f 1460 1348 1347
f 1399 1400 1348
f 1400 1349 1348
f 1400 1401 1350
f 1400 1350 1349
f 1401 1459 1350
f 1459 1402 1351
f 1459 1351 1350
f 1402 1403 1351
f 1403 1352 1351
f 1403 1353 1352
f 1354 1404 1355
f 1404 1405 1355
f 1405 1462 1356
f 1405 1356 1355
f 1462 1464 1356
f 1464 1357 1356
f 1464 1406 1282
f 1464 1282 1357
f 1406 1358 1282
f 1406 1501 1359
f 1501 1407 1359
f 1407 1360 1359
f 1407 1408 1360
f 1408 1409 1286
f 1408 1286 1360
f 1409 1467 1288
f 1409 1288 1286
f 1467 1443 1361
f 1467 1361 1288
f 1443 1410 1361
f 1410 1468 1361
f 1468 1469 1291
f 1468 1291 1361
f 1469 1411 1292
f 1469 1292 1291
f 1411 1470 1292
f 1470 1362 1292
f 1470 1471 1362
f 1471 1363 1362
f 1471 1472 1363
f 1472 1412 1363
f 1412 1473 1363
f 1473 1474 1364
f 1473 1364 1363
f 1474 1413 1364
f 1413 1437 1364
f 1437 1414 1298
f 1437 1298 1364
f 1414 1475 1298
f 1475 1365 1298
f 1475 1415 1365
f 1415 1366 1365
f 1415 1476 1366
f 1476 1416 1366
f 1416 1477 1367
f 1416 1367 1366
f 1477 1430 1367
f 1430 1368 1367
f 1430 1417 1368
f 1417 1478 1368
f 1478 1369 1368
f 1478 1479 1369
f 1479 1370 1369
f 1479 1418 1370
f 1418 1371 1370
f 1418 1419 1371
f 1419 1372 1371
f 1419 1373 1372
f 1419 1420 1373
f 1420 1482 1374
f 1420 1374 1373
f 1482 1421 1375
f 1482 1375 1374
f 1421 1483 1375
f 1483 1422 1376
f 1483 1376 1375
f 1422 1423 1376
f 1423 1377 1376
f 1423 1424 1377
f 1424 1425 1378
f 1425 1379 1378
f 1426 1380 1379
f 1426 1427 1380
f 1427 1381 1313
f 1427 1487 1381
f 1487 1490 1382
f 1490 1383 1382
f 1490 1492 1383
f 1492 1493 1384
f 1493 1494 1384
f 1494 1495 1384
f 1495 1318 1384
f 1495 1385 1318
f 1495 1497 1385
f 1497 1386 1385
f 1497 1428 1386
f 1429 1194 1428
f 1431 1094 1430
f 1433 1195 1432
f 1435 1095 1434
f 1436 1323 1435
f 1436 1437 1324
f 1324 1499 1438
f 1438 1325 1324
f 1439 1327 1326
f 1440 1390 1327
f 1440 1391 1390
f 1443 1393 1262
f 1443 1444 1393
f 1444 1263 1393
f 1446 1330 1445
f 1447 1204 1394
f 1448 1264 1447
f 1449 1205 1448
f 1450 1205 1449
f 1451 1331 1450
f 1395 1501 1452
f 1453 1266 1452
f 1453 1463 1266
f 1463 1207 1266
f 1333 1463 1454
f 1454 1334 1333
f 1456 1268 1455
f 1457 1458 1336
f 1459 1341 1338
f 1460 1213 1341
f 1461 1342 1460
f 1461 1397 1396
f 1461 1396 1345
f 1461 1460 1398
f 1461 1398 1397
f 1460 1341 1399
f 1341 1400 1399
f 1341 1459 1400
f 1459 1401 1400
f 1338 1458 1402
f 1338 1402 1459
f 1458 1403 1402
f 1458 1457 1403
f 1457 1336 1403
f 1336 1456 1403
f 1456 1353 1403
f 1456 1455 1354
f 1456 1354 1353
f 1455 1454 1404
f 1455 1404 1354
f 1454 1463 1404
f 1463 1462 1405
f 1463 1405 1404
f 1462 1463 1464
f 1464 1465 1406
f 1465 1452 1406
f 1452 1466 1406
f 1466 1501 1406
f 1501 1408 1407
f 1447 1409 1408
f 1447 1467 1409
f 1446 1444 1467
f 1444 1443 1467
f 1469 1470 1411
f 1472 1473 1412
f 1474 1437 1413
f 1437 1475 1414
f 1476 1415 1475
f 1476 1477 1416
f 1430 1478 1417
f 1429 1479 1478
f 1479 1480 1418
f 1480 1419 1418
f 1496 1481 1419
f 1481 1420 1419
f 1481 1482 1420
f 1483 1421 1482
f 1483 1484 1423
f 1483 1423 1422
f 1484 1485 1424
f 1484 1424 1423
f 1485 1425 1424
f 1485 1379 1425
f 1485 1426 1379
f 1486 1427 1485
f 1486 1485 1484
f 1487 1486 1484
f 1488 1487 1484
f 1489 1487 1488
f 1489 1488 1483
f 1490 1489 1483
f 1491 1490 1483
f 1492 1491 1482
f 1493 1492 1482
f 1494 1493 1481
f 1495 1494 1481
f 1497 1480 1498
f 1498 1428 1497
f 1498 1480 1479
f 1498 1479 1428
f 1428 1479 1429
f 1319 1429 1478
f 1319 1478 1320
f 1320 1478 1321
f 1321 1478 1430
f 1431 1430 1477
f 1431 1477 1322
f 1322 1477 1432
f 1432 1477 1433
f 1433 1477 1476
f 1433 1476 1388
f 1388 1476 1434
f 1434 1476 1435
f 1435 1476 1475
f 1435 1475 1436
f 1436 1475 1437
f 1499 1324 1437
f 1499 1437 1438
f 1438 1437 1474
f 1438 1474 1389
f 1389 1474 1473
f 1389 1473 1326
f 1326 1473 1472
f 1326 1472 1439
f 1439 1472 1327
f 1327 1472 1471
f 1471 1440 1327
f 1471 1500 1440
f 1500 1391 1440
f 1500 1471 1470
f 1500 1470 1391
f 1391 1470 1392
f 1392 1470 1469
f 1469 1441 1392
f 1469 1468 1441
f 1468 1442 1441
f 1468 1262 1442
f 1262 1468 1410
f 1410 1443 1262
f 1445 1444 1446
f 1446 1467 1394
f 1394 1467 1447
f 1448 1447 1408
f 1448 1408 1449
f 1449 1408 1450
f 1450 1408 1501
f 1450 1501 1451
f 1501 1395 1451
f 1501 1466 1452
f 1452 1465 1502
f 1502 1453 1452
f 1502 1463 1453
f 1502 1465 1464
f 1502 1464 1463
f 1497 1495 1496
f 1497 1496 1419
f 1497 1419 1480
f 1495 1481 1496
f 1493 1482 1481
f 1492 1490 1491
f 1491 1483 1482
f 1490 1487 1489
f 1488 1484 1483
f 1487 1427 1486
f 1485 1427 1426
f 1345 1343 1461
f 1346 1273 1272
f 1346 1272 1396
f 1274 1216 1215
f 1271 1004 1153
f 1270 1345 1153
f 1270 1153 1002
f 1110 2 1270
f 1155 1111 1217
f 929 794 846
f 890 828 827
f 610 540 328
f 609 328 327
f 539 327 538
f 115 536 324
f 115 323 535
f 323 534 535
f 323 321 533
f 323 533 534
f 321 112 1576
f 112 532 1576
f 112 1658 532
f 112 531 1658
f 112 530 1575
f 530 320 1574
f 320 529 1574
f 320 1657 529
f 1657 111 528
f 111 1656 528
f 111 318 1656
f 318 1655 1656
f 318 317 527
f 318 527 1655
f 317 1654 527
f 317 526 1653
f 317 1653 1654
f 317 316 1573
f 317 1573 526
f 316 525 1573
f 316 524 525
f 108 524 316
f 108 1651 524
f 108 315 523
f 108 523 1651
f 315 1649 523
f 1649 522 523
f 1649 315 314
f 314 313 521
f 314 521 1649
f 313 312 521
f 312 520 521
f 312 519 520
f 312 102 518
f 312 518 519
f 102 310 309
f 102 309 1503
f 102 1503 517
f 102 517 518
f 1504 516 1572
f 516 1504 515
f 515 307 1645
f 307 1505 514
f 1505 513 514
f 1505 306 512
f 1505 512 513
f 306 511 512
f 306 1506 511
f 1506 96 510
f 1506 510 1570
f 510 305 1569
f 305 509 1569
f 305 508 509
f 305 186 92
f 305 92 508
f 92 1507 507
f 92 507 1640
f 92 1640 508
f 1507 91 304
f 1507 304 1568
f 1507 1568 507
f 304 303 506
f 304 506 505
f 303 302 505
f 303 505 506
f 302 1567 505
f 1567 301 1566
f 301 504 1566
f 504 1565 1719
f 504 89 503
f 504 503 1565
f 89 134 503
f 134 299 502
f 299 501 502
f 299 1508 1634
f 299 1634 501
f 1508 1633 1634
f 1508 298 1509
f 1509 500 1508
f 1509 297 88
f 88 1564 1509
f 88 296 499
f 88 499 1630
f 88 1630 1564
f 296 1562 499
f 1562 139 497
f 1562 497 498
f 497 294 1628
f 294 1561 1628
f 294 496 1560
f 496 292 495
f 292 1510 494
f 1510 87 1511
f 1510 1511 493
f 1510 493 1558
f 1510 1558 494
f 1511 1625 493
f 1511 491 492
f 1511 492 1625
f 491 1624 492
f 85 490 491
f 291 489 1556
f 291 1556 1512
f 291 290 488
f 291 488 489
f 488 81 1513
f 488 1513 487
f 1513 486 487
f 1513 485 1622
f 1513 1622 486
f 485 1620 1622
f 485 80 1514
f 485 1514 484
f 485 484 483
f 1514 483 484
f 1514 288 1515
f 1514 1515 482
f 1514 482 483
f 1515 285 481
f 324 536 381
f 536 535 382
f 536 382 381
f 382 384 383
f 382 1516 384
f 385 1517 160
f 1517 1580 160
f 1580 386 160
f 386 1518 387
f 1518 1583 387
f 1583 1519 387
f 1519 258 387
f 1519 388 258
f 1519 389 388
f 1519 1520 390
f 1519 390 389
f 1520 392 391
f 392 1521 393
f 1521 1590 393
f 1590 461 393
f 461 1590 462
f 1590 1522 462
f 1522 1523 462
f 1523 460 462
f 1523 1591 459
f 1523 459 460
f 1591 1524 463
f 1591 463 459
f 1524 1525 463
f 1525 1593 463
f 1593 1526 463
f 1526 1527 453
f 1526 453 463
f 1527 464 453
f 1527 1528 464
f 1528 465 464
f 1528 1529 465
f 1529 466 465
f 1529 1530 466
f 1530 467 466
f 1530 1531 467
f 1531 449 467
f 1533 445 1532
f 1533 1534 445
f 1534 468 445
f 1534 1535 468
f 1535 469 468
f 1535 1536 469
f 1536 1537 469
f 1538 470 1537
f 1538 1539 470
f 1539 1606 471
f 1539 471 470
f 1606 1607 471
f 1607 1540 471
f 1540 472 471
f 1540 1541 472
f 1541 1542 472
f 1542 1543 473
f 1543 1544 474
f 1543 474 473
f 1544 1610 474
f 1610 1611 475
f 1610 475 474
f 1611 1545 475
f 1545 1612 433
f 1545 433 475
f 1612 1546 433
f 1546 476 433
f 1546 1699 431
f 1546 431 476
f 1699 1547 431
f 1547 477 431
f 1547 1614 478
f 1547 478 477
f 1614 1548 478
f 1548 479 478
f 1548 1615 479
f 1615 1549 479
f 1615 1616 1549
f 1549 1550 480
f 1550 1551 480
f 1551 1552 481
f 1551 481 480
f 1552 1553 481
f 1553 1555 481
f 1555 1554 481
f 1554 482 1515
f 1554 1515 481
f 482 1554 1555
f 1555 483 482
f 483 1618 1619
f 1619 485 483
f 1620 1621 1622
f 486 1622 487
f 487 1623 488
f 488 2030 1556
f 1556 489 488
f 490 85 1557
f 490 1799 491
f 491 1800 1624
f 492 1710 1625
f 1558 493 1625
f 1559 494 1558
f 495 1627 1560
f 1560 496 495
f 1560 1627 1561
f 1561 1804 1628
f 497 1628 498
f 498 1629 1562
f 1562 1713 1563
f 1630 499 1563
f 1564 1631 1509
f 500 1715 1508
f 1508 1632 1633
f 502 1810 134
f 1565 503 134
f 1565 1813 1719
f 1566 504 1719
f 1566 1635 1567
f 505 1638 1568
f 1568 304 505
f 1640 507 1568
f 508 1725 1569
f 1569 509 508
f 1569 1641 1570
f 1570 510 1569
f 511 1643 512
f 512 1644 513
f 513 1730 514
f 1645 307 514
f 515 1646 516
f 516 1732 1647
f 1647 1571 516
f 1571 1572 516
f 1572 518 517
f 1572 1571 518
f 1571 519 518
f 520 1738 521
f 521 1741 1649
f 1650 522 1649
f 523 522 1650
f 523 1650 1743
f 523 1743 1651
f 524 1745 1573
f 1573 525 524
f 1573 1652 1653
f 1653 526 1573
f 1653 1747 1654
f 527 1748 1655
f 528 1751 1657
f 529 1752 1574
f 1575 530 1574
f 1658 1659 1576
f 1576 532 1658
f 533 1577 534
f 534 1577 535
f 1577 1660 535
f 1660 1578 382
f 1660 382 535
f 1578 1516 382
f 1578 1661 1516
f 1661 1579 385
f 1661 385 1516
f 1579 1662 385
f 1662 1580 385
f 1580 1517 385
f 1580 1581 386
f 1581 1582 386
f 1582 1583 386
f 1583 1518 386
f 1583 1584 1519
f 1584 1666 1519
f 1666 1585 1520
f 1666 1520 1519
f 1585 1667 1520
f 1667 1586 1520
f 1586 1587 1520
f 1587 392 1520
f 1587 1668 392
f 1668 1588 392
f 1588 1521 392
f 1588 1669 1521
f 1669 1589 1521
f 1589 1590 1521
f 1590 1523 1522
f 1590 1591 1523
f 1592 1524 1591
f 1592 1525 1524
f 1592 1593 1525
f 1594 1526 1593
f 1594 1527 1526
f 1594 1595 1527
f 1595 1596 1527
f 1596 1528 1527
f 1596 1676 1528
f 1676 1597 1528
f 1597 1529 1528
f 1597 1598 1529
f 1598 1678 1529
f 1678 1530 1529
f 1678 1599 1530
f 1599 1531 1530
f 1599 1600 1531
f 1600 447 1531
f 447 449 1531
f 1601 1602 1532
f 1601 1532 447
f 1602 1603 1532
f 1603 1533 1532
f 1603 1534 1533
f 1536 1604 1537
f 1604 1605 1538
f 1604 1538 1537
f 1605 1539 1538
f 1605 1606 1539
f 1541 1608 1542
f 1608 1689 1542
f 1689 1609 1542
f 1609 1543 1542
f 1609 1544 1543
f 1609 1610 1544
f 1612 1545 1611
f 1613 1699 1546
f 1699 1614 1547
f 1614 1615 1548
f 1616 1617 1549
f 1617 1550 1549
f 1617 1551 1550
f 1617 1552 1551
f 1617 1555 1553
f 1617 1553 1552
f 1555 1617 1618
f 1618 483 1555
f 1623 487 1622
f 2030 488 1623
f 1708 490 1557
f 1708 1799 490
f 1800 491 1799
f 1710 492 1624
f 1626 1558 1625
f 1801 495 494
f 1627 495 1801
f 1629 498 1628
f 1713 1562 1629
f 1631 1564 1630
f 1714 1509 1631
f 500 1509 1714
f 1632 1508 1715
f 1634 1717 501
f 501 1718 1810
f 1810 502 501
f 134 1811 1565
f 1635 1566 1719
f 1636 1567 1635
f 1637 1567 1636
f 1638 505 1567
f 1722 1568 1638
f 1639 1640 1568
f 1724 508 1640
f 1726 1569 1725
f 1641 1569 1726
f 1642 1570 1641
f 1729 512 1643
f 1644 512 1729
f 1730 513 1644
f 1645 514 1730
f 1645 1731 1646
f 1646 515 1645
f 1732 516 1646
f 1647 1735 1571
f 1735 1736 519
f 1735 519 1571
f 1738 520 519
f 1648 521 1738
f 1741 521 1648
f 1649 1741 1650
f 1746 1573 1745
f 1652 1573 1746
f 1748 527 1654
f 1749 1656 1655
f 1751 528 1656
f 1752 529 1657
f 1841 1574 1752
f 1754 1575 1574
f 1658 531 1575
f 1756 1576 1659
f 1660 533 1576
f 1660 1661 1578
f 1661 1662 1579
f 1662 1663 1580
f 1663 1757 1580
f 1580 1664 1581
f 1664 1582 1581
f 1664 1583 1582
f 1664 1665 1583
f 1665 1666 1583
f 1666 1584 1583
f 1667 1585 1666
f 1667 1668 1587
f 1667 1587 1586
f 1668 1669 1588
f 1669 1670 1589
f 1670 1590 1589
f 1670 1765 1590
f 1765 1671 1590
f 1671 1591 1590
f 1671 1766 1591
f 1766 1592 1591
f 1766 1672 1592
f 1672 1673 1592
f 1673 1593 1592
f 1673 1768 1593
f 1768 1594 1593
f 1768 1674 1594
f 1674 1675 1594
f 1675 1595 1594
f 1675 1596 1595
f 1675 1676 1596
f 1677 1597 1676
f 1677 1598 1597
f 1677 1678 1598
f 1679 1599 1678
f 1600 1680 447
f 1680 1601 447
f 1680 1602 1601
f 1680 1681 1603
f 1680 1603 1602
f 1681 1682 1603
f 1682 1683 1603
f 1683 1778 1534
f 1683 1534 1603
f 1778 1684 1534
f 1684 1779 1535
f 1684 1535 1534
f 1779 1685 1535
f 1685 1779 1536
f 1685 1536 1535
f 1779 1686 1536
f 1686 1604 1536
f 1686 1687 1605
f 1686 1605 1604
f 1687 1781 1605
f 1781 1782 1606
f 1781 1606 1605
f 1782 1783 1607
f 1782 1607 1606
f 1783 1784 1607
f 1784 1540 1607
f 1784 1688 1540
f 1688 1785 1541
f 1688 1541 1540
f 1785 1689 1541
f 1689 1608 1541
f 1689 1690 1609
f 1690 1691 1609
f 1691 1692 1610
f 1691 1610 1609
f 1692 1786 1610
f 1786 1693 1611
f 1786 1611 1610
f 1693 1787 1612
f 1693 1612 1611
f 1787 1694 1612
f 1694 1788 1612
f 1788 1546 1612
f 1788 1695 1546
f 1695 1696 1613
f 1695 1613 1546
f 1697 1699 1613
f 1699 1697 1698
f 1875 1614 1699
f 1875 1700 1614
f 1700 1791 1615
f 1700 1615 1614
f 1791 1792 1615
f 1792 1616 1615
f 1792 1701 1616
f 1701 1793 1617
f 1701 1617 1616
f 1793 1794 1617
f 1794 1702 1617
f 1702 1703 1617
f 1703 1619 1617
f 1620 1703 1702
f 1794 1621 1620
f 1704 1622 1794
f 1704 1954 1705
f 1709 1624 1800
f 1711 1558 1626
f 1712 494 1559
f 1802 1627 1801
f 1803 1561 1627
f 1805 1628 1804
f 1806 1628 1805
f 1807 1563 1713
f 1716 1632 1715
f 1813 1565 1811
f 1821 1568 1722
f 1723 1640 1821
f 1822 508 1724
f 1727 1642 1726
f 1728 1642 1727
f 1826 1506 1642
f 1643 511 1826
f 1729 1828 1950
f 1950 1644 1729
f 1734 1647 1733
f 1737 519 1736
f 1740 1741 1739
f 1742 1650 1741
f 1744 524 1743
f 1747 1653 1746
f 1836 1654 1747
f 1750 1656 1749
f 1839 1657 1751
f 1753 1574 1841
f 1658 1575 1754
f 1756 1662 1661
f 1756 1659 1755
f 1576 1756 1661
f 1576 1661 1660
f 1756 1755 1662
f 1755 1663 1662
f 1755 1757 1663
f 1757 1664 1580
f 1757 1758 1664
f 1758 1840 1664
f 1840 1665 1664
f 1840 1759 1666
f 1840 1666 1665
f 1759 1837 1667
f 1759 1667 1666
f 1837 1760 1667
f 1760 1842 1667
f 1842 1761 1667
f 1761 1843 1667
f 1843 1668 1667
f 1843 1762 1668
f 1762 1763 1668
f 1763 1669 1668
f 1763 1844 1669
f 1844 1764 1669
f 1764 1670 1669
f 1764 1765 1670
f 1765 1766 1671
f 1767 1672 1766
f 1767 1673 1672
f 1767 1768 1673
f 1769 1674 1768
f 1769 1675 1674
f 1769 1770 1675
f 1770 1771 1675
f 1771 1676 1675
f 1771 1851 1676
f 1851 1677 1676
f 1851 1772 1677
f 1772 1773 1677
f 1773 1678 1677
f 1773 1774 1678
f 1774 1679 1678
f 1774 1775 1599
f 1774 1599 1679
f 1775 1854 1599
f 1854 1776 1600
f 1854 1600 1599
f 1776 1855 1600
f 1855 1680 1600
f 1855 1856 1680
f 1856 1777 1680
f 1777 1681 1680
f 1777 1682 1681
f 1777 1778 1683
f 1777 1683 1682
f 1778 1779 1684
f 1779 1780 1686
f 1780 1687 1686
f 1780 1781 1687
f 1784 1785 1688
f 1785 1863 1689
f 1863 1864 1689
f 1864 1690 1689
f 1864 1691 1690
f 1691 1786 1692
f 1786 1787 1693
f 1787 1788 1694
f 1789 1695 1788
f 1789 1872 1696
f 1789 1696 1695
f 1790 1875 1699
f 1790 1699 1698
f 1792 1793 1701
f 1795 1704 1794
f 1795 1794 1793
f 1797 1798 1708
f 1881 1709 1800
f 1711 1626 1883
f 1712 1559 1885
f 1952 500 1808
f 1809 1715 1952
f 1718 1717 1901
f 1812 1813 1811
f 1814 1719 1813
f 1815 1816 1814
f 1818 1720 1817
f 1819 1721 1818
f 1820 1722 1721
f 1824 1726 1823
f 1920 1726 1824
f 1921 1728 1920
f 1825 1642 1921
f 1827 1924 1828
f 1829 1730 1950
f 1949 1646 1829
f 1948 1647 1949
f 1947 1734 1948
f 1946 1735 1947
f 1831 1739 1830
f 1832 1741 1831
f 1833 1741 1832
f 1744 1743 1833
f 1835 1745 1834
f 1945 1746 1835
f 1838 1751 1837
f 1840 1752 1839
f 1841 1840 1758
f 1841 1758 1753
f 1753 1758 1757
f 1754 1753 1757
f 1754 1757 1658
f 1658 1757 1755
f 1841 1752 1840
f 1839 1838 1840
f 1838 1759 1840
f 1838 1837 1759
f 1837 1748 1760
f 1748 1842 1760
f 1842 1843 1761
f 1843 1844 1763
f 1843 1763 1762
f 1844 1845 1764
f 1845 2017 1765
f 1845 1765 1764
f 2017 1846 1765
f 1846 1766 1765
f 1846 2015 1766
f 2015 1767 1766
f 2015 1847 1767
f 1847 1848 1767
f 1848 1768 1767
f 1848 1849 1768
f 1849 1769 1768
f 1849 2009 1769
f 2009 1850 1769
f 1850 1770 1769
f 1850 1771 1770
f 1850 1851 1771
f 1852 1772 1851
f 1852 1773 1772
f 1852 1853 1773
f 1853 1774 1773
f 1854 1775 1774
f 1854 1855 1776
f 1856 1960 1777
f 1960 1995 1777
f 1995 1857 1778
f 1995 1778 1777
f 1857 1961 1778
f 1961 1858 1778
f 1858 1859 1779
f 1858 1779 1778
f 1859 1992 1779
f 1992 1860 1779
f 1860 1962 1779
f 1962 1780 1779
f 1962 1963 1780
f 1963 1987 1780
f 1987 1964 1781
f 1987 1781 1780
f 1964 1861 1782
f 1964 1782 1781
f 1861 1965 1782
f 1965 1783 1782
f 1965 1983 1783
f 1983 1862 1784
f 1983 1784 1783
f 1862 1966 1784
f 1966 1785 1784
f 1966 1863 1785
f 1863 1968 1864
f 1968 1969 1864
f 1864 1977 1691
f 1977 1865 1691
f 1865 1786 1691
f 1865 1866 1786
f 1866 1787 1786
f 1866 1867 1787
f 1867 1788 1787
f 1867 1868 1788
f 1868 1869 1788
f 1869 1973 1788
f 1973 1789 1788
f 1973 1870 1789
f 1870 1871 1789
f 1871 1872 1789
f 1873 1875 1790
f 1875 1873 1874
f 2026 1700 1875
f 2026 1791 1700
f 2026 1876 1792
f 2026 1792 1791
f 1876 1954 1792
f 1879 1799 1878
f 1893 1804 1892
f 2024 1895 1894
f 1896 2024 1897
f 1902 1901 1903
f 1917 1823 1916
f 1929 1949 2022
f 1930 1948 1929
f 1939 1938 1940
f 1943 1835 1941
f 1945 1944 1843
f 1945 1843 1842
f 1836 1945 1842
f 1836 1842 1748
f 1945 1835 1944
f 1835 1943 1944
f 1835 1834 1942
f 1835 1942 1941
f 1834 1744 1941
f 1834 1941 1942
f 1744 1940 1941
f 1744 1833 1939
f 1744 1939 1940
f 1833 1938 1939
f 1833 1832 1937
f 1833 1937 1938
f 1832 1831 1936
f 1832 1936 1937
f 1831 1935 1936
f 1831 1830 1935
f 1830 1934 1935
f 1830 1933 1934
f 1830 2011 1933
f 1830 1736 1946
f 1830 1946 2020
f 1830 2020 2011
f 1946 1932 2020
f 1946 1947 1932
f 1947 1931 1932
f 1947 1948 2021
f 1947 2021 1931
f 1948 1930 2021
f 1948 1949 1929
f 1949 1829 2022
f 1829 1928 2022
f 1829 1950 1927
f 1829 1927 1926
f 1829 1926 1928
f 1950 1925 1927
f 1950 1924 1925
f 1924 1826 1923
f 1826 1825 1922
f 1826 1922 1923
f 1825 1921 1922
f 1920 1919 1918
f 1920 1824 1919
f 1824 1823 1917
f 1824 1917 1919
f 1823 1822 1915
f 1823 1915 1916
f 1822 1914 1915
f 1822 1723 1913
f 1822 1913 1914
f 1723 1821 1913
f 1821 1820 1912
f 1821 1912 1913
f 1820 1911 1912
f 1721 1819 1911
f 1721 1911 1820
f 1819 1818 1910
f 1819 1910 1911
f 1818 1817 1910
f 1817 1816 1909
f 1817 1909 1910
f 1816 1815 1908
f 1816 1908 1909
f 1815 1814 1907
f 1815 1907 1908
f 1814 1813 1907
f 1813 1812 1906
f 1813 1906 1907
f 1812 1811 1906
f 1811 1810 1905
f 1811 1905 1904
f 1811 1904 1906
f 1905 1718 1903
f 1718 1901 1902
f 1718 1902 1903
f 1901 1809 1900
f 1809 1951 1900
f 1951 1952 1899
f 1952 1808 1898
f 1952 1898 1899
f 1808 1807 1897
f 1808 1897 1898
f 1807 1895 1896
f 1807 1896 1897
f 1895 2024 1896
f 1953 1806 1894
f 1953 1894 1895
f 1806 1805 1804
f 1806 1804 1893
f 1806 1893 1894
f 1804 1803 1892
f 1803 1802 1891
f 1803 1891 1892
f 1802 1890 1891
f 1802 1801 1889
f 1802 1889 1890
f 1801 1887 1888
f 1801 1888 1889
f 1712 1885 1886
f 1712 1886 1887
f 1711 1883 1884
f 1711 1884 1885
f 1710 1881 1882
f 1710 1882 1883
f 1800 1799 1880
f 1800 1880 1881
f 1799 1879 1880
f 1798 1878 1799
f 1797 2027 1798
f 1954 1876 1877
f 1954 1795 1793
f 1877 1955 1796
f 1877 1796 1954
f 1953 1895 1713
f 1953 1713 1806
f 1951 1809 1952
f 1809 1901 1716
f 1826 1924 1827
f 1924 1950 1828
f 1944 1943 1844
f 1944 1844 1843
f 1943 1956 1844
f 1956 1957 1844
f 1957 1845 1844
f 1957 2017 1845
f 2017 2015 1846
f 2012 1848 1847
f 2012 1849 1848
f 2012 2009 1849
f 2007 1850 2009
f 2007 2006 1850
f 2006 1958 1850
f 1958 1851 1850
f 1958 2005 1851
f 2005 2004 1851
f 2004 1852 1851
f 2004 2002 1852
f 2002 1853 1852
f 2002 1959 1854
f 2002 1854 1774
f 2002 1774 1853
f 1959 2001 1854
f 2001 2023 1854
f 2023 2000 1854
f 2000 1855 1854
f 2000 1999 1855
f 1999 1856 1855
f 1999 1960 1856
f 1960 1996 1995
f 1961 1857 1995
f 1961 1992 1859
f 1961 1859 1858
f 1992 1962 1860
f 1964 1965 1861
f 1983 1966 1862
f 1967 1863 1966
f 1967 1968 1863
f 1969 1977 1864
f 1869 1868 1867
f 1971 1870 1973
f 1971 1871 1870
f 1971 1879 1871
f 1879 4 3
f 1879 3 1872
f 1879 1872 1871
f 1971 1970 1879
f 1972 1971 1973
f 1885 1973 1869
f 1885 1869 1975
f 1975 1869 1887
f 1887 1869 1867
f 1887 1867 1976
f 1976 1867 1890
f 1890 1867 1866
f 1866 1865 1891
f 1891 1865 1977
f 1893 1977 1978
f 1978 1977 1969
f 1978 1969 2024
f 2024 1969 1979
f 1979 1969 1968
f 1979 1968 1980
f 1980 1968 1897
f 1897 1968 1967
f 1981 1967 1966
f 1981 1966 1982
f 1982 1966 1900
f 1900 1966 1983
f 1984 1983 1965
f 1984 1965 1985
f 1985 1965 1903
f 1903 1965 1964
f 1903 1964 1986
f 1986 1964 1987
f 1988 1987 1989
f 1989 1987 1963
f 1989 1963 1990
f 1990 1963 1907
f 1907 1963 1962
f 1907 1962 1991
f 1991 1962 1992
f 1993 1992 1961
f 1993 1961 1911
f 1911 1961 1912
f 1912 1961 1994
f 1994 1961 1995
f 1996 1997 1995
f 1996 1960 1915
f 1915 1960 1998
f 1998 1960 1999
f 2003 2002 2004
f 2008 2007 2009
f 2010 2009 2011
f 2011 2009 2012
f 2013 2012 2014
f 2014 2012 1847
f 2016 2015 2017
f 1938 2018 2017
f 1957 1938 2017
f 1957 1940 1938
f 1957 1956 1941
f 1938 2019 2018
f 2019 2017 2018
f 2019 2016 2017
f 2019 1936 2015
f 2019 2015 2016
f 1936 1935 1847
f 1936 1847 2015
f 1935 2014 1847
f 1935 1934 2013
f 1935 2013 2014
f 1934 1933 2012
f 1934 2012 2013
f 1933 2011 2012
f 2020 2010 2011
f 2020 2008 2009
f 2020 2009 2010
f 2021 2007 2008
f 2021 1930 2006
f 2021 2006 2007
f 1930 1929 2006
f 1929 1958 2006
f 1929 2022 2005
f 1929 2005 1958
f 2022 1926 2004
f 2022 2004 2005
f 1926 1927 2004
f 1927 1925 2003
f 1927 2003 2004
f 1925 1924 2002
f 1925 2002 2003
f 1924 1923 2002
f 1923 1959 2002
f 1923 2023 2001
f 1923 2001 1959
f 2023 1921 1920
f 1920 1918 2000
f 1920 2000 2023
f 1918 1919 2000
f 1919 1917 1999
f 1919 1999 2000
f 1917 1916 1999
f 1916 1915 1998
f 1916 1998 1999
f 1914 1997 1996
f 1914 1996 1915
f 1914 1913 1995
f 1914 1995 1997
f 1913 1912 1994
f 1913 1994 1995
f 1911 1910 1993
f 1910 1909 1992
f 1910 1992 1993
f 1909 1908 1992
f 1908 1907 1991
f 1908 1991 1992
f 1907 1989 1990
f 1907 1904 1988
f 1907 1988 1989
f 1904 1905 1987
f 1904 1987 1988
f 1905 1903 1986
f 1905 1986 1987
f 1901 1985 1903
f 1901 1900 1984
f 1901 1984 1985
f 1900 1983 1984
f 1951 1982 1900
f 1951 1898 1981
f 1951 1981 1982
f 1898 1897 1967
f 1898 1967 1981
f 2024 1980 1897
f 2024 1979 1980
f 2024 1893 1978
f 1892 1891 1977
f 1892 1977 1893
f 1890 1866 1891
f 1889 1888 1890
f 1888 1887 1976
f 1888 1976 1890
f 1886 1885 1975
f 1886 1975 1887
f 1884 1883 1974
f 1884 1974 1973
f 1884 1973 1885
f 1883 1882 1973
f 1883 1973 1974
f 1882 1881 1972
f 1882 1972 1973
f 1881 1880 1971
f 1881 1971 1972
f 1880 1879 1970
f 1880 1970 1971
f 4 2027 3
f 2026 1877 1876
f 2026 2025 1877
f 2027 4 1798
f 4 1878 1798
f 4 1879 1878
f 2024 1894 1893
f 1951 1899 1898
f 1907 1906 1904
f 1921 2023 1923
f 1923 1922 1921
f 2022 1928 1926
f 2008 1931 2021
f 2008 2020 1931
f 2020 1932 1931
f 2019 1937 1936
f 2019 1938 1937
f 1957 1941 1940
f 1956 1943 1941
f 1954 1793 1792
f 2026 1875 1874
f 2026 1874 2025
f 1839 1751 1838
f 1751 1750 1837
f 1750 1749 1837
f 1749 1748 1837
f 1836 1747 1945
f 1747 1746 1945
f 1746 1745 1835
f 1745 1744 1834
f 1743 1742 1833
f 1742 1741 1833
f 1741 1740 1831
f 1740 1739 1831
f 1739 1738 1830
f 1738 1737 1830
f 1737 1736 1830
f 1736 1735 1946
f 1735 1734 1947
f 1734 1733 1948
f 1733 1647 1948
f 1647 1732 1949
f 1732 1646 1949
f 1646 1731 1829
f 1731 1730 1829
f 1828 1729 1827
f 1827 1643 1826
f 1826 1642 1825
f 1642 1728 1921
f 1728 1727 1920
f 1727 1726 1920
f 1726 1725 1823
f 1725 1822 1823
f 1724 1723 1822
f 1821 1722 1820
f 1721 1720 1818
f 1816 1817 1720
f 1816 1719 1814
f 1810 1718 1905
f 1717 1716 1901
f 1716 1715 1809
f 1715 500 1952
f 500 1714 1807
f 500 1807 1808
f 1807 1713 1895
f 1803 1627 1802
f 1801 1712 1887
f 1559 1711 1885
f 1626 1710 1883
f 1710 1709 1881
f 1708 1707 1797
f 1797 1707 1706
f 2028 1954 1796
f 1954 2028 1705
f 1954 1704 1795
f 1794 1620 1702
f 1659 1658 1755
f 1754 1574 1753
f 1752 1657 1839
f 1751 1656 1750
f 1749 1655 1748
f 1748 1654 1836
f 1653 1652 1746
f 1745 524 1744
f 524 1651 1743
f 1743 1650 1742
f 1741 1648 1739
f 1739 1648 1738
f 1738 519 1737
f 1735 1647 1734
f 1731 1645 1730
f 1730 1644 1950
f 1729 1643 1827
f 511 1506 1826
f 1642 1641 1726
f 1725 508 1822
f 1724 1640 1723
f 1640 1639 1821
f 1639 1568 1821
f 1722 1638 1721
f 1638 1567 1721
f 1567 1637 1721
f 1721 1637 1636
f 1721 1636 1720
f 1720 1636 1635
f 1720 1635 1816
f 1816 1635 1719
f 1811 134 1810
f 1718 501 1717
f 1717 1634 1633
f 1717 1633 1716
f 1633 1632 1716
f 1714 1631 1630
f 1714 1630 1807
f 1630 1563 1807
f 1713 1629 1806
f 1629 1628 1806
f 1804 1561 1803
f 1801 494 1712
f 1559 1558 1711
f 1626 1625 1710
f 1710 1624 1709
f 1799 1708 1798
f 1707 1708 1557
f 1707 1557 2029
f 1707 2029 1706
f 2030 1623 1622
f 2030 1622 1704
f 2030 1704 1705
f 1622 1621 1794
f 1620 1619 1703
f 1619 1618 1617
f 1577 533 1660
f 481 285 423
f 460 395 394
f 458 396 395
f 456 397 396
f 454 398 455
f 453 399 398
f 452 401 400
f 451 403 402
f 450 405 404
f 449 406 405
f 446 409 408
f 443 410 444
f 443 411 410
f 442 412 411
f 470 274 412
f 439 413 440
f 473 180 437
f 435 414 180
f 435 415 414
f 433 416 415
f 432 417 416
f 429 418 431
f 478 419 418
f 1549 420 428
f 426 421 420
f 426 422 421

