# https://github.com/mikedh/trimesh
v -0.19016177 -0.29671018 0.15455845
v -0.19147592 -0.26774963 0.10925847
v -0.19154091 -0.24862208 0.38319013
v -0.15672886 -0.24983957 0.37577596
v -0.19162715 -0.21101149 0.55718892
v -0.19124570 -0.18316461 0.51426085
v -0.15719049 -0.20852777 0.54791973
v -0.18489431 -0.14738388 0.70695247
v -0.14965776 -0.15404416 0.75416652
v -0.14301678 -0.09918151 0.97081111
v -0.17317834 -0.03323971 1.18479617
v -0.13867408 -0.03204834 1.17690044
v -0.13690117 0.04893576 1.32647742
v -0.13734300 0.00724673 1.35499985
v -0.13101753 0.11083830 1.57699399
v -0.13240745 0.07773912 1.54742762
v -0.12952659 0.11248564 1.77412642
v -0.16370100 0.17158208 1.91363300
v -0.12900722 0.15568467 1.94046121
v -0.12116027 0.25419026 2.16000718
v -0.11881378 0.27590010 2.37298739
v 0.18669428 -0.23730518 0.21402993
v 0.18927756 -0.29489285 0.15155512
v 0.17536529 -0.22383853 0.42326362
v 0.17826296 -0.24187521 0.37349612
v 0.15026092 -0.24727296 0.24649298
v 0.14830810 -0.27345068 0.28526058
v 0.17110859 -0.17279956 0.62497070
v 0.17020911 -0.20716294 0.54883687
v 0.13567360 -0.22320731 0.53634590
v 0.16850867 -0.11856894 0.82498551
v 0.16842739 -0.13581810 0.77882018
v 0.13527796 -0.17075024 0.68919581
v 0.16550024 -0.08728449 0.97861806
v 0.15889055 -0.01029919 1.22711337
v 0.16059738 -0.02539673 1.18060231
v 0.15305051 0.03939527 1.43039467
v 0.15380170 0.00786869 1.35993093
v 0.12133822 -0.00942735 1.29338091
v 0.14705384 0.09530908 1.63117408
v 0.14891155 0.06467780 1.56490334
v 0.11363488 0.07039748 1.58784139
v 0.14076273 0.16369914 1.82986187
v 0.14299284 0.12616747 1.78128475
v 0.11005535 0.09643301 1.69617776
v 0.13635438 0.15458779 1.94231692
v 0.10357399 0.14524727 1.89878885
v 0.13354178 0.25345949 2.23554447
v 0.13340262 0.23246922 2.18857174
v 0.10014114 0.23319183 2.03072043
v 0.09967389 0.20262356 2.13627460
v 0.12718630 0.27794574 2.37717744
v 0.09708027 0.30389532 2.28313593
v 0.09535353 0.25388652 2.30072354
v -0.15549664 -0.29646591 0.15416783
v -0.15534059 -0.31997405 0.16021260
v -0.15687107 -0.31269782 0.08284753
v -0.19001406 -0.32023774 0.16050446
v -0.15611315 -0.27675129 0.18473944
v -0.19224920 -0.26760377 0.38561766
v -0.15026835 -0.17393989 0.72826225
v -0.18422255 -0.16138088 0.76093997
v -0.17730425 -0.09289637 0.98100778
v -0.17826238 -0.11518095 0.96484836
v -0.17467034 -0.05997869 1.16539962
v -0.17234216 0.01461261 1.29849498
v -0.17173985 0.00825353 1.37284974
v -0.17150875 0.00123952 1.39026010
v -0.16721703 0.08186499 1.50718061
v -0.16758497 0.06666895 1.57104506
v -0.16847254 0.03973434 1.54354679
v -0.12973005 0.09904649 1.76896621
v -0.16649337 0.08672619 1.69821315
v -0.16407715 0.11802761 1.77639747
v -0.16439207 0.09745064 1.76935938
v -0.12915680 0.14237583 1.94690983
v -0.16366917 0.14894759 1.94481597
v -0.16383589 0.14181350 1.94701374
v -0.15557259 0.22548189 2.18883167
v -0.12056657 0.27298297 2.17974672
v -0.15467763 0.22702855 2.20463122
v -0.15327466 0.28366899 2.31435097
v -0.15337357 0.27738257 2.38108283
v -0.19009347 -0.27610468 0.22202065
v -0.15760203 -0.25008318 0.40628678
v -0.15619637 -0.28278411 0.28875624
v -0.19092879 -0.28393590 0.29020785
v -0.15597193 -0.23445154 0.30391734
v -0.19207547 -0.22076101 0.42658738
v -0.15766374 -0.22912160 0.53879070
v -0.19233444 -0.22883130 0.53882636
v -0.15723885 -0.19784369 0.48509295
v -0.18738702 -0.18022675 0.62962813
v -0.14620515 -0.12572358 0.82909527
v -0.18405167 -0.17007553 0.76427548
v -0.15262351 -0.17817337 0.63009305
v -0.18030369 -0.11739681 0.85705178
v -0.14254283 -0.09250365 0.99717459
v -0.14523702 -0.13203553 0.89535439
v -0.14522419 -0.12283624 0.89242886
v -0.14305218 -0.05998406 0.92486117
v -0.17617461 -0.07223889 1.03051616
v -0.13829510 -0.02952767 1.23047394
v -0.14146376 -0.06843110 1.09316324
v -0.17188102 0.02219757 1.22479201
v -0.17615727 -0.07000523 1.09412784
v -0.13843987 -0.01064867 1.17848595
v -0.17264332 -0.01611725 1.23090086
v -0.13683389 0.00029164 1.39049238
v -0.13815362 -0.01429584 1.29444989
v -0.16957597 0.03736276 1.43275815
v -0.13326809 0.05593369 1.58877000
v -0.13473668 0.04126708 1.43407846
v -0.16665288 0.08673257 1.63481628
v -0.12893040 0.12860054 1.83425369
v -0.13011674 0.15235148 1.72948920
v -0.16371001 0.15765284 1.82013653
v -0.12653052 0.19315594 2.03589490
v -0.12934831 0.16633912 1.88900457
v -0.16120461 0.19396160 2.03591712
v -0.12175386 0.21172094 2.15134120
v -0.15534758 0.24879153 2.17436516
v -0.15813255 0.19570577 2.09987165
v -0.12421853 0.24613810 2.08339217
v -0.11816355 0.27812302 2.41698453
v -0.11941218 0.25084712 2.30010894
v -0.15338916 0.26683248 2.39618518
v -0.11781955 0.30115026 2.28402735
v -0.15201804 0.31660545 2.43425268
v -0.15921094 -0.28099854 0.23184666
v -0.15917904 -0.28112773 0.23031174
v -0.15767969 -0.28088253 0.22999697
v -0.15768455 -0.28074904 0.23153211
v -0.15657502 -0.28006840 0.23068275
v -0.15769287 -0.28150216 0.22892237
v -0.15658126 -0.28023323 0.22918042
v -0.15965409 -0.28434921 0.28303845
v -0.15813047 -0.28411094 0.28319353
v -0.15843768 -0.28454011 0.28478319
v -0.15898695 -0.28519357 0.28595092
v -0.15709023 -0.28374012 0.28526605
v -0.18741684 -0.28493948 0.28339982
v -0.18866120 -0.28509171 0.28498793
v -0.18892942 -0.28474445 0.28359445
v -0.18999735 -0.28414400 0.28410709
v -0.18894122 -0.28564456 0.28640602
v -0.18695705 -0.28194262 0.23232643
v -0.18846617 -0.28174682 0.23206870
v -0.18811472 -0.28198656 0.23063253
v -0.18764022 -0.28253835 0.22956080
v -0.18945988 -0.28122867 0.22975013
v -0.15952233 -0.30591807 0.22781247
v -0.15826532 -0.30724625 0.22752204
v -0.15765385 -0.30761575 0.22685569
v -0.15918113 -0.28424795 0.22827819
v -0.15791383 -0.28279280 0.22831348
v -0.15842867 -0.28160804 0.22906418
v -0.15657572 -0.28202629 0.22759601
v -0.18692660 -0.28513063 0.22873791
v -0.18822695 -0.28385638 0.22875389
v -0.18891174 -0.28271937 0.22879908
v -0.18726364 -0.30671464 0.22818897
v -0.18861100 -0.30796720 0.22792644
v -0.18848420 -0.30939291 0.22719921
v -0.18976094 -0.30810216 0.22722814
v -0.16119712 -0.23114630 0.43378195
v -0.16117978 -0.23133251 0.43226172
v -0.15967767 -0.23114969 0.43197942
v -0.15966518 -0.23096396 0.43350052
v -0.15854102 -0.23034611 0.43267941
v -0.15971719 -0.23181888 0.43091522
v -0.15856530 -0.23056909 0.43119347
v -0.16201406 -0.23258182 0.48450589
v -0.16048905 -0.23241510 0.48468865
v -0.16074739 -0.23279236 0.48625829
v -0.16126959 -0.23340630 0.48742418
v -0.15940512 -0.23204803 0.48676863
v -0.18975885 -0.23199457 0.48456462
v -0.19101864 -0.23213308 0.48618224
v -0.19126860 -0.23179850 0.48476050
v -0.19233096 -0.23120209 0.48527414
v -0.19120334 -0.23270644 0.48757767
v -0.18895647 -0.23098778 0.43396628
v -0.19046067 -0.23074317 0.43370560
v -0.19012069 -0.23105458 0.43228794
v -0.18967040 -0.23167701 0.43122791
v -0.19144890 -0.23028838 0.43141045
v -0.16190102 -0.25636632 0.42990953
v -0.16065955 -0.25775377 0.42963754
v -0.16002318 -0.25816218 0.42897618
v -0.16127688 -0.23454596 0.43024948
v -0.15995928 -0.23314644 0.43029861
v -0.16045196 -0.23189015 0.43104056
v -0.15861731 -0.23248600 0.42963932
v -0.18903623 -0.23434133 0.43042152
v -0.19031443 -0.23300697 0.43043151
v -0.19094751 -0.23188027 0.43048005
v -0.18964644 -0.25608939 0.42995165
v -0.19100490 -0.25728831 0.42967096
v -0.19086359 -0.25878475 0.42892491
v -0.19213201 -0.25744737 0.42895642
v -0.18842248 -0.29214533 0.28881874
v -0.18969748 -0.29528234 0.29049007
v -0.18821304 -0.28576564 0.28631316
v -0.15850895 -0.28652399 0.28707359
v -0.15771091 -0.28515905 0.28671209
v -0.17381773 -0.29080633 0.28823816
v -0.15879188 -0.29424204 0.28932763
v -0.15855591 -0.29472251 0.29017723
v -0.15600775 -0.17997459 0.63540540
v -0.15605559 -0.18011866 0.63387387
v -0.15456805 -0.17992023 0.63358525
v -0.15449037 -0.17977546 0.63511720
v -0.15340574 -0.17913236 0.63428583
v -0.15465057 -0.18055547 0.63251409
v -0.15349519 -0.17931515 0.63278912
v -0.15470605 -0.18073403 0.68602149
v -0.15318173 -0.18042442 0.68615879
v -0.15350568 -0.18082142 0.68773347
v -0.15397163 -0.18142835 0.68890700
v -0.15210126 -0.17991255 0.68819502
v -0.18245007 -0.18159008 0.68633408
v -0.18362285 -0.18170374 0.68790704
v -0.18395912 -0.18137590 0.68653588
v -0.18502017 -0.18074818 0.68705117
v -0.18390504 -0.18220785 0.68933126
v -0.18375038 -0.18027294 0.63571444
v -0.18526775 -0.18010371 0.63547513
v -0.18505026 -0.18036649 0.63403343
v -0.18530860 -0.18091149 0.63287584
v -0.18635863 -0.17968258 0.63319404
v -0.15694320 -0.20488437 0.63152013
v -0.15572828 -0.20621574 0.63124095
v -0.15515907 -0.20661718 0.63056618
v -0.15622203 -0.18325073 0.63185209
v -0.15489776 -0.18184249 0.63189480
v -0.15360477 -0.18117390 0.63122664
v -0.18396468 -0.18359175 0.63215521
v -0.18527592 -0.18230841 0.63217973
v -0.18588840 -0.18123339 0.63224952
v -0.18468731 -0.20525036 0.63164912
v -0.18611174 -0.20650795 0.63137212
v -0.18602436 -0.20795360 0.63063082
v -0.18726226 -0.20667823 0.63068775
v -0.19052557 -0.23911531 0.48994987
v -0.19172315 -0.24236345 0.49163421
v -0.16074981 -0.23474613 0.48855852
v -0.15997448 -0.23341486 0.48820402
v -0.17595840 -0.23841780 0.48956461
v -0.16085770 -0.24246318 0.49082731
v -0.16059617 -0.24293026 0.49166508
v -0.14952006 -0.12488304 0.83595132
v -0.14955196 -0.12505626 0.83442598
v -0.14806511 -0.12475683 0.83410461
v -0.14800352 -0.12458077 0.83562978
v -0.14692098 -0.12387111 0.83477624
v -0.14812890 -0.12541612 0.83304271
v -0.14699435 -0.12408423 0.83328684
v -0.14895014 -0.12465357 0.88637254
v -0.14742431 -0.12438006 0.88650106
v -0.14762256 -0.12468336 0.88807391
v -0.14812093 -0.12527245 0.88923298
v -0.14628988 -0.12382641 0.88851369
v -0.17667878 -0.12582814 0.88667804
v -0.17662329 -0.12598642 0.88822026
v -0.17810253 -0.12581431 0.88842052
v -0.17818576 -0.12565766 0.88687492
v -0.17924057 -0.12503471 0.88738576
v -0.17803665 -0.12636613 0.88963004
v -0.17914972 -0.12515037 0.88892893
v -0.17725576 -0.12622640 0.83660491
v -0.17877245 -0.12606166 0.83635904
v -0.17846676 -0.12638450 0.83494744
v -0.17804844 -0.12700529 0.83388651
v -0.17984806 -0.12569889 0.83409355
v -0.15010884 -0.14999396 0.83223414
v -0.14892215 -0.15128031 0.83194116
v -0.14827388 -0.15162579 0.83123848
v -0.14965460 -0.12823841 0.83243705
v -0.14838002 -0.12674224 0.83245211
v -0.14885708 -0.12554463 0.83318702
v -0.14706300 -0.12597798 0.83174166
v -0.17738961 -0.12966922 0.83306165
v -0.17868234 -0.12841757 0.83308850
v -0.17934666 -0.12729467 0.83315485
v -0.17784524 -0.15160522 0.83256319
v -0.17921400 -0.15292815 0.83231018
v -0.17911226 -0.15441136 0.83159198
v -0.18037444 -0.15313785 0.83164203
v -0.18327165 -0.18861707 0.69170280
v -0.18455137 -0.19179979 0.69339864
v -0.18317825 -0.18233764 0.68923539
v -0.15347387 -0.18272145 0.69003202
v -0.15268034 -0.18130902 0.68964716
v -0.16872784 -0.18719885 0.69119502
v -0.15368470 -0.19043772 0.69230763
v -0.15342272 -0.19085856 0.69313198
v -0.14502689 -0.06990907 1.03654321
v -0.14501440 -0.07015280 1.03503592
v -0.14351715 -0.06988827 1.03473391
v -0.14350049 -0.06964052 1.03624057
v -0.14238882 -0.06897701 1.03541021
v -0.14355250 -0.07060615 1.03368694
v -0.14241670 -0.06926328 1.03393974
v -0.14495407 -0.07003647 1.08707148
v -0.14342969 -0.06976211 1.08718968
v -0.14369869 -0.07011220 1.08878304
v -0.14353323 -0.07057967 1.09000130
v -0.14237648 -0.06927325 1.08921242
v -0.17269879 -0.07135456 1.08744428
v -0.17395088 -0.07143923 1.08900503
v -0.17420923 -0.07119554 1.08763042
v -0.17527236 -0.07058327 1.08813634
v -0.17420368 -0.07192191 1.09038828
v -0.17276946 -0.07086951 1.03714374
v -0.17427705 -0.07071618 1.03690438
v -0.17396714 -0.07103677 1.03549137
v -0.17420923 -0.07162318 1.03432862
v -0.17527929 -0.07037650 1.03464862
v -0.14580291 -0.09548217 1.03298482
v -0.14463918 -0.09685161 1.03270096
v -0.14396306 -0.09723161 1.03200634
v -0.14508306 -0.07346574 1.03308705
v -0.14378672 -0.07197283 1.03310338
v -0.14244985 -0.07125893 1.03241880
v -0.14428554 -0.07071676 1.03382217
v -0.17282501 -0.07435716 1.03360535
v -0.17411944 -0.07309235 1.03363320
v -0.17476091 -0.07197954 1.03370604
v -0.17354278 -0.09634261 1.03309890
v -0.17491636 -0.09765852 1.03283236
v -0.17480758 -0.09913817 1.03212144
v -0.17606364 -0.09785818 1.03215044
v -0.17725515 -0.13278512 0.89204512
v -0.17838548 -0.13590372 0.89371819
v -0.17731055 -0.12647383 0.88953620
v -0.14752930 -0.12651416 0.89034887
v -0.14680779 -0.12516624 0.88996022
v -0.16270264 -0.13113366 0.89150924
v -0.14751467 -0.13423501 0.89265393
v -0.14757133 -0.13470153 0.89344747
v -0.14156286 -0.01567768 1.23738347
v -0.14153305 -0.01587638 1.23586486
v -0.14003786 -0.01573464 1.23561152
v -0.14003717 -0.01553570 1.23713056
v -0.13892896 -0.01495054 1.23633258
v -0.14005520 -0.01641487 1.23455174
v -0.13894282 -0.01518728 1.23484878
v -0.14163360 -0.01554242 1.28780412
v -0.14011484 -0.01534498 1.28794613
v -0.14037783 -0.01567436 1.28952028
v -0.14091208 -0.01626163 1.29068119
v -0.13906149 -0.01488626 1.28998230
v -0.16937486 -0.01520210 1.28781480
v -0.17060538 -0.01526119 1.28936828
v -0.17088945 -0.01495374 1.28797004
v -0.17196715 -0.01429536 1.28845776
v -0.17084508 -0.01576305 1.29074801
v -0.16930134 -0.01472173 1.23751342
v -0.17081026 -0.01452470 1.23726527
v -0.17054845 -0.01484942 1.23584250
v -0.17070915 -0.01547228 1.23470126
v -0.17180209 -0.01418808 1.23501407
v -0.14209270 -0.04100898 1.23369587
v -0.14090479 -0.04244747 1.23342639
v -0.14025864 -0.04288857 1.23275281
v -0.14153790 -0.01911435 1.23388423
v -0.14022919 -0.01772383 1.23393774
v -0.13893512 -0.01712611 1.23330413
v -0.16927638 -0.01826637 1.23398952
v -0.17062167 -0.01693821 1.23400029
v -0.17125174 -0.01582723 1.23407873
v -0.16983048 -0.04038377 1.23350212
v -0.17120329 -0.04170667 1.23322182
v -0.17110513 -0.04320487 1.23253705
v -0.17235552 -0.04188971 1.23253376
v -0.17370960 -0.07840066 1.09284402
v -0.17495613 -0.08146270 1.09448334
v -0.17347648 -0.07202614 1.09030061
v -0.14374406 -0.07199358 1.09106430
v -0.14298911 -0.07065205 1.09066892
v -0.15908129 -0.07665587 1.09225941
v -0.14400189 -0.07972043 1.09338076
v -0.14285499 -0.07947348 1.09401620
v -0.13825903 0.03787271 1.43839378
v -0.13829579 0.03765615 1.43688077
v -0.13680477 0.03788445 1.43660226
v -0.13673819 0.03810726 1.43811431
v -0.13564316 0.03875093 1.43730056
v -0.13688036 0.03718523 1.43554660
v -0.13572152 0.03848691 1.43582543
v -0.13777636 0.03646102 1.48918511
v -0.13624997 0.03665721 1.48933865
v -0.13647851 0.03626585 1.49093614
v -0.13630961 0.03573981 1.49217938
v -0.13516527 0.03701343 1.49141293
v -0.16551818 0.03599817 1.48942966
v -0.16678183 0.03585054 1.49101775
v -0.16702667 0.03616555 1.48959103
v -0.16808287 0.03675229 1.49008193
v -0.16697604 0.03529540 1.49240445
v -0.16600029 0.03728853 1.43884478
v -0.16751351 0.03749231 1.43859251
v -0.16722410 0.03719536 1.43717977
v -0.16680884 0.03658590 1.43611009
v -0.16858288 0.03792742 1.43631421
v -0.13921953 0.01244048 1.43472322
v -0.13803573 0.01103690 1.43444722
v -0.13740239 0.01063700 1.43377770
v -0.13845738 0.03438540 1.43490131
v -0.13713054 0.03582788 1.43493492
v -0.13582416 0.03651637 1.43428566
v -0.16619864 0.03393945 1.43528438
v -0.16746701 0.03522448 1.43530463
v -0.16811088 0.03634884 1.43536734
v -0.16695871 0.01218988 1.43481973
v -0.16829714 0.01092434 1.43453791
v -0.16825070 0.00947286 1.43380862
v -0.16950176 0.01076867 1.43380555
v -0.17019883 -0.02234042 1.29322886
v -0.17141508 -0.02504490 1.29473960
v -0.17011517 -0.01590819 1.29067526
v -0.14035497 -0.01754070 1.29179669
v -0.13962870 -0.01622965 1.29142214
v -0.15559827 -0.02137223 1.29281012
v -0.14046532 -0.02526153 1.29410804
v -0.13997378 -0.02568603 1.29494666
v -0.13550585 0.08616564 1.64081149
v -0.13549753 0.08596567 1.63929351
v -0.13399818 0.08613919 1.63902663
v -0.13397738 0.08634366 1.64054344
v -0.13285946 0.08695587 1.63973604
v -0.13404395 0.08545845 1.63796547
v -0.13289274 0.08671209 1.63825563
v -0.13539419 0.08626561 1.69122896
v -0.13386572 0.08650892 1.69137615
v -0.13413134 0.08617406 1.69294901
v -0.13467639 0.08557234 1.69411994
v -0.13277832 0.08699368 1.69342079
v -0.16314516 0.08561244 1.69151657
v -0.16440950 0.08549985 1.69310152
v -0.16465144 0.08577837 1.69167467
v -0.16570209 0.08637440 1.69215763
v -0.16461523 0.08497549 1.69447941
v -0.16324987 0.08658244 1.64094344
v -0.16475546 0.08680720 1.64067911
v -0.16446083 0.08653221 1.63925470
v -0.16470261 0.08599906 1.63807827
v -0.16575673 0.08727024 1.63838536
v -0.13692474 0.06097770 1.63710706
v -0.13576389 0.05957910 1.63684400
v -0.13515752 0.05914714 1.63617479
v -0.13561542 0.08274191 1.63729690
v -0.13427851 0.08413823 1.63734996
v -0.13295516 0.08477533 1.63670527
v -0.16336007 0.08326211 1.63737585
v -0.16463775 0.08456516 1.63737606
v -0.16526130 0.08569287 1.63744204
v -0.16467210 0.06154698 1.63697553
v -0.16606550 0.06029799 1.63667987
v -0.16605161 0.05883708 1.63595342
v -0.16725205 0.06014924 1.63594432
v -0.16642436 0.02887009 1.49488870
v -0.16761510 0.02568239 1.49655025
v -0.13651158 0.03430073 1.49324908
v -0.13575308 0.03562378 1.49286905
v -0.15179970 0.03011459 1.49438526
v -0.13670627 0.02658682 1.49558083
v -0.13619272 0.02614114 1.49643094
v -0.13227207 0.14195065 1.84123619
v -0.13228386 0.14178832 1.83970858
v -0.13079908 0.14202313 1.83942752
v -0.13075746 0.14218615 1.84095513
v -0.12968116 0.14285487 1.84013524
v -0.13083652 0.14136869 1.83835980
v -0.12973255 0.14265265 1.83864446
v -0.13238997 0.13888839 1.89252582
v -0.13087397 0.13911288 1.89269111
v -0.13115356 0.13869925 1.89428834
v -0.13101336 0.13816025 1.89555353
v -0.12987256 0.13945992 1.89478464
v -0.16013746 0.13786972 1.89293111
v -0.16146812 0.13764438 1.89455389
v -0.16165622 0.13798506 1.89310169
v -0.16274501 0.13851786 1.89359756
v -0.16168603 0.13704734 1.89594972
v -0.16001124 0.14138742 1.84160698
v -0.16153000 0.14150599 1.84136656
v -0.16131015 0.14129509 1.83991704
v -0.16149048 0.14073854 1.83875684
v -0.16259036 0.14192377 1.83908065
v -0.13245723 0.11687979 1.83752404
v -0.13122051 0.11554903 1.83725016
v -0.13058475 0.11516794 1.83657320
v -0.13230327 0.13861119 1.83769843
v -0.13103053 0.14004935 1.83773932
v -0.12974218 0.14076071 1.83708235
v -0.16004453 0.13810347 1.83803832
v -0.16139916 0.13934197 1.83805175
v -0.16204631 0.14039788 1.83812838
v -0.16019293 0.11635503 1.83769568
v -0.16152277 0.11504690 1.83741995
v -0.16139893 0.11356590 1.83669696
v -0.16269022 0.11481015 1.83670225
v -0.16411818 0.07861882 1.69693796
v -0.16535423 0.07538699 1.69861082
v -0.13417302 0.08428542 1.69526058
v -0.13338370 0.08563889 1.69487206
v -0.14949576 0.07995246 1.69642752
v -0.13444995 0.07658197 1.69758067
v -0.13422100 0.07614574 1.69840455
v -0.12978240 0.19436794 2.04258882
v -0.12983310 0.19415064 2.04107582
v -0.12834895 0.19435435 2.04080957
v -0.12826850 0.19457191 2.04232364
v -0.12719496 0.19519651 2.04151962
v -0.12842585 0.19366546 2.03975032
v -0.12728443 0.19494551 2.04004154
v -0.12717485 0.19431525 2.09310407
v -0.12564908 0.19452249 2.09328798
v -0.12588923 0.19416137 2.09486139
v -0.12635895 0.19357102 2.09603389
v -0.12452222 0.19496053 2.09536712
v -0.15491618 0.19460392 2.09316312
v -0.15615006 0.19450056 2.09475719
v -0.15642384 0.19479561 2.09331846
v -0.15747997 0.19540064 2.09379952
v -0.15628930 0.19396017 2.09613559
v -0.15752159 0.19499900 2.04263432
v -0.15904242 0.19528619 2.04235835
v -0.15872602 0.19491842 2.04096267
v -0.15835030 0.19426538 2.03990683
v -0.16014439 0.19572667 2.04006630
v -0.13038089 0.16909529 2.03896768
v -0.12916665 0.16774182 2.03871689
v -0.12854035 0.16734232 2.03804959
v -0.12996757 0.19089971 2.03908239
v -0.12867720 0.19230675 2.03913358
v -0.12915337 0.19358372 2.03986842
v -0.12737457 0.19300277 2.03849086
v -0.15770674 0.19153934 2.03912768
v -0.15898095 0.19289522 2.03911440
v -0.15965721 0.19408316 2.03914927
v -0.15812076 0.16964439 2.03887329
v -0.15940548 0.16844799 2.03859264
v -0.15876572 0.16687076 2.03792557
v -0.16064856 0.16832435 2.03782674
v -0.16110260 0.13071988 1.89838039
v -0.16236705 0.12737351 1.90009763
v -0.13123476 0.13669465 1.89663531
v -0.13048045 0.13804300 1.89625342
v -0.14650227 0.13219380 1.89783896
v -0.13142745 0.12898775 1.89894519
v -0.13092911 0.12852985 1.89981244
v -0.12189733 0.24976597 2.24315014
v -0.12191119 0.24955205 2.24163629
v -0.12042226 0.24982015 2.24135840
v -0.12037718 0.25003374 2.24287374
v -0.11928700 0.25070649 2.24205702
v -0.12047635 0.24913459 2.24029830
v -0.11934595 0.25045908 2.24057597
v -0.12290637 0.24937105 2.29383237
v -0.12138622 0.24957782 2.29402517
v -0.12166875 0.24923130 2.29560156
v -0.12220003 0.24863640 2.29677108
v -0.12033619 0.25001856 2.29610939
v -0.15064631 0.24932084 2.29389142
v -0.15188767 0.24926276 2.29545510
v -0.15216090 0.24954533 2.29405395
v -0.15323444 0.25019205 2.29453289
v -0.15213240 0.24877274 2.29685669
v -0.14963727 0.24905862 2.24346612
v -0.15115117 0.24928168 2.24321046
v -0.15080133 0.24891315 2.24180883
v -0.15040295 0.24827486 2.24075523
v -0.15220598 0.24966221 2.24093026
v -0.12283910 0.22457956 2.23961238
v -0.12162933 0.22330643 2.23935816
v -0.12102022 0.22292448 2.23868863
v -0.12200691 0.24631160 2.23964751
v -0.12070395 0.24778729 2.23968761
v -0.12120556 0.24902108 2.24042232
v -0.11940143 0.24852703 2.23903038
v -0.14974753 0.24558176 2.23998339
v -0.15102446 0.24688358 2.23997955
v -0.15169661 0.24803825 2.24001809
v -0.15057903 0.22374941 2.23979651
v -0.15190773 0.22249882 2.23953486
v -0.15127080 0.22096813 2.23886043
v -0.15311793 0.22232926 2.23879715
v -0.15555780 0.18757639 2.09861610
v -0.15665925 0.18437062 2.10029260
v -0.12582215 0.19224337 2.09719519
v -0.12504959 0.19360909 2.09682024
v -0.14096458 0.18843377 2.09821785
v -0.12583457 0.18455850 2.09951107
v -0.12553166 0.18412269 2.10035868
v -0.11625295 0.35500009 2.48136731
v -0.11644852 0.35647383 2.48097557
v -0.11661842 0.35674844 2.48236138
v -0.11641661 0.35540723 2.48283037
v -0.11702827 0.35572040 2.48387311
v -0.11715380 0.35776171 2.48187207
v -0.11712536 0.35684780 2.48346105
v -0.11696031 0.30760879 2.49358776
v -0.11711018 0.30755657 2.49517738
v -0.11731954 0.30618959 2.49548320
v -0.11716490 0.30610414 2.49407623
v -0.11780430 0.30504579 2.49440850
v -0.11781470 0.30639578 2.49651812
v -0.11786048 0.30514838 2.49557336
v -0.14740974 0.35933032 2.48032054
v -0.14892934 0.35913419 2.48037620
v -0.14295856 0.36066299 2.48284210
v -0.14733416 0.35920302 2.48302571
v -0.14987514 0.35873329 2.48170678
v -0.11967258 0.35849805 2.48046149
v -0.11822317 0.35838869 2.48193704
v -0.11815868 0.35822234 2.48052351
v -0.11708375 0.35754795 2.48069387
v -0.11841042 0.35816075 2.48312010
v -0.15164085 0.30856307 2.49327771
v -0.15141332 0.30704048 2.49373930
v -0.15113661 0.30713133 2.49513929
v -0.15135714 0.30851772 2.49485802
v -0.15065878 0.30848074 2.49598182
v -0.15059568 0.30605827 2.49522352
v -0.15054922 0.30732609 2.49618225
v -0.15092370 0.35599257 2.48115631
v -0.15065463 0.35640786 2.48261259
v -0.15042376 0.35774483 2.48217344
v -0.15068653 0.35746478 2.48079610
v -0.15002154 0.35851234 2.48053620
v -0.14984740 0.35782853 2.48326296
v -0.12099654 0.30424378 2.44397960
v -0.12099855 0.30401008 2.44247040
v -0.11951100 0.30417685 2.44221644
v -0.11947840 0.30440849 2.44372669
v -0.11839239 0.30500097 2.44292945
v -0.11954637 0.30346929 2.44116417
v -0.11843608 0.30473383 2.44145433
v -0.12039583 0.30427219 2.49459728
v -0.11888131 0.30443468 2.49458183
v -0.11926435 0.30453899 2.49602183
v -0.12029188 0.30510076 2.49696870
v -0.11847561 0.30515724 2.49622023
v -0.14814208 0.30505182 2.49430501
v -0.14807897 0.30527097 2.49575791
v -0.14950203 0.30550462 2.49559791
v -0.14966223 0.30528584 2.49425379
v -0.15075241 0.30594811 2.49406480
v -0.14925029 0.30603118 2.49653992
v -0.14873364 0.30472045 2.44390256
v -0.15024962 0.30496933 2.44363929
v -0.14992354 0.30458348 2.44223633
v -0.14947055 0.30389746 2.44120216
v -0.15129403 0.30533118 2.44136396
v -0.12103538 0.27873293 2.44060862
v -0.11977207 0.27736740 2.44039104
v -0.11919440 0.27689335 2.43974952
v -0.12102005 0.30070444 2.44050343
v -0.11973990 0.30210154 2.44054992
v -0.11845133 0.30275331 2.43992375
v -0.14875791 0.30115444 2.44044883
v -0.15008750 0.30251271 2.44042942
v -0.15075415 0.30366834 2.44046470
v -0.14877455 0.27913108 2.44034534
v -0.15011475 0.27789148 2.44007710
v -0.15002216 0.27637252 2.43938005
v -0.15130235 0.27774733 2.43936333
v -0.15147692 0.24236044 2.29934980
v -0.15265052 0.23924460 2.30102439
v -0.15140322 0.24863589 2.29678135
v -0.12169957 0.24731274 2.29794433
v -0.12091533 0.24867203 2.29756610
v -0.13688867 0.24336853 2.29895678
v -0.12181167 0.23963565 2.30028918
v -0.12152456 0.23919759 2.30114301
v -0.11959769 0.35606437 2.48469575
v -0.11808864 0.35593886 2.48449533
v -0.12372901 0.35899851 2.48463167
v -0.11959699 0.35834721 2.48319248
v -0.14733547 0.35691394 2.48447163
v -0.14874266 0.35817821 2.48372645
v -0.14885992 0.35686949 2.48426846
v -0.14996667 0.35670071 2.48364899
v -0.14853114 0.35908022 2.48295037
v -0.14801864 0.30842852 2.49686161
v -0.14954572 0.30845175 2.49665103
v -0.14910403 0.30702431 2.49692912
v -0.14803737 0.30590795 2.49666944
v -0.14989975 0.30667863 2.49636108
v -0.12027385 0.30760053 2.49712362
v -0.12027246 0.30614176 2.49732213
v -0.11886743 0.30620282 2.49711325
v -0.11876619 0.30755133 2.49694520
v -0.11771130 0.30753773 2.49629717
v -0.11909074 0.30516610 2.49686711
v -0.15952094 -0.31011839 0.22437888
v -0.15800218 -0.30987682 0.22438309
v -0.15845404 -0.30946236 0.22581552
v -0.15954243 -0.30868637 0.22692884
v -0.15703197 -0.30883376 0.22553745
v -0.18725878 -0.31085969 0.22471543
v -0.18829914 -0.31020506 0.22629144
v -0.18877395 -0.31066155 0.22474485
v -0.18985247 -0.31001306 0.22475351
v -0.15602092 -0.30654107 0.22431859
v -0.15639246 -0.30728714 0.22589641
v -0.15625325 -0.30808975 0.22435088
v -0.15691337 -0.30920173 0.22437314
v -0.19069577 -0.30737272 0.22473593
v -0.19049382 -0.30891633 0.22474964
v -0.19041829 -0.30812797 0.22621939
v -0.18975989 -0.30888058 0.22657516
v -0.16185595 -0.26069945 0.42649506
v -0.16033510 -0.26050380 0.42651514
v -0.16083344 -0.26003575 0.42793267
v -0.16191975 -0.25918204 0.42902851
v -0.15938155 -0.25944624 0.42767272
v -0.18959865 -0.26036398 0.42645821
v -0.19068550 -0.25962978 0.42801029
v -0.19111256 -0.26012049 0.42647199
v -0.19218596 -0.25943922 0.42647974
v -0.18789820 -0.29628090 0.29327156
v -0.18940864 -0.29606898 0.29324280
v -0.18374128 -0.29751485 0.29065820
v -0.18788156 -0.29604060 0.29053771
v -0.19036428 -0.29561219 0.29191707
v -0.16014370 -0.29576490 0.29304061
v -0.15872618 -0.29561200 0.29155877
v -0.15861869 -0.29550822 0.29298836
v -0.15751256 -0.29484500 0.29282431
v -0.15892931 -0.29533016 0.29036253
v -0.15762276 -0.29500749 0.29163371
v -0.15832811 -0.25720039 0.42647792
v -0.15874402 -0.25790955 0.42803882
v -0.15857223 -0.25875477 0.42650739
v -0.15924077 -0.25985570 0.42651945
v -0.15656184 -0.29230308 0.29215834
v -0.15682676 -0.29377664 0.29254815
v -0.15695046 -0.29286824 0.29143338
v -0.15760338 -0.29452026 0.29083291
v -0.19300928 -0.25675549 0.42648503
v -0.19281857 -0.25831794 0.42648440
v -0.19277261 -0.25746347 0.42795822
v -0.19212299 -0.25825058 0.42829932
v -0.19102824 -0.29440967 0.29149176
v -0.19047038 -0.29543682 0.29310212
v -0.19032545 -0.29465255 0.29034322
v -0.15721227 -0.20907018 0.62806327
v -0.15568596 -0.20885629 0.62807634
v -0.15605105 -0.20843890 0.62951036
v -0.15524836 -0.20770230 0.62988591
v -0.18616954 -0.20885582 0.62948647
v -0.18752370 -0.20858089 0.62818782
v -0.18985664 -0.24338103 0.49441329
v -0.19136984 -0.24316864 0.49438070
v -0.18560191 -0.24469878 0.49200443
v -0.18989548 -0.24312253 0.49168040
v -0.19235739 -0.24270374 0.49305574
v -0.16211392 -0.24384867 0.49448472
v -0.16072831 -0.24378928 0.49303145
v -0.16059309 -0.24365959 0.49445345
v -0.15949805 -0.24304469 0.49430737
v -0.16095786 -0.24352155 0.49184183
v -0.15963051 -0.24322864 0.49312246
v -0.15360616 -0.20555676 0.62803809
v -0.15392402 -0.20628063 0.62962578
v -0.15388071 -0.20710060 0.62806401
v -0.15457498 -0.20820005 0.62807650
v -0.15858749 -0.24053869 0.49366822
v -0.15882951 -0.24200409 0.49404578
v -0.15899206 -0.24111501 0.49296207
v -0.15963363 -0.24275615 0.49232958
v -0.18828656 -0.20595013 0.62821523
v -0.18812906 -0.20749251 0.62820634
v -0.18795908 -0.20673183 0.62968476
v -0.18731324 -0.20745602 0.63002382
v -0.19304989 -0.24150016 0.49266012
v -0.19244193 -0.24253743 0.49424181
v -0.19236293 -0.24173281 0.49149183
v -0.15023368 -0.15430495 0.82882729
v -0.14871144 -0.15397732 0.82879337
v -0.14920445 -0.15356887 0.83025407
v -0.14863067 -0.15278045 0.83060413
v -0.17917124 -0.15545480 0.83040544
v -0.18055405 -0.15521442 0.82920310
v -0.18270320 -0.19273816 0.69614534
v -0.18421502 -0.19252295 0.69612291
v -0.17787428 -0.19418757 0.69348665
v -0.18272955 -0.19257327 0.69343547
v -0.18519425 -0.19209148 0.69481546
v -0.15496056 -0.19187663 0.69598714
v -0.15356662 -0.19171492 0.69450054
v -0.15343840 -0.19155772 0.69591529
v -0.15233913 -0.19084865 0.69573741
v -0.15378993 -0.19148124 0.69332028
v -0.14669545 -0.15050770 0.82866633
v -0.14703099 -0.15123578 0.83025473
v -0.14694025 -0.15207862 0.82871178
v -0.14761294 -0.15323545 0.82875401
v -0.15140500 -0.18826522 0.69506821
v -0.15166158 -0.18975035 0.69545540
v -0.15178389 -0.18887576 0.69438734
v -0.15246154 -0.19059129 0.69376771
v -0.18136614 -0.15256452 0.82920818
v -0.18118028 -0.15412377 0.82921681
v -0.18105335 -0.15325257 0.83066336
v -0.18039871 -0.15396398 0.83099717
v -0.18588435 -0.19087985 0.69444237
v -0.18528370 -0.19188664 0.69599265
v -0.18518593 -0.19116427 0.69325965
v -0.14589106 -0.09995034 1.02963162
v -0.14436807 -0.09967775 1.02959606
v -0.14488228 -0.09920656 1.03103254
v -0.14586685 -0.09834948 1.03213636
v -0.14336803 -0.09853244 1.03070060
v -0.17363085 -0.10071785 1.02967722
v -0.17468067 -0.09999785 1.03121564
v -0.17514199 -0.10054478 1.02969627
v -0.17620720 -0.09991306 1.02970918
v -0.17645755 -0.13668504 0.89644798
v -0.17797215 -0.13652522 0.89642814
v -0.17286351 -0.13790595 0.89406593
v -0.17655325 -0.13661441 0.89375610
v -0.17836363 -0.13634218 0.89449472
v -0.14872600 -0.13552356 0.89630264
v -0.14737022 -0.13546227 0.89482445
v -0.14720794 -0.13525497 0.89622486
v -0.14611914 -0.13458375 0.89603994
v -0.14762682 -0.13526393 0.89365419
v -0.14627450 -0.13483280 0.89487477
v -0.14262062 -0.09719815 1.03075132
v -0.14326679 -0.09896921 1.02955246
v -0.14333614 -0.09685327 1.03195658
v -0.14546171 -0.13351064 0.89574963
v -0.14564086 -0.13269721 0.89469692
v -0.14629703 -0.13439421 0.89408668
v -0.17700264 -0.09726499 1.02969405
v -0.17682788 -0.09881990 1.02971077
v -0.17672704 -0.09796167 1.03115583
v -0.17607959 -0.09867901 1.03150663
v -0.17992175 -0.12594303 0.89244753
v -0.17962397 -0.13488194 0.89444027
v -0.17969133 -0.13489349 0.89605762
v -0.17904985 -0.13592671 0.89629857
v -0.17903112 -0.13529167 0.89357747
v -0.14220365 -0.04544099 1.23034637
v -0.14067935 -0.04528311 1.23033283
v -0.14111955 -0.04475327 1.23176905
v -0.14216481 -0.04385460 1.23285069
v -0.13967183 -0.04422182 1.23145864
v -0.16994213 -0.04491599 1.23014605
v -0.17103470 -0.04409999 1.23163298
v -0.17145188 -0.04470927 1.23014045
v -0.17251294 -0.04404811 1.23012944
v -0.17175112 -0.04339665 1.23190430
v -0.17315845 -0.08224333 1.09724253
v -0.17466833 -0.08208132 1.09720401
v -0.16962213 -0.08342366 1.09473628
v -0.17314124 -0.08216809 1.09454371
v -0.17562397 -0.08172683 1.09589312
v -0.14541524 -0.08113657 1.09708052
v -0.14399982 -0.08102053 1.09557090
v -0.14389024 -0.08086683 1.09698602
v -0.14278342 -0.08019562 1.09678719
v -0.14420163 -0.08078315 1.09439090
v -0.13862035 -0.04201934 1.23022806
v -0.13899476 -0.04266441 1.23180076
v -0.13888735 -0.04357198 1.23027738
v -0.13957390 -0.04466070 1.23031113
v -0.13963023 -0.04256037 1.23271567
v -0.14182361 -0.07764918 1.09608698
v -0.14209477 -0.07912356 1.09648772
v -0.14221411 -0.07825224 1.09539455
v -0.14287538 -0.07993555 1.09481307
v -0.17329228 -0.04135993 1.23007357
v -0.17312668 -0.04293116 1.23010976
v -0.17301383 -0.04204742 1.23152942
v -0.17237632 -0.04273907 1.23190266
v -0.17629937 -0.08053642 1.09549584
v -0.17572868 -0.08148164 1.09706009
v -0.17558305 -0.08085260 1.09433281
v -0.13937973 0.00798649 1.43137763
v -0.13785611 0.00820289 1.43136271
v -0.13830398 0.00870074 1.43277355
v -0.13930774 0.00958600 1.43387994
v -0.13683460 0.00931492 1.43248503
v -0.16711960 0.00794585 1.43137340
v -0.16812743 0.00864674 1.43291449
v -0.16862935 0.00814681 1.43135975
v -0.16969316 0.00879778 1.43134557
v -0.16956973 -0.02628603 1.29766988
v -0.17108141 -0.02604045 1.29759771
v -0.16542233 -0.02772507 1.29532952
v -0.16957111 -0.02613396 1.29494703
v -0.17204967 -0.02559571 1.29625105
v -0.14183263 -0.02659727 1.29779707
v -0.14042691 -0.02654952 1.29630607
v -0.14031124 -0.02638611 1.29771982
v -0.13921191 -0.02575698 1.29753824
v -0.14063927 -0.02631285 1.29512333
v -0.13932855 -0.02596873 1.29636216
v -0.13608766 0.01062243 1.43256450
v -0.13675276 0.00886968 1.43134059
v -0.13677425 0.01099301 1.43373984
v -0.13828685 -0.02324430 1.29685126
v -0.13853644 -0.02470913 1.29724956
v -0.13883578 -0.01929979 1.29326286
v -0.13928462 -0.02523357 1.29546171
v -0.17048307 0.01144747 1.43130419
v -0.17031107 0.00989796 1.43132768
v -0.17018258 0.01070948 1.43278736
v -0.16953193 0.00997256 1.43315757
v -0.17273668 -0.02437510 1.29582273
v -0.17214941 -0.02538397 1.29742681
v -0.13718689 0.05666389 1.63371121
v -0.13565426 0.05682675 1.63372126
v -0.13607624 0.05730350 1.63514667
v -0.13710574 0.05817124 1.63624146
v -0.13461401 0.05785849 1.63487353
v -0.16493425 0.05728442 1.63352687
v -0.16597610 0.05800767 1.63504779
v -0.16643650 0.05750301 1.63350412
v -0.16747536 0.05816653 1.63348296
v -0.16577144 0.02475480 1.49937584
v -0.16728326 0.02493514 1.49931171
v -0.16237982 0.02366107 1.49697247
v -0.16579433 0.02495869 1.49664263
v -0.16825902 0.02535755 1.49796516
v -0.13803296 0.02513945 1.49928145
v -0.13663764 0.02523554 1.49779373
v -0.13651072 0.02535006 1.49922060
v -0.13540946 0.02597945 1.49905351
v -0.13685956 0.02551273 1.49659903
v -0.13553636 0.02580971 1.49786537
v -0.13347521 0.06008839 1.63366211
v -0.13387369 0.05942876 1.63524186
v -0.13379915 0.05854192 1.63369978
v -0.13452524 0.05745415 1.63371820
v -0.13447184 0.02849165 1.49838378
v -0.13473052 0.02702664 1.49877637
v -0.13486660 0.02793782 1.49768668
v -0.13553112 0.02628963 1.49706411
v -0.16815984 0.06082908 1.63344148
v -0.16805020 0.05927549 1.63346296
v -0.16790899 0.06006278 1.63492230
v -0.16730129 0.05934934 1.63529554
v -0.16893691 0.02654962 1.49752825
v -0.16834916 0.02554530 1.49914547
v -0.16824861 0.02629963 1.49638739
v -0.13247040 0.11258694 1.83412046
v -0.13095442 0.11284490 1.83411581
v -0.13143338 0.11327430 1.83555746
v -0.13245862 0.11407907 1.83665611
v -0.12997312 0.11392735 1.83526183
v -0.16020403 0.11204149 1.83426311
v -0.16129400 0.11273161 1.83578568
v -0.16172210 0.11218435 1.83426057
v -0.16280743 0.11279101 1.83425232
v -0.16349537 0.07451349 1.70142519
v -0.16500581 0.07467394 1.70136466
v -0.15968866 0.07333341 1.69905325
v -0.16354045 0.07468158 1.69870066
v -0.16599127 0.07507174 1.70002266
v -0.13574872 0.07523288 1.70124826
v -0.13436573 0.07531179 1.69977176
v -0.13422427 0.07548012 1.70118509
v -0.13311882 0.07613565 1.70101651
v -0.13459404 0.07554224 1.69859007
v -0.13325821 0.07591959 1.69984033
v -0.12900978 0.11622408 1.83404258
v -0.12934676 0.11549439 1.83562054
v -0.12922553 0.11466547 1.83408047
v -0.12987256 0.11353883 1.83410375
v -0.13216596 0.07867148 1.70034858
v -0.13243358 0.07719988 1.70073842
v -0.13258817 0.07813458 1.69959326
v -0.13325336 0.07637476 1.69904700
v -0.16367984 0.11541224 1.83421718
v -0.16346070 0.11386648 1.83423856
v -0.16336661 0.11472142 1.83569680
v -0.16269230 0.11400210 1.83605654
v -0.16667195 0.08224458 1.69938779
v -0.16658671 0.07637910 1.69929488
v -0.16668408 0.07629893 1.70093408
v -0.16606895 0.07526894 1.70120075
v -0.16598226 0.07599695 1.69844881
v -0.13047868 0.16475617 2.03557871
v -0.12896123 0.16499474 2.03559585
v -0.12946710 0.16543617 2.03703289
v -0.13042250 0.16627886 2.03810525
v -0.12795712 0.16607716 2.03675224
v -0.15821847 0.16523802 2.03546950
v -0.15913668 0.16603611 2.03699427
v -0.15973453 0.16552585 2.03543183
v -0.16081569 0.16624357 2.03539627
v -0.15936906 0.16693928 2.03785827
v -0.16060966 0.12642730 1.90293274
v -0.16212017 0.12656280 1.90288089
v -0.15710159 0.12550195 1.90046131
v -0.16054593 0.12671021 1.90017572
v -0.16305639 0.12698904 1.90152979
v -0.13285807 0.12743084 1.90266142
v -0.13141559 0.12759010 1.90117678
v -0.13133376 0.12767216 1.90261359
v -0.13023110 0.12832464 1.90245465
v -0.13159938 0.12788835 1.89997445
v -0.13031848 0.12818136 1.90125826
v -0.12699246 0.16834884 2.03554654
v -0.12731553 0.16763280 2.03711748
v -0.12721923 0.16679076 2.03558400
v -0.12787452 0.16567251 2.03559860
v -0.12929071 0.13085807 1.90179751
v -0.12954939 0.12938638 1.90218375
v -0.12964596 0.13026228 1.90112054
v -0.13028866 0.12867636 1.90045435
v -0.16166731 0.16896836 2.03532961
v -0.16145988 0.16739187 2.03536220
v -0.16134394 0.16829520 2.03681119
v -0.16066694 0.16749557 2.03718811
v -0.16374657 0.12815327 1.90116022
v -0.16318539 0.12713878 1.90272068
v -0.16299744 0.12796983 1.89993826
v -0.12297919 0.22029329 2.23620648
v -0.12145487 0.22059546 2.23622510
v -0.12195313 0.22100250 2.23766159
v -0.12108285 0.22181685 2.23801959
v -0.15187741 0.22003258 2.23773465
v -0.15328992 0.22027175 2.23636203
v -0.15187171 0.22100895 2.23880498
v -0.15472275 0.18343632 2.10312115
v -0.15623868 0.18362843 2.10305829
v -0.15008488 0.18203672 2.10064354
v -0.15482463 0.18362991 2.10038720
v -0.15726013 0.18405584 2.10170889
v -0.12697997 0.18323103 2.10316708
v -0.12562765 0.18328553 2.10172476
v -0.12546191 0.18344981 2.10314189
v -0.12437520 0.18408981 2.10299861
v -0.12588571 0.18352335 2.10053619
v -0.12453262 0.18387568 2.10181873
v -0.11967841 0.22306664 2.23748458
v -0.12034944 0.22131857 2.23622828
v -0.12039042 0.22331073 2.23866572
v -0.12349931 0.18661651 2.10235079
v -0.12372053 0.18514668 2.10273597
v -0.12391412 0.18603896 2.10164340
v -0.12455589 0.18433287 2.10102508
v -0.15407080 0.22294698 2.23630891
v -0.15390442 0.22138429 2.23633939
v -0.15378506 0.22225774 2.23779651
v -0.15314394 0.22150892 2.23815641
v -0.15796547 0.18524865 2.10125344
v -0.15731971 0.18424166 2.10288983
v -0.15730660 0.18499192 2.10012752
v -0.12115945 0.27419359 2.43728250
v -0.11977626 0.27479286 2.43842960
v -0.15007890 0.27528464 2.43820518
v -0.15149167 0.27561173 2.43695615
v -0.15078354 0.23832371 2.30383739
v -0.15229822 0.23856349 2.30377305
v -0.14666653 0.23691215 2.30126468
v -0.15081968 0.23845117 2.30111931
v -0.15328715 0.23898783 2.30243062
v -0.12304230 0.23829535 2.30394088
v -0.12165536 0.23835900 2.30251147
v -0.12152354 0.23851619 2.30393157
v -0.12043328 0.23915243 2.30379802
v -0.12188346 0.23860074 2.30131846
v -0.12056165 0.23894550 2.30261560
v -0.11789992 0.27689907 2.43862646
v -0.11855189 0.27508295 2.43735107
v -0.11857477 0.27724791 2.43973688
v -0.11954012 0.24167104 2.30315210
v -0.11977245 0.24020475 2.30353982
v -0.11994279 0.24113500 2.30240177
v -0.12056477 0.23940463 2.30181983
v -0.15233428 0.27833690 2.43688568
v -0.15213178 0.27675723 2.43692525
v -0.15199470 0.27764795 2.43835200
v -0.15132558 0.27690255 2.43873212
v -0.15398252 0.24020431 2.30197303
v -0.15337522 0.23921619 2.30360183
v -0.15329270 0.23988529 2.30085793
v -0.15884540 -0.32338789 0.16107348
v -0.16061035 -0.33955068 0.08970032
v -0.15909159 -0.33934856 0.08966124
v -0.15732532 -0.32315162 0.16102525
v -0.15800419 -0.33872389 0.08950894
v -0.15623244 -0.32250473 0.16086477
v -0.18834966 -0.33950728 0.08988908
v -0.18658887 -0.32361946 0.16129714
v -0.18810277 -0.32340024 0.16126855
v -0.18986496 -0.33930055 0.08985945
v -0.18917625 -0.32276410 0.16112395
v -0.19094404 -0.33867300 0.08971493
v -0.15711865 -0.33621011 0.08886632
v -0.15557014 -0.32144595 0.16059333
v -0.15734612 -0.33767800 0.08924298
v -0.18771227 -0.25644117 0.14411093
v -0.18849530 -0.27233589 0.07263990
v -0.19000844 -0.27255779 0.07268499
v -0.18922139 -0.25665141 0.14415427
v -0.19108067 -0.27319359 0.07284962
v -0.19028244 -0.25727952 0.14431540
v -0.16075953 -0.27232134 0.07271001
v -0.15998974 -0.25614785 0.14407757
v -0.15846613 -0.25633838 0.14411140
v -0.15923938 -0.27254473 0.07275545
v -0.15736208 -0.25695537 0.14425806
v -0.15814503 -0.27318286 0.07291136
v -0.19189968 -0.27570829 0.07353140
v -0.19105216 -0.25979096 0.14498555
v -0.19089265 -0.25832579 0.14459366
v -0.19171175 -0.27424340 0.07313307
v -0.15542382 -0.23258085 0.27334859
v -0.15481770 -0.24377171 0.21896044
v -0.15503421 -0.24230114 0.21859942
v -0.15559719 -0.23111314 0.27299266
v -0.15568665 -0.24125792 0.21834789
v -0.15621510 -0.23007749 0.27274748
v -0.15560475 -0.27741047 0.22738446
v -0.15610206 -0.28108639 0.28564415
v -0.15635318 -0.28248115 0.28449582
v -0.15588153 -0.27895633 0.22929993
v -0.15702990 -0.28348824 0.28367934
v -0.15659381 -0.28057242 0.22867432
v -0.18654796 -0.22989199 0.27276451
v -0.18602367 -0.24141634 0.21842624
v -0.18753952 -0.24165824 0.21848030
v -0.18807226 -0.23011339 0.27281444
v -0.18862145 -0.24230751 0.21864557
v -0.18917625 -0.23075007 0.27297578
v -0.15829067 -0.24045856 0.21818036
v -0.15879138 -0.22929913 0.27259266
v -0.15727955 -0.22947303 0.27261348
v -0.15677336 -0.24064217 0.21820731
v -0.15640235 -0.25946607 0.14488485
v -0.15723030 -0.27570796 0.07355141
v -0.15747581 -0.27423739 0.07317748
v -0.15667488 -0.25799820 0.14451667
v -0.19179288 -0.33615144 0.08909599
v -0.19158692 -0.33762356 0.08945957
v -0.18981225 -0.32171039 0.16086817
v -0.18949117 -0.24483664 0.21930537
v -0.19011801 -0.23327263 0.27362583
v -0.18985865 -0.23180246 0.27324692
v -0.18927133 -0.24336585 0.21892132
v -0.19080181 -0.28172455 0.28609226
v -0.19029076 -0.27840585 0.22798574
v -0.19013264 -0.27997593 0.22989980
v -0.19062087 -0.28313851 0.28493902
v -0.18976090 -0.28261720 0.25768369
v -0.16116786 -0.27109586 0.38635808
v -0.16056798 -0.28427935 0.33813189
v -0.15904520 -0.28402701 0.33808224
v -0.15964160 -0.27092238 0.38633028
v -0.15794523 -0.28336660 0.33792105
v -0.15853061 -0.27032037 0.38618689
v -0.18831152 -0.28439460 0.33822962
v -0.18892174 -0.27098352 0.38638319
v -0.19043086 -0.27076993 0.38635260
v -0.18982335 -0.28417611 0.33819835
v -0.19148983 -0.27013521 0.38621343
v -0.19089134 -0.28353932 0.33805861
v -0.15701394 -0.28082656 0.33726415
v -0.15755140 -0.26782726 0.38554753
v -0.15783428 -0.26928884 0.38592631
v -0.15726845 -0.28229942 0.33764883
v -0.18775111 -0.20377852 0.36929961
v -0.18657909 -0.21720297 0.32112808
v -0.18810063 -0.21741064 0.32117591
v -0.18927271 -0.20399129 0.36934956
v -0.18919705 -0.21803884 0.32133406
v -0.19037115 -0.20462262 0.36950943
v -0.15883298 -0.21706144 0.32106144
v -0.16000361 -0.20391633 0.36929998
v -0.15849109 -0.20417472 0.36934051
v -0.15731971 -0.21723914 0.32108179
v -0.15742172 -0.20483978 0.36948705
v -0.15624908 -0.21784682 0.32121443
v -0.19011046 -0.22055677 0.32197940
v -0.19128941 -0.20714237 0.37015363
v -0.19104384 -0.20567288 0.36977784
v -0.18986774 -0.21908767 0.32160300
v -0.15669569 -0.18093729 0.47483050
v -0.15677961 -0.19418692 0.42095091
v -0.15698411 -0.19270827 0.42059271
v -0.15688356 -0.17945946 0.47447252
v -0.15762561 -0.19163955 0.42034227
v -0.15751395 -0.17839274 0.47422262
v -0.15751395 -0.22779667 0.42942102
v -0.15842070 -0.23050159 0.48922013
v -0.15869498 -0.23083223 0.48601149
v -0.15782325 -0.22929051 0.43131900
v -0.15896232 -0.23108905 0.45893482
v -0.18783995 -0.17695513 0.47394511
v -0.18795645 -0.19059202 0.42016287
v -0.18947521 -0.19077926 0.42020660
v -0.18936078 -0.17717094 0.47399723
v -0.19056331 -0.19139225 0.42036221
v -0.19045582 -0.17780653 0.47415966
v -0.16021998 -0.19073989 0.42016301
v -0.16009931 -0.17749024 0.47404326
v -0.15858604 -0.17773672 0.47407993
v -0.15870469 -0.19098312 0.42019864
v -0.15660831 -0.20739302 0.37009731
v -0.15543075 -0.22035415 0.32181385
v -0.15562008 -0.21888502 0.32145816
v -0.15679486 -0.20591295 0.36973958
v -0.19109072 -0.28842450 0.29134702
v -0.19151548 -0.28248410 0.33781166
v -0.19209664 -0.26907919 0.38596919
v -0.19145237 -0.19389883 0.42100226
v -0.19137193 -0.18033316 0.47480500
v -0.19112643 -0.17886146 0.47442940
v -0.19122213 -0.19243251 0.42062800
v -0.19310290 -0.22879426 0.48726392
v -0.19221238 -0.22746469 0.42965731
v -0.19208894 -0.22898298 0.43155032
v -0.19294271 -0.23020179 0.48610816
v -0.19150508 -0.23007452 0.43289965
v -0.19227899 -0.23232481 0.48821620
v -0.15928583 -0.21936005 0.58787907
v -0.16113401 -0.23245071 0.53961085
v -0.15961664 -0.23225427 0.53957762
v -0.15776632 -0.21915775 0.58784368
v -0.15853270 -0.23163266 0.53942979
v -0.15667627 -0.21853362 0.58769442
v -0.18887048 -0.23215867 0.53957006
v -0.18495916 -0.20939785 0.62812385
v -0.18853899 -0.21883329 0.58777108
v -0.19038717 -0.23196783 0.53954540
v -0.18961593 -0.21818747 0.58763315
v -0.19147041 -0.23135017 0.53941223
v -0.15578305 -0.21602007 0.58705389
v -0.15601468 -0.21748701 0.58743114
v -0.15788150 -0.23058852 0.53916800
v -0.18607707 -0.15186027 0.57077272
v -0.18738979 -0.16493017 0.52249894
v -0.18891000 -0.16516382 0.52255429
v -0.18759791 -0.15205334 0.57081579
v -0.19000227 -0.16581168 0.52271915
v -0.18869288 -0.15267167 0.57097061
v -0.15965340 -0.16525998 0.52252471
v -0.15833921 -0.15217888 0.57076828
v -0.15682607 -0.15240690 0.57079860
v -0.15813872 -0.16549323 0.52255714
v -0.15575392 -0.15305025 0.57093791
v -0.15706456 -0.16613990 0.52269735
v -0.19090860 -0.16834730 0.52336576
v -0.18959935 -0.15518372 0.57160870
v -0.18936003 -0.15371570 0.57123542
v -0.19066802 -0.16687348 0.52299010
v -0.15034324 -0.12863368 0.67611838
v -0.15220252 -0.14290890 0.62252362
v -0.15241195 -0.14143282 0.62216680
v -0.15053951 -0.12717232 0.67576557
v -0.15305690 -0.14037097 0.62191754
v -0.15117545 -0.12616275 0.67553023
v -0.15253886 -0.17650873 0.63099611
v -0.15112412 -0.17717626 0.68853581
v -0.15138904 -0.17864370 0.68741344
v -0.15275524 -0.17804318 0.63291139
v -0.15207560 -0.17972735 0.68662180
v -0.15354239 -0.17967212 0.63228735
v -0.18149721 -0.12641666 0.67581510
v -0.18338546 -0.13980236 0.62194966
v -0.18490298 -0.14006582 0.62200871
v -0.18301667 -0.12663430 0.67585758
v -0.18598899 -0.14073504 0.62217447
v -0.18410822 -0.12726726 0.67601139
v -0.15565337 -0.13949124 0.62174432
v -0.15376428 -0.12549563 0.67541034
v -0.15225036 -0.12560446 0.67541156
v -0.15413737 -0.13972383 0.62177649
v -0.15492796 -0.15558610 0.57154346
v -0.15623659 -0.16867725 0.52330264
v -0.15643008 -0.16720055 0.52294571
v -0.15512221 -0.15411001 0.57118669
v -0.19045582 -0.21564693 0.58704506
v -0.19326449 -0.24000925 0.49365055
v -0.19211876 -0.23030497 0.53917318
v -0.19025471 -0.21712567 0.58739172
v -0.18686835 -0.14328788 0.62282114
v -0.18501110 -0.12978780 0.67664732
v -0.18477330 -0.12831804 0.67627573
v -0.18664436 -0.14180880 0.62244632
v -0.18580106 -0.17825338 0.68902544
v -0.18721704 -0.17688877 0.63145622
v -0.18700012 -0.17841536 0.63334710
v -0.18563393 -0.17970827 0.68788032
v -0.18568559 -0.18011673 0.66086871
v -0.15209225 -0.16524814 0.78882541
v -0.15359506 -0.17914459 0.74076803
v -0.15208254 -0.17880311 0.74068661
v -0.15057418 -0.16494213 0.78874832
v -0.15100969 -0.17807665 0.74050126
v -0.14948539 -0.16424102 0.78856483
v -0.18131620 -0.18031903 0.74098290
v -0.17797424 -0.15599049 0.82913099
v -0.18134255 -0.16623056 0.78899605
v -0.18283558 -0.18014392 0.74097195
v -0.18242094 -0.16562761 0.78887467
v -0.18392861 -0.17953751 0.74085036
v -0.15018305 -0.17547911 0.73982323
v -0.14860049 -0.16166602 0.78788563
v -0.14882809 -0.16314855 0.78827716
v -0.15037654 -0.17696786 0.74021285
v -0.17908037 -0.09910852 0.77209557
v -0.18045696 -0.11304752 0.72402941
v -0.18197780 -0.11330286 0.72407856
v -0.18060052 -0.09937667 0.77214520
v -0.18307283 -0.11396651 0.72423840
v -0.18169555 -0.10004706 0.77230398
v -0.15272402 -0.11185019 0.72351698
v -0.15134813 -0.09800114 0.77157414
v -0.14983491 -0.09811606 0.77158197
v -0.15121082 -0.11193163 0.72351290
v -0.14876345 -0.09867760 0.77170520
v -0.15013936 -0.11247095 0.72362798
v -0.18398756 -0.11651438 0.72487951
v -0.18260473 -0.10259950 0.77294408
v -0.18236339 -0.10112070 0.77257075
v -0.18374275 -0.11503644 0.72450570
v -0.14440697 -0.07256492 0.87645768
v -0.14584098 -0.08755034 0.82304462
v -0.14604487 -0.08608773 0.82269145
v -0.14463367 -0.07109850 0.87610276
v -0.14668643 -0.08507384 0.82245066
v -0.14529249 -0.07007155 0.87585710
v -0.14607060 -0.12122621 0.83147214
v -0.14526788 -0.12208603 0.89089061
v -0.14561289 -0.12259666 0.88773354
v -0.14627519 -0.12275334 0.83338975
v -0.14661646 -0.12378315 0.86086492
v -0.17562259 -0.07039742 0.87627028
v -0.17700750 -0.08582053 0.82295441
v -0.17852557 -0.08609265 0.82300796
v -0.17713649 -0.07066774 0.87632758
v -0.17961436 -0.08676558 0.82316531
v -0.17821350 -0.07134001 0.87648758
v -0.14927949 -0.08438750 0.82231129
v -0.14790006 -0.06933206 0.87569626
v -0.14638198 -0.06948354 0.87572033
v -0.14776482 -0.08450713 0.82232325
v -0.14794027 -0.10115004 0.77229573
v -0.14932034 -0.11492748 0.72421306
v -0.14950896 -0.11346871 0.72386158
v -0.14813168 -0.09968793 0.77194277
v -0.18326840 -0.16312267 0.78828531
v -0.18595397 -0.18486541 0.69426136
v -0.18459576 -0.17849897 0.74061587
v -0.18306243 -0.16459084 0.78863917
v -0.18050204 -0.08932191 0.82380430
v -0.17906303 -0.07389492 0.87712625
v -0.17885497 -0.07241527 0.87675361
v -0.18027249 -0.08784245 0.82343092
v -0.17998884 -0.12244880 0.88934374
v -0.18073574 -0.12293833 0.83238102
v -0.18050897 -0.12441823 0.83424794
v -0.17984182 -0.12396472 0.88820920
v -0.17985569 -0.12545882 0.83557359
v -0.17910134 -0.12596012 0.89026575
v -0.14666771 -0.11120748 0.98972562
v -0.14764831 -0.12336182 0.94121914
v -0.14612470 -0.12307930 0.94113480
v -0.14514271 -0.11100157 0.98965789
v -0.14502273 -0.12240182 0.94094613
v -0.14403587 -0.11037289 0.98948022
v -0.17538887 -0.12500135 0.94148824
v -0.17441034 -0.11179746 0.98971546
v -0.17591940 -0.11165420 0.98969281
v -0.17690001 -0.12486311 0.94147067
v -0.17697976 -0.11106760 0.98956160
v -0.17796453 -0.12427792 0.94134253
v -0.14409205 -0.11985089 0.94025766
v -0.14232710 -0.09625158 1.02945119
v -0.14334938 -0.10932475 0.98919282
v -0.14434380 -0.12132648 0.94065364
v -0.17287418 -0.04443727 0.97287609
v -0.17476196 -0.05764168 0.92463332
v -0.17627933 -0.05793462 0.92470040
v -0.17439232 -0.04471949 0.97294297
v -0.17736465 -0.05862310 0.92486686
v -0.17548042 -0.04540202 0.97311006
v -0.14702902 -0.05613394 0.92392337
v -0.14513798 -0.04405589 0.97245874
v -0.14362256 -0.04426219 0.97250318
v -0.14551303 -0.05627860 0.92394919
v -0.14254340 -0.04488533 0.97265355
v -0.14443186 -0.05686682 0.92408739
v -0.17823499 -0.06119105 0.92551045
v -0.17636810 -0.04796693 0.97375439
v -0.17613855 -0.04648482 0.97338011
v -0.17801654 -0.05970828 0.92513606
v -0.14003300 -0.01803110 1.07725291
v -0.14061555 -0.03279231 1.02376022
v -0.14078129 -0.03132576 1.02340594
v -0.14021484 -0.01656381 1.07689842
v -0.14139503 -0.03029976 1.02315695
v -0.14084177 -0.01553620 1.07665027
v -0.14141376 -0.06647120 1.03216049
v -0.14137645 -0.06656419 1.08955284
v -0.14164123 -0.06802641 1.08842904
v -0.14169199 -0.06792069 1.03404958
v -0.14232584 -0.06909190 1.08764121
v -0.14244090 -0.06966137 1.03344942
v -0.17116547 -0.01593762 1.07708381
v -0.17170986 -0.03047423 1.02353980
v -0.17323417 -0.03074349 1.02360668
v -0.17268686 -0.01620527 1.07715429
v -0.17433947 -0.03141861 1.02377483
v -0.17378412 -0.01687492 1.07732360
v -0.14396722 -0.02956757 1.02297938
v -0.14342421 -0.01481046 1.07647027
v -0.14191169 -0.01495141 1.07650731
v -0.14245762 -0.02971442 1.02301303
v -0.14169740 -0.04740320 0.97326466
v -0.14357055 -0.05936310 0.92469109
v -0.14378483 -0.05789525 0.92433575
v -0.14190198 -0.04593136 0.97290815
v -0.17858451 -0.12325131 0.94110115
v -0.17759281 -0.11004019 0.98931789
v -0.17529456 -0.03397963 1.02442022
v -0.17470980 -0.01942731 1.07796921
v -0.17445820 -0.01794886 1.07759471
v -0.17502617 -0.03249845 1.02404562
v -0.17605741 -0.06800659 1.09009728
v -0.17608930 -0.06762197 1.03295138
v -0.17593535 -0.06909450 1.03480841
v -0.17588888 -0.06951920 1.08895898
v -0.17533201 -0.07012507 1.03612565
v -0.17528762 -0.07152028 1.09101505
v -0.14288259 -0.05649047 1.19038725
v -0.14432714 -0.06988864 1.14222818
v -0.14280284 -0.06964140 1.14213537
v -0.14135412 -0.05632809 1.19031804
v -0.14169740 -0.06898741 1.14194215
v -0.14023759 -0.05573527 1.19014312
v -0.17206964 -0.06985679 1.14211114
v -0.17062453 -0.05682539 1.19039931
v -0.17213068 -0.05662679 1.19034482
v -0.17357953 -0.06963611 1.14205326
v -0.17318146 -0.05600148 1.19018662
v -0.17464197 -0.06899846 1.14189548
v -0.14074468 -0.06645808 1.14124787
v -0.13924048 -0.05325486 1.18946440
v -0.13953299 -0.05471130 1.18985963
v -0.14101153 -0.06792704 1.14164702
v -0.16887693 0.01046782 1.17356439
v -0.17023757 -0.00258662 1.12528437
v -0.17176396 -0.00278178 1.12533812
v -0.17040193 0.01024648 1.17362788
v -0.17287619 -0.00340386 1.12549759
v -0.17150875 0.00961074 1.17379275
v -0.14249000 -0.00268985 1.12501135
v -0.14113511 0.01068250 1.17321910
v -0.13962593 0.01042999 1.17328397
v -0.14098240 -0.00285625 1.12505506
v -0.13856556 0.00976518 1.17344471
v -0.13992690 -0.00346151 1.12520225
v -0.17385139 -0.00591880 1.12613568
v -0.17246300 0.00708644 1.17443613
v -0.17219656 0.00855778 1.17406195
v -0.17357260 -0.00444992 1.12576288
v -0.13746290 0.03632655 1.27809560
v -0.13721109 0.02118543 1.22472302
v -0.13736373 0.02266997 1.22436323
v -0.13762448 0.03780147 1.27773730
v -0.13796846 0.02375354 1.22410165
v -0.13845841 -0.01381597 1.23397778
v -0.13824505 -0.01457734 1.23301036
v -0.16826942 0.02560654 1.22390810
v -0.16979511 0.02538014 1.22397456
v -0.17048202 0.03231043 1.25083138
v -0.14053316 0.02471811 1.22386705
v -0.13929096 0.03948886 1.27733339
v -0.13902549 0.02443663 1.22393657
v -0.13823330 0.03885564 1.27748354
v -0.13778676 0.00720962 1.17406269
v -0.13916891 -0.00597210 1.12580807
v -0.13932356 -0.00450206 1.12545315
v -0.13795320 0.00869111 1.17370460
v -0.17391782 -0.05348385 1.18954228
v -0.17632988 -0.07449358 1.09528132
v -0.17525641 -0.06794413 1.14163157
v -0.17377719 -0.05495270 1.18992069
v -0.17213221 0.03678848 1.27831666
v -0.17185966 0.03825302 1.27794365
v -0.17116823 0.03928598 1.27767751
v -0.17214067 -0.01404527 1.29071799
v -0.17259829 -0.01374574 1.29218269
v -0.14034709 -0.00301580 1.39140444
v -0.14090765 -0.01486993 1.34282357
v -0.13939221 -0.01466940 1.34275193
v -0.13882770 -0.00282358 1.39133936
v -0.13831382 -0.01405012 1.34257659
v -0.13773545 -0.00220893 1.39116825
v -0.16865292 -0.01460795 1.34271870
v -0.16808702 -0.00222927 1.39117005
v -0.16960163 -0.00196998 1.39108973
v -0.17017161 -0.01434525 1.34264061
v -0.17067654 -0.00130565 1.39091396
v -0.17126117 -0.01367587 1.34246484
v -0.13746852 -0.01154683 1.34189511
v -0.13580821 0.01155282 1.43125784
v -0.13707108 -0.00117070 1.39088708
v -0.13767303 -0.01300923 1.34229193
v -0.16645869 0.06498850 1.37429480
v -0.16802462 0.05262931 1.32585447
v -0.16954684 0.05247585 1.32590621
v -0.16798232 0.06483940 1.37434941
v -0.17064673 0.05188770 1.32606378
v -0.16908567 0.06425080 1.37450771
v -0.14028475 0.05233283 1.32565891
v -0.13871883 0.06416310 1.37424475
v -0.13720839 0.06393485 1.37429576
v -0.13877292 0.05211207 1.32570886
v -0.13614456 0.06328962 1.37444930
v -0.13770562 0.05147059 1.32586029
v -0.17157671 0.04940232 1.32669975
v -0.17002814 0.06176320 1.37514316
v -0.16976807 0.06322538 1.37477237
v -0.17132359 0.05086279 1.32632780
v -0.13238580 0.08813915 1.47953649
v -0.13332549 0.07491137 1.42565978
v -0.13346973 0.07638306 1.42529502
v -0.13254461 0.08961028 1.47916909
v -0.13406892 0.07743069 1.42503820
v -0.13315351 0.09066165 1.47890761
v -0.13415353 0.03964524 1.49178171
v -0.13444063 0.03824654 1.49064002
v -0.13497532 0.03980376 1.43595432
v -0.13539107 0.03800148 1.46356273
v -0.16346695 0.09118437 1.47904178
v -0.16437321 0.07777641 1.42523534
v -0.16590042 0.07755233 1.42531259
v -0.16499195 0.09095162 1.47912422
v -0.16701419 0.07691199 1.42548698
v -0.16610085 0.09030509 1.47930242
v -0.13663001 0.07825127 1.42484529
v -0.13572152 0.09150405 1.47870475
v -0.13421247 0.09129307 1.47875332
v -0.13512303 0.07805461 1.42488804
v -0.13535258 0.06075350 1.37506983
v -0.13726283 0.04336861 1.30210736
v -0.13708217 0.05041147 1.32611690
v -0.13552589 0.06222880 1.37470792
v -0.17289471 -0.01835805 1.29562497
v -0.17192061 -0.01260137 1.34218780
v -0.17131235 -0.00023656 1.39063820
v -0.16800450 0.07438159 1.42613438
v -0.16706690 0.08776822 1.47994993
v -0.16679227 0.08924369 1.47957755
v -0.16771531 0.07585525 1.42576073
v -0.16883253 0.03918839 1.49205144
v -0.16941231 0.04074150 1.43460692
v -0.16921805 0.03921834 1.43647326
v -0.16868551 0.03775914 1.49090288
v -0.16833426 0.03744421 1.46394161
v -0.13726318 0.04709530 1.59334373
v -0.13742545 0.03604169 1.54453758
v -0.13589698 0.03623875 1.54448276
v -0.13573540 0.04729255 1.59328934
v -0.13478127 0.03686176 1.54431853
v -0.13461956 0.04791283 1.59312839
v -0.16517157 0.03634671 1.54444075
v -0.16500707 0.04748474 1.59322151
v -0.16651347 0.04772421 1.59313992
v -0.16667784 0.03656631 1.54436541
v -0.16756482 0.04837460 1.59296278
v -0.16772987 0.03720536 1.54419144
v -0.13379083 0.03937106 1.54365398
v -0.13363063 0.05041813 1.59246787
v -0.13391705 0.04895468 1.59285538
v -0.13407863 0.03790665 1.54404340
v -0.16212502 0.11467594 1.57626363
v -0.16287608 0.10356609 1.52747779
v -0.16440247 0.10337657 1.52754995
v -0.16364795 0.11450814 1.57633082
v -0.16551277 0.10276099 1.52772054
v -0.16474923 0.11390806 1.57649738
v -0.13513143 0.10317313 1.52733736
v -0.13438515 0.11423111 1.57614087
v -0.13287416 0.11400677 1.57619601
v -0.13362230 0.10295514 1.52738921
v -0.13180881 0.11336619 1.57635611
v -0.13256555 0.10232157 1.52754614
v -0.16648435 0.10025167 1.52836053
v -0.16569307 0.11141006 1.57713441
v -0.16543010 0.11287495 1.57676584
v -0.16620696 0.10171975 1.52799027
v -0.13106759 0.13821411 1.68149854
v -0.13113958 0.12309134 1.62811146
v -0.13133230 0.12456456 1.62773918
v -0.13126434 0.13968114 1.68112701
v -0.13196346 0.12562704 1.62747083
v -0.13189757 0.14071832 1.68086637
v -0.13186152 0.08947612 1.63651045
v -0.13174029 0.08969126 1.69376735
v -0.13203974 0.08822163 1.69264747
v -0.13215347 0.08799997 1.63839171
v -0.13280363 0.08705829 1.66579292
v -0.16222004 0.14087822 1.68107420
v -0.16228453 0.12707158 1.62733940
v -0.16380606 0.12687084 1.62741527
v -0.16374087 0.14063340 1.68116267
v -0.16490179 0.12624683 1.62758913
v -0.16483522 0.13997574 1.68134478
v -0.13454674 0.12652931 1.62724501
v -0.13448224 0.14150308 1.68067050
v -0.13296972 0.14132594 1.68071442
v -0.13303422 0.12628095 1.62730659
v -0.13180326 0.09980032 1.52817926
v -0.13195929 0.10127060 1.52780911
v -0.13118895 0.11231014 1.57662182
v -0.16830895 0.05091199 1.59231750
v -0.16900556 0.03253395 1.49733009
v -0.16832767 0.03826125 1.54391980
v -0.16816262 0.04943788 1.59268935
v -0.16581097 0.12373007 1.62823124
v -0.16573524 0.13742983 1.68199367
v -0.16550097 0.13890823 1.68162129
v -0.16557032 0.12520022 1.62786035
v -0.16643026 0.08885335 1.69410217
v -0.16653914 0.09009988 1.63666294
v -0.16639836 0.08856618 1.63853774
v -0.16629502 0.08739958 1.69296630
v -0.16575341 0.08692168 1.66601742
v -0.13260147 0.10253335 1.79388283
v -0.13371385 0.08854780 1.74585995
v -0.13219786 0.08882988 1.74579021
v -0.13108958 0.10280149 1.79381997
v -0.13111739 0.08951218 1.74561677
v -0.13001819 0.10347305 1.79365193
v -0.16144886 0.08717902 1.74621783
v -0.16032609 0.10136407 1.79419203
v -0.16184624 0.10150092 1.79413743
v -0.16296623 0.08729913 1.74616767
v -0.16294127 0.10208105 1.79397679
v -0.16405156 0.08786502 1.74601021
v -0.13026647 0.09207066 1.74494566
v -0.12919362 0.10602232 1.79298675
v -0.12938641 0.10454685 1.79337510
v -0.13047313 0.09059305 1.74533677
v -0.16035174 0.16861424 1.77717224
v -0.16144331 0.15444718 1.72920386
v -0.16296416 0.15415808 1.72930375
v -0.16186981 0.16834128 1.77726832
v -0.16405767 0.15347110 1.72949433
v -0.16295653 0.16766774 1.77745563
v -0.13370275 0.15575114 1.72862788
v -0.13261674 0.16972180 1.77665965
v -0.13110074 0.16956773 1.77669859
v -0.13218946 0.15561231 1.72866227
v -0.13002042 0.16897725 1.77684769
v -0.13111669 0.15503369 1.72880714
v -0.16495934 0.15089974 1.73014946
v -0.16383657 0.16510960 1.77810641
v -0.16361188 0.16659092 1.77773446
v -0.16472357 0.15238466 1.72977539
v -0.12974641 0.19059162 1.88286345
v -0.12930812 0.17912698 1.82849362
v -0.12953067 0.18059327 1.82811944
v -0.12997243 0.19205722 1.88248673
v -0.13018256 0.18163210 1.82785384
v -0.13062500 0.19309578 1.88222007
v -0.12885103 0.14548020 1.83688510
v -0.12895021 0.14208662 1.89514570
v -0.12915271 0.14071145 1.89400306
v -0.12904452 0.14395333 1.83877758
v -0.12979489 0.13972050 1.89318529
v -0.12975605 0.14228612 1.83814319
v -0.16095634 0.19290896 1.88245795
v -0.16051333 0.18192236 1.82798632
v -0.16203001 0.18162284 1.82808981
v -0.16247232 0.19263134 1.88255530
v -0.16311187 0.18092395 1.82828410
v -0.16355433 0.19195129 1.88274514
v -0.13278248 0.18243209 1.82764812
v -0.13322493 0.19389043 1.88201329
v -0.13170825 0.19370689 1.88206261
v -0.13126579 0.18224474 1.82769680
v -0.12916589 0.16648886 1.77747986
v -0.13028658 0.15255280 1.72943539
v -0.13048354 0.15401364 1.72906470
v -0.12937533 0.16795139 1.77710748
v -0.16470622 0.08887798 1.74574725
v -0.16361049 0.10310260 1.79371098
v -0.16396834 0.17834185 1.82894208
v -0.16440525 0.18938729 1.88339826
v -0.16419997 0.19086987 1.88302599
v -0.16375890 0.17982909 1.82856875
v -0.16363339 0.14084367 1.89557088
v -0.16351825 0.14469465 1.83736425
v -0.16328177 0.14316037 1.83924530
v -0.16340314 0.13946976 1.89441978
v -0.16268225 0.14030703 1.86708820
v -0.13132336 0.15273587 1.99585493
v -0.13267769 0.13891146 1.94777459
v -0.13115623 0.13916897 1.94772527
v -0.12980667 0.15295809 1.99581895
v -0.13006112 0.13983225 1.94756697
v -0.12872552 0.15360232 1.99566996
v -0.16042318 0.13846358 1.94790347
v -0.15906246 0.15334174 1.99571017
v -0.16057991 0.15358534 1.99563059
v -0.16193639 0.13866543 1.94783448
v -0.16166593 0.15423618 1.99545260
v -0.16300854 0.13929283 1.94766242
v -0.12786419 0.15613151 1.99501811
v -0.12807778 0.15466099 1.99540329
v -0.12939405 0.14090197 1.94729607
v -0.15907085 0.22054069 1.97858773
v -0.16029488 0.20567391 1.93079987
v -0.16181226 0.20546555 1.93087945
v -0.16059031 0.22037578 1.97865546
v -0.16289758 0.20483830 1.93105426
v -0.16168118 0.21977387 1.97882329
v -0.13255979 0.20609237 1.93052580
v -0.13133029 0.21991001 1.97860784
v -0.12981570 0.21970959 1.97866096
v -0.13104388 0.20592592 1.93056898
v -0.12873938 0.21909070 1.97881926
v -0.12996272 0.20532708 1.93072432
v -0.16376861 0.20232049 1.93169511
v -0.16256949 0.21727167 1.97945799
v -0.16234140 0.21873843 1.97909080
v -0.16355016 0.20379101 1.93132580
v -0.12628648 0.23137449 2.02990932
v -0.12651402 0.23284469 2.02952816
v -0.12444038 0.24760513 2.08301016
v -0.12717214 0.23389749 2.02925599
v -0.12509297 0.24865005 2.08273778
v -0.12635999 0.19772644 2.03830144
v -0.12356034 0.19763226 2.09571379
v -0.12384190 0.19618148 2.09459485
v -0.12655902 0.19624677 2.04017953
v -0.12453831 0.19514514 2.09378703
v -0.12732812 0.19456347 2.03954429
v -0.15543838 0.24976713 2.08255556
v -0.15752088 0.23535764 2.02900838
v -0.15903611 0.23522727 2.02906615
v -0.15695569 0.24955263 2.08263620
v -0.16011526 0.23465421 2.02922636
v -0.15803892 0.24891502 2.08281292
v -0.12977894 0.23474844 2.02903674
v -0.12769428 0.24948676 2.08252149
v -0.12617697 0.24927581 2.08257588
v -0.12826018 0.23453288 2.02909240
v -0.12789485 0.21658389 1.97946646
v -0.12910070 0.20283334 1.93136643
v -0.12931498 0.20429608 1.93098950
v -0.12809998 0.21804986 1.97908805
v -0.16253834 0.15677077 1.99479927
v -0.16397805 0.12961638 1.90208280
v -0.16364101 0.14034304 1.94738856
v -0.16231851 0.15529728 1.99517620
v -0.16096410 0.23217687 2.02985218
v -0.15889957 0.24638244 2.08345228
v -0.15868805 0.24785762 2.08308403
v -0.16075814 0.23363723 2.02948753
v -0.15823658 0.19786184 2.09574003
v -0.16103414 0.19855988 2.03832218
v -0.16079974 0.19706682 2.04019900
v -0.15808470 0.19642142 2.09460607
v -0.15880768 0.19568807 2.06767269
v -0.12453262 0.20891410 2.19628968
v -0.12551461 0.19597037 2.14795643
v -0.12399440 0.19626296 2.14791474
v -0.12301386 0.20923420 2.19624651
v -0.12290020 0.19695348 2.14776173
v -0.12192507 0.20994087 2.19609180
v -0.15325317 0.19504471 2.14819410
v -0.15071774 0.21939679 2.23638425
v -0.15378993 0.20761554 2.19659614
v -0.15476638 0.19520180 2.14814268
v -0.15486832 0.20819426 2.19644101
v -0.15583992 0.19579428 2.14798225
v -0.12199234 0.19952077 2.14710713
v -0.11939650 0.22402570 2.23617621
v -0.12126555 0.21103705 2.19582323
v -0.12223229 0.19804030 2.14749294
v -0.15179897 0.27470142 2.17936280
v -0.15298340 0.26225663 2.13094850
v -0.15449660 0.26200388 2.13103675
v -0.15331419 0.27442576 2.17945635
v -0.15556736 0.26134140 2.13121960
v -0.15439258 0.27374878 2.17964153
v -0.12523992 0.26317123 2.13062659
v -0.12405834 0.27611924 2.17893042
v -0.12253958 0.27600649 2.17895751
v -0.12371921 0.26303604 2.13066067
v -0.12145002 0.27544507 2.17910206
v -0.12262280 0.26246129 2.13080924
v -0.15638507 0.25879004 2.13186405
v -0.15524282 0.27118626 2.18028682
v -0.15503476 0.27266831 2.17991772
v -0.15619707 0.26027008 2.13149516
v -0.11898949 0.28692992 2.23040440
v -0.11921842 0.28838853 2.23002027
v -0.11801929 0.30261728 2.28363942
v -0.11987508 0.28941239 2.22975255
v -0.11866008 0.30366807 2.28336513
v -0.11842984 0.25328192 2.23881239
v -0.11939654 0.25163275 2.29853943
v -0.11962410 0.25123077 2.29533352
v -0.11863373 0.25178728 2.24070190
v -0.11978975 0.25045199 2.26829200
v -0.14899439 0.30452860 2.28320344
v -0.15022119 0.28939890 2.22981456
v -0.15173718 0.28920197 2.22988355
v -0.15051315 0.30434309 2.28326672
v -0.15281765 0.28858282 2.23005138
v -0.15160195 0.30373151 2.28343053
v -0.12247987 0.29015344 2.22956800
v -0.12125376 0.30451907 2.28315434
v -0.11973777 0.30430193 2.28320429
v -0.12096180 0.29000122 2.22960271
v -0.12170662 0.25998866 2.13145558
v -0.12195142 0.26144611 2.13107463
v -0.12079197 0.27443687 2.17936386
v -0.15571509 0.21067710 2.19580122
v -0.15815509 0.19122680 2.10105619
v -0.15647239 0.19682243 2.14771453
v -0.15550981 0.20921537 2.19617603
v -0.15366517 0.28606744 2.23068249
v -0.15249586 0.30122338 2.28405677
v -0.15226285 0.30269268 2.28369317
v -0.15346121 0.28753828 2.23031678
v -0.15405485 0.25274785 2.29644801
v -0.15310350 0.25244680 2.23917408
v -0.15287451 0.25097559 2.24106253
v -0.15386691 0.25125993 2.29532993
v -0.15222748 0.24992110 2.24240834
v -0.15321905 0.24921175 2.29746060
v -0.12224339 0.26255668 2.39743787
v -0.12243825 0.25026231 2.34893426
v -0.12092296 0.25050067 2.34892071
v -0.12072330 0.26278266 2.39742920
v -0.11984450 0.25115077 2.34878526
v -0.11862186 0.27554681 2.43848757
v -0.15017680 0.25061824 2.34872706
v -0.14889939 0.27462936 2.43699001
v -0.15149238 0.26358652 2.39702645
v -0.15169556 0.25090876 2.34865129
v -0.15256521 0.26427143 2.39684952
v -0.15278505 0.25159654 2.34847140
v -0.11899843 0.25367970 2.34813532
v -0.11766074 0.27777542 2.43729541
v -0.11896175 0.26448318 2.39703661
v -0.11920309 0.25221092 2.34852389
v -0.11962951 0.26342620 2.39729608
v -0.14840575 0.33044066 2.37981470
v -0.14897082 0.31776137 2.33143955
v -0.15049097 0.31763603 2.33148611
v -0.14992507 0.33031024 2.37986126
v -0.15158399 0.31706646 2.33163764
v -0.15101594 0.32973696 2.38001258
v -0.12123219 0.31738730 2.33148230
v -0.12066567 0.32967437 2.37996158
v -0.11915108 0.32946760 2.38000687
v -0.11971835 0.31719185 2.33152463
v -0.11807546 0.32884432 2.38016433
v -0.11864412 0.31657434 2.33168209
v -0.15249447 0.31459012 2.33225393
v -0.15191679 0.32725840 2.38062824
v -0.15167954 0.32871988 2.38026803
v -0.15225106 0.31605154 2.33189330
v -0.11709485 0.34110462 2.43126095
v -0.11727724 0.34257630 2.43086920
v -0.11790278 0.34364243 2.43059026
v -0.11751789 0.30747297 2.43970852
v -0.11773842 0.30602271 2.44158723
v -0.11845969 0.30434211 2.44096110
v -0.14821628 0.34500650 2.43030878
v -0.14973782 0.34483867 2.43036296
v -0.15083563 0.34424005 2.43051894
v -0.12048321 0.34455179 2.43036720
v -0.11897146 0.34430116 2.43042265
v -0.11724257 0.32633640 2.38082655
v -0.11782171 0.31406938 2.33234113
v -0.11801172 0.31553297 2.33195404
v -0.11743883 0.32780115 2.38043777
v -0.15415333 0.24622816 2.30175147
v -0.15344387 0.25268066 2.34819034
v -0.15319768 0.26535291 2.39656889
v -0.15176076 0.34174006 2.43113777
v -0.15151040 0.34320730 2.43077778
v -0.15219073 0.30811090 2.43960016
v -0.15197713 0.30666657 2.44148755
v -0.15133079 0.30561832 2.44283463
v -0.15561799 -0.27998587 0.22581256
v -0.15703266 -0.30725386 0.22682501
v -0.19011154 -0.28289257 0.22699254
v -0.15760064 -0.23063530 0.42792394
v -0.15939888 -0.25781649 0.42895338
v -0.19216228 -0.23209372 0.42874742
v -0.15268107 -0.17928425 0.62949213
v -0.15452782 -0.20626812 0.63054125
v -0.18718085 -0.18153602 0.63051772
v -0.19310151 -0.23102695 0.49138591
v -0.14615486 -0.12403710 0.82998598
v -0.14764900 -0.15122894 0.83119156
v -0.18061728 -0.12769661 0.83143128
v -0.14146546 -0.06939695 1.03069738
v -0.17597578 -0.07241620 1.03198149
v -0.13797089 -0.01531338 1.23161409
v -0.13891162 -0.01867502 1.23310741
v -0.17090541 0.02473424 1.22414397
v -0.17244904 -0.01631251 1.23234926
v -0.13487234 0.03836252 1.43259032
v -0.14079932 0.03970042 1.27728429
v -0.17005864 0.03988661 1.27751878
v -0.16938495 0.03603234 1.43362566
v -0.13195618 0.08661790 1.63500993
v -0.13451554 0.05947922 1.63614739
v -0.16648996 0.08531523 1.63567135
v -0.12884968 0.14266630 1.83537167
v -0.12996826 0.11553734 1.83654119
v -0.16328793 0.13999148 1.83638444
v -0.12646710 0.19486842 2.03679701
v -0.12792105 0.16770229 2.03802652
v -0.16094503 0.19380367 2.03740129
v -0.16376653 0.13857892 1.89973657
v -0.11849329 0.25043789 2.23731388
v -0.15295729 0.24762297 2.23827447
v -0.11754014 0.30456201 2.43823054
v -0.15199462 0.30332438 2.43874381
v -0.15585802 -0.28024877 0.22681753
v -0.19067798 -0.28415713 0.28818526
v -0.19083378 -0.28227862 0.28712168
v -0.18999049 -0.28491358 0.28689938
v -0.15785680 -0.23077658 0.42889372
v -0.15861925 -0.23131578 0.43019668
v -0.19290947 -0.23123709 0.48936515
v -0.15288173 -0.17942048 0.63047896
v -0.18561219 -0.18066687 0.69112079
v -0.18580661 -0.17878557 0.69004834
v -0.18494875 -0.18145011 0.68982538
v -0.14636054 -0.12417503 0.83097333
v -0.14706924 -0.12482162 0.83229261
v -0.17971544 -0.12478171 0.89138662
v -0.14170185 -0.06945714 1.03167419
v -0.17592397 -0.07033367 1.09212202
v -0.17608237 -0.06850577 1.09110405
v -0.13897278 -0.01594508 1.23385608
v -0.17281669 -0.01228241 1.29143923
v -0.13508934 0.03826137 1.43355274
v -0.13580960 0.03770789 1.43483655
v -0.16866907 0.03677549 1.49413876
v -0.16884294 0.03864371 1.49307609
v -0.16801352 0.03601346 1.49287112
v -0.13217929 0.08656167 1.63598974
v -0.13295238 0.08595231 1.63726082
v -0.16629601 0.08647709 1.69619567
v -0.16644690 0.08832251 1.69512745
v -0.16564508 0.08569422 1.69494026
v -0.12906121 0.14255977 1.83635261
v -0.16348052 0.13837533 1.89773050
v -0.16275957 0.13770982 1.89642315
v -0.12667464 0.19472965 2.03775569
v -0.15797468 0.19546285 2.09785691
v -0.15821092 0.19732544 2.09677135
v -0.15733087 0.19469133 2.09659484
v -0.11868734 0.25034608 2.23829444
v -0.11941183 0.24969898 2.23958318
v -0.15387280 0.25037889 2.29857170
v -0.15406802 0.25223606 2.29747510
v -0.11776194 0.30447218 2.43918270
v -0.19010019 -0.28083413 0.22788138
v -0.19031157 -0.28245422 0.22544693
v -0.18941480 -0.28188390 0.22873029
v -0.15622827 -0.28334707 0.28979290
v -0.15715888 -0.28430036 0.28649239
v -0.19208894 -0.23000040 0.42957483
v -0.15641321 -0.28313387 0.28697090
v -0.19235322 -0.23196420 0.42724085
v -0.19142256 -0.23102488 0.43040879
v -0.15943702 -0.23258140 0.48799074
v -0.18708284 -0.17940667 0.63136468
v -0.15868956 -0.23143112 0.48847343
v -0.18744458 -0.18133470 0.62901882
v -0.18637181 -0.18040443 0.63218790
v -0.15114493 -0.17930722 0.69267007
v -0.15213871 -0.18042845 0.68941517
v -0.18056032 -0.12548131 0.83228469
v -0.15139277 -0.17920109 0.68987171
v -0.18087028 -0.12753688 0.82995881
v -0.17984182 -0.12645990 0.83309414
v -0.14628558 -0.12430307 0.88972501
v -0.17592894 -0.07017486 1.03284318
v -0.14554030 -0.12307120 0.89016399
v -0.17524670 -0.07114586 1.03365000
v -0.14147631 -0.06869878 1.09367948
v -0.14243674 -0.06978581 1.09043188
v -0.17244560 -0.01399928 1.23321384
v -0.17256286 -0.01332613 1.23363963
v -0.14168487 -0.06857950 1.09088266
v -0.17175078 -0.01497782 1.23402010
v -0.16928910 0.03820411 1.43449080
v -0.17202950 -0.02468090 1.29467317
v -0.13836445 -0.01367430 1.28921606
v -0.16962798 0.03623878 1.43214228
v -0.16859037 0.03719279 1.43530702
v -0.13418751 0.03742234 1.49594263
v -0.13520556 0.03646568 1.49264287
v -0.16640951 0.08756441 1.63655326
v -0.13444636 0.03761725 1.49311294
v -0.16669518 0.08561001 1.63420147
v -0.16573593 0.08654212 1.63737711
v -0.13180256 0.08760735 1.69790309
v -0.13282617 0.08649247 1.69464237
v -0.16328485 0.14218699 1.83725847
v -0.13205443 0.08769347 1.69509729
v -0.16352450 0.14022245 1.83490649
v -0.16255707 0.14121028 1.83807028
v -0.12908405 0.13979404 1.89935202
v -0.12994538 0.13889363 1.89602612
v -0.16087310 0.19599736 2.03823734
v -0.12923430 0.14004300 1.89649975
v -0.16015063 0.19496011 2.03907265
v -0.12345632 0.19554577 2.09988011
v -0.12452445 0.19445202 2.09659675
v -0.15290951 0.24989485 2.23910835
v -0.12377879 0.19563270 2.09706777
v -0.15320893 0.24785693 2.23680266
v -0.15219142 0.24889274 2.23994190
v -0.12038127 0.24951242 2.29734198
v -0.15197992 0.30554191 2.43954765
v -0.11964980 0.25069068 2.29780065
v -0.15222609 0.30343548 2.43726599
v -0.15126005 0.30453637 2.44038364
v 0.15460680 -0.29522999 0.15213796
v 0.15310916 -0.29715467 0.19003974
v 0.19089962 -0.29687992 0.07618959
v 0.15643680 -0.31475182 0.08151617
v 0.14396331 -0.24203238 0.36859888
v 0.18166087 -0.20949314 0.31577047
v 0.13571398 -0.19961299 0.54230807
v 0.17172373 -0.16237010 0.51856204
v 0.13762748 -0.19671760 0.49041159
v 0.13626584 -0.14962984 0.56855607
v 0.13347694 -0.12875818 0.81988100
v 0.13389886 -0.14485974 0.75176563
v 0.16886652 -0.15352865 0.73188682
v 0.16964809 -0.10687073 0.71914288
v 0.13603557 -0.14503031 0.66488102
v 0.16867095 -0.16694985 0.73599637
v 0.13076186 -0.10766952 0.96248123
v 0.13084412 -0.09402750 0.97229427
v 0.16431924 -0.06545716 1.02628000
v 0.13186002 -0.07908832 0.93042690
v 0.16543539 -0.10881904 0.96166394
v 0.12412522 -0.01504473 1.22884418
v 0.12611885 -0.02056807 1.17558699
v 0.15918004 0.01090331 1.22502386
v 0.12765045 0.00077840 1.12294999
v 0.11849412 0.00461283 1.38970921
v 0.11951893 0.00889573 1.34676484
v 0.15529960 0.05267479 1.32315988
v 0.12062399 0.05276008 1.32448315
v 0.15458877 -0.00336199 1.34001433
v 0.11627138 0.09617257 1.53836312
v 0.15082203 0.11181379 1.54889231
v 0.11845227 0.06890633 1.45538981
v 0.11538662 0.11863703 1.57418692
v 0.10841558 0.12013149 1.78020222
v 0.10947285 0.15789502 1.72756053
v 0.14340711 0.10388836 1.76677146
v 0.10070353 0.17099219 1.99188670
v 0.10174712 0.16036669 1.94048154
v 0.13536596 0.20125977 1.98203512
v 0.13619580 0.14770812 1.94470984
v 0.09928004 0.25424083 2.16292767
v 0.09940797 0.26269689 2.16936514
v 0.13374980 0.20795778 2.17001894
v 0.09187148 0.26818120 2.39744041
v 0.09279273 0.27640766 2.36895245
v 0.12558569 0.31224228 2.43648883
v 0.09293303 0.30337760 2.38515763
v 0.12655479 0.26821252 2.39539789
v 0.18945094 -0.31818098 0.15840032
v 0.14066679 -0.22564902 0.42421833
v 0.17756576 -0.25837867 0.38161509
v 0.17032634 -0.22242193 0.53557394
v 0.16992819 -0.17031744 0.68834074
v 0.12807542 -0.06275640 1.06748886
v 0.16683796 -0.11839732 0.88981543
v 0.16176717 -0.06342212 1.09048151
v 0.14956854 0.04478989 1.54102691
v 0.10756914 0.12454824 1.80232190
v 0.14438321 0.12757428 1.71036064
v 0.13836853 0.14557644 1.89518231
v 0.13456608 0.26095674 2.13007633
v 0.13000834 0.25345102 2.29925773
v 0.15447434 -0.27458790 0.22835270
v 0.15297562 -0.27441458 0.22819569
v 0.15310399 -0.27463067 0.22667622
v 0.15457629 -0.27480412 0.22683543
v 0.15195001 -0.27381106 0.22746607
v 0.15208385 -0.27405278 0.22597717
v 0.15319762 -0.27531112 0.22561073
v 0.15207900 -0.27477003 0.27884260
v 0.15074964 -0.27496379 0.28063770
v 0.15055607 -0.27461039 0.27909569
v 0.15118404 -0.27555413 0.28178676
v 0.14940695 -0.27421701 0.28122028
v 0.17982933 -0.27388723 0.27831390
v 0.18134116 -0.27365875 0.27850183
v 0.18123021 -0.27389908 0.28010193
v 0.17974542 -0.27412934 0.27991299
v 0.18240915 -0.27303142 0.27899424
v 0.18229257 -0.27323024 0.28058899
v 0.18112964 -0.27450387 0.28137396
v 0.18222046 -0.27406425 0.22757340
v 0.18357391 -0.27420626 0.22589921
v 0.18375731 -0.27382587 0.22733578
v 0.18387313 -0.27478736 0.22478683
v 0.18496261 -0.27347193 0.22506114
v 0.15459771 -0.29998911 0.22464006
v 0.15329280 -0.30141800 0.22441976
v 0.15278772 -0.30214214 0.22379788
v 0.15469279 -0.27807067 0.22482944
v 0.15336961 -0.27664873 0.22495131
v 0.15217540 -0.27594589 0.22440730
v 0.18243827 -0.27761613 0.22416494
v 0.18383673 -0.27624989 0.22412315
v 0.18446326 -0.27509003 0.22417010
v 0.18234118 -0.29939375 0.22469376
v 0.18367108 -0.30065709 0.22448386
v 0.18358047 -0.30211869 0.22384655
v 0.18487801 -0.30078882 0.22379104
v 0.14376326 -0.22466972 0.43082321
v 0.14226454 -0.22447369 0.43063281
v 0.14237973 -0.22461508 0.42909766
v 0.14384779 -0.22480943 0.42928893
v 0.14124031 -0.22382510 0.42987824
v 0.14136376 -0.22400612 0.42837737
v 0.14245740 -0.22525155 0.42801680
v 0.14076388 -0.22730975 0.48192580
v 0.13946378 -0.22750373 0.48373137
v 0.13924512 -0.22714086 0.48217559
v 0.13992197 -0.22809747 0.48488058
v 0.13814107 -0.22674937 0.48430362
v 0.16853156 -0.22642864 0.48095380
v 0.17005032 -0.22615454 0.48111369
v 0.16967372 -0.22650300 0.48252144
v 0.17113633 -0.22549828 0.48158549
v 0.16988450 -0.22701705 0.48400129
v 0.17152948 -0.22402237 0.42944504
v 0.17289001 -0.22405657 0.42771523
v 0.17306765 -0.22379818 0.42917242
v 0.17314318 -0.22458663 0.42657286
v 0.17425430 -0.22333316 0.42684582
v 0.14151598 -0.25166557 0.42605206
v 0.14375893 -0.23717031 0.42779441
v 0.14141438 -0.22587306 0.42679048
v 0.17310725 -0.22596611 0.42588603
v 0.17372645 -0.22488567 0.42594435
v 0.15054689 -0.23854580 0.42695638
v 0.17245910 -0.24991226 0.42620686
v 0.17297303 -0.25064657 0.42555176
v 0.16555418 -0.28034541 0.28380021
v 0.18048078 -0.28363741 0.28513143
v 0.18109236 -0.28369454 0.28588224
v 0.18080198 -0.27579218 0.28236421
v 0.18215741 -0.27468839 0.28278898
v 0.15063959 -0.28130836 0.28427320
v 0.14926887 -0.27568137 0.28334080
v 0.16542520 -0.27504516 0.28159637
v 0.14898391 -0.28440839 0.28607049
v 0.13981440 -0.17320637 0.63267785
v 0.13830473 -0.17303611 0.63248806
v 0.13835328 -0.17326526 0.63097632
v 0.13983251 -0.17343744 0.63116897
v 0.13724368 -0.17243871 0.63174071
v 0.13730193 -0.17270262 0.63026268
v 0.13838580 -0.17396658 0.62991575
v 0.13894552 -0.17226594 0.68282119
v 0.13763153 -0.17239240 0.68461137
v 0.13742468 -0.17208780 0.68307283
v 0.13810809 -0.17296021 0.68574837
v 0.13630808 -0.17162465 0.68518234
v 0.16668338 -0.17168849 0.68163766
v 0.16819583 -0.17141877 0.68178141
v 0.16811337 -0.17162935 0.68337495
v 0.16662720 -0.17189759 0.68322569
v 0.16926736 -0.17075295 0.68224273
v 0.16917789 -0.17092300 0.68383267
v 0.16803848 -0.17221328 0.68464145
v 0.16755434 -0.17271427 0.63115971
v 0.16874623 -0.17285287 0.62944660
v 0.16907872 -0.17244344 0.63083802
v 0.16830998 -0.17353791 0.62843422
v 0.17016127 -0.17208228 0.62851846
v 0.13931786 -0.19861914 0.62892750
v 0.13802165 -0.20001199 0.62871579
v 0.13742033 -0.20043879 0.62809092
v 0.13979638 -0.17672495 0.62916009
v 0.13856299 -0.17531856 0.62928586
v 0.13728876 -0.17466782 0.62871078
v 0.16754117 -0.17628101 0.62772502
v 0.16892860 -0.17493760 0.62762835
v 0.16959673 -0.17375084 0.62765415
v 0.16706342 -0.19806231 0.62818094
v 0.16840778 -0.19929614 0.62794723
v 0.16822849 -0.20074986 0.62732291
v 0.16954268 -0.19938247 0.62727106
v 0.15436250 -0.23289704 0.48668484
v 0.16929667 -0.23619357 0.48778609
v 0.16995496 -0.23647383 0.48864994
v 0.16953853 -0.22833462 0.48500053
v 0.16915112 -0.22717496 0.48392659
v 0.17094555 -0.22716966 0.48540414
v 0.13945865 -0.23375881 0.48733617
v 0.13861712 -0.22810506 0.48571904
v 0.13788308 -0.23694852 0.48916232
v 0.13719236 -0.11721240 0.83322038
v 0.13568262 -0.11696871 0.83301012
v 0.13574226 -0.11712259 0.83147891
v 0.13722287 -0.11736455 0.83169097
v 0.13461934 -0.11629318 0.83224028
v 0.13468744 -0.11648622 0.83074336
v 0.13578872 -0.11776737 0.83040463
v 0.13567776 -0.11876602 0.88404192
v 0.13439505 -0.11891121 0.88585212
v 0.13416170 -0.11853364 0.88428266
v 0.13491592 -0.11954845 0.88699561
v 0.13310072 -0.11812574 0.88641053
v 0.16341492 -0.11959178 0.88308992
v 0.16493300 -0.11937538 0.88323664
v 0.16457521 -0.11969574 0.88462664
v 0.16602040 -0.11874988 0.88370314
v 0.16484769 -0.12019660 0.88609821
v 0.16492806 -0.11741286 0.83181875
v 0.16617594 -0.11750788 0.83007473
v 0.16645176 -0.11720904 0.83149420
v 0.16643858 -0.11805572 0.82891025
v 0.16754193 -0.11679681 0.82915019
v 0.13704533 -0.14220812 0.82935178
v 0.13578120 -0.14352967 0.82913033
v 0.13518933 -0.14391612 0.82849114
v 0.13724090 -0.12051779 0.82965469
v 0.13600123 -0.11908251 0.82977555
v 0.13651443 -0.11786653 0.83049545
v 0.13470540 -0.11836065 0.82917358
v 0.16497669 -0.12078622 0.82831792
v 0.16635235 -0.11950854 0.82822986
v 0.16699927 -0.11838257 0.82826515
v 0.16478527 -0.14247218 0.82861036
v 0.16616725 -0.14376929 0.82837317
v 0.16600376 -0.14519985 0.82775242
v 0.16730129 -0.14389579 0.82771317
v 0.15257344 -0.17790759 0.68740950
v 0.16749503 -0.18137521 0.68837887
v 0.16819122 -0.18136573 0.68912928
v 0.16771410 -0.17350671 0.68562328
v 0.16730892 -0.17236803 0.68457301
v 0.16909468 -0.17234675 0.68602699
v 0.13769475 -0.17850725 0.68812771
v 0.13679946 -0.17294312 0.68658384
v 0.13609039 -0.18176690 0.68997983
v 0.13278920 -0.06431550 1.03462439
v 0.13128791 -0.06405011 1.03441180
v 0.13138702 -0.06423630 1.03288631
v 0.13285869 -0.06449754 1.03310070
v 0.13025038 -0.06336853 1.03363826
v 0.13035863 -0.06359323 1.03214832
v 0.13146059 -0.06490389 1.03182028
v 0.13082119 -0.06417421 1.08505414
v 0.12952148 -0.06426225 1.08683726
v 0.12930173 -0.06391294 1.08529498
v 0.12993941 -0.06485304 1.08798549
v 0.12816856 -0.06340667 1.08740153
v 0.15856806 -0.06458159 1.08380705
v 0.16008267 -0.06435812 1.08392811
v 0.15968447 -0.06469081 1.08534132
v 0.16115897 -0.06373096 1.08438261
v 0.15988086 -0.06520190 1.08678132
v 0.16053129 -0.06449817 1.03322715
v 0.16174875 -0.06457453 1.03148329
v 0.16206399 -0.06424535 1.03286588
v 0.16138159 -0.06518440 1.03043971
v 0.16321922 -0.06378495 1.03049531
v 0.13245569 -0.08946797 1.03084071
v 0.13119785 -0.09078927 1.03062776
v 0.13058956 -0.09117402 1.02998320
v 0.13291556 -0.06769837 1.03109087
v 0.13169055 -0.06624865 1.03120300
v 0.13218218 -0.06501317 1.03191203
v 0.13041411 -0.06550484 1.03059574
v 0.16065896 -0.06785252 1.02969828
v 0.16199077 -0.06656584 1.02960353
v 0.16269680 -0.06537982 1.02961267
v 0.16019980 -0.08949077 1.02980431
v 0.16152618 -0.09073730 1.02953962
v 0.16139476 -0.09213494 1.02890104
v 0.16271380 -0.09078603 1.02883681
v 0.14947664 -0.12520599 0.88875275
v 0.16446999 -0.12936552 0.88980160
v 0.16517256 -0.12966127 0.89067199
v 0.16454328 -0.12149295 0.88707549
v 0.16411571 -0.12032580 0.88602760
v 0.16593995 -0.12037676 0.88748682
v 0.13458065 -0.12511654 0.88938130
v 0.13362813 -0.11951362 0.88783029
v 0.13310349 -0.12836473 0.89122241
v 0.12726070 -0.00832746 1.23523343
v 0.12576073 -0.00808460 1.23503290
v 0.12588757 -0.00827529 1.23350646
v 0.12735849 -0.00851473 1.23370921
v 0.12472659 -0.00742371 1.23426561
v 0.12486189 -0.00765368 1.23277493
v 0.12598528 -0.00894685 1.23244223
v 0.12509074 -0.01035771 1.28635534
v 0.12375271 -0.01055290 1.28819738
v 0.12356650 -0.01014136 1.28661375
v 0.12423885 -0.01120636 1.28933908
v 0.12242778 -0.00978433 1.28876612
v 0.15282866 -0.01094604 1.28500932
v 0.15433773 -0.01076567 1.28511175
v 0.15399972 -0.01107803 1.28653213
v 0.15539808 -0.01017139 1.28555863
v 0.15416643 -0.01161466 1.28795332
v 0.15500348 -0.00910478 1.23403894
v 0.15637150 -0.00921893 1.23227618
v 0.15653750 -0.00898034 1.23369968
v 0.15664360 -0.00977433 1.23109547
v 0.15772477 -0.00858344 1.23134129
v 0.12723234 -0.03351699 1.23148287
v 0.12595023 -0.03483117 1.23127231
v 0.12537912 -0.03526487 1.23063274
v 0.12748539 -0.01172188 1.23171313
v 0.12620847 -0.01027812 1.23181863
v 0.12496037 -0.00957229 1.23123070
v 0.15522956 -0.01240804 1.23046753
v 0.15658804 -0.01119561 1.23039338
v 0.15723408 -0.01011437 1.23043330
v 0.15498198 -0.03406109 1.23042753
v 0.15634849 -0.03542085 1.23015136
v 0.15619421 -0.03682472 1.22952394
v 0.15750771 -0.03558240 1.22946807
v 0.14429793 -0.07036762 1.08957546
v 0.15915801 -0.07438826 1.09043703
v 0.15983786 -0.07441582 1.09118383
v 0.15953752 -0.06650061 1.08775519
v 0.15914956 -0.06533464 1.08672275
v 0.16091826 -0.06538865 1.08815031
v 0.12939630 -0.07034995 1.09033398
v 0.12862211 -0.06476428 1.08881247
v 0.12773992 -0.07356606 1.09216986
v 0.12173012 0.04154557 1.43752955
v 0.12022384 0.04180731 1.43733008
v 0.12027516 0.04156623 1.43581739
v 0.12175085 0.04130319 1.43601993
v 0.11917388 0.04246429 1.43656681
v 0.11923346 0.04218869 1.43508851
v 0.12030429 0.04085666 1.43476618
v 0.12012183 0.04124118 1.48823390
v 0.11883015 0.04115129 1.49004015
v 0.11860660 0.04151015 1.48848204
v 0.11926817 0.04054769 1.49118145
v 0.11750318 0.04200324 1.49060087
v 0.14786114 0.04054822 1.48681867
v 0.14937990 0.04074473 1.48691158
v 0.14902140 0.04046247 1.48832268
v 0.15046939 0.04136639 1.48734237
v 0.14920369 0.03997188 1.48973188
v 0.14946929 0.03990696 1.43658077
v 0.15070253 0.03963226 1.43487070
v 0.15099714 0.04001407 1.43625400
v 0.15095831 0.03899556 1.43371201
v 0.15209350 0.04024100 1.43394957
v 0.12110514 0.01604136 1.43393941
v 0.11981011 0.01478627 1.43372815
v 0.11922741 0.01433863 1.43308434
v 0.12169399 0.03800271 1.43406619
v 0.12044662 0.03950975 1.43415642
v 0.11920641 0.04021595 1.43356725
v 0.14943392 0.03625177 1.43309730
v 0.15080108 0.03745589 1.43302869
v 0.15151255 0.03821201 1.43301064
v 0.14884591 0.01426925 1.43305423
v 0.15014267 0.01287864 1.43277962
v 0.15003235 0.01146041 1.43213763
v 0.15134459 0.01271606 1.43205964
v 0.13875204 -0.01675610 1.29083060
v 0.15376721 -0.02077742 1.29155309
v 0.15440031 -0.02084870 1.29228554
v 0.15389666 -0.01289753 1.28892728
v 0.15343861 -0.01173168 1.28790644
v 0.15521292 -0.01182500 1.28929850
v 0.12386644 -0.01665793 1.29164521
v 0.12292363 -0.01119174 1.29019177
v 0.12230295 -0.02007614 1.29354969
v 0.11553711 0.09511776 1.63900218
v 0.11403777 0.09533130 1.63882663
v 0.11414179 0.09512045 1.63730272
v 0.11561201 0.09490696 1.63748082
v 0.11300647 0.09596397 1.63807425
v 0.11311826 0.09571781 1.63658474
v 0.11421399 0.09443816 1.63624305
v 0.11366251 0.09525598 1.68967796
v 0.11230780 0.09505189 1.69152665
v 0.11214652 0.09540646 1.68995288
v 0.11208148 0.09453109 1.69278694
v 0.11104733 0.09575908 1.69210197
v 0.14142818 0.09564283 1.68781511
v 0.14294909 0.09583757 1.68790379
v 0.14286441 0.09560355 1.68948780
v 0.14137069 0.09541056 1.68939436
v 0.14403996 0.09644516 1.68833596
v 0.14395119 0.09624897 1.68991891
v 0.14277710 0.09499776 1.69073711
v 0.14328198 0.09535749 1.63744526
v 0.14456114 0.09524446 1.63570703
v 0.14481661 0.09558807 1.63709997
v 0.14487355 0.09467866 1.63452570
v 0.14598245 0.09598130 1.63476538
v 0.11478126 0.06989312 1.63535914
v 0.11346214 0.06858024 1.63516968
v 0.11285622 0.06813489 1.63452867
v 0.11565224 0.09167693 1.63551226
v 0.11440662 0.09309963 1.63562581
v 0.11316334 0.09378845 1.63505141
v 0.14339848 0.09187844 1.63391174
v 0.14476509 0.09318882 1.63383291
v 0.14545085 0.09434997 1.63386454
v 0.14254340 0.06998598 1.63376581
v 0.14383605 0.06869831 1.63345310
v 0.14365021 0.06724229 1.63280529
v 0.14501363 0.06857318 1.63272138
v 0.13363695 0.03492959 1.49263162
v 0.14853830 0.03080863 1.49330928
v 0.14920700 0.03077706 1.49402672
v 0.14888687 0.03869718 1.49070336
v 0.14847034 0.03984911 1.48968907
v 0.15025849 0.03980156 1.49105706
v 0.11872010 0.03512075 1.49349678
v 0.11796224 0.04063142 1.49201911
v 0.11711696 0.03181007 1.49535872
v 0.10967989 0.14472370 1.84151322
v 0.10816800 0.14491216 1.84132973
v 0.10824913 0.14475396 1.83979366
v 0.10973121 0.14456555 1.83997969
v 0.10709730 0.14554295 1.84056508
v 0.10718947 0.14534988 1.83906456
v 0.10832618 0.14411280 1.83872425
v 0.10747110 0.14361905 1.89245365
v 0.10608960 0.14352304 1.89424978
v 0.10594193 0.14384169 1.89269259
v 0.10654042 0.14293355 1.89538559
v 0.10474912 0.14432899 1.89479248
v 0.13522761 0.14330550 1.89072097
v 0.13673396 0.14352757 1.89079673
v 0.13633336 0.14320377 1.89222474
v 0.13778323 0.14416031 1.89122065
v 0.13648777 0.14269286 1.89362486
v 0.13741012 0.14519946 1.83971197
v 0.13869946 0.14512850 1.83794544
v 0.13893027 0.14541877 1.83936213
v 0.13897118 0.14457671 1.83677145
v 0.14003702 0.14584623 1.83701061
v 0.10993364 0.11980729 1.83775854
v 0.10869688 0.11847803 1.83756864
v 0.10810714 0.11805863 1.83692341
v 0.10984841 0.14142816 1.83799198
v 0.10856566 0.14282450 1.83811062
v 0.10727692 0.14348693 1.83751388
v 0.13758550 0.14183319 1.83616722
v 0.13892361 0.14314323 1.83607897
v 0.13954988 0.14425624 1.83610860
v 0.13767504 0.12011036 1.83598500
v 0.13906225 0.11881503 1.83565448
v 0.13893512 0.11740021 1.83500490
v 0.14021463 0.11869269 1.83493295
v 0.12715276 0.08938725 1.69384069
v 0.14205580 0.08580279 1.69423475
v 0.14269974 0.08573004 1.69495690
v 0.14246627 0.09370942 1.69170969
v 0.14383323 0.09477871 1.69206863
v 0.11218659 0.08891668 1.69500350
v 0.11150414 0.09439981 1.69351852
v 0.11058421 0.08550535 1.69686977
v 0.10328723 0.19516900 2.04361675
v 0.10177532 0.19538127 2.04340681
v 0.10182048 0.19523683 2.04186883
v 0.10330241 0.19502609 2.04207898
v 0.10070872 0.19603412 2.04262226
v 0.10076428 0.19585264 2.04112005
v 0.10185508 0.19460609 2.04079772
v 0.10376907 0.19508656 2.09426512
v 0.10250385 0.19504624 2.09603489
v 0.10225176 0.19535752 2.09447232
v 0.10300879 0.19446191 2.09717875
v 0.10118925 0.19590307 2.09654299
v 0.13150768 0.19429943 2.09268333
v 0.13302430 0.19451741 2.09275211
v 0.13269099 0.19420949 2.09417236
v 0.13410900 0.19515191 2.09316947
v 0.13294191 0.19372324 2.09556458
v 0.13103271 0.19506492 2.04196957
v 0.13227819 0.19495769 2.04020587
v 0.13255563 0.19525720 2.04162015
v 0.13251679 0.19440212 2.03903477
v 0.13363263 0.19565661 2.03926884
v 0.10308951 0.17035820 2.03989720
v 0.10184551 0.16905303 2.03969143
v 0.10122890 0.16864128 2.03902816
v 0.10328723 0.19191367 2.04008259
v 0.10205167 0.19332651 2.04019021
v 0.10258148 0.19452175 2.04088788
v 0.10075929 0.19400456 2.03956620
v 0.13103340 0.19167918 2.03844070
v 0.13239713 0.19296262 2.03835256
v 0.13307225 0.19407363 2.03837266
v 0.13083090 0.16996286 2.03821573
v 0.13217465 0.16866218 2.03788176
v 0.13205146 0.16725594 2.03721277
v 0.13333991 0.16854101 2.03713743
v 0.12098891 0.13746968 1.89664987
v 0.13593990 0.13346959 1.89707128
v 0.13658221 0.13343358 1.89778685
v 0.13618260 0.14139029 1.89459433
v 0.13576129 0.14256093 1.89358931
v 0.13749889 0.14251170 1.89494189
v 0.10601690 0.13748597 1.89773006
v 0.10520371 0.14299522 1.89621067
v 0.10446340 0.13417969 1.89955858
v 0.10215197 0.25405234 2.24334569
v 0.10064638 0.25425753 2.24312368
v 0.10072745 0.25401896 2.24161131
v 0.10220460 0.25381790 2.24183374
v 0.09959427 0.25487260 2.24233766
v 0.09968173 0.25459498 2.24086211
v 0.10078786 0.25330960 2.24056095
v 0.09905064 0.25253627 2.29439152
v 0.09772879 0.25236499 2.29619908
v 0.09752827 0.25277706 2.29459067
v 0.09818928 0.25173320 2.29735224
v 0.09639524 0.25317081 2.29669267
v 0.12679183 0.25229378 2.29274158
v 0.12830379 0.25252441 2.29280126
v 0.12793343 0.25218275 2.29423318
v 0.12937317 0.25315674 2.29321565
v 0.12812210 0.25165828 2.29563236
v 0.12989260 0.25361023 2.24183607
v 0.13116412 0.25346033 2.24009001
v 0.13142107 0.25378652 2.24148602
v 0.13144327 0.25288124 2.23891397
v 0.13254315 0.25414287 2.23913979
v 0.10164911 0.22856858 2.23986423
v 0.10039096 0.22720003 2.23966507
v 0.09977065 0.22672545 2.23901043
v 0.10224205 0.25052512 2.23988455
v 0.10101450 0.25194577 2.23996881
v 0.10151221 0.25323012 2.24065703
v 0.09971848 0.25261076 2.23934381
v 0.12998268 0.25013856 2.23833810
v 0.13133227 0.25142894 2.23825078
v 0.13201155 0.25253801 2.23825451
v 0.12938898 0.22827181 2.23813768
v 0.13071452 0.22696109 2.23780176
v 0.13057015 0.22550596 2.23713705
v 0.13189112 0.22680240 2.23705642
v 0.11756790 0.18875515 2.09852377
v 0.13258779 0.18449599 2.09896908
v 0.13328500 0.18447242 2.09967435
v 0.13268018 0.19242349 2.09653032
v 0.13221026 0.19359456 2.09553189
v 0.13403486 0.19355149 2.09686913
v 0.10260653 0.18905051 2.09954105
v 0.10171992 0.19456366 2.09797790
v 0.10118925 0.18577821 2.10134444
v 0.08982087 0.35452480 2.48142593
v 0.09002546 0.35491368 2.48288836
v 0.09025986 0.35623431 2.48233979
v 0.09005666 0.35597564 2.48094848
v 0.09066687 0.35520749 2.48392010
v 0.09078962 0.35631775 2.48344179
v 0.09081660 0.35722716 2.48177958
v 0.08911766 0.30749329 2.49505675
v 0.08934298 0.30598393 2.49553823
v 0.08955942 0.30605303 2.49694817
v 0.08933535 0.30742334 2.49664997
v 0.09000049 0.30492145 2.49587071
v 0.09010784 0.30501044 2.49703917
v 0.09009966 0.30624652 2.49799197
v 0.12107394 0.35823726 2.47963018
v 0.12258860 0.35804636 2.47966002
v 0.12103870 0.35809234 2.48239058
v 0.12354293 0.35764801 2.48100562
v 0.09333206 0.35792636 2.48025726
v 0.09181253 0.35767785 2.48036393
v 0.09190476 0.35782869 2.48179249
v 0.11652840 0.35958943 2.48223550
v 0.09072103 0.35702764 2.48059546
v 0.09210519 0.35759309 2.48300307
v 0.12378912 0.30768413 2.49325295
v 0.12357413 0.30762514 2.49485209
v 0.12336533 0.30624086 2.49514627
v 0.12358038 0.30616181 2.49372618
v 0.12292419 0.30758090 2.49602923
v 0.12282439 0.30642753 2.49623410
v 0.12283209 0.30517298 2.49526627
v 0.12449787 0.35495252 2.48053578
v 0.12430016 0.35640616 2.48011441
v 0.12406922 0.35667357 2.48150868
v 0.12426826 0.35535342 2.48200519
v 0.12366359 0.35743706 2.47982213
v 0.12351588 0.35674553 2.48262952
v 0.09404705 0.30452510 2.44534658
v 0.09254008 0.30472193 2.44509748
v 0.09263557 0.30452616 2.44357579
v 0.09411293 0.30433251 2.44382383
v 0.09148804 0.30534631 2.44429050
v 0.09159131 0.30511118 2.44280479
v 0.09271338 0.30385193 2.44251739
v 0.09260873 0.30412987 2.49608108
v 0.09154460 0.30439276 2.49751644
v 0.09108997 0.30430399 2.49605272
v 0.09260457 0.30492817 2.49845990
v 0.09075248 0.30500849 2.49769356
v 0.12034451 0.30420346 2.49453083
v 0.12185981 0.30441934 2.49436406
v 0.12175855 0.30462563 2.49572066
v 0.12034513 0.30440680 2.49598944
v 0.12293743 0.30507272 2.49409633
v 0.12154628 0.30514208 2.49668341
v 0.12178977 0.30446701 2.44392669
v 0.12305027 0.30439296 2.44216482
v 0.12331753 0.30468791 2.44355844
v 0.12263788 0.30377987 2.44113306
v 0.12445488 0.30513849 2.44118068
v 0.09448811 0.27937235 2.44184311
v 0.09331194 0.27801739 2.44162582
v 0.09264409 0.27758484 2.44093973
v 0.09421411 0.30112063 2.44185538
v 0.09297688 0.30252808 2.44193320
v 0.09343774 0.30377619 2.44262606
v 0.09166558 0.30318860 2.44127253
v 0.12195689 0.30113592 2.44040417
v 0.12325870 0.30243550 2.44031171
v 0.12394963 0.30355918 2.44029751
v 0.12222806 0.27940272 2.44011571
v 0.12355943 0.27814435 2.43976724
v 0.12347204 0.27669554 2.43907127
v 0.12475231 0.27801638 2.43898238
v 0.11267544 0.24631462 2.29866329
v 0.12766480 0.24239427 2.29900814
v 0.12833110 0.24235778 2.29971101
v 0.12784208 0.25033542 2.29660540
v 0.12739281 0.25151916 2.29560484
v 0.12917260 0.25147252 2.29693542
v 0.09769355 0.24630572 2.29973721
v 0.09687753 0.25177503 2.29815414
v 0.09623296 0.24293130 2.30156142
v 0.09326062 0.35550109 2.48469702
v 0.09228119 0.35680503 2.48396912
v 0.09174533 0.35540432 2.48452369
v 0.09329738 0.35775626 2.48304434
v 0.12100187 0.35582791 2.48397428
v 0.12252071 0.35578934 2.48372560
v 0.12203884 0.35726134 2.48316810
v 0.12360944 0.35563183 2.48306825
v 0.12223007 0.35797488 2.48228984
v 0.12032364 0.30754281 2.49711198
v 0.12133219 0.30611819 2.49712018
v 0.12184039 0.30755270 2.49678140
v 0.12034104 0.30503108 2.49690669
v 0.12218533 0.30578480 2.49645875
v 0.09258647 0.30742175 2.49862668
v 0.09106972 0.30739106 2.49843705
v 0.09118006 0.30604160 2.49859874
v 0.09259625 0.30596356 2.49881969
v 0.08998585 0.30739027 2.49777758
v 0.09139712 0.30500653 2.49834795
v 0.15475798 -0.30440590 0.22136857
v 0.15356558 -0.30371015 0.22280351
v 0.15324123 -0.30423523 0.22141899
v 0.15462761 -0.30282227 0.22385200
v 0.15220660 -0.30316456 0.22257456
v 0.18249862 -0.30378744 0.22147713
v 0.18401667 -0.30354809 0.22147545
v 0.18347770 -0.30299526 0.22298147
v 0.18510270 -0.30287126 0.22143985
v 0.15130776 -0.30096646 0.22134302
v 0.15151518 -0.30251718 0.22140815
v 0.15156839 -0.30163256 0.22290672
v 0.15216007 -0.30360583 0.22143414
v 0.15214690 -0.30150505 0.22380555
v 0.18598553 -0.30020410 0.22127077
v 0.18559634 -0.30088297 0.22278478
v 0.18575867 -0.30175610 0.22137079
v 0.14351776 -0.25379373 0.42356772
v 0.14236694 -0.25319188 0.42503590
v 0.14200239 -0.25361521 0.42362037
v 0.14334855 -0.25236134 0.42610244
v 0.14095251 -0.25260626 0.42479745
v 0.17127088 -0.25278403 0.42313992
v 0.17279102 -0.25254395 0.42315169
v 0.17228429 -0.25209229 0.42466428
v 0.17388391 -0.25187835 0.42312770
v 0.17231868 -0.25129743 0.42557178
v 0.17903459 -0.28495513 0.28888196
v 0.18016857 -0.28499038 0.28736610
v 0.18056028 -0.28472143 0.28883299
v 0.17918300 -0.28475414 0.28609843
v 0.18161849 -0.28426861 0.28746032
v 0.15127932 -0.28589325 0.28900915
v 0.15014329 -0.28601567 0.28773451
v 0.14870992 -0.28513414 0.28888405
v 0.15023290 -0.28561789 0.28637160
v 0.14009534 -0.25035687 0.42357299
v 0.14029091 -0.25189443 0.42362240
v 0.14031293 -0.25106511 0.42516199
v 0.14092678 -0.25298075 0.42363775
v 0.14088039 -0.25102706 0.42606369
v 0.14794298 -0.28265857 0.28820630
v 0.14827764 -0.28401508 0.28703694
v 0.14810109 -0.28411127 0.28861286
v 0.17478968 -0.24926198 0.42297008
v 0.17435814 -0.25006096 0.42450311
v 0.17454974 -0.25078528 0.42306738
v 0.18239820 -0.28305405 0.28698415
v 0.18166988 -0.28408205 0.28864952
v 0.18172877 -0.28334171 0.28580978
v 0.13927834 -0.20299159 0.62558593
v 0.13820386 -0.20231283 0.62705207
v 0.13776512 -0.20280676 0.62564842
v 0.13927701 -0.20144409 0.62809481
v 0.13679491 -0.20174400 0.62682540
v 0.16702181 -0.20244247 0.62494483
v 0.16854266 -0.20216425 0.62494647
v 0.16805554 -0.20164080 0.62644751
v 0.16963838 -0.20145739 0.62491573
v 0.16803778 -0.23752974 0.49153516
v 0.16904117 -0.23755205 0.49000745
v 0.16955932 -0.23724547 0.49148411
v 0.16809943 -0.23731764 0.48875502
v 0.17056906 -0.23675284 0.49010999
v 0.14029161 -0.23847789 0.49209357
v 0.13877770 -0.23830665 0.49209733
v 0.13932901 -0.23855800 0.49050066
v 0.13770479 -0.23770513 0.49196844
v 0.13915982 -0.23816899 0.48945491
v 0.13587541 -0.19951718 0.62563995
v 0.13606266 -0.20107097 0.62567731
v 0.13618921 -0.20018790 0.62719886
v 0.13669305 -0.20216741 0.62567958
v 0.13680885 -0.20009870 0.62808401
v 0.13688723 -0.23521708 0.49131315
v 0.13719324 -0.23654294 0.49013196
v 0.13707446 -0.23667441 0.49170728
v 0.17055657 -0.19876767 0.62474779
v 0.17021730 -0.19946634 0.62626202
v 0.17030962 -0.20032420 0.62484975
v 0.17131459 -0.23552270 0.48963844
v 0.17065505 -0.23656742 0.49130035
v 0.17061829 -0.23581881 0.48846190
v 0.13712786 -0.14647906 0.82596572
v 0.13604546 -0.14579197 0.82744784
v 0.13561250 -0.14623068 0.82602487
v 0.13705637 -0.14499349 0.82849554
v 0.13460561 -0.14515643 0.82720957
v 0.16486572 -0.14682807 0.82536281
v 0.16638373 -0.14661553 0.82537334
v 0.16589558 -0.14607195 0.82686247
v 0.16747119 -0.14595872 0.82535165
v 0.16620549 -0.18262334 0.69211331
v 0.16772918 -0.18235322 0.69206034
v 0.16629641 -0.18247695 0.68935020
v 0.16875555 -0.18189873 0.69069659
v 0.13845654 -0.18320373 0.69284616
v 0.13694478 -0.18303437 0.69286462
v 0.13709527 -0.18321322 0.69144722
v 0.16222352 -0.18406461 0.68971242
v 0.13587957 -0.18243712 0.69275203
v 0.13602104 -0.18266019 0.69157114
v 0.13735527 -0.18298597 0.69025057
v 0.13368457 -0.14287378 0.82602635
v 0.13388923 -0.14442925 0.82605688
v 0.13397507 -0.14358862 0.82759362
v 0.13453210 -0.14554817 0.82605598
v 0.13457433 -0.14355124 0.82848454
v 0.13507990 -0.17995213 0.69212278
v 0.13540308 -0.18135636 0.69095262
v 0.13525819 -0.18141029 0.69250553
v 0.16835811 -0.14331318 0.82519572
v 0.16799980 -0.14400657 0.82670207
v 0.16812932 -0.14485782 0.82529376
v 0.16950397 -0.18067203 0.69019273
v 0.16883038 -0.18168673 0.69187897
v 0.16882351 -0.18099531 0.68905729
v 0.13253684 -0.09379622 1.02745237
v 0.13148318 -0.09310414 1.02892697
v 0.13102431 -0.09353517 1.02751787
v 0.13243837 -0.09227705 1.02997849
v 0.13001189 -0.09242909 1.02870411
v 0.16028031 -0.09374077 1.02652042
v 0.16180254 -0.09346837 1.02649481
v 0.16120895 -0.09299626 1.02803441
v 0.16290174 -0.09276946 1.02645047
v 0.16332200 -0.13059849 0.89353917
v 0.16483937 -0.13038018 0.89349139
v 0.16333025 -0.13043132 0.89077109
v 0.16581921 -0.12994699 0.89212828
v 0.13558553 -0.13001422 0.89412276
v 0.13406947 -0.12978454 0.89413588
v 0.13418257 -0.12990463 0.89270192
v 0.15968630 -0.13177664 0.89091715
v 0.13298692 -0.12914380 0.89401943
v 0.13309919 -0.12931722 0.89282536
v 0.13440235 -0.12963708 0.89149526
v 0.12915263 -0.09013640 1.02753406
v 0.12933141 -0.09170179 1.02756009
v 0.12939976 -0.09083866 1.02909366
v 0.12995564 -0.09283573 1.02755375
v 0.12998067 -0.09079947 1.02997902
v 0.13212282 -0.12662187 0.89339409
v 0.13242982 -0.12795016 0.89220055
v 0.13233780 -0.12808963 0.89377366
v 0.16383311 -0.09009908 1.02628539
v 0.16343304 -0.09083459 1.02780632
v 0.16357790 -0.09164555 1.02638201
v 0.16654032 -0.12874695 0.89166908
v 0.16592324 -0.12974825 0.89331499
v 0.16582344 -0.12903229 0.89048876
v 0.12733428 -0.03787500 1.22807697
v 0.12619845 -0.03716249 1.22955846
v 0.12582169 -0.03763434 1.22815559
v 0.12542127 -0.03638919 1.22995960
v 0.15508316 -0.03837495 1.22714914
v 0.15634228 -0.03782661 1.22835212
v 0.15770397 -0.03761273 1.22708882
v 0.15781008 -0.07567088 1.09420212
v 0.15881254 -0.07574898 1.09266831
v 0.15933500 -0.07543967 1.09412710
v 0.15793074 -0.07547745 1.09142701
v 0.16037740 -0.07498835 1.09274626
v 0.13006458 -0.07518300 1.09503418
v 0.12855476 -0.07491396 1.09504688
v 0.12916664 -0.07525799 1.09345889
v 0.12749379 -0.07424375 1.09493259
v 0.12899175 -0.07487073 1.09243769
v 0.12413750 -0.03518752 1.22956043
v 0.12475169 -0.03695146 1.22820374
v 0.12476903 -0.03490124 1.23063589
v 0.12672470 -0.07169689 1.09431768
v 0.12704119 -0.07310413 1.09313839
v 0.12688344 -0.07317138 1.09469058
v 0.15863187 -0.03500944 1.22693380
v 0.15823072 -0.03569999 1.22844622
v 0.15837874 -0.03654128 1.22702576
v 0.16113955 -0.07378368 1.09223956
v 0.16044259 -0.07479798 1.09393366
v 0.16047310 -0.07406124 1.09110447
v 0.12113996 0.01157120 1.43055213
v 0.12004534 0.01236207 1.43201534
v 0.11962674 0.01188996 1.43062176
v 0.12108164 0.01317450 1.43306566
v 0.11863012 0.01305781 1.43181001
v 0.14887989 0.00986976 1.42978103
v 0.15040073 0.01002576 1.42974145
v 0.14985652 0.01058486 1.43127547
v 0.15149576 0.01064266 1.42968314
v 0.15241250 -0.02206571 1.29533920
v 0.15393265 -0.02185534 1.29522915
v 0.15251729 -0.02187388 1.29256620
v 0.15496187 -0.02142725 1.29383149
v 0.12467056 -0.02178732 1.29641274
v 0.12315658 -0.02155592 1.29644565
v 0.12331678 -0.02164505 1.29500407
v 0.14841281 -0.02328999 1.29273509
v 0.12208435 -0.02091135 1.29634904
v 0.12223492 -0.02106021 1.29514756
v 0.12358106 -0.02135214 1.29379498
v 0.11773696 0.01536570 1.43066769
v 0.11792351 0.01378614 1.43068314
v 0.11801148 0.01472014 1.43222163
v 0.11855390 0.01262725 1.43066705
v 0.11861624 0.01473081 1.43308640
v 0.12125646 -0.01838102 1.29575761
v 0.12145133 -0.01985308 1.29612068
v 0.15241250 0.01325746 1.42951161
v 0.15203576 0.01254406 1.43101987
v 0.15216561 0.01171967 1.42960547
v 0.15558006 -0.01684316 1.29271957
v 0.15502706 -0.02123145 1.29501455
v 0.15575433 -0.01443227 1.29084055
v 0.11471885 0.06554587 1.63193217
v 0.11363332 0.06624337 1.63344604
v 0.11321320 0.06577846 1.63203905
v 0.11467169 0.06707327 1.63446803
v 0.11223613 0.06686269 1.63325576
v 0.14248091 0.06556307 1.63046361
v 0.14401222 0.06579590 1.63040552
v 0.14348616 0.06635069 1.63192735
v 0.14513570 0.06647068 1.63033811
v 0.14722444 0.02962673 1.49705448
v 0.14874812 0.02983683 1.49694929
v 0.14730495 0.02974360 1.49430508
v 0.14977173 0.03023492 1.49555692
v 0.11948520 0.03014000 1.49819066
v 0.11797476 0.03041093 1.49822336
v 0.11811907 0.03025990 1.49679723
v 0.14255382 0.02820644 1.49449298
v 0.11691308 0.03108362 1.49812706
v 0.11704831 0.03088296 1.49693829
v 0.11837484 0.03049894 1.49560168
v 0.11145317 0.06913286 1.63212254
v 0.11158216 0.06757062 1.63213355
v 0.11168168 0.06841374 1.63366769
v 0.11216809 0.06645272 1.63210625
v 0.11225971 0.06849384 1.63454189
v 0.11613422 0.03363660 1.49753998
v 0.11643175 0.03226225 1.49634333
v 0.11629927 0.03215907 1.49790167
v 0.14615513 0.06914791 1.63017716
v 0.14574229 0.06849942 1.63168013
v 0.14585062 0.06758829 1.63026192
v 0.15052989 0.03143115 1.49504248
v 0.14985280 0.03045982 1.49673141
v 0.14984039 0.03112100 1.49393355
v 0.11009668 0.11560438 1.83431284
v 0.10898044 0.11623213 1.83583572
v 0.10857786 0.11580742 1.83441612
v 0.10816796 0.11696910 1.83624267
v 0.13783370 0.11585213 1.83263032
v 0.13907574 0.11640518 1.83380223
v 0.14042684 0.11669675 1.83251878
v 0.14071256 0.08449563 1.69799378
v 0.14223895 0.08469269 1.69789082
v 0.14078745 0.08470705 1.69522459
v 0.14326186 0.08513097 1.69649326
v 0.11295244 0.08396825 1.69966435
v 0.11144207 0.08412560 1.69973716
v 0.11157931 0.08401253 1.69829992
v 0.13682548 0.08328916 1.69561560
v 0.11038164 0.08471515 1.69966266
v 0.11051209 0.08454846 1.69846436
v 0.11183452 0.08429319 1.69708818
v 0.10660139 0.11910137 1.83448618
v 0.10682834 0.11814970 1.83582879
v 0.10748768 0.11645784 1.83447792
v 0.10748705 0.11840476 1.83693442
v 0.10961526 0.08720106 1.69907981
v 0.10990311 0.08587893 1.69787010
v 0.10977213 0.08574041 1.69944298
v 0.14127846 0.11932904 1.83237783
v 0.14091862 0.11859404 1.83388594
v 0.14106964 0.11778820 1.83245254
v 0.14401843 0.08632316 1.69596483
v 0.14334855 0.08530692 1.69768045
v 0.14333675 0.08607006 1.69486682
v 0.10315962 0.16620298 2.03643415
v 0.10205363 0.16682988 2.03795032
v 0.10164148 0.16641954 2.03651627
v 0.10310400 0.16760366 2.03900091
v 0.10063737 0.16743229 2.03772896
v 0.13089955 0.16574293 2.03483247
v 0.13241547 0.16593854 2.03476961
v 0.13192536 0.16642423 2.03631269
v 0.13349733 0.16658055 2.03470548
v 0.13450991 0.13220674 1.90082291
v 0.13603353 0.13243076 1.90070546
v 0.13468953 0.13237277 1.89807203
v 0.13710012 0.13286806 1.89930716
v 0.10674917 0.13264150 1.90237888
v 0.10534529 0.13267581 1.90134806
v 0.13062804 0.13088510 1.89869096
v 0.10416866 0.13352255 1.90231243
v 0.10573042 0.13290425 1.89980916
v 0.09968519 0.16971958 2.03656283
v 0.09990288 0.16817668 2.03657891
v 0.09999243 0.16900124 2.03814475
v 0.10055623 0.16707684 2.03656346
v 0.10061101 0.16899217 2.03903033
v 0.10336413 0.13604915 1.90170714
v 0.10373982 0.13462063 1.90053101
v 0.10354521 0.13457889 1.90207730
v 0.13436212 0.16920910 2.03457490
v 0.13401837 0.16843860 2.03608476
v 0.13414583 0.16767017 2.03464051
v 0.13784315 0.13408258 1.89875941
v 0.13713410 0.13306985 1.90048620
v 0.13721303 0.13378794 1.89769193
v 0.10169065 0.22407046 2.23649579
v 0.10056517 0.22480177 2.23796104
v 0.10017883 0.22426649 2.23656859
v 0.10161797 0.22569601 2.23900159
v 0.09917894 0.22537802 2.23774276
v 0.12943143 0.22388406 2.23479019
v 0.13095365 0.22407835 2.23471950
v 0.13046549 0.22464172 2.23624905
v 0.13205277 0.22472612 2.23465051
v 0.13140651 0.18329113 2.10270274
v 0.13292388 0.18350198 2.10257851
v 0.13141337 0.18342457 2.09996392
v 0.13390227 0.18391684 2.10118212
v 0.10367135 0.18419245 2.10420411
v 0.10215467 0.18446118 2.10421321
v 0.10226563 0.18426356 2.10280306
v 0.12738598 0.18198248 2.10057402
v 0.10107282 0.18513207 2.10409088
v 0.10118308 0.18489213 2.10291671
v 0.10248617 0.18446933 2.10162000
v 0.09830846 0.22760303 2.23657981
v 0.09848752 0.22603272 2.23660880
v 0.09857114 0.22698449 2.23813564
v 0.09911084 0.22492019 2.23660457
v 0.09916223 0.22707367 2.23900646
v 0.10021156 0.18768169 2.10346972
v 0.10051532 0.18626401 2.10229973
v 0.10042515 0.18620593 2.10384348
v 0.13298414 0.22738319 2.23451591
v 0.13260012 0.22668586 2.23600665
v 0.13272970 0.22582791 2.23458215
v 0.13462969 0.18512260 2.10072029
v 0.13400851 0.18413192 2.10235714
v 0.13390858 0.18482224 2.09957726
v 0.09457127 0.27504597 2.43842429
v 0.09353204 0.27570902 2.43990206
v 0.09305389 0.27525396 2.43846641
v 0.09452619 0.27655676 2.44096248
v 0.09205532 0.27631020 2.43964058
v 0.12231197 0.27511332 2.43671975
v 0.12382795 0.27534174 2.43662642
v 0.12331905 0.27584648 2.43819172
v 0.12490981 0.27601422 2.43654515
v 0.12637996 0.24106279 2.30277390
v 0.12789872 0.24131242 2.30263083
v 0.12704745 0.24135168 2.30002164
v 0.12890984 0.24178083 2.30121751
v 0.09864009 0.24123946 2.30447802
v 0.09712542 0.24148834 2.30447442
v 0.09726967 0.24136819 2.30304565
v 0.12210450 0.23968316 2.30054860
v 0.09604779 0.24214490 2.30434426
v 0.09618573 0.24197083 2.30315379
v 0.09751864 0.24163813 2.30184777
v 0.09109192 0.27856976 2.43845667
v 0.09131391 0.27701506 2.43848249
v 0.09141144 0.27787768 2.44002694
v 0.09196794 0.27591015 2.43848503
v 0.09202481 0.27793341 2.44092607
v 0.09520505 0.24468293 2.30371485
v 0.09553743 0.24334455 2.30252774
v 0.09540769 0.24320918 2.30409093
v 0.12576767 0.27868219 2.43641901
v 0.12543755 0.27796344 2.43793515
v 0.12555685 0.27712797 2.43647594
v 0.12964214 0.24301243 2.30071972
v 0.12898828 0.24196866 2.30239782
v 0.12895706 0.24271971 2.29960884
v 0.15822409 -0.32205938 0.15918256
v 0.15670949 -0.32184725 0.15914656
v 0.15813601 -0.34133199 0.08860665
v 0.15965124 -0.34152981 0.08865319
v 0.15563180 -0.32121524 0.15898653
v 0.15705687 -0.34071315 0.08843796
v 0.18739193 -0.34173668 0.08910351
v 0.18891063 -0.34157502 0.08906378
v 0.18748271 -0.32128993 0.15933746
v 0.18596333 -0.32150489 0.15938997
v 0.18999879 -0.34098698 0.08888970
v 0.18857158 -0.32066689 0.15915472
v 0.15621087 -0.33821884 0.08772295
v 0.15641469 -0.33967545 0.08814411
v 0.15498892 -0.32016821 0.15869808
v 0.15477872 -0.31870935 0.15827991
v 0.18476905 -0.25482378 0.14033249
v 0.18629136 -0.25502777 0.14039650
v 0.18868184 -0.27533282 0.07012329
v 0.18716170 -0.27507595 0.07005007
v 0.18739124 -0.25565461 0.14057817
v 0.18977688 -0.27599453 0.07030912
v 0.15942308 -0.27460738 0.07045933
v 0.15790993 -0.27480888 0.07059157
v 0.15552361 -0.25531640 0.14119761
v 0.15703474 -0.25512310 0.14106964
v 0.15683778 -0.27543027 0.07081774
v 0.15445770 -0.25592867 0.14141760
v 0.19068806 -0.27852490 0.07103158
v 0.19044472 -0.27705931 0.07061173
v 0.18807149 -0.25669878 0.14087734
v 0.18833579 -0.25815916 0.14129516
v 0.14920709 -0.22323476 0.26870621
v 0.14946243 -0.22176778 0.26828081
v 0.15223011 -0.23640247 0.21467113
v 0.15202838 -0.23787046 0.21509249
v 0.15013720 -0.22070567 0.26794949
v 0.15286750 -0.23533890 0.21434523
v 0.15131476 -0.27131116 0.22427976
v 0.15139583 -0.27277531 0.22616258
v 0.14877934 -0.27301205 0.28050539
v 0.15070345 -0.27391791 0.25355781
v 0.18050342 -0.21909009 0.26651146
v 0.18201663 -0.21927847 0.26656910
v 0.18470602 -0.23421097 0.21314194
v 0.18318656 -0.23402525 0.21308213
v 0.18308669 -0.21989102 0.26674550
v 0.18579759 -0.23481897 0.21331924
v 0.15545565 -0.23442383 0.21398228
v 0.15394243 -0.23467837 0.21411727
v 0.15123424 -0.22004764 0.26771510
v 0.15275655 -0.21979288 0.26758071
v 0.15367058 -0.25842238 0.14214826
v 0.15383841 -0.25696384 0.14173455
v 0.15620531 -0.27647175 0.07113766
v 0.15601530 -0.27793301 0.07155218
v 0.18922826 -0.31963222 0.15884152
v 0.19065686 -0.33997112 0.08858375
v 0.19088647 -0.33852612 0.08814847
v 0.18646126 -0.23584956 0.21361548
v 0.18371494 -0.22092538 0.26704135
v 0.18389664 -0.22238257 0.26745479
v 0.18320806 -0.27058095 0.28089719
v 0.18303184 -0.27200552 0.27979275
v 0.18564633 -0.27215921 0.22517687
v 0.18489875 -0.27319023 0.22653796
v 0.14615368 -0.26259725 0.38290694
v 0.14464539 -0.26243437 0.38291220
v 0.14728200 -0.27325582 0.33393832
v 0.14359266 -0.26183959 0.38277937
v 0.14621824 -0.27267041 0.33380803
v 0.17654355 -0.27288058 0.33381113
v 0.17806778 -0.27265545 0.33376740
v 0.17545468 -0.26152040 0.38256390
v 0.17392490 -0.26175519 0.38260670
v 0.17917329 -0.27202179 0.33358676
v 0.17657197 -0.26087880 0.38238340
v 0.14543528 -0.27020086 0.33313695
v 0.14560241 -0.27165279 0.33354105
v 0.14299555 -0.26081441 0.38251115
v 0.14285269 -0.25935934 0.38210834
v 0.17497402 -0.19505608 0.36364052
v 0.17648598 -0.19524344 0.36368862
v 0.17981200 -0.20638157 0.31488860
v 0.17830156 -0.20618559 0.31483251
v 0.17755120 -0.19585256 0.36385901
v 0.18087437 -0.20699783 0.31506449
v 0.15054221 -0.20644781 0.31587129
v 0.14901637 -0.20670179 0.31601396
v 0.14569188 -0.19588257 0.36501438
v 0.14721612 -0.19563207 0.36486676
v 0.14791176 -0.20736193 0.31625406
v 0.14458915 -0.19653456 0.36525578
v 0.18148951 -0.20803468 0.31535883
v 0.17817118 -0.19688476 0.36414922
v 0.17834656 -0.19834162 0.36455612
v 0.13883526 -0.17575178 0.47189015
v 0.13907167 -0.17428908 0.47145957
v 0.14134011 -0.18628022 0.41710773
v 0.14111479 -0.18774110 0.41753657
v 0.13973472 -0.17323289 0.47112487
v 0.14199546 -0.18523027 0.41677332
v 0.14060992 -0.22118682 0.42667564
v 0.14068968 -0.22272836 0.42855904
v 0.13751345 -0.22553944 0.48357807
v 0.13816111 -0.22655088 0.48272691
v 0.17008013 -0.17161249 0.46927059
v 0.17159404 -0.17175913 0.46928329
v 0.17384854 -0.18393976 0.41507851
v 0.17233331 -0.18372889 0.41503486
v 0.17266965 -0.17233815 0.46942911
v 0.17492770 -0.18456890 0.41524708
v 0.14460100 -0.18435542 0.41638888
v 0.14308286 -0.18459001 0.41653427
v 0.14082629 -0.17258356 0.47088481
v 0.14234575 -0.17233908 0.47073889
v 0.14365092 -0.19905546 0.36602104
v 0.14390820 -0.19759183 0.36559154
v 0.14722728 -0.20842645 0.31658956
v 0.14696792 -0.20989345 0.31701784
v 0.17727588 -0.25983122 0.38206750
v 0.17985909 -0.27097927 0.33327071
v 0.17577993 -0.18707673 0.41594057
v 0.17557195 -0.18561429 0.41553579
v 0.17330622 -0.17335381 0.46970339
v 0.17350464 -0.17480666 0.47010196
v 0.17201770 -0.22303747 0.48346267
v 0.17179100 -0.22445990 0.48236839
v 0.17495890 -0.22205557 0.42695934
v 0.17267375 -0.22432110 0.45496535
v 0.13890114 -0.21322195 0.58536930
v 0.13738724 -0.21303497 0.58537586
v 0.13762913 -0.22629620 0.53711684
v 0.13914526 -0.22646836 0.53710907
v 0.13631162 -0.21242394 0.58525248
v 0.13654532 -0.22569554 0.53699251
v 0.16686924 -0.22585596 0.53655727
v 0.16838453 -0.22559858 0.53651272
v 0.16815693 -0.21232459 0.58469883
v 0.16663761 -0.21260182 0.58474936
v 0.16946639 -0.22493894 0.53633531
v 0.16924933 -0.21165089 0.58451767
v 0.13589344 -0.22466513 0.53673579
v 0.13567492 -0.21138785 0.58499856
v 0.13547865 -0.20992729 0.58461079
v 0.16754880 -0.14582956 0.56598116
v 0.16906132 -0.14598419 0.56598021
v 0.16980898 -0.15929078 0.51774765
v 0.16829508 -0.15911678 0.51773770
v 0.17013007 -0.14656888 0.56611608
v 0.17088460 -0.15988827 0.51789188
v 0.14056693 -0.15949633 0.51915097
v 0.13904817 -0.15973693 0.51929240
v 0.13828739 -0.14648234 0.56755904
v 0.13980886 -0.14625633 0.56742454
v 0.13795791 -0.16038505 0.51952917
v 0.13718883 -0.14712082 0.56779110
v 0.17152261 -0.16091428 0.51816474
v 0.17075561 -0.14758625 0.56638376
v 0.17093862 -0.14904041 0.56677978
v 0.13613402 -0.12060789 0.67267909
v 0.13636710 -0.11914520 0.67224337
v 0.13687613 -0.13502962 0.61903608
v 0.13665413 -0.13649239 0.61946957
v 0.13702940 -0.11808573 0.67190999
v 0.13752870 -0.13397242 0.61870243
v 0.13646141 -0.16995147 0.62856629
v 0.13662994 -0.17141183 0.63043384
v 0.13565973 -0.17043330 0.68446245
v 0.13678667 -0.17195811 0.65768039
v 0.16736578 -0.11673122 0.67007889
v 0.16887962 -0.11689573 0.67007042
v 0.16936022 -0.13276920 0.61686154
v 0.16784499 -0.13261892 0.61686800
v 0.16995462 -0.11749026 0.67020180
v 0.17044214 -0.13335156 0.61699249
v 0.14012857 -0.13308284 0.61833280
v 0.13861257 -0.13332212 0.61846868
v 0.13812020 -0.11743290 0.67167756
v 0.13963902 -0.11718937 0.67154417
v 0.13651481 -0.14816962 0.56812385
v 0.13729708 -0.16144049 0.51986372
v 0.13706539 -0.16290281 0.52029573
v 0.17015365 -0.20912164 0.58375370
v 0.16991439 -0.21058214 0.58420328
v 0.17011343 -0.22387976 0.53602283
v 0.17130277 -0.13582258 0.61765249
v 0.17108980 -0.13436899 0.61725725
v 0.17059124 -0.11851627 0.67046661
v 0.17079098 -0.11997348 0.67086137
v 0.17008152 -0.16823535 0.68410690
v 0.16989636 -0.16969186 0.68301743
v 0.17086788 -0.17073981 0.62860375
v 0.17018347 -0.17178457 0.62998802
v 0.13704742 -0.15740488 0.78594051
v 0.13553206 -0.15716875 0.78594829
v 0.13598075 -0.17091672 0.73783107
v 0.13749819 -0.17111397 0.73781572
v 0.13445297 -0.15652446 0.78582871
v 0.13489265 -0.17029459 0.73771461
v 0.16521941 -0.17033708 0.73697726
v 0.16673394 -0.17009490 0.73693017
v 0.16629981 -0.15732144 0.78525760
v 0.16478181 -0.15755934 0.78530485
v 0.16781240 -0.16945068 0.73675404
v 0.16738798 -0.15667702 0.78507983
v 0.13401337 -0.16778630 0.73708420
v 0.13423597 -0.16925041 0.73746647
v 0.13381017 -0.15546828 0.78557951
v 0.13360628 -0.15400010 0.78519903
v 0.16551483 -0.09073690 0.76671846
v 0.16702736 -0.09093598 0.76671296
v 0.16773889 -0.10374328 0.71834442
v 0.16622498 -0.10354299 0.71834674
v 0.16809806 -0.09155528 0.76684512
v 0.16881451 -0.10436589 0.71848034
v 0.13849822 -0.10414441 0.71984546
v 0.13697876 -0.10437208 0.71997107
v 0.13626030 -0.09065849 0.76809099
v 0.13778114 -0.09047754 0.76798152
v 0.13588782 -0.10500806 0.72019673
v 0.13516450 -0.09126616 0.76830697
v 0.16945183 -0.10540857 0.71874753
v 0.16872781 -0.09259594 0.76710962
v 0.16891645 -0.09405657 0.76750459
v 0.13298692 -0.06715054 0.87383796
v 0.13318380 -0.06569703 0.87340257
v 0.13425054 -0.07877026 0.81943348
v 0.13402924 -0.08022244 0.81986850
v 0.13381898 -0.06466320 0.87307818
v 0.13490242 -0.07773942 0.81910835
v 0.13382057 -0.11365381 0.82901527
v 0.13400019 -0.11518829 0.83090891
v 0.13243899 -0.11688796 0.88567884
v 0.13308269 -0.11790840 0.88482885
v 0.16414240 -0.06465569 0.87163015
v 0.16566255 -0.06486830 0.87162195
v 0.16674989 -0.07739624 0.81750868
v 0.16523320 -0.07716781 0.81750915
v 0.16675481 -0.06549587 0.87174978
v 0.16783314 -0.07803799 0.81764333
v 0.13750236 -0.07694167 0.81878475
v 0.13598561 -0.07712984 0.81889407
v 0.13489342 -0.06405175 0.87286554
v 0.13640656 -0.06386947 0.87276072
v 0.13424985 -0.09374845 0.76906686
v 0.13449465 -0.09229703 0.76863199
v 0.13522421 -0.10605353 0.72052641
v 0.13498627 -0.10751110 0.72096218
v 0.16827566 -0.15417283 0.78432131
v 0.16804597 -0.15562749 0.78476856
v 0.16845735 -0.16840302 0.73644383
v 0.16869445 -0.08055652 0.81830523
v 0.16848231 -0.07909139 0.81791047
v 0.16741981 -0.06653927 0.87201163
v 0.16765636 -0.06800270 0.87240496
v 0.16690322 -0.11628150 0.88558398
v 0.16667784 -0.11771888 0.88448578
v 0.16823467 -0.11551241 0.82924617
v 0.16678737 -0.11766226 0.85717082
v 0.13359311 -0.10445790 0.98733822
v 0.13208197 -0.10420060 0.98734976
v 0.13321501 -0.11756277 0.93909735
v 0.13472967 -0.11783634 0.93909407
v 0.13101460 -0.10353540 0.98723304
v 0.13214092 -0.11689223 0.93897661
v 0.16246760 -0.11914607 0.93864646
v 0.16398706 -0.11896598 0.93860318
v 0.16285527 -0.10485235 0.98657347
v 0.16133304 -0.10504772 0.98662648
v 0.16507932 -0.11836004 0.93843164
v 0.16395516 -0.10423674 0.98639505
v 0.13130726 -0.11434766 0.93835006
v 0.13150415 -0.11582081 0.93872836
v 0.13039191 -0.10246540 0.98698775
v 0.13021646 -0.10099139 0.98661241
v 0.16276442 -0.03823074 0.96821569
v 0.16428041 -0.03846923 0.96820681
v 0.16452999 -0.05260920 0.92016244
v 0.16301540 -0.05235748 0.92016403
v 0.16536158 -0.03911473 0.96833315
v 0.16560770 -0.05326327 0.92029398
v 0.13527692 -0.05095024 0.92111799
v 0.13375816 -0.05109379 0.92120656
v 0.13351266 -0.03771022 0.96942384
v 0.13503003 -0.03753649 0.96933273
v 0.13266860 -0.05167503 0.92140910
v 0.13242733 -0.03830736 0.96962828
v 0.16645314 -0.05579029 0.92095080
v 0.16624849 -0.05432268 0.92055757
v 0.16600722 -0.04017007 0.96859305
v 0.16621513 -0.04163517 0.96898500
v 0.12864222 -0.01244246 1.07468341
v 0.12888696 -0.01099583 1.07424404
v 0.13075032 -0.02591653 1.02077495
v 0.13048553 -0.02736367 1.02121283
v 0.12955486 -0.00997504 1.07392457
v 0.13143424 -0.02489731 1.02045506
v 0.12955619 -0.06076862 1.03040717
v 0.12967484 -0.06227377 1.03230303
v 0.12754719 -0.06217202 1.08667180
v 0.12923020 -0.06330706 1.05973646
v 0.15990652 -0.00962951 1.07251019
v 0.16142111 -0.00983160 1.07248755
v 0.16331437 -0.02436493 1.01888353
v 0.16180324 -0.02419350 1.01891263
v 0.16249534 -0.01045260 1.07260299
v 0.16437882 -0.02496521 1.01899570
v 0.13406046 -0.02413033 1.02016628
v 0.13253684 -0.02430215 1.02025390
v 0.13064774 -0.00938105 1.07372447
v 0.13216789 -0.00921499 1.07364204
v 0.13154590 -0.04077676 0.97038531
v 0.13177198 -0.03932955 0.96994849
v 0.13200902 -0.05268960 0.92172751
v 0.13178030 -0.05413599 0.92216254
v 0.16489207 -0.10175364 0.98564363
v 0.16463333 -0.10320320 0.98608574
v 0.16574300 -0.11733198 0.93812583
v 0.16516531 -0.02745367 1.01963676
v 0.16499610 -0.02599492 1.01924734
v 0.16312844 -0.01149408 1.07285611
v 0.16331845 -0.01295619 1.07324585
v 0.16199248 -0.06127158 1.08627307
v 0.16179561 -0.06270170 1.08516366
v 0.16391632 -0.06247620 1.03058039
v 0.16217595 -0.06365063 1.05818377
v 0.12854166 -0.04958999 1.18822017
v 0.12703469 -0.04938279 1.18825097
v 0.12769067 -0.06228901 1.13988364
v 0.12920049 -0.06250980 1.13985814
v 0.12598335 -0.04875200 1.18815107
v 0.12662968 -0.06165192 1.13977994
v 0.15694590 -0.06277014 1.13894513
v 0.15847097 -0.06255586 1.13886894
v 0.15782533 -0.04900515 1.18702399
v 0.15957780 -0.06192610 1.13867603
v 0.15894185 -0.04838669 1.18682960
v 0.12601650 -0.06059772 1.13954460
v 0.12538763 -0.04770050 1.18791933
v 0.15801388 0.01768648 1.16887130
v 0.15952301 0.01745693 1.16885585
v 0.16039682 0.00388670 1.12064937
v 0.15888916 0.00410445 1.12066863
v 0.16144955 0.00325467 1.12076609
v 0.13113534 0.00443627 1.12179740
v 0.12960758 0.00422667 1.12188841
v 0.12873446 0.01713096 1.17023848
v 0.12849174 0.00360154 1.12209550
v 0.12762486 0.01649694 1.17044705
v 0.16219228 0.00074383 1.12140883
v 0.16204734 0.00220689 1.12101974
v 0.16118942 0.01575591 1.16923034
v 0.16134829 0.01428894 1.16962071
v 0.16058191 0.01681263 1.16897532
v 0.12225995 0.04106708 1.27582832
v 0.12253874 0.04251908 1.27538155
v 0.12522182 0.02999921 1.22129087
v 0.12494234 0.02854869 1.22173478
v 0.12591456 0.03103167 1.22096685
v 0.12409078 -0.00598835 1.23043685
v 0.15513663 0.04377193 1.27378759
v 0.15781076 0.03088831 1.21973014
v 0.15362828 0.04399926 1.27379701
v 0.15619214 0.04312868 1.27391108
v 0.15887043 0.03019418 1.21986464
v 0.12854929 0.03184306 1.22068040
v 0.12702360 0.03164653 1.22076421
v 0.12434800 0.04417733 1.27485033
v 0.12587516 0.04438124 1.27476726
v 0.12323563 0.04355593 1.27505509
v 0.12665868 0.01399926 1.17121657
v 0.12693275 0.01545351 1.17077330
v 0.12778984 0.00256282 1.12242068
v 0.12750141 0.00110891 1.12286258
v 0.15994050 -0.04590183 1.18607109
v 0.15964714 -0.04735291 1.18651299
v 0.16026498 -0.06088367 1.13836005
v 0.15947932 0.02910887 1.22012813
v 0.15821542 0.03485314 1.24734531
v 0.15819770 -0.00710993 1.23118155
v 0.12190003 0.00106952 1.39038381
v 0.12038612 0.00136119 1.39040613
v 0.12190072 -0.01055197 1.34175490
v 0.12341879 -0.01074784 1.34170961
v 0.11931383 0.00204941 1.39030286
v 0.12081186 -0.00992927 1.34166707
v 0.15114887 -0.01071776 1.34051723
v 0.15266355 -0.01056451 1.34041914
v 0.15116012 0.00007035 1.38938783
v 0.14963997 -0.00009724 1.38948593
v 0.15374062 -0.00998396 1.34020888
v 0.15225515 0.00066344 1.38917366
v 0.11992002 -0.00741350 1.34108337
v 0.12015172 -0.00888261 1.34144411
v 0.11868289 0.00313250 1.39007143
v 0.15141116 0.06679568 1.37133165
v 0.15292090 0.06654171 1.37133472
v 0.15343478 0.05588863 1.32236761
v 0.15192366 0.05615948 1.32236041
v 0.15398327 0.06588108 1.37146900
v 0.15450062 0.05521644 1.32250115
v 0.12418233 0.05615620 1.32339882
v 0.12265934 0.05591360 1.32349236
v 0.12214761 0.06772493 1.37212297
v 0.12367191 0.06786848 1.37205577
v 0.12155813 0.05526665 1.32370411
v 0.12104210 0.06714867 1.37231672
v 0.15512200 0.05414491 1.32276528
v 0.15459703 0.06481590 1.37173207
v 0.15476353 0.06334766 1.37212857
v 0.11846575 0.09283838 1.47744127
v 0.11874045 0.09428218 1.47699111
v 0.12022724 0.07974671 1.42341662
v 0.11994777 0.07830302 1.42386445
v 0.11943110 0.09530045 1.47666529
v 0.12092012 0.08076292 1.42309345
v 0.11843878 0.04497428 1.43333836
v 0.11857879 0.04351929 1.43523666
v 0.11688805 0.04324262 1.48986447
v 0.11752891 0.04217766 1.48902532
v 0.14980294 0.09561196 1.47556371
v 0.15131199 0.09539074 1.47554964
v 0.15280093 0.07957695 1.42228753
v 0.15129187 0.07986814 1.42227843
v 0.15237159 0.09475408 1.47567641
v 0.15386052 0.07889547 1.42242911
v 0.12355264 0.08150387 1.42282583
v 0.12202832 0.08134959 1.42289567
v 0.12053869 0.09589206 1.47646413
v 0.12206369 0.09605849 1.47638878
v 0.12008923 0.06469884 1.37308233
v 0.12035554 0.06613955 1.37263683
v 0.12087989 0.05421668 1.32403490
v 0.15316918 0.00312980 1.38840287
v 0.15292507 0.00168293 1.38884435
v 0.15438003 -0.00897145 1.33988538
v 0.15462205 0.07634816 1.42309609
v 0.15446803 0.07781942 1.42269747
v 0.15298124 0.09370345 1.47594053
v 0.15314005 0.09224002 1.47633926
v 0.15136054 0.04389193 1.48922003
v 0.15112890 0.04241459 1.48811125
v 0.15281966 0.04152491 1.43405010
v 0.15129188 0.04096019 1.46137623
v 0.11620210 0.05518448 1.59167104
v 0.11469451 0.05538998 1.59173083
v 0.11671259 0.04247064 1.54328721
v 0.11822033 0.04218792 1.54325314
v 0.11363900 0.05601498 1.59165157
v 0.11565570 0.04315307 1.54319219
v 0.14596158 0.04148708 1.54210563
v 0.14748720 0.04168538 1.54200436
v 0.14547343 0.05520800 1.59020724
v 0.14394634 0.05500705 1.59030978
v 0.14859763 0.04230234 1.54179114
v 0.14658579 0.05582855 1.58999412
v 0.11489292 0.04571324 1.54260531
v 0.11504951 0.04423473 1.54296616
v 0.11303643 0.05706309 1.59143411
v 0.11288316 0.05853205 1.59107539
v 0.14667041 0.12194696 1.57224757
v 0.14818222 0.12172601 1.57222926
v 0.14978560 0.10818971 1.52398352
v 0.14827863 0.10841582 1.52399918
v 0.14925091 0.12109294 1.57235084
v 0.15083972 0.10755236 1.52410754
v 0.12053585 0.10893987 1.52474680
v 0.11900814 0.10878243 1.52482341
v 0.11741227 0.12177410 1.57316481
v 0.11893394 0.12200315 1.57306259
v 0.11789438 0.10819926 1.52502648
v 0.11631383 0.12113680 1.57338809
v 0.15158661 0.10504061 1.52477071
v 0.15143960 0.10650266 1.52437019
v 0.14987568 0.12004739 1.57261243
v 0.15005745 0.11858698 1.57301391
v 0.11066459 0.14649416 1.67874586
v 0.11092403 0.14795220 1.67827676
v 0.11319870 0.13322610 1.62468439
v 0.11294065 0.13177722 1.62514523
v 0.11160782 0.14901849 1.67792872
v 0.11388034 0.13426598 1.62434545
v 0.11233946 0.09849324 1.63483904
v 0.11244140 0.09701653 1.63674527
v 0.11043019 0.09695912 1.69137192
v 0.11203768 0.09596861 1.66429536
v 0.14198714 0.15060657 1.67666375
v 0.14349688 0.15038176 1.67665000
v 0.14575775 0.13534386 1.62310270
v 0.14424795 0.13553666 1.62312831
v 0.14455718 0.14974287 1.67677381
v 0.14682090 0.13472947 1.62321900
v 0.11650808 0.13511307 1.62402323
v 0.11498446 0.13489587 1.62412640
v 0.11271319 0.14969139 1.67769867
v 0.11423819 0.14996668 1.67758481
v 0.11563836 0.12009094 1.57372872
v 0.11719457 0.10718742 1.52535505
v 0.11690822 0.10574695 1.52580700
v 0.14756155 0.05832232 1.58923688
v 0.14728276 0.05686712 1.58967137
v 0.14929175 0.04333709 1.54146490
v 0.14761072 0.13223568 1.62387942
v 0.14743741 0.13369324 1.62347805
v 0.14517169 0.14869267 1.67703677
v 0.14534166 0.14723162 1.67743888
v 0.14492972 0.09888966 1.69023552
v 0.14470087 0.09746295 1.68911246
v 0.14668559 0.09729809 1.63487258
v 0.14499595 0.09634009 1.66228924
v 0.11168604 0.10594063 1.79389045
v 0.11016673 0.10610793 1.79395457
v 0.11128174 0.09512490 1.74504207
v 0.11279925 0.09493056 1.74498154
v 0.10907502 0.10670716 1.79387309
v 0.11019377 0.09574283 1.74495836
v 0.14052254 0.09485752 1.74344959
v 0.14203714 0.09504919 1.74334758
v 0.14092477 0.10650785 1.79210591
v 0.14311622 0.09566291 1.74313806
v 0.14200032 0.10712895 1.79189448
v 0.10931012 0.09825078 1.74436662
v 0.10953634 0.09678510 1.74473223
v 0.10841218 0.10773837 1.79364897
v 0.13949617 0.17329664 1.77433194
v 0.14101138 0.17307882 1.77432252
v 0.14215566 0.16160201 1.72552589
v 0.14064383 0.16183248 1.72553435
v 0.14209186 0.17244374 1.77444972
v 0.14322233 0.16096005 1.72565181
v 0.11289551 0.16171867 1.72629932
v 0.11137272 0.16147592 1.72640334
v 0.11024579 0.17247115 1.77531564
v 0.11176316 0.17273993 1.77520410
v 0.11027283 0.16082968 1.72662821
v 0.10915977 0.17180739 1.77554738
v 0.14402818 0.15844525 1.72631710
v 0.14384578 0.15990778 1.72591520
v 0.14273689 0.17139364 1.77471321
v 0.14294764 0.16993122 1.77511268
v 0.10296260 0.19511921 1.88138219
v 0.10318597 0.19656238 1.88090558
v 0.10599811 0.18289219 1.82710633
v 0.10578028 0.18144189 1.82758336
v 0.10384410 0.19759337 1.88055510
v 0.10665055 0.18394102 1.82675268
v 0.10627690 0.14814352 1.83730711
v 0.10646684 0.14661945 1.83922350
v 0.10411380 0.14553898 1.89404835
v 0.10596028 0.14501155 1.86689444
v 0.13419506 0.19832109 1.87959130
v 0.13570897 0.19813173 1.87958431
v 0.13850924 0.18529483 1.82552962
v 0.13699332 0.18550350 1.82553660
v 0.13678458 0.19752316 1.87971130
v 0.13958902 0.18466441 1.82565787
v 0.10925471 0.18483726 1.82641829
v 0.10773657 0.18458933 1.82652453
v 0.10493421 0.19821051 1.88033373
v 0.10645367 0.19841194 1.88024124
v 0.10828111 0.16929588 1.77637521
v 0.10850441 0.17074962 1.77590019
v 0.10959792 0.15978191 1.72697551
v 0.10934972 0.15833070 1.72744641
v 0.14284576 0.10962336 1.79115025
v 0.14263980 0.10816725 1.79157575
v 0.14375902 0.09669738 1.74281859
v 0.14044820 0.18215580 1.82632221
v 0.14023473 0.18361722 1.82592178
v 0.13742392 0.19649116 1.87997310
v 0.13763065 0.19503403 1.88037288
v 0.13850308 0.14664279 1.89310656
v 0.13837332 0.14519840 1.89198974
v 0.14069175 0.14713982 1.83711685
v 0.14002462 0.14606517 1.83849737
v 0.10409993 0.15630849 1.99610741
v 0.10258193 0.15650675 1.99614508
v 0.10343619 0.14462592 1.94750729
v 0.10149730 0.15712801 1.99604413
v 0.10235988 0.14523322 1.94741311
v 0.13269711 0.14435052 1.94578835
v 0.13421656 0.14456782 1.94566941
v 0.13335315 0.15668045 1.99423187
v 0.13183717 0.15649230 1.99434425
v 0.13530667 0.14519983 1.94545058
v 0.13443571 0.15729166 1.99401833
v 0.10151666 0.14773077 1.94681459
v 0.10171985 0.14626760 1.94718200
v 0.10084542 0.15817224 1.99580921
v 0.10062898 0.15963874 1.99544117
v 0.13187322 0.22350221 1.97647346
v 0.13338706 0.22327491 1.97648552
v 0.13421726 0.21115620 1.92791354
v 0.13270196 0.21135557 1.92791249
v 0.13446137 0.22263423 1.97662626
v 0.13529703 0.21053684 1.92804582
v 0.10496826 0.21119488 1.92860984
v 0.10345006 0.21094938 1.92871460
v 0.10261453 0.22281587 1.97733864
v 0.10413468 0.22305057 1.97723684
v 0.10236411 0.21029869 1.92894422
v 0.10152220 0.22217841 1.97756679
v 0.13615412 0.20803770 1.92871333
v 0.13594198 0.20949664 1.92831164
v 0.13509724 0.22158185 1.97689737
v 0.13529565 0.22011821 1.97730054
v 0.09965745 0.24669424 2.08304000
v 0.09987167 0.24812910 2.08256170
v 0.10013597 0.23338929 2.02906361
v 0.09993340 0.23194364 2.02954425
v 0.10052224 0.24913819 2.08221525
v 0.10077600 0.23442733 2.02870912
v 0.09991544 0.19866596 2.03934524
v 0.10008805 0.19712777 2.04126798
v 0.10052003 0.19712904 2.09578130
v 0.10116928 0.19603920 2.09497729
v 0.13085656 0.24934824 2.08145017
v 0.13237325 0.24915459 2.08145885
v 0.13261451 0.23510658 2.02775569
v 0.13109644 0.23533172 2.02774108
v 0.13345579 0.24854074 2.08159811
v 0.13370337 0.23446664 2.02789939
v 0.10336829 0.23528299 2.02838425
v 0.10185362 0.23505828 2.02848351
v 0.10160605 0.24972195 2.08200086
v 0.10312356 0.24988210 2.08192043
v 0.10062482 0.21968943 1.97840085
v 0.10085859 0.22113593 1.97792107
v 0.10171021 0.20924706 1.92930126
v 0.10149030 0.20779617 1.92978105
v 0.13530528 0.15978265 1.99328288
v 0.13508544 0.15832547 1.99370192
v 0.13596688 0.14624718 1.94513100
v 0.13459306 0.23195147 2.02857706
v 0.13436212 0.23341485 2.02817283
v 0.13410490 0.24750561 2.08186943
v 0.13432190 0.24604784 2.08227302
v 0.13497941 0.19766761 2.09504459
v 0.13476026 0.19620174 2.09393327
v 0.13433723 0.19694147 2.03936979
v 0.13365684 0.19588174 2.04075391
v 0.10193976 0.21212556 2.19674259
v 0.10042439 0.21233371 2.19676100
v 0.10155556 0.19812829 2.14876701
v 0.10306946 0.19791353 2.14874817
v 0.09934677 0.21296450 2.19664481
v 0.10048203 0.19875988 2.14865357
v 0.13081003 0.19744523 2.14712342
v 0.13233024 0.19760364 2.14701020
v 0.13119631 0.21215318 2.19491128
v 0.12967755 0.21197323 2.19503022
v 0.13342389 0.19819411 2.14679940
v 0.13228517 0.21275868 2.19469477
v 0.09965260 0.20127875 2.14803855
v 0.09984817 0.19981056 2.14841103
v 0.09870528 0.21401544 2.19640037
v 0.09850001 0.21548422 2.19602725
v 0.13012901 0.27894542 2.17710948
v 0.13164853 0.27871463 2.17713234
v 0.13255147 0.26414032 2.12923824
v 0.13103062 0.26439323 2.12921200
v 0.13273934 0.27807188 2.17728218
v 0.13364782 0.26348355 2.12939126
v 0.10329686 0.26461360 2.12975041
v 0.10178441 0.26440143 2.12984543
v 0.10087663 0.27861262 2.17782101
v 0.10239046 0.27883441 2.17772429
v 0.10071427 0.26377831 2.13006808
v 0.09980024 0.27798653 2.17804556
v 0.13431989 0.26242224 2.12966935
v 0.13340024 0.27701940 2.17756049
v 0.13363049 0.27555650 2.17796641
v 0.09731121 0.30533351 2.28265720
v 0.09852220 0.29203989 2.22876017
v 0.09831130 0.29059498 2.22924102
v 0.09796941 0.30635107 2.28230948
v 0.09917062 0.29307665 2.22840652
v 0.09881818 0.25733851 2.23909704
v 0.09898961 0.25589969 2.24099417
v 0.09575791 0.25441451 2.29591617
v 0.09643060 0.25340187 2.29509733
v 0.12831489 0.30722821 2.28142207
v 0.12983080 0.30706715 2.28143435
v 0.13102431 0.29356416 2.22757859
v 0.12950764 0.29379146 2.22755362
v 0.13090996 0.30647610 2.28157869
v 0.13210833 0.29292496 2.22773055
v 0.10177054 0.29392485 2.22808589
v 0.10025386 0.29370570 2.22818176
v 0.09905674 0.30694599 2.28209424
v 0.10057495 0.30711779 2.28200916
v 0.09895702 0.27550867 2.17887836
v 0.09916091 0.27695215 2.17839773
v 0.10008534 0.26274493 2.13042109
v 0.09989879 0.26130156 2.13090215
v 0.13317208 0.21524686 2.19396525
v 0.13294392 0.21378952 2.19437816
v 0.13408965 0.19921490 2.14648575
v 0.13298345 0.29041170 2.22841795
v 0.13276084 0.29187481 2.22800991
v 0.13155207 0.30545446 2.28185466
v 0.13175526 0.30400188 2.28226376
v 0.13018934 0.25562455 2.29510517
v 0.13000064 0.25419049 2.29398433
v 0.13323234 0.25543286 2.23923291
v 0.13095501 0.25377547 2.26691730
v 0.09527801 0.26482154 2.39820845
v 0.09376410 0.26503122 2.39820062
v 0.09567261 0.25260912 2.34972113
v 0.09719068 0.25236219 2.34973192
v 0.09269189 0.26566142 2.39806856
v 0.09458375 0.25326573 2.34958589
v 0.12492917 0.25241246 2.34798505
v 0.12644446 0.25264325 2.34784410
v 0.12454573 0.26504656 2.39635555
v 0.12302488 0.26482122 2.39650053
v 0.12752284 0.25328568 2.34761320
v 0.12564076 0.26568846 2.39612487
v 0.09369676 0.25580561 2.34895542
v 0.09392492 0.25433186 2.34933108
v 0.09206018 0.26671221 2.39781544
v 0.12457762 0.33178901 2.37844265
v 0.12609291 0.33161219 2.37846635
v 0.12767132 0.31921925 2.32998897
v 0.12615666 0.31939390 2.32996802
v 0.12716840 0.33101187 2.37862148
v 0.12874548 0.31861735 2.33014008
v 0.09841464 0.31902967 2.33062368
v 0.09689449 0.31885401 2.33071003
v 0.09531823 0.33128177 2.37917576
v 0.09683769 0.33149335 2.37907841
v 0.09580160 0.31825798 2.33092675
v 0.09422736 0.33066002 2.37939883
v 0.12957005 0.31613461 2.33083680
v 0.12937934 0.31758873 2.33042241
v 0.12780579 0.32998638 2.37890762
v 0.12800351 0.32853443 2.37932433
v 0.09143880 0.34258757 2.43069397
v 0.09118561 0.34114107 2.43117164
v 0.09211420 0.34362703 2.43034286
v 0.09074115 0.30787921 2.44101814
v 0.09088803 0.30639763 2.44293008
v 0.12399440 0.34452195 2.42942985
v 0.12248188 0.34470946 2.42940149
v 0.12506293 0.34391603 2.42958837
v 0.09473569 0.34448375 2.43001630
v 0.09321340 0.34425867 2.43011704
v 0.09332720 0.32818469 2.38022719
v 0.09356362 0.32962828 2.37974931
v 0.09513376 0.31724175 2.33127362
v 0.09489027 0.31580324 2.33175214
v 0.12631068 0.26674406 2.39580423
v 0.12816433 0.25434012 2.34729363
v 0.12586886 0.34143525 2.43029757
v 0.12568792 0.34288778 2.42987725
v 0.12513235 0.30643287 2.44126364
v 0.12443192 0.30534478 2.44267167
v 0.15155539 -0.27421362 0.22370540
v 0.18612284 -0.27504634 0.22089163
v 0.18580050 -0.27539999 0.22241780
v 0.18490744 -0.30161462 0.22318629
v 0.14081573 -0.22412477 0.42610210
v 0.14827585 -0.27371815 0.28577491
v 0.14892947 -0.28486904 0.28688209
v 0.17537846 -0.22493856 0.42268177
v 0.17505865 -0.22518247 0.42418697
v 0.17366241 -0.25076445 0.42491205
v 0.18283647 -0.27297070 0.28310513
v 0.18219883 -0.27408956 0.28200138
v 0.13665172 -0.17293977 0.62802328
v 0.13713549 -0.22628106 0.48887291
v 0.13783836 -0.23713708 0.48986418
v 0.17109681 -0.17395911 0.62439980
v 0.17084730 -0.17413058 0.62588339
v 0.16953463 -0.20020729 0.62666463
v 0.17164585 -0.22546824 0.48572829
v 0.17096289 -0.22623315 0.48444595
v 0.13404540 -0.11659249 0.82846968
v 0.13533587 -0.16998063 0.68765492
v 0.13605572 -0.18221355 0.69077548
v 0.16825981 -0.11875796 0.82647658
v 0.16731655 -0.14471475 0.82710447
v 0.16976069 -0.17060627 0.68632494
v 0.16911652 -0.17176013 0.68524140
v 0.12979242 -0.06376794 1.02987174
v 0.13216720 -0.11767595 0.89098839
v 0.13310134 -0.12884098 0.89202388
v 0.16401743 -0.06565055 1.02778752
v 0.16272899 -0.09158349 1.02822120
v 0.16661430 -0.11868241 0.88781168
v 0.16679296 -0.12725212 0.89256134
v 0.16592192 -0.11944589 0.88654164
v 0.12433307 -0.00709464 1.23087212
v 0.12496529 -0.00840383 1.23177832
v 0.12708386 -0.06275551 1.09192975
v 0.12769244 -0.07401716 1.09296097
v 0.15630101 0.03118897 1.21972411
v 0.13026077 0.01735654 1.17014494
v 0.15882882 -0.00862026 1.22801787
v 0.15857637 -0.01046074 1.22862023
v 0.15752674 -0.03639016 1.22885315
v 0.16161274 -0.06367135 1.08846119
v 0.16094884 -0.06444995 1.08721370
v 0.11858579 0.04200146 1.43285366
v 0.12195717 -0.01393280 1.29204996
v 0.15694874 0.04060703 1.27456144
v 0.15679548 0.04207279 1.27416875
v 0.15303180 0.03822223 1.42980018
v 0.15276818 0.03806267 1.43126714
v 0.15135152 0.01189266 1.43144636
v 0.11255878 0.09547321 1.63432361
v 0.11648520 0.04258236 1.49516042
v 0.11708264 0.03134652 1.49614851
v 0.14706431 0.09415186 1.63056858
v 0.14676932 0.09405550 1.63206423
v 0.14500216 0.06774144 1.63210381
v 0.15096956 0.04152286 1.49136756
v 0.15028484 0.04072364 1.49013939
v 0.10659565 0.14519242 1.83678509
v 0.10727761 0.14463195 1.83806266
v 0.11003073 0.09615688 1.69670014
v 0.11054815 0.08502691 1.69766706
v 0.14112166 0.14410809 1.83279582
v 0.14084985 0.14395722 1.83429796
v 0.14024442 0.11789108 1.83430597
v 0.14455294 0.09648082 1.69238688
v 0.14386173 0.09572476 1.69115054
v 0.10010603 0.19578113 2.03884262
v 0.10367590 0.14600805 1.89723786
v 0.10440681 0.13373424 1.90034652
v 0.13457503 0.19391816 2.03505532
v 0.13432286 0.19369402 2.03655029
v 0.13335274 0.16774898 2.03650463
v 0.13813627 0.14423482 1.89526133
v 0.13754116 0.14311072 1.89417856
v 0.09907402 0.25428876 2.23859787
v 0.10028670 0.19762060 2.09896224
v 0.10118617 0.18533517 2.10213058
v 0.13355288 0.25231193 2.23494892
v 0.13329585 0.25223994 2.23645984
v 0.13189916 0.22597870 2.23642997
v 0.13470926 0.19526888 2.09719924
v 0.13403642 0.19414254 2.09611077
v 0.09100034 0.30494308 2.44053005
v 0.09533273 0.25361197 2.30124904
v 0.09620934 0.24245106 2.30235761
v 0.12553666 0.30345945 2.43695086
v 0.12525253 0.30324282 2.43846004
v 0.12476792 0.27721217 2.43834577
v 0.12983546 0.25317840 2.29727201
v 0.12918169 0.25242045 2.29602791
v 0.15139313 -0.27399092 0.22273115
v 0.18314980 -0.27111812 0.28195509
v 0.14064738 -0.22397459 0.42514060
v 0.17197262 -0.22357600 0.48452812
v 0.13643710 -0.17283554 0.62706711
v 0.17004269 -0.16875578 0.68516319
v 0.13383441 -0.11644728 0.82750139
v 0.16685252 -0.11786864 0.88875539
v 0.12961069 -0.06360030 1.02891617
v 0.16193639 -0.06181007 1.08732333
v 0.11838704 0.04208156 1.43188572
v 0.15130776 0.04337924 1.49025135
v 0.11236963 0.09565074 1.63337100
v 0.14488256 0.09834467 1.69127478
v 0.10639063 0.14537115 1.83581887
v 0.13843642 0.14610803 1.89414380
v 0.09989980 0.19590780 2.03785382
v 0.13496957 0.19714449 2.09607717
v 0.09885639 0.25442496 2.23764700
v 0.13014018 0.25508064 2.29614368
v 0.09081528 0.30503833 2.43954989
v 0.18576494 -0.27321663 0.22322040
v 0.18498897 -0.27422949 0.22408243
v 0.18599939 -0.27072961 0.22325084
v 0.15218094 -0.27478804 0.22497159
v 0.17505259 -0.22302944 0.42499077
v 0.17425986 -0.22404657 0.42585236
v 0.17530911 -0.22053072 0.42501152
v 0.18283353 -0.27688832 0.28597853
v 0.14140606 -0.22436458 0.42787033
v 0.14860266 -0.27400973 0.28385461
v 0.14852336 -0.27157195 0.28166457
v 0.14936880 -0.27473620 0.28243557
v 0.17087461 -0.17187179 0.62666900
v 0.17012314 -0.17288004 0.62754539
v 0.17112801 -0.16930556 0.62668376
v 0.17173136 -0.22934515 0.48859754
v 0.13734355 -0.17347767 0.62926702
v 0.13739873 -0.22653903 0.48693758
v 0.13728245 -0.22437896 0.48524729
v 0.13812644 -0.22727274 0.48552578
v 0.16825708 -0.11654794 0.82728941
v 0.16751559 -0.11754267 0.82816184
v 0.16848710 -0.11402502 0.82731613
v 0.16986339 -0.17448084 0.68919824
v 0.13471483 -0.11684791 0.83024006
v 0.13554915 -0.17135706 0.68781952
v 0.13629636 -0.17211215 0.68639350
v 0.16399247 -0.06348710 1.02861740
v 0.16322006 -0.06452167 1.02950082
v 0.16422972 -0.06096187 1.02864898
v 0.13043977 -0.06433976 1.03114939
v 0.13240608 -0.11793387 0.88906322
v 0.13223177 -0.11546829 0.88683148
v 0.13311945 -0.11866262 0.88763566
v 0.15841763 -0.00774431 1.23023049
v 0.15774759 -0.00930206 1.23033685
v 0.16161661 -0.06758870 1.09129918
v 0.12738529 -0.06312262 1.09004941
v 0.12731057 -0.06069153 1.08780481
v 0.12813514 -0.06390302 1.08861718
v 0.12226894 -0.02056818 1.29434863
v 0.15281617 0.04036734 1.43211109
v 0.15204911 0.03943069 1.43296778
v 0.15311300 0.04292897 1.43217318
v 0.11925184 0.04179694 1.43459613
v 0.12177174 -0.00854095 1.28803152
v 0.14675860 0.09622004 1.63291124
v 0.14597961 0.09520905 1.63376962
v 0.14701362 0.09877668 1.63298963
v 0.15100786 0.03765320 1.49413952
v 0.11319655 0.09496019 1.63559258
v 0.11675534 0.04226513 1.49325837
v 0.11668631 0.04470359 1.49099790
v 0.11748036 0.04149435 1.49182329
v 0.14077380 0.14611358 1.83514704
v 0.14004611 0.14510248 1.83601104
v 0.14093170 0.14864632 1.83522332
v 0.14455385 0.09252388 1.69514692
v 0.11030330 0.09589673 1.69478407
v 0.11022761 0.09836353 1.69251889
v 0.11102451 0.09522342 1.69333159
v 0.13434256 0.19590988 2.03740061
v 0.13359518 0.19491191 2.03827139
v 0.13459868 0.19843998 2.03746737
v 0.13818226 0.14031309 1.89797976
v 0.10078606 0.19549778 2.04061846
v 0.10389764 0.14460862 1.89743830
v 0.10469981 0.14384159 1.89600940
v 0.13327678 0.25436202 2.23727630
v 0.13252928 0.25337711 2.23814975
v 0.13350323 0.25632905 2.23703240
v 0.13491526 0.19136966 2.09988117
v 0.09971536 0.25420147 2.24037143
v 0.10050021 0.19622931 2.09915988
v 0.10121013 0.19542344 2.09776245
v 0.12521009 0.30542820 2.43929515
v 0.12445897 0.30440690 2.44018428
v 0.12541814 0.30795069 2.43933730
v 0.12996507 0.24924764 2.29994027
v 0.09163430 0.30473523 2.44230966
v 0.09562148 0.25332554 2.29935926
v 0.09551311 0.25581857 2.29704611
v 0.09637575 0.25262785 2.29793266
v -0.19084556 -0.31312638 0.23219082
v -0.19048775 -0.31403830 0.23056938
v -0.19064993 -0.31462942 0.23212258
v -0.19001476 -0.31569737 0.23206770
v -0.18983930 -0.31413225 0.22962655
v -0.19194192 -0.31638586 0.28157110
v -0.19174780 -0.31789831 0.28149182
v -0.19255678 -0.31223019 0.28454585
v -0.19110355 -0.31652327 0.28417183
v -0.19101547 -0.31893347 0.28263649
v -0.19105292 -0.28874337 0.28273752
v -0.19058273 -0.28740234 0.28418394
v -0.19077608 -0.28723392 0.28277609
v -0.19008341 -0.28615395 0.28279543
v -0.19006323 -0.28766187 0.28525711
v -0.18999534 -0.28631340 0.28398757
v -0.19046477 -0.28573306 0.23301117
v -0.19023459 -0.28423416 0.23304821
v -0.19011480 -0.28460701 0.23154124
v -0.18954456 -0.28553700 0.23036967
v -0.18943916 -0.28317647 0.23185875
v 0.18478716 -0.30544344 0.22901576
v 0.18456801 -0.30695731 0.22905445
v 0.18562383 -0.30117552 0.22620948
v 0.18406314 -0.30548209 0.22639837
v 0.18387521 -0.30795078 0.22787833
v 0.18487454 -0.27772761 0.22841141
v 0.18453612 -0.27635721 0.22698522
v 0.18465949 -0.27620885 0.22839072
v 0.18401113 -0.27513646 0.22836328
v 0.18406384 -0.27661067 0.22589432
v 0.18398201 -0.27527722 0.22717614
v 0.18256241 -0.27761701 0.27782639
v 0.18237448 -0.27612279 0.27778861
v 0.18220399 -0.27665863 0.27929494
v 0.18155961 -0.27768924 0.28044264
v 0.18157210 -0.27519929 0.27895839
v 0.18179949 -0.30501099 0.27856279
v 0.18134659 -0.30604598 0.28017507
v 0.18154990 -0.30651476 0.27860165
v 0.18087791 -0.30759405 0.27862239
v 0.18066361 -0.30622762 0.28110140
v 0.18162967 -0.27787668 0.22487015
v 0.18162064 -0.27635205 0.22507261
v 0.18423061 -0.28200731 0.22429343
v 0.18417618 -0.27780552 0.22580022
v 0.18311930 -0.27595274 0.22583722
v 0.18150968 -0.30552184 0.22550509
v 0.18289322 -0.30690199 0.22599194
v 0.18149651 -0.30702839 0.22576376
v 0.18146113 -0.30810188 0.22644412
v 0.18394734 -0.30666855 0.22653895
v 0.18264695 -0.30797905 0.22656198
v -0.18731566 -0.31285014 0.22865329
v -0.18733709 -0.31436818 0.22881305
v -0.18990497 -0.30870364 0.22818575
v -0.18993153 -0.31294409 0.22956737
v -0.18855556 -0.31540505 0.22955477
v -0.18692731 -0.28543336 0.22946231
v -0.18832817 -0.28409863 0.22995545
v -0.18691412 -0.28395046 0.22972335
v -0.18691482 -0.28292686 0.23041120
v -0.18942528 -0.28436737 0.23050930
v -0.18811041 -0.28306363 0.23053043
v 0.17915248 -0.27425180 0.27768216
v 0.17907411 -0.27450244 0.27922254
v 0.18048539 -0.27468840 0.27914458
v 0.18066708 -0.27443929 0.27771660
v 0.18174194 -0.27506356 0.27775247
v 0.18020445 -0.27525345 0.28024873
v 0.18141190 -0.27432787 0.22829156
v 0.18292859 -0.27451000 0.22832967
v 0.18291402 -0.27476414 0.22692810
v 0.18151315 -0.27458024 0.22678407
v 0.18158250 -0.27525409 0.22571105
v 0.18276700 -0.27533554 0.22584918
v -0.18696475 -0.28225373 0.23306537
v -0.18693146 -0.28236128 0.23152466
v -0.18834481 -0.28260905 0.23164281
v -0.18848420 -0.28249664 0.23307517
v -0.18957438 -0.28315651 0.23306962
v -0.18744673 -0.28528148 0.28276916
v -0.18897375 -0.28550312 0.28279411
v -0.18889336 -0.28578043 0.28420013
v -0.18747655 -0.28556432 0.28428590
v -0.18751608 -0.28625774 0.28535552
v -0.18871167 -0.28636434 0.28526851
v 0.17814753 -0.30509834 0.28202020
v 0.17812471 -0.30659351 0.28183927
v 0.17961667 -0.30608413 0.28176016
v 0.18079261 -0.30505040 0.28118089
v 0.17933612 -0.30752905 0.28111568
v 0.17891184 -0.27775547 0.28127526
v 0.18052898 -0.27672162 0.28093209
v 0.17895470 -0.27625506 0.28101751
v 0.17900824 -0.27517012 0.28033410
v 0.18148125 -0.27651299 0.28030333
v -0.18762704 -0.28888272 0.28615359
v -0.18756594 -0.28736394 0.28597782
v -0.19069755 -0.29335594 0.28670665
v -0.19021865 -0.28885285 0.28533502
v -0.18850986 -0.31654497 0.28504209
v -0.18993431 -0.31794315 0.28453714
v -0.18852928 -0.31804853 0.28475209
v -0.18853691 -0.31909542 0.28404974
v -0.19101055 -0.31770737 0.28400236
v -0.18972619 -0.31899341 0.28394270
v 0.18131411 -0.30894375 0.22907919
v 0.18140080 -0.30874114 0.22754947
v 0.18280306 -0.30850677 0.22766610
v 0.18283218 -0.30870790 0.22908851
v 0.18391682 -0.30804561 0.22907904
v 0.17826064 -0.30848694 0.27860451
v 0.17978211 -0.30825126 0.27862400
v 0.17959978 -0.30804966 0.28003823
v 0.17818089 -0.30828509 0.28012931
v 0.17813651 -0.30765500 0.28120833
v 0.18070523 -0.30749817 0.27982154
v -0.18852019 -0.31981975 0.28140787
v -0.18853482 -0.31968631 0.28293506
v -0.18993985 -0.31947708 0.28283168
v -0.19003480 -0.31961668 0.28141306
v -0.19111104 -0.31897565 0.28143946
v -0.18742661 -0.31651818 0.23199470
v -0.18894052 -0.31632806 0.23202634
v -0.18880036 -0.31601745 0.23062127
v -0.18739263 -0.31620215 0.23048128
v -0.18736275 -0.31548604 0.22942131
v -0.18988160 -0.31550851 0.23087546
v -0.19346145 -0.26236230 0.43379642
v -0.19300297 -0.26372660 0.43232473
v -0.19325893 -0.26388598 0.43372078
v -0.19261675 -0.26497949 0.43366700
v -0.19242736 -0.26347424 0.43125696
v -0.19247661 -0.26482691 0.43248671
v -0.19388725 -0.26358300 0.48267210
v -0.19367712 -0.26510280 0.48259755
v -0.19450575 -0.25913819 0.48578858
v -0.19301274 -0.26365883 0.48526409
v -0.19291912 -0.26610630 0.48373944
v -0.19350860 -0.23581022 0.48390913
v -0.19303141 -0.23446350 0.48535541
v -0.19325756 -0.23429744 0.48394680
v -0.19258070 -0.23321265 0.48396558
v -0.19248292 -0.23472113 0.48643027
v -0.19246558 -0.23337124 0.48515822
v -0.19273951 -0.23466105 0.43464623
v -0.19246002 -0.23315242 0.43467638
v -0.19348153 -0.23875983 0.43180238
v -0.19174638 -0.23400740 0.43210038
v -0.19164032 -0.23215903 0.43349909
v 0.17364957 -0.25489263 0.43081921
v 0.17341379 -0.25637732 0.43084651
v 0.17455897 -0.25037880 0.42782067
v 0.17296571 -0.25475848 0.42814764
v 0.17272791 -0.25727210 0.42963462
v 0.17435971 -0.22771873 0.43023440
v 0.17404070 -0.22627126 0.42879036
v 0.17417934 -0.22622463 0.43022104
v 0.17355173 -0.22515918 0.43020768
v 0.17355665 -0.22643869 0.42768587
v 0.17350949 -0.22521467 0.42899843
v 0.17146643 -0.23002822 0.48043507
v 0.17128544 -0.22855061 0.48039237
v 0.17112618 -0.22906453 0.48190860
v 0.17051419 -0.23016110 0.48307680
v 0.17051073 -0.22767211 0.48157560
v 0.17119105 -0.25725441 0.48108761
v 0.17079002 -0.25834513 0.48269708
v 0.17097198 -0.25875696 0.48110687
v 0.17032148 -0.25985893 0.48110994
v 0.17012591 -0.25858867 0.48362130
v 0.17108980 -0.22757811 0.42668376
v 0.17111338 -0.22609354 0.42689984
v 0.17368696 -0.23115459 0.42616037
v 0.17364257 -0.22760687 0.42758389
v 0.17228262 -0.22516199 0.42767045
v 0.17042612 -0.25473986 0.42721503
v 0.17178753 -0.25612309 0.42770910
v 0.17039291 -0.25623531 0.42746418
v 0.17033466 -0.25733015 0.42815034
v 0.17283471 -0.25593012 0.42827920
v -0.18989270 -0.26227288 0.43033337
v -0.18991483 -0.26380074 0.43047786
v -0.19258224 -0.25802912 0.42989451
v -0.19252037 -0.26227414 0.43120752
v -0.19113877 -0.26479152 0.43119066
v -0.18920475 -0.23461830 0.43114265
v -0.19056608 -0.23320281 0.43162132
v -0.18914781 -0.23311391 0.43139577
v -0.18911598 -0.23205482 0.43207405
v -0.19166937 -0.23341618 0.43216740
v -0.19031504 -0.23214427 0.43218767
v 0.16808140 -0.22679521 0.48033338
v 0.16802530 -0.22705853 0.48188004
v 0.16943310 -0.22720072 0.48177808
v 0.16959469 -0.22693519 0.48034142
v 0.17066267 -0.22751927 0.48036153
v 0.16983945 -0.22772510 0.48223382
v 0.17096497 -0.22431791 0.43019332
v 0.17247964 -0.22452248 0.43019649
v 0.17244767 -0.22467536 0.42876846
v 0.17104826 -0.22446361 0.42865576
v 0.17109820 -0.22505522 0.42755712
v -0.18912638 -0.23126947 0.43469953
v -0.18910897 -0.23144021 0.43317512
v -0.19052933 -0.23163268 0.43328772
v -0.19065339 -0.23145628 0.43470437
v -0.19176445 -0.23208384 0.43469585
v -0.18995636 -0.23233490 0.48393706
v -0.19148012 -0.23255716 0.48396288
v -0.19136569 -0.23283477 0.48537049
v -0.18995026 -0.23261999 0.48545663
v -0.18995574 -0.23331683 0.48652932
v -0.19115133 -0.23342148 0.48644181
v 0.16760226 -0.25759050 0.48455716
v 0.16760636 -0.25907572 0.48435420
v 0.17030575 -0.25359458 0.48514851
v 0.17017931 -0.25800144 0.48366929
v 0.16882421 -0.25993972 0.48361357
v 0.16788583 -0.23031574 0.48394394
v 0.16934225 -0.22884974 0.48347204
v 0.16792821 -0.22881741 0.48368384
v 0.16797454 -0.22773166 0.48299590
v 0.17043729 -0.22899196 0.48293299
v -0.19000574 -0.23593927 0.48733683
v -0.18997383 -0.23442267 0.48715588
v -0.19287507 -0.24007175 0.48786188
v -0.19261746 -0.23591239 0.48651033
v -0.19041067 -0.26364977 0.48613901
v -0.19182687 -0.26506601 0.48563404
v -0.19041837 -0.26516040 0.48585245
v -0.19042384 -0.26622179 0.48515457
v -0.19291005 -0.26484842 0.48509833
v -0.19161535 -0.26612816 0.48504346
v 0.17014249 -0.25831422 0.43082567
v 0.17025074 -0.25802361 0.42927094
v 0.17165438 -0.25779983 0.42940411
v 0.17166194 -0.25808504 0.43085032
v 0.17275218 -0.25744056 0.43085717
v 0.17151977 -0.25721413 0.42828079
v 0.16772155 -0.26085702 0.48107438
v 0.16923823 -0.26055931 0.48109787
v 0.16907942 -0.26041435 0.48252305
v 0.16766738 -0.26071028 0.48261099
v 0.16762861 -0.26011641 0.48370468
v 0.17017029 -0.25981139 0.48231633
v -0.19043363 -0.26700343 0.48252453
v -0.19042878 -0.26683495 0.48404526
v -0.19183657 -0.26663697 0.48393770
v -0.19194962 -0.26680964 0.48252432
v -0.19303071 -0.26617714 0.48254797
v -0.19002231 -0.26588091 0.43362271
v -0.19153838 -0.26564416 0.43363546
v -0.19139127 -0.26537387 0.43224341
v -0.18998147 -0.26560469 0.43212148
v -0.18994471 -0.26491125 0.43107339
v -0.18859585 -0.21174598 0.63557942
v -0.18825812 -0.21304785 0.63408884
v -0.18844398 -0.21325071 0.63549942
v -0.18784125 -0.21430924 0.63543413
v -0.18773522 -0.21274481 0.63300382
v -0.18775881 -0.21412290 0.63424329
v -0.18719152 -0.21322282 0.68457621
v -0.18701676 -0.21474186 0.68450721
v -0.18771908 -0.20869465 0.68756677
v -0.18626009 -0.21330183 0.68716984
v -0.18625391 -0.21575348 0.68565636
v -0.18639330 -0.18539491 0.68572160
v -0.18589877 -0.18401592 0.68714921
v -0.18612416 -0.18387948 0.68575065
v -0.18543766 -0.18279975 0.68576075
v -0.18535513 -0.18425558 0.68821354
v -0.18532316 -0.18293182 0.68694556
v -0.18763813 -0.18413812 0.63644772
v -0.18736767 -0.18261954 0.63647745
v -0.18841051 -0.18771159 0.63380082
v -0.18683638 -0.18400733 0.63381668
v -0.18660482 -0.18158013 0.63528709
v 0.17007737 -0.20402440 0.63248155
v 0.16982770 -0.20554467 0.63251774
v 0.17085200 -0.19957093 0.62948718
v 0.16924724 -0.20408261 0.62986083
v 0.16906478 -0.20655814 0.63133690
v 0.17066684 -0.17630239 0.63182526
v 0.17028049 -0.17494296 0.63042215
v 0.17048098 -0.17478652 0.63181754
v 0.16985052 -0.17372753 0.63182611
v 0.16974934 -0.17521177 0.62935697
v 0.16975627 -0.17387232 0.63064506
v 0.16991508 -0.17536217 0.68109417
v 0.16971466 -0.17386670 0.68105385
v 0.16957632 -0.17437636 0.68255501
v 0.16896290 -0.17540627 0.68371362
v 0.16892546 -0.17293395 0.68223051
v 0.16941229 -0.20290782 0.68177628
v 0.16902507 -0.20393505 0.68336886
v 0.16917513 -0.20442904 0.68179559
v 0.16851075 -0.20553911 0.68179787
v 0.16837066 -0.20414182 0.68427960
v 0.16724581 -0.17653721 0.62845422
v 0.16727355 -0.17500765 0.62866972
v 0.16997160 -0.18042115 0.62784914
v 0.16983463 -0.17640786 0.62925316
v 0.16847330 -0.17396186 0.62938676
v 0.16665703 -0.20419722 0.62896687
v 0.16803147 -0.20553858 0.62944829
v 0.16662235 -0.20570444 0.62922051
v 0.16658907 -0.20677900 0.62990199
v 0.16911270 -0.20527298 0.62999744
v 0.16778258 -0.20662228 0.63001797
v -0.18521644 -0.21142004 0.63203436
v -0.18527746 -0.21294253 0.63218023
v -0.18771425 -0.20749181 0.63162547
v -0.18779418 -0.21155491 0.63295652
v -0.18649317 -0.21399799 0.63291679
v -0.18425733 -0.18388840 0.63288303
v -0.18560619 -0.18255013 0.63338726
v -0.18419908 -0.18238849 0.63314081
v -0.18414429 -0.18133713 0.63382266
v -0.18668388 -0.18282272 0.63395080
v -0.18533780 -0.18148706 0.63395408
v 0.16648150 -0.17206452 0.68102470
v 0.16642956 -0.17228433 0.68255400
v 0.16783945 -0.17244143 0.68243961
v 0.16799687 -0.17221739 0.68101687
v 0.16907449 -0.17281844 0.68102713
v 0.16825415 -0.17296337 0.68288709
v 0.16726446 -0.17297280 0.63190172
v 0.16877761 -0.17312287 0.63185288
v 0.16868482 -0.17338203 0.63045701
v 0.16728118 -0.17322727 0.63039469
v 0.16728465 -0.17390511 0.62931697
v -0.18404581 -0.18057129 0.63645275
v -0.18409366 -0.18073241 0.63492709
v -0.18550694 -0.18099682 0.63505979
v -0.18557151 -0.18083553 0.63647973
v -0.18667826 -0.18151903 0.63648767
v -0.18280930 -0.18194779 0.68571694
v -0.18433362 -0.18215639 0.68575059
v -0.18422058 -0.18240072 0.68714794
v -0.18280376 -0.18219415 0.68722540
v -0.18281625 -0.18286293 0.68829047
v -0.18401252 -0.18296244 0.68821095
v 0.16587130 -0.20307340 0.68521240
v 0.16585812 -0.20458540 0.68501150
v 0.16872042 -0.19883412 0.68578368
v 0.16849133 -0.20294905 0.68437425
v 0.16705510 -0.20550013 0.68427452
v 0.16633386 -0.17551980 0.68458621
v 0.16777148 -0.17406134 0.68411346
v 0.16635674 -0.17401298 0.68433393
v 0.16638795 -0.17293448 0.68365648
v 0.16887060 -0.17422856 0.68357251
v 0.16758285 -0.17299279 0.68354368
v -0.18289529 -0.18548011 0.68910158
v -0.18284606 -0.18395775 0.68891481
v -0.18578693 -0.18945115 0.68964100
v -0.18550354 -0.18544951 0.68829941
v -0.18363873 -0.21331409 0.68804259
v -0.18509369 -0.21472086 0.68754645
v -0.18368242 -0.21482703 0.68776376
v -0.18372750 -0.21588988 0.68707143
v -0.18618526 -0.21449348 0.68700942
v -0.18491962 -0.21578730 0.68696127
v 0.16652873 -0.20763225 0.63254012
v 0.16655785 -0.20742167 0.63100828
v 0.16797052 -0.20714597 0.63112325
v 0.16805165 -0.20734987 0.63254631
v 0.16915224 -0.20665388 0.63253928
v 0.16589835 -0.20652871 0.68177019
v 0.16741850 -0.20623890 0.68178802
v 0.16728672 -0.20602881 0.68319638
v 0.16587269 -0.20631341 0.68328913
v 0.16585951 -0.20566558 0.68436981
v 0.16838107 -0.20543712 0.68299050
v -0.18382181 -0.21666137 0.68443848
v -0.18377396 -0.21650136 0.68596303
v -0.18517968 -0.21629371 0.68585636
v -0.18533295 -0.21646136 0.68444023
v -0.18639740 -0.21582201 0.68446282
v -0.18527810 -0.21508888 0.63534868
v -0.18678645 -0.21492123 0.63538482
v -0.18670538 -0.21461395 0.63398080
v -0.18530930 -0.21477887 0.63383689
v -0.18530860 -0.21406251 0.63278055
v -0.18187509 -0.15801078 0.83654258
v -0.18149304 -0.15940269 0.83508042
v -0.18170317 -0.15953348 0.83647602
v -0.18108804 -0.16060000 0.83641576
v -0.18095280 -0.15915101 0.83400202
v -0.18098402 -0.16047481 0.83523778
v -0.18131967 -0.15815551 0.88525916
v -0.18115669 -0.15969995 0.88520488
v -0.18171728 -0.15398364 0.88814954
v -0.18040010 -0.15803189 0.88779714
v -0.18041257 -0.16062859 0.88633471
v -0.18072742 -0.12986873 0.88609143
v -0.18022311 -0.12837953 0.88749100
v -0.18048955 -0.12832109 0.88611477
v -0.17982310 -0.12720138 0.88611900
v -0.17964349 -0.12854878 0.88853639
v -0.17967330 -0.12726946 0.88728465
v -0.18126836 -0.13011447 0.83729776
v -0.18101315 -0.12858249 0.83733390
v -0.18197381 -0.13383768 0.83464884
v -0.18043547 -0.13005366 0.83469249
v -0.18024891 -0.12756091 0.83616052
v 0.16804749 -0.14861482 0.83294943
v 0.16782627 -0.15011718 0.83298006
v 0.16879845 -0.14419276 0.82994287
v 0.16726523 -0.14859715 0.83030902
v 0.16710294 -0.15107411 0.83178547
v 0.16831865 -0.12115913 0.83245642
v 0.16792606 -0.11972325 0.83104711
v 0.16811476 -0.11965218 0.83246181
v 0.16747182 -0.11857292 0.83247853
v 0.16740393 -0.11990997 0.82996712
v 0.16738728 -0.11864775 0.83128018
v 0.16686577 -0.12334065 0.88252929
v 0.16666396 -0.12184570 0.88249505
v 0.16751872 -0.12801583 0.88551595
v 0.16598712 -0.12339957 0.88515509
v 0.16590874 -0.12091238 0.88367933
v 0.16673193 -0.15067754 0.88309828
v 0.16625473 -0.15212711 0.88452912
v 0.16649128 -0.15217978 0.88310807
v 0.16582275 -0.15326370 0.88310341
v 0.16570347 -0.15196336 0.88561461
v 0.16569716 -0.15320058 0.88430631
v 0.16492190 -0.12105460 0.82904464
v 0.16492876 -0.11954867 0.82927369
v 0.16777111 -0.12502623 0.82842813
v 0.16750580 -0.12109358 0.82985278
v 0.16611256 -0.11860623 0.83000696
v 0.16469235 -0.14858369 0.82939146
v 0.16608350 -0.14998794 0.82988262
v 0.16468125 -0.15008900 0.82964474
v 0.16465629 -0.15116627 0.83032685
v 0.16715003 -0.14977882 0.83044336
v 0.16584495 -0.15106341 0.83045077
v -0.17843263 -0.15783134 0.83301594
v -0.17847564 -0.15936257 0.83317498
v -0.18098305 -0.15371701 0.83255027
v -0.18102701 -0.15795170 0.83394419
v -0.17969342 -0.16040635 0.83391773
v -0.17784663 -0.12995229 0.83378144
v -0.17921768 -0.12859007 0.83427805
v -0.17781058 -0.12843034 0.83404360
v -0.17777589 -0.12735015 0.83472344
v -0.18029815 -0.12885254 0.83483090
v -0.17896872 -0.12750045 0.83484545
v 0.16343573 -0.11994971 0.88247019
v 0.16342318 -0.12018888 0.88400245
v 0.16482966 -0.12039154 0.88388949
v 0.16495026 -0.12015239 0.88246421
v 0.16602595 -0.12078320 0.88247310
v 0.16460080 -0.12094612 0.88499229
v 0.16487669 -0.11769662 0.83256033
v 0.16639211 -0.11792052 0.83250980
v 0.16631160 -0.11809610 0.83109357
v 0.16490594 -0.11786700 0.83103219
v 0.16492329 -0.11848581 0.82993659
v -0.17771486 -0.12651688 0.83733755
v -0.17774392 -0.12671192 0.83582185
v -0.17915595 -0.12697664 0.83594296
v -0.17923710 -0.12678225 0.83735189
v -0.18033629 -0.12747094 0.83735126
v -0.17720861 -0.12624310 0.88607265
v -0.17872946 -0.12650953 0.88610461
v -0.17857341 -0.12667998 0.88748068
v -0.17715730 -0.12641303 0.88755783
v -0.17712747 -0.12704008 0.88860729
v -0.17832445 -0.12718991 0.88852766
v 0.16322282 -0.15085908 0.88655794
v 0.16319786 -0.15235137 0.88634752
v 0.16600724 -0.14705411 0.88712986
v 0.16583176 -0.15078775 0.88571747
v 0.16437882 -0.15327033 0.88560011
v 0.16338372 -0.12343865 0.88602202
v 0.16480469 -0.12202547 0.88555932
v 0.16339606 -0.12193218 0.88577625
v 0.16340938 -0.12084935 0.88510419
v 0.16588933 -0.12222045 0.88501922
v -0.17713164 -0.12965522 0.88940729
v -0.17711846 -0.12812080 0.88922290
v -0.17990438 -0.13359945 0.88995363
v -0.17976415 -0.12975958 0.88862391
v -0.17777853 -0.15791643 0.88862708
v -0.17925096 -0.15941773 0.88816629
v -0.17784108 -0.15947392 0.88836650
v -0.17789657 -0.16060489 0.88769597
v -0.18033907 -0.15925012 0.88765037
v -0.17908661 -0.16053799 0.88759978
v 0.16456543 -0.15204259 0.83297266
v 0.16461675 -0.15181613 0.83143579
v 0.16602317 -0.15160611 0.83156039
v 0.16608350 -0.15183068 0.83298911
v 0.16717090 -0.15118855 0.83299292
v 0.16320611 -0.15416411 0.88306828
v 0.16472772 -0.15392677 0.88308860
v 0.16460005 -0.15376338 0.88451023
v 0.16318537 -0.15400252 0.88460086
v 0.16318392 -0.15339788 0.88569451
v -0.17797493 -0.16159441 0.88512308
v -0.17794165 -0.16131227 0.88661540
v -0.17934527 -0.16114087 0.88652365
v -0.17948453 -0.16142088 0.88513832
v -0.18054558 -0.16078910 0.88516504
v -0.17851516 -0.16136544 0.83632428
v -0.18002560 -0.16120967 0.83636433
v -0.17992019 -0.16097248 0.83497471
v -0.17851933 -0.16113019 0.83482820
v -0.17850545 -0.16046219 0.83377895
v -0.17781751 -0.10274231 1.03707326
v -0.17740002 -0.10412902 1.03561687
v -0.17763443 -0.10426304 1.03701401
v -0.17700819 -0.10532705 1.03696311
v -0.17684313 -0.10387502 1.03453942
v -0.17688614 -0.10520107 1.03578280
v -0.17778282 -0.10350355 1.08602630
v -0.17759489 -0.10502909 1.08597339
v -0.17836750 -0.09922006 1.08881721
v -0.17690070 -0.10345942 1.08859464
v -0.17684313 -0.10598637 1.08711931
v -0.17696173 -0.07540880 1.08681233
v -0.17649015 -0.07393259 1.08822459
v -0.17669119 -0.07386306 1.08684386
v -0.17600123 -0.07274273 1.08685889
v -0.17596586 -0.07410814 1.08927601
v -0.17590622 -0.07282095 1.08802713
v -0.17698461 -0.07480145 1.03783093
v -0.17672108 -0.07326243 1.03787305
v -0.17777699 -0.07922227 1.03507290
v -0.17608029 -0.07475002 1.03523402
v -0.17591732 -0.07224027 1.03670671
v 0.16352311 -0.09555735 1.03407349
v 0.16328316 -0.09706038 1.03410704
v 0.16443276 -0.09076610 1.03102991
v 0.16279147 -0.09551235 1.03143573
v 0.16257371 -0.09801448 1.03292027
v 0.16411258 -0.06813347 1.03373530
v 0.16377069 -0.06670507 1.03234874
v 0.16392188 -0.06663060 1.03375720
v 0.16328871 -0.06557121 1.03379826
v 0.16327893 -0.06690414 1.03128145
v 0.16323454 -0.06564872 1.03260419
v 0.16223251 -0.06831921 1.08315372
v 0.16205428 -0.06682118 1.08313362
v 0.16188279 -0.06732958 1.08463214
v 0.16124560 -0.06838730 1.08578799
v 0.16126647 -0.06589192 1.08433467
v 0.16161182 -0.09580121 1.08370896
v 0.16118840 -0.09683900 1.08529805
v 0.16137327 -0.09731700 1.08372166
v 0.16070958 -0.09841305 1.08372536
v 0.16051818 -0.09702938 1.08621794
v 0.16081909 -0.06812530 1.03041119
v 0.16082949 -0.06662168 1.03065320
v 0.16365646 -0.07213463 1.02966510
v 0.16337540 -0.06808315 1.03115521
v 0.16263748 -0.06627449 1.03132303
v 0.16023592 -0.09557960 1.03057140
v 0.16160073 -0.09693176 1.03103129
v 0.16020125 -0.09708128 1.03082441
v 0.16015339 -0.09816860 1.03150907
v 0.16265901 -0.09669507 1.03157182
v -0.17431312 -0.10256630 1.03357424
v -0.17435209 -0.10409635 1.03374016
v -0.17686409 -0.09854260 1.03308639
v -0.17692219 -0.10267749 1.03447487
v -0.17557404 -0.10513250 1.03447381
v -0.17346567 -0.07464147 1.03432598
v -0.17483893 -0.07327762 1.03482587
v -0.17342350 -0.07311278 1.03458926
v -0.17340130 -0.07202231 1.03526904
v -0.17593743 -0.07354434 1.03537613
v -0.17459828 -0.07217908 1.03539433
v 0.15884962 -0.06493468 1.08317796
v 0.15877674 -0.06518201 1.08470662
v 0.16018600 -0.06537576 1.08456768
v 0.16036207 -0.06512973 1.08314399
v 0.16143075 -0.06575809 1.08313013
v 0.16058684 -0.06591567 1.08500160
v 0.16070126 -0.06477648 1.03395148
v 0.16221517 -0.06495407 1.03386207
v 0.16216801 -0.06513238 1.03244927
v 0.16076715 -0.06494815 1.03242387
v 0.16081084 -0.06556306 1.03132409
v 0.16199603 -0.06564483 1.03136462
v -0.17340962 -0.07116268 1.03787707
v -0.17339715 -0.07137255 1.03636523
v -0.17481397 -0.07164699 1.03649030
v -0.17493394 -0.07144123 1.03789622
v -0.17603799 -0.07214236 1.03789463
v -0.17336802 -0.07177123 1.08683497
v -0.17489371 -0.07204649 1.08685550
v -0.17480411 -0.07222958 1.08823517
v -0.17338813 -0.07195617 1.08832311
v -0.17342142 -0.07259088 1.08937358
v -0.17526162 -0.07278327 1.08865528
v 0.15799801 -0.09590706 1.08719380
v 0.15799177 -0.09741485 1.08698439
v 0.16073975 -0.09213771 1.08770171
v 0.16057675 -0.09643572 1.08626841
v 0.15920538 -0.09835321 1.08622365
v 0.15976364 -0.06698197 1.08633445
v 0.15871231 -0.06585071 1.08580133
v 0.16117423 -0.06720744 1.08566302
v -0.17352544 -0.07520872 1.09016881
v -0.17346704 -0.07367481 1.08998786
v -0.17652176 -0.07964561 1.09073558
v -0.17611843 -0.07531882 1.08935855
v -0.17461701 -0.07274558 1.08928342
v -0.17429591 -0.10334434 1.08945559
v -0.17572868 -0.10483597 1.08897707
v -0.17432005 -0.10488362 1.08919316
v -0.17434086 -0.10598620 1.08851591
v -0.17681193 -0.10466325 1.08844777
v -0.17553173 -0.10592850 1.08840713
v 0.16000707 -0.09910000 1.03416905
v 0.16008883 -0.09884066 1.03262356
v 0.16149463 -0.09858143 1.03271752
v 0.16152652 -0.09883336 1.03415138
v 0.16261872 -0.09815270 1.03413275
v 0.16166054 -0.09805522 1.03223903
v 0.15809919 -0.09933680 1.08373171
v 0.15961872 -0.09908675 1.08372716
v 0.15945921 -0.09888013 1.08513847
v 0.15804447 -0.09912778 1.08525138
v 0.15800841 -0.09848741 1.08633624
v 0.16055625 -0.09831381 1.08492070
v -0.17437900 -0.10687019 1.08591307
v -0.17436028 -0.10664958 1.08742280
v -0.17576683 -0.10649125 1.08731698
v -0.17589235 -0.10671547 1.08591487
v -0.17696450 -0.10610049 1.08593519
v -0.17442754 -0.10609451 1.03690163
v -0.17593952 -0.10593702 1.03692406
v -0.17581330 -0.10569946 1.03553317
v -0.17440896 -0.10586197 1.03540354
v -0.17438400 -0.10519523 1.03434968
v -0.17426595 -0.04661810 1.23744569
v -0.17386235 -0.04806126 1.23601459
v -0.17408926 -0.04815126 1.23740157
v -0.17346858 -0.04923634 1.23736855
v -0.17331046 -0.04785121 1.23494973
v -0.17335207 -0.04914560 1.23619607
v -0.17442698 -0.04683421 1.28631365
v -0.17425278 -0.04836520 1.28626730
v -0.17489840 -0.04311632 1.28901021
v -0.17354903 -0.04688228 1.28891575
v -0.17351505 -0.04937776 1.28743660
v -0.17370922 -0.01894903 1.28706761
v -0.17325761 -0.01755230 1.28850771
v -0.17347204 -0.01742859 1.28711248
v -0.17280822 -0.01635524 1.28714729
v -0.17272016 -0.01779161 1.28957839
v -0.17270211 -0.01647503 1.28832665
v -0.17362046 -0.01853988 1.23816886
v -0.17338036 -0.01699984 1.23821489
v -0.17431904 -0.02276600 1.23550478
v -0.17269518 -0.01855420 1.23559163
v -0.17258145 -0.01601384 1.23706125
v 0.15858741 -0.04043705 1.23470497
v 0.15835378 -0.04191998 1.23473587
v 0.15951786 -0.03575981 1.23176622
v 0.15785238 -0.04032967 1.23206192
v 0.15764154 -0.04281238 1.23354360
v 0.15888076 -0.01308156 1.23454518
v 0.15853547 -0.01159805 1.23316625
v 0.15866231 -0.01156360 1.23458074
v 0.15800980 -0.01044800 1.23462634
v 0.15806181 -0.01173249 1.23208879
v 0.15683632 -0.01481096 1.28426668
v 0.15661648 -0.01330208 1.28426297
v 0.15647651 -0.01385091 1.28575557
v 0.15586203 -0.01485073 1.28690719
v 0.15580585 -0.01234651 1.28547937
v 0.15652016 -0.04218940 1.28472075
v 0.15610830 -0.04321604 1.28632134
v 0.15627883 -0.04368119 1.28472657
v 0.15561168 -0.04473057 1.28472763
v 0.15543206 -0.04341822 1.28724338
v 0.15562971 -0.01272040 1.23117229
v 0.15561514 -0.01122260 1.23143007
v 0.15858847 -0.01724733 1.23038458
v 0.15817763 -0.01291759 1.23195038
v 0.15675803 -0.01036041 1.23216922
v 0.15529336 -0.04018353 1.23118414
v 0.15666094 -0.04165173 1.23165081
v 0.15526070 -0.04168596 1.23143737
v 0.15521361 -0.04276691 1.23211906
v 0.15772193 -0.04150220 1.23219811
v -0.17077975 -0.04661918 1.23401725
v -0.17082566 -0.04815296 1.23419333
v -0.17332850 -0.04263943 1.23348932
v -0.17338396 -0.04664704 1.23487534
v -0.17204830 -0.04914613 1.23491322
v -0.17007598 -0.01852544 1.23470507
v -0.17147325 -0.01711296 1.23519396
v -0.17005864 -0.01698701 1.23496708
v -0.17005795 -0.01588379 1.23564433
v -0.17257188 -0.01734396 1.23573533
v -0.17125354 -0.01600733 1.23576200
v 0.15335919 -0.01130443 1.28436318
v 0.15329740 -0.01156289 1.28589048
v 0.15471152 -0.01179537 1.28573016
v 0.15487720 -0.01154654 1.28430869
v 0.15596321 -0.01221278 1.28427620
v 0.15445146 -0.01235632 1.28682761
v 0.15540501 -0.00942505 1.23475449
v 0.15692378 -0.00973393 1.23468412
v 0.15690505 -0.00988311 1.23326466
v 0.15550280 -0.00957584 1.23322180
v 0.15557215 -0.01017435 1.23211334
v 0.15797720 -0.01049795 1.23342720
v -0.17010442 -0.01498782 1.23824315
v -0.17007251 -0.01521768 1.23673670
v -0.17148572 -0.01545165 1.23685247
v -0.17162387 -0.01522099 1.23825193
v -0.17271614 -0.01589260 1.23824251
v -0.17019734 -0.01555191 1.28718454
v -0.17171749 -0.01572990 1.28717142
v -0.17161277 -0.01595969 1.28856189
v -0.17020151 -0.01577913 1.28868369
v -0.17021052 -0.01643961 1.28973966
v -0.17140389 -0.01651720 1.28962167
v 0.15291952 -0.04221011 1.28824739
v 0.15290488 -0.04370201 1.28803036
v 0.15573656 -0.03867458 1.28871753
v 0.15549340 -0.04283189 1.28729602
v 0.15427779 -0.01338078 1.28750140
v 0.15325517 -0.01223741 1.28697936
v 0.15575523 -0.01366531 1.28679259
v -0.17024589 -0.01906091 1.29053002
v -0.17022508 -0.01753357 1.29035415
v -0.17311538 -0.02322637 1.29102171
v -0.17284512 -0.01898866 1.28965278
v -0.17094702 -0.04694553 1.28983987
v -0.17239504 -0.04833026 1.28932866
v -0.17098932 -0.04847039 1.28957712
v -0.17102052 -0.04955443 1.28889712
v -0.17347399 -0.04808335 1.28877131
v -0.17220988 -0.04942004 1.28876136
v 0.15507837 -0.04367605 1.23477100
v 0.15515390 -0.04342851 1.23322963
v 0.15656108 -0.04328701 1.23333175
v 0.15659852 -0.04353862 1.23476402
v 0.15769079 -0.04295386 1.23475460
v 0.15640289 -0.04272040 1.23222297
v 0.15299581 -0.04550316 1.28474085
v 0.15451734 -0.04533723 1.28473038
v 0.15436130 -0.04517168 1.28615471
v 0.15294448 -0.04534930 1.28627693
v 0.15291397 -0.04474890 1.28737322
v 0.15546119 -0.04466197 1.28593185
v 0.15411165 -0.04466896 1.28725121
v -0.17105728 -0.05039654 1.28628476
v -0.17104272 -0.05019744 1.28779999
v -0.17244559 -0.04994869 1.28766147
v -0.17256841 -0.05014699 1.28625153
v -0.17363348 -0.04946925 1.28624656
v -0.17089279 -0.05006519 1.23734855
v -0.17240336 -0.04987393 1.23734971
v -0.17228407 -0.04967869 1.23596697
v -0.17088113 -0.04987517 1.23585798
v -0.17085956 -0.04923851 1.23480666
v -0.17149266 0.00581679 1.43874891
v -0.17111693 0.00447609 1.43729527
v -0.17131859 0.00430720 1.43870171
v -0.17069944 0.00323662 1.43867187
v -0.17058084 0.00474622 1.43621908
v -0.17060373 0.00339599 1.43748204
v -0.17080276 0.00444953 1.48794300
v -0.17062592 0.00294215 1.48789337
v -0.17135433 0.00861434 1.49091901
v -0.16995393 0.00436048 1.49056087
v -0.16990330 0.00193880 1.48906543
v -0.17009956 0.03209171 1.48872755
v -0.16961273 0.03345744 1.49016722
v -0.16983394 0.03360713 1.48875633
v -0.16914600 0.03470162 1.48877908
v -0.16907040 0.03321999 1.49125049
v -0.17055727 0.03350009 1.43949938
v -0.17027563 0.03502019 1.43954785
v -0.17140952 0.02935733 1.43666806
v -0.16972646 0.03358972 1.43689717
v -0.16949483 0.03603735 1.43838457
v 0.15275717 0.00799178 1.43721188
v 0.15251729 0.00648904 1.43725188
v 0.15349443 0.01207238 1.43418624
v 0.15197143 0.00799152 1.43461719
v 0.15177941 0.00553179 1.43609104
v 0.15349513 0.03589661 1.43705029
v 0.15313242 0.03729972 1.43571126
v 0.15332730 0.03744959 1.43708987
v 0.15271078 0.03858845 1.43714215
v 0.15260467 0.03707285 1.43466364
v 0.15261992 0.03843942 1.43597242
v 0.15196380 0.03666549 1.48602820
v 0.15179813 0.03818350 1.48602904
v 0.15163237 0.03773309 1.48751159
v 0.15101170 0.03668568 1.48866776
v 0.15103244 0.03917201 1.48725041
v 0.15144576 0.00910564 1.48645634
v 0.15102117 0.00807666 1.48804733
v 0.15120935 0.00759869 1.48646460
v 0.15054429 0.00653036 1.48647793
v 0.15034594 0.00790331 1.48898141
v 0.15009629 0.03597457 1.43377751
v 0.15013651 0.03752160 1.43402851
v 0.15290519 0.03109497 1.43295145
v 0.15267956 0.03585338 1.43452576
v 0.15134313 0.03846800 1.43474999
v 0.14939780 0.00810091 1.43378746
v 0.15077037 0.00663927 1.43423285
v 0.14936673 0.00659242 1.43403645
v 0.14932858 0.00551994 1.43471243
v 0.15184036 0.00681152 1.43475518
v 0.15051933 0.00557531 1.43480385
v -0.16806414 0.00601571 1.43529528
v -0.16810714 0.00449484 1.43546851
v -0.17071885 0.01027321 1.43474932
v -0.17065561 0.00593722 1.43614638
v -0.16931930 0.00347181 1.43618956
v -0.16713762 0.03364681 1.43600893
v -0.16848371 0.03502381 1.43649929
v -0.16707383 0.03515415 1.43627284
v -0.16702043 0.03621343 1.43695728
v -0.16956834 0.03477892 1.43704299
v -0.16821463 0.03609034 1.43707358
v 0.14861497 0.04016867 1.48616576
v 0.14855526 0.03995508 1.48768099
v 0.14996036 0.03972600 1.48751210
v 0.15012402 0.03993772 1.48609963
v 0.15118508 0.03927487 1.48605349
v 0.14968990 0.03919011 1.48860416
v 0.15013720 0.03962611 1.43727125
v 0.15164757 0.03931281 1.43720363
v 0.15155673 0.03904450 1.43581898
v 0.15015662 0.03934603 1.43577623
v 0.15015593 0.03864501 1.43469528
v -0.16693998 0.03699322 1.43958361
v -0.16697535 0.03682584 1.43806119
v -0.16839148 0.03659372 1.43817568
v -0.16846706 0.03676523 1.43959007
v -0.16957875 0.03610822 1.43957874
v -0.16651418 0.03562621 1.48880003
v -0.16803918 0.03537466 1.48879368
v -0.16793029 0.03511357 1.49020108
v -0.16651279 0.03535860 1.49031695
v -0.16652804 0.03467543 1.49139028
v -0.16903503 0.03455675 1.48997177
v -0.16772433 0.03454450 1.49127674
v 0.14782994 0.00909765 1.49000373
v 0.14781676 0.00759067 1.48978934
v 0.15053159 0.01249715 1.49043950
v 0.15040628 0.00849548 1.48903310
v 0.14902615 0.00662134 1.48900670
v 0.14947733 0.03817181 1.48928065
v 0.14849770 0.03930796 1.48876268
v 0.15094582 0.03787816 1.48855495
v -0.16660919 0.03205814 1.49221715
v -0.16655994 0.03357612 1.49202223
v -0.16951426 0.02772387 1.49276115
v -0.16921674 0.03202700 1.49133970
v -0.16735955 0.00440000 1.49146933
v -0.16880480 0.00297115 1.49096489
v -0.16740047 0.00289565 1.49120044
v -0.16742529 0.00184293 1.49051113
v -0.16987834 0.00317930 1.49041283
v -0.16861340 0.00191975 1.49038785
v 0.14923566 0.00469267 1.43733749
v 0.14928489 0.00488505 1.43581284
v 0.15069339 0.00503846 1.43590035
v 0.15075649 0.00483852 1.43731643
v 0.15185014 0.00543740 1.43728744
v 0.14793188 0.00570296 1.48652195
v 0.14945203 0.00589923 1.48649634
v 0.14928350 0.00609542 1.48791411
v 0.14786668 0.00589269 1.48804744
v 0.14782855 0.00652200 1.48913664
v 0.15038409 0.00662470 1.48767676
v -0.16742682 0.00108807 1.48787591
v -0.16743375 0.00124100 1.48940299
v -0.16883600 0.00141981 1.48928035
v -0.16893794 0.00126039 1.48785983
v -0.17000455 0.00187864 1.48786586
v -0.16812309 0.00241734 1.43867155
v -0.16963422 0.00260716 1.43866193
v -0.16953852 0.00288279 1.43725760
v -0.16813766 0.00269554 1.43715633
v -0.16813141 0.00338821 1.43608903
v -0.16965488 0.05523303 1.64086260
v -0.16929856 0.05388362 1.63941435
v -0.16952674 0.05372081 1.64081910
v -0.16893726 0.05264302 1.64079731
v -0.16873961 0.05414303 1.63834356
v -0.16882006 0.05279659 1.63960726
v -0.16913075 0.05371317 1.69012230
v -0.16897331 0.05218871 1.69007838
v -0.16959323 0.05798441 1.69294881
v -0.16821880 0.05372137 1.69271688
v -0.16823058 0.05121501 1.69124335
v -0.16793446 0.08163519 1.69084473
v -0.16742959 0.08305145 1.69226662
v -0.16764804 0.08316103 1.69086166
v -0.16694622 0.08426544 1.69087584
v -0.16689137 0.08284402 1.69334619
v -0.16683804 0.08415423 1.69206302
v -0.16798439 0.08285540 1.64157085
v -0.16770074 0.08436793 1.64162090
v -0.16886151 0.07866349 1.63878675
v -0.16708839 0.08295302 1.63896631
v -0.16688727 0.08538252 1.64045847
v 0.14638537 0.06390726 1.63782050
v 0.14608433 0.06239306 1.63785288
v 0.14755318 0.06904322 1.63478536
v 0.14564680 0.06388104 1.63523078
v 0.14532911 0.06140394 1.63669077
v 0.14757473 0.09165436 1.63784219
v 0.14724046 0.09307274 1.63650379
v 0.14738818 0.09317914 1.63789521
v 0.14675709 0.09426184 1.63796230
v 0.14674947 0.09285192 1.63544951
v 0.14670702 0.09415665 1.63677934
v 0.14576331 0.09179645 1.68697554
v 0.14560373 0.09330766 1.68698560
v 0.14544557 0.09280820 1.68846963
v 0.14481183 0.09175815 1.68962727
v 0.14484304 0.09426385 1.68822051
v 0.14480698 0.06417093 1.68724983
v 0.14439428 0.06316271 1.68883590
v 0.14454067 0.06265229 1.68725977
v 0.14385549 0.06156293 1.68727501
v 0.14373274 0.06298576 1.68976642
v 0.14428268 0.09162807 1.63457692
v 0.14430058 0.09315404 1.63483533
v 0.14715669 0.08701695 1.63368790
v 0.14684025 0.09165315 1.63530263
v 0.14547204 0.09414631 1.63555586
v 0.14308780 0.06384459 1.63443036
v 0.14439566 0.06245848 1.63484951
v 0.14299070 0.06233277 1.63466983
v 0.14289777 0.06125632 1.63533871
v 0.14546503 0.06269147 1.63536263
v 0.14409122 0.06137907 1.63541639
v -0.16616951 0.05537964 1.63743627
v -0.16626313 0.05385925 1.63761140
v -0.16858340 0.05942794 1.63686661
v -0.16877567 0.05533557 1.63826854
v -0.16751559 0.05285288 1.63832494
v -0.16447806 0.08298037 1.63809552
v -0.16582831 0.08437041 1.63857563
v -0.16441218 0.08448327 1.63835880
v -0.16437321 0.08553644 1.63904462
v -0.16692819 0.08413690 1.63911361
v -0.16557171 0.08542829 1.63915245
v 0.14242120 0.09527426 1.68714422
v 0.14236656 0.09503408 1.68866474
v 0.14377158 0.09480839 1.68848971
v 0.14393177 0.09504728 1.68707152
v 0.14499283 0.09439112 1.68701829
v 0.14350112 0.09424959 1.68958494
v 0.14417034 0.09510077 1.63812441
v 0.14568418 0.09490257 1.63803849
v 0.14564326 0.09468935 1.63663712
v 0.14424316 0.09489093 1.63660908
v 0.14428685 0.09424168 1.63551289
v -0.16436904 0.08629511 1.64167794
v -0.16436002 0.08614027 1.64015064
v -0.16577906 0.08592580 1.64025678
v -0.16589557 0.08608681 1.64167487
v -0.16700516 0.08544422 1.64165603
v -0.16430316 0.08520967 1.69089203
v -0.16583177 0.08494901 1.69088663
v -0.16572705 0.08472779 1.69228768
v -0.16430677 0.08498657 1.69240154
v -0.16433173 0.08432904 1.69347381
v -0.16552941 0.08418571 1.69336206
v 0.14125280 0.06416723 1.69079107
v 0.14121105 0.06265105 1.69057764
v 0.14405641 0.06779611 1.69124626
v 0.14380418 0.06358147 1.68981785
v 0.14239075 0.06167881 1.68979500
v 0.14218139 0.09176164 1.69060695
v 0.14365992 0.09315906 1.69011542
v 0.14224783 0.09327425 1.69039542
v 0.14230899 0.09436594 1.68974833
v 0.14475281 0.09294520 1.68952368
v -0.16444477 0.08171797 1.69430756
v -0.16437820 0.08323979 1.69411084
v -0.16739341 0.07751902 1.69484452
v -0.16705302 0.08164519 1.69343825
v -0.16560291 0.05378751 1.69361741
v -0.16707383 0.05232923 1.69312154
v -0.16566533 0.05225606 1.69335519
v -0.16571734 0.05116096 1.69267635
v -0.16815845 0.05252198 1.69257382
v -0.16690739 0.05124146 1.69255360
v 0.14272509 0.06040368 1.63796304
v 0.14280900 0.06061424 1.63643627
v 0.14422513 0.06084871 1.63650770
v 0.14425488 0.06064088 1.63792399
v 0.14537425 0.06130394 1.63788780
v 0.14122499 0.06067900 1.68733099
v 0.14275006 0.06090527 1.68729903
v 0.14261615 0.06113273 1.68870802
v 0.14119732 0.06090834 1.68884601
v 0.14119239 0.06156521 1.68992822
v 0.14372234 0.06167944 1.68846813
v -0.16579571 0.05028470 1.69007320
v -0.16576103 0.05050390 1.69158250
v -0.16716329 0.05069112 1.69145901
v -0.16730477 0.05047345 1.69005425
v -0.16836443 0.05110855 1.69005552
v -0.16638449 0.05179143 1.64081561
v -0.16788938 0.05199934 1.64079593
v -0.16776663 0.05227093 1.63939213
v -0.16636993 0.05206614 1.63930049
v -0.16632971 0.05275495 1.63823267
v -0.16488862 0.10977238 1.84165714
v -0.16445518 0.10844939 1.84020572
v -0.16467141 0.10827617 1.84161439
v -0.16402174 0.10724099 1.84158518
v -0.16391495 0.10873765 1.83912721
v -0.16391286 0.10739760 1.84039344
v -0.16565770 0.10639353 1.89144138
v -0.16546560 0.10489976 1.89138869
v -0.16623770 0.10981443 1.89429304
v -0.16489264 0.10628562 1.89406634
v -0.16477273 0.10390400 1.89255715
v -0.16494341 0.13385948 1.89226233
v -0.16452383 0.13519000 1.89371248
v -0.16470186 0.13536873 1.89228963
v -0.16403616 0.13647375 1.89230276
v -0.16401480 0.13494206 1.89480221
v -0.16474853 0.13729909 1.84232994
v -0.16452314 0.13881855 1.84237354
v -0.16546423 0.13307153 1.83949780
v -0.16389622 0.13751596 1.83969355
v -0.16376931 0.13991881 1.84118793
v 0.14220705 0.11386484 1.84003916
v 0.14200663 0.11236384 1.84005884
v 0.14295774 0.11854948 1.83706663
v 0.14143519 0.11393047 1.83743029
v 0.14130335 0.11143170 1.83887917
v 0.14209054 0.14144806 1.84012360
v 0.14167853 0.14289397 1.83876784
v 0.14185128 0.14296530 1.84017037
v 0.14118206 0.14405084 1.84022900
v 0.14117367 0.14270736 1.83770436
v 0.14111063 0.14397439 1.83903832
v 0.13996844 0.13957500 1.88981536
v 0.13975345 0.14107853 1.88983441
v 0.13957162 0.14052684 1.89132445
v 0.13892542 0.13949759 1.89247397
v 0.13891363 0.14200588 1.89107948
v 0.13955712 0.11207170 1.88992647
v 0.13908505 0.11102016 1.89152098
v 0.13931786 0.11055803 1.88992880
v 0.13865280 0.10946140 1.88994340
v 0.13837748 0.11079105 1.89246212
v 0.13873192 0.14155520 1.83682627
v 0.13870072 0.14306365 1.83707833
v 0.14164627 0.13728303 1.83598748
v 0.14130412 0.14151784 1.83756277
v 0.13985054 0.14401354 1.83780171
v 0.13886577 0.11398021 1.83661378
v 0.14027489 0.11256011 1.83702944
v 0.13887617 0.11247297 1.83684320
v 0.13886501 0.11138329 1.83750859
v 0.14133671 0.11274865 1.83755346
v 0.14005165 0.11147649 1.83759134
v -0.16142806 0.11011237 1.83818330
v -0.16142389 0.10858976 1.83836107
v -0.16427321 0.11423344 1.83766520
v -0.16402583 0.10992396 1.83905038
v -0.16261325 0.10752242 1.83909356
v -0.16129906 0.13773956 1.83877821
v -0.16270063 0.13902357 1.83927789
v -0.16129213 0.13923812 1.83903790
v -0.16128589 0.14028320 1.83972297
v -0.16378179 0.13870178 1.83983726
v -0.16247732 0.14008801 1.83985228
v 0.13649810 0.14296112 1.89002764
v 0.13639691 0.14271530 1.89154847
v 0.13781443 0.14252186 1.89136012
v 0.13801693 0.14276831 1.88994086
v 0.13910225 0.14214234 1.88987674
v 0.13752455 0.14195710 1.89245429
v 0.13856480 0.14491920 1.84038328
v 0.14008557 0.14470317 1.84030053
v 0.14002323 0.14452539 1.83888954
v 0.13861390 0.14474576 1.83885716
v 0.13865981 0.14412756 1.83775579
v -0.16126439 0.14099541 1.84236825
v -0.16127688 0.14087049 1.84083302
v -0.16268536 0.14054944 1.84096402
v -0.16278245 0.14066959 1.84239280
v -0.16386848 0.13994288 1.84239491
v -0.16142320 0.13747168 1.89230572
v -0.16294335 0.13717512 1.89230805
v -0.16287539 0.13688316 1.89373174
v -0.16146620 0.13716676 1.89383947
v -0.16150365 0.13646121 1.89492792
v -0.16396071 0.13630195 1.89350804
v -0.16269507 0.13629671 1.89482020
v 0.13583379 0.11188411 1.89351926
v 0.13582340 0.11038280 1.89329598
v 0.13732687 0.11093176 1.89316804
v 0.13849891 0.11197548 1.89257154
v 0.13705574 0.10946270 1.89249365
v 0.13626439 0.13943849 1.89347523
v 0.13786312 0.14048965 1.89305742
v 0.13628111 0.14095520 1.89327016
v 0.13632473 0.14204689 1.89262868
v 0.13882617 0.14068499 1.89237704
v -0.16156952 0.13384196 1.89575797
v -0.16153763 0.13535317 1.89556750
v -0.16449443 0.12922332 1.89633517
v -0.16414657 0.13375138 1.89488962
v -0.16232337 0.10638017 1.89495226
v -0.16374365 0.10492934 1.89445745
v -0.16234486 0.10488764 1.89467713
v -0.16233931 0.10385194 1.89398126
v -0.16480248 0.10511568 1.89391481
v -0.16352520 0.10389876 1.89387227
v 0.13877700 0.11045515 1.84014286
v 0.13883241 0.11071015 1.83860827
v 0.14023405 0.11091115 1.83868594
v 0.14029161 0.11066113 1.84010815
v 0.14136791 0.11129652 1.84008149
v 0.13603977 0.10853175 1.89001346
v 0.13756061 0.10878466 1.88997155
v 0.13734625 0.10895910 1.89139377
v 0.13592534 0.10870585 1.89154170
v 0.13585391 0.10932291 1.89263672
v 0.13845453 0.10953423 1.89114763
v -0.16224361 0.10314287 1.89133239
v -0.16230533 0.10327101 1.89286614
v -0.16370683 0.10341411 1.89276032
v -0.16375821 0.10327482 1.89133472
v -0.16483244 0.10386051 1.89135271
v -0.16142181 0.10654716 1.84156571
v -0.16293850 0.10666652 1.84156888
v -0.16282892 0.10693541 1.84016360
v -0.16142042 0.10680917 1.84005165
v -0.16142112 0.10748951 1.83898414
v -0.16295445 0.16365755 2.04270311
v -0.16255915 0.16222735 2.04128026
v -0.16274571 0.16212227 2.04267263
v -0.16210005 0.16100302 2.04266480
v -0.16203897 0.16242407 2.04022185
v -0.16201684 0.16111175 2.04148449
v -0.16082401 0.16293994 2.09181646
v -0.16068671 0.16142042 2.09176990
v -0.16049836 0.16184420 2.09325311
v -0.15984619 0.16290459 2.09441517
v -0.15993010 0.16043064 2.09293074
v -0.15992455 0.19071654 2.09247063
v -0.15950653 0.19172855 2.09406248
v -0.15968252 0.19223447 2.09248989
v -0.15901468 0.19332853 2.09250809
v -0.15884754 0.19187748 2.09498660
v -0.16247316 0.19148754 2.04324533
v -0.16222072 0.19300017 2.04328511
v -0.16331362 0.18721554 2.04039027
v -0.16168466 0.19147077 2.04066714
v -0.16147521 0.19395498 2.04212999
v 0.13564100 0.16364882 2.04220703
v 0.13542810 0.16215200 2.04222099
v 0.13628893 0.16782834 2.03935392
v 0.13481158 0.16374855 2.03959709
v 0.13469084 0.16123846 2.04103836
v 0.13586493 0.19123886 2.04238734
v 0.13546070 0.19268504 2.04102650
v 0.13566528 0.19276039 2.04242777
v 0.13502656 0.19385684 2.04248194
v 0.13492740 0.19250282 2.03996344
v 0.13492879 0.19377366 2.04129296
v 0.13642390 0.19051315 2.09173836
v 0.13621661 0.19202558 2.09176397
v 0.13713077 0.18559781 2.09449113
v 0.13548705 0.19107312 2.09434131
v 0.13545508 0.19297986 2.09300756
v 0.13596279 0.16291486 2.09178196
v 0.13547865 0.16147285 2.09320608
v 0.13568671 0.16139905 2.09178344
v 0.13499258 0.16030112 2.09179910
v 0.13494820 0.16165423 2.09431189
v 0.13489203 0.16038302 2.09299994
v 0.13243011 0.19138151 2.03908810
v 0.13244606 0.19289023 2.03933530
v 0.13521874 0.18704229 2.03824369
v 0.13502233 0.19131204 2.03982545
v 0.13364165 0.19382604 2.04005487
v 0.13222552 0.16382025 2.03879541
v 0.13363263 0.16239116 2.03919604
v 0.13222830 0.16231333 2.03901826
v 0.13222276 0.16121825 2.03967921
v 0.13470617 0.16256909 2.03971540
v 0.13341210 0.16130397 2.03975540
v -0.15956116 0.16351390 2.03933995
v -0.15956247 0.16198782 2.03952090
v -0.16234992 0.16794386 2.03873120
v -0.16214444 0.16362818 2.04013910
v -0.16074219 0.16105783 2.04022482
v -0.15910831 0.19134823 2.03983201
v -0.16047173 0.19282991 2.04028132
v -0.15906669 0.19286970 2.04007857
v -0.15902162 0.19395181 2.04074905
v -0.16154456 0.19266203 2.04080428
v -0.16021305 0.19390250 2.04084640
v 0.13297728 0.19393948 2.09197201
v 0.13296605 0.19371504 2.09348438
v 0.13437399 0.19350980 2.09329179
v 0.13449326 0.19373731 2.09187932
v 0.13557291 0.19309980 2.09180990
v 0.13414583 0.19295996 2.09438046
v 0.13243482 0.19476678 2.04263030
v 0.13395012 0.19452599 2.04254861
v 0.13385303 0.19433937 2.04113994
v 0.13244814 0.19458175 2.04110650
v 0.13245216 0.19395710 2.04000831
v -0.15892376 0.19479942 2.04335813
v -0.15897446 0.19459556 2.04184153
v -0.16038503 0.19444720 2.04193613
v -0.16044606 0.19465646 2.04334353
v -0.16154525 0.19405657 2.04331877
v -0.15639895 0.19423043 2.09253307
v -0.15791965 0.19399456 2.09252312
v -0.15776840 0.19375340 2.09393010
v -0.15635171 0.19398609 2.09404861
v -0.15632814 0.19331742 2.09512501
v -0.15886835 0.19319943 2.09370110
v -0.15752574 0.19319594 2.09500903
v 0.13250424 0.16276549 2.09537453
v 0.13244322 0.16125587 2.09515083
v 0.13538042 0.16648302 2.09581665
v 0.13510424 0.16284253 2.09442195
v 0.13359379 0.16032471 2.09434660
v 0.13293006 0.19045104 2.09539421
v 0.13435040 0.19187389 2.09489813
v 0.13294122 0.19197304 2.09519591
v 0.13295356 0.19306028 2.09455888
v 0.13543712 0.19166934 2.09429560
v -0.15634131 0.19070606 2.09596310
v -0.15632543 0.19222425 2.09576374
v -0.15899379 0.18667596 2.09653578
v -0.15821733 0.19223817 2.09502104
v -0.15721020 0.16292189 2.09529686
v -0.15871225 0.16149899 2.09480988
v -0.15730104 0.16140233 2.09503020
v -0.15738628 0.16032524 2.09434639
v -0.15980665 0.16171179 2.09426914
v -0.15857708 0.16042328 2.09423549
v 0.13218523 0.16026852 2.04231369
v 0.13220805 0.16053551 2.04077804
v 0.13361377 0.16072619 2.04084936
v 0.13370121 0.16046260 2.04227179
v 0.13478239 0.16109011 2.04224216
v 0.13235452 0.15936641 2.09187699
v 0.13388160 0.15962287 2.09182937
v 0.13378583 0.15980937 2.09324862
v 0.13236769 0.15955435 2.09340100
v 0.13239682 0.16018508 2.09449284
v -0.15753891 0.15949662 2.09173032
v -0.15746610 0.15968995 2.09324544
v -0.15886696 0.15989646 2.09313751
v -0.15904450 0.15970096 2.09172736
v -0.16009377 0.16034133 2.09174006
v -0.15950152 0.16001170 2.04271115
v -0.16101820 0.16029926 2.04267771
v -0.16093900 0.16051831 2.04128470
v -0.15953341 0.16023741 2.04120619
v -0.15955284 0.16089529 2.04014333
v -0.15584699 0.21752585 2.24372093
v -0.15545017 0.21612532 2.24228813
v -0.15568250 0.21600252 2.24368685
v -0.15506951 0.21491300 2.24366675
v -0.15489259 0.21635432 2.24121872
v -0.15494669 0.21503512 2.24248263
v -0.15644118 0.21753251 2.29263830
v -0.15626018 0.21599802 2.29259216
v -0.15699472 0.22168682 2.29536299
v -0.15555489 0.21754124 2.29521585
v -0.15551535 0.21501406 2.29374285
v -0.15579623 0.24550763 2.29322412
v -0.15534684 0.24693524 2.29464210
v -0.15555143 0.24703164 2.29324190
v -0.15488081 0.24811360 2.29325819
v -0.15481423 0.24672075 2.29572040
v -0.15478372 0.24801518 2.29444231
v -0.15478164 0.24536917 2.24418209
v -0.15451950 0.24689138 2.24420622
v -0.15556147 0.24109626 2.24136830
v -0.15392031 0.24535859 2.24159163
v -0.15373792 0.24785952 2.24303141
v 0.13416455 0.22201174 2.24205470
v 0.13390997 0.22050302 2.24206972
v 0.13511645 0.22669850 2.23915406
v 0.13341897 0.22204121 2.23947185
v 0.13318463 0.21955001 2.24089999
v 0.13494397 0.24975263 2.24224305
v 0.13458404 0.25118331 2.24088391
v 0.13474840 0.25127876 2.24227967
v 0.13411046 0.25237987 2.24233215
v 0.13407855 0.25098347 2.23982677
v 0.13404519 0.25227992 2.24114740
v 0.13196193 0.24859269 2.29172593
v 0.13175742 0.25009771 2.29175873
v 0.13160177 0.24956546 2.29323800
v 0.13098479 0.24849814 2.29439321
v 0.13095504 0.25101749 2.29301862
v 0.13164014 0.22108979 2.29165693
v 0.13123879 0.22002510 2.29325304
v 0.13140304 0.21958202 2.29165651
v 0.13073867 0.21849568 2.29166942
v 0.13057430 0.21979768 2.29419723
v 0.13160477 0.24984401 2.23896710
v 0.13161448 0.25136426 2.23920667
v 0.13438416 0.24541333 2.23811384
v 0.13417564 0.24978655 2.23969302
v 0.13279003 0.25231420 2.23991693
v 0.13085718 0.22208539 2.23869323
v 0.13221374 0.22065593 2.23908202
v 0.13081204 0.22057043 2.23891292
v 0.13075670 0.21948652 2.23956751
v 0.13327749 0.22085376 2.23958974
v 0.13194597 0.21957615 2.23963693
v -0.15235453 0.21756632 2.24029238
v -0.15240654 0.21604204 2.24047164
v -0.15489390 0.22145956 2.23975987
v -0.15496056 0.21755177 2.24113851
v -0.15363668 0.21505126 2.24119798
v -0.15132392 0.24533494 2.24071566
v -0.15269143 0.24676053 2.24117534
v -0.15128086 0.24685461 2.24094952
v -0.15125034 0.24793952 2.24161237
v -0.15377745 0.24655413 2.24171819
v -0.15244385 0.24784360 2.24172898
v 0.12852495 0.25197474 2.29199831
v 0.12845637 0.25171209 2.29352062
v 0.12986756 0.25152834 2.29331470
v 0.13004024 0.25178749 2.29189439
v 0.13111725 0.25116220 2.29181418
v 0.12960125 0.25095310 2.29440993
v 0.13151677 0.25330600 2.24248221
v 0.13303207 0.25305478 2.24239924
v 0.13297375 0.25284759 2.24099671
v 0.13157017 0.25309552 2.24096497
v 0.13160276 0.25244817 2.23987291
v -0.15121844 0.24881179 2.24421384
v -0.15122885 0.24859148 2.24270019
v -0.15264226 0.24839000 2.24281702
v -0.15274081 0.24861179 2.24422336
v -0.15384056 0.24797185 2.24421934
v -0.15226285 0.24895835 2.29327576
v -0.15378439 0.24875550 2.29327131
v -0.15369146 0.24854867 2.29466982
v -0.15227880 0.24875063 2.29478326
v -0.15229683 0.24810444 2.29585479
v -0.15349034 0.24800963 2.29574241
v 0.12807077 0.22089196 2.29527511
v 0.12805691 0.21939673 2.29504548
v 0.12955273 0.21992804 2.29490730
v 0.13069560 0.22097783 2.29430961
v 0.12925735 0.21848150 2.29423173
v 0.12835096 0.24841624 2.29542728
v 0.12994013 0.24949447 2.29499635
v 0.12837100 0.24993443 2.29523511
v 0.12840560 0.25103252 2.29459914
v 0.13089054 0.24968671 2.29430834
v -0.15234607 0.24549747 2.29669288
v -0.15231834 0.24701974 2.29649077
v -0.15507361 0.24129617 2.29731123
v -0.15494460 0.24552451 2.29581648
v -0.15294664 0.21753537 2.29607849
v -0.15439119 0.21611363 2.29560358
v -0.15298340 0.21600141 2.29581479
v -0.15301383 0.21490396 2.29513522
v -0.15547513 0.21633495 2.29507109
v -0.15420395 0.21501475 2.29503130
v 0.13061100 0.21860325 2.24217956
v 0.13068942 0.21883155 2.24065703
v 0.13209785 0.21902610 2.24071904
v 0.13213316 0.21879822 2.24213004
v 0.13323318 0.21943134 2.24209491
v 0.12812695 0.21759590 2.29174603
v 0.12964703 0.21783325 2.29169990
v 0.12949869 0.21798944 2.29312676
v 0.12808395 0.21774653 2.29328126
v 0.12806106 0.21834775 2.29438094
v 0.13059581 0.21855563 2.29287682
v -0.15305413 0.21402269 2.29253164
v -0.15303763 0.21424375 2.29404020
v -0.15444252 0.21446364 2.29394179
v -0.15456672 0.21424020 2.29254031
v -0.15563541 0.21489962 2.29256000
v -0.15249864 0.21403804 2.24366484
v -0.15400846 0.21425872 2.24366082
v -0.15388015 0.21449369 2.24226274
v -0.15247783 0.21427803 2.24215734
v -0.15244732 0.21494565 2.24109280
v -0.15389042 0.27314741 2.44426193
v -0.15350075 0.27168292 2.44284500
v -0.15367620 0.27160520 2.44423251
v -0.15302778 0.27048621 2.44421748
v -0.15299033 0.27186446 2.44178618
v -0.15295440 0.27057139 2.44304310
v -0.15307223 0.27336016 2.49311729
v -0.15283304 0.27183075 2.49306883
v -0.15373302 0.27795969 2.49608515
v -0.15213455 0.27333709 2.49569759
v -0.15202983 0.27083425 2.49421824
v -0.15341406 0.30124592 2.49368533
v -0.15292168 0.30266273 2.49510183
v -0.15319713 0.30276697 2.49370099
v -0.15254580 0.30384955 2.49371094
v -0.15233359 0.30244575 2.49617568
v -0.15238767 0.30374484 2.49489612
v -0.15395222 0.30113195 2.44462002
v -0.15373099 0.30265358 2.44463674
v -0.15462391 0.29725137 2.44209897
v -0.15308881 0.30106232 2.44203993
v -0.15296813 0.30359373 2.44346257
v 0.12756869 0.27319926 2.44390891
v 0.12736889 0.27169144 2.44391632
v 0.12822871 0.27720990 2.44134802
v 0.12673919 0.27326424 2.44132988
v 0.12663655 0.27074901 2.44274913
v 0.12714842 0.30077666 2.44427230
v 0.12676214 0.30221893 2.44290744
v 0.12691950 0.30228194 2.44431060
v 0.12626145 0.30335040 2.44437113
v 0.12626560 0.30203268 2.44184861
v 0.12620388 0.30328204 2.44317812
v 0.12579811 0.30036174 2.49349993
v 0.12556517 0.30188364 2.49353655
v 0.12644787 0.29625059 2.49623865
v 0.12493894 0.30034889 2.49614457
v 0.12480017 0.30285501 2.49478797
v 0.12641117 0.27255937 2.49337930
v 0.12599229 0.27115192 2.49479326
v 0.12623224 0.27103568 2.49338120
v 0.12560802 0.26994288 2.49339983
v 0.12542847 0.27137091 2.49589442
v 0.12547911 0.27005907 2.49459178
v 0.12382032 0.30086110 2.44100946
v 0.12380084 0.30236078 2.44124798
v 0.12667231 0.29653330 2.44009374
v 0.12638689 0.30085222 2.44171401
v 0.12495620 0.30331236 2.44195125
v 0.12414974 0.27326498 2.44059020
v 0.12556433 0.27186509 2.44094724
v 0.12415938 0.27175239 2.44080015
v 0.12416152 0.27065817 2.44145073
v 0.12664001 0.27207694 2.44144036
v 0.12535142 0.27077219 2.44150131
v -0.15052217 0.27296995 2.44087211
v -0.15052294 0.27143943 2.44105475
v -0.15325551 0.27709842 2.44031292
v -0.15309713 0.27307180 2.44170237
v -0.15169411 0.27050462 2.44177284
v -0.15049027 0.30096253 2.44117200
v -0.15189183 0.30243506 2.44161940
v -0.15048263 0.30249612 2.44139909
v -0.15047640 0.30359976 2.44205411
v -0.15297500 0.30226231 2.44215908
v -0.15166853 0.30353024 2.44216713
v 0.12229594 0.30383315 2.49377866
v 0.12230218 0.30360791 2.49528765
v 0.12371284 0.30339373 2.49508342
v 0.12381547 0.30361738 2.49367517
v 0.12490413 0.30296813 2.49359432
v 0.12350409 0.30284453 2.49616870
v 0.12365458 0.30418669 2.44454954
v 0.12517334 0.30398394 2.44444965
v 0.12512535 0.30381585 2.44303738
v 0.12371964 0.30402415 2.44301897
v 0.12376831 0.30341564 2.44191845
v -0.15047091 0.30451722 2.44464203
v -0.15047230 0.30427426 2.44313474
v -0.15188212 0.30410108 2.44324691
v -0.15198961 0.30434516 2.44464817
v -0.15307632 0.30372426 2.44464605
v -0.14994310 0.30469605 2.49370353
v -0.15146117 0.30449262 2.49371284
v -0.15129403 0.30428008 2.49511178
v -0.14987929 0.30448463 2.49521061
v -0.14983491 0.30383728 2.49628341
v -0.15103189 0.30374003 2.49618309
v 0.12289658 0.27255424 2.49696616
v 0.12293264 0.27103250 2.49673991
v 0.12550723 0.27609439 2.49738842
v 0.12550830 0.27256736 2.49600299
v 0.12415729 0.27005754 2.49593378
v 0.12234164 0.30033439 2.49717314
v 0.12373288 0.30175570 2.49667642
v 0.12232431 0.30185877 2.49698605
v 0.12231127 0.30294945 2.49635664
v 0.12481758 0.30154539 2.49606288
v -0.14979885 0.30123004 2.49712065
v -0.14980793 0.30275279 2.49691917
v -0.15252637 0.29693123 2.49774459
v -0.15243761 0.30124967 2.49627240
v -0.14951105 0.27331244 2.49655134
v -0.15091399 0.27190604 2.49608002
v -0.14949857 0.27178419 2.49628722
v -0.14950203 0.27069631 2.49560574
v -0.15201388 0.27213578 2.49555198
v -0.15069762 0.27081578 2.49550542
v 0.12413933 0.26972071 2.44406912
v 0.12415598 0.26998092 2.44254067
v 0.12556100 0.27020499 2.44258109
v 0.12565394 0.26994939 2.44399569
v 0.12673087 0.27060727 2.44394574
v 0.12302759 0.26905923 2.49348618
v 0.12453942 0.26928347 2.49343327
v 0.12440356 0.26950976 2.49484278
v 0.12299776 0.26928606 2.49499961
v 0.12296594 0.26994352 2.49608426
v -0.14955404 0.26984135 2.49299687
v -0.14952006 0.27004854 2.49450945
v -0.15093480 0.27027822 2.49441273
v -0.15107489 0.27007134 2.49300830
v -0.15216715 0.27073409 2.49303264
v -0.15042716 0.26952526 2.44422404
v -0.15194384 0.26979225 2.44421579
v -0.15187866 0.26998299 2.44282956
v -0.15047292 0.26971664 2.44273072
v -0.15050553 0.27035478 2.44167443
v 0.03488886 -0.27758164 0.22957487
v -0.04019274 -0.28017275 0.22816043
v -0.04018796 -0.27870307 0.22834244
v 0.03488748 -0.27608878 0.22979302
v -0.04020467 -0.27767972 0.22897868
v 0.03486320 -0.27504094 0.23044778
v -0.04048214 -0.30751421 0.22793504
v 0.03466209 -0.30524691 0.22897457
v 0.03464822 -0.30677134 0.22914827
v -0.04049726 -0.30902659 0.22812423
v 0.03461771 -0.30786993 0.22976925
v -0.04052500 -0.31013450 0.22876428
v 0.03322717 -0.27684258 0.28293469
v -0.04146122 -0.27944018 0.28182853
v -0.04151185 -0.27969730 0.28335284
v 0.03316614 -0.27712715 0.28445619
v -0.04156247 -0.28037368 0.28443510
v 0.03310928 -0.27782252 0.28553137
v -0.04030447 -0.27697266 0.23162015
v 0.03473768 -0.27428450 0.23307816
v 0.03481327 -0.27443970 0.23154239
v -0.04024288 -0.27710287 0.23007044
v 0.03215787 -0.30805931 0.28554042
v -0.04256035 -0.31059420 0.28487703
v -0.04258400 -0.31208921 0.28464579
v 0.03213422 -0.30956328 0.28527066
v -0.04258531 -0.31313652 0.28397937
v 0.03213761 -0.31061685 0.28458084
v -0.04167066 -0.28298935 0.28526523
v 0.03300324 -0.28044766 0.28633448
v 0.03305525 -0.27892911 0.28615811
v -0.04161587 -0.28147038 0.28507359
v 0.03450529 -0.30880246 0.23234754
v -0.04062001 -0.31113860 0.23138602
v -0.04056661 -0.31083797 0.22985238
v 0.03456978 -0.30854623 0.23083578
v -0.04252366 -0.31387259 0.28134216
v 0.03221813 -0.31137612 0.28194546
v 0.03216473 -0.31122125 0.28347199
v -0.04256596 -0.31373223 0.28287832
v 0.10998635 -0.27887210 0.22808698
v 0.10998087 -0.27736749 0.22831922
v 0.10994897 -0.27630493 0.22898364
v 0.10981651 -0.30647536 0.22779315
v 0.10980403 -0.30799587 0.22797585
v 0.10977137 -0.30909557 0.22860365
v -0.11562602 -0.31100487 0.22833483
v -0.11564405 -0.31251125 0.22854883
v -0.11567033 -0.31361526 0.22920076
v -0.11528627 -0.28361786 0.22849633
v -0.11527650 -0.28211937 0.22875662
v -0.11528482 -0.28107079 0.22944146
v 0.10792180 -0.27579480 0.28094804
v 0.10785100 -0.27601022 0.28246395
v 0.10778935 -0.27665924 0.28354387
v 0.10980049 -0.27549887 0.23160577
v 0.10988926 -0.27568258 0.23007907
v -0.11535903 -0.28032523 0.23207684
v -0.11531187 -0.28047273 0.23054836
v -0.11618436 -0.28221372 0.28165417
v -0.11622451 -0.28245217 0.28317847
v -0.11627098 -0.28311563 0.28426878
v 0.10688086 -0.30709760 0.28399326
v 0.10685860 -0.30861742 0.28374715
v 0.10686637 -0.30969693 0.28307577
v 0.10768608 -0.27926230 0.28439722
v 0.10773456 -0.27774291 0.28418892
v -0.11638263 -0.28571629 0.28515227
v -0.11632299 -0.28420373 0.28492650
v -0.11727516 -0.31339267 0.28497140
v -0.11729597 -0.31490718 0.28472098
v -0.11729944 -0.31597748 0.28404640
v 0.10964098 -0.31003174 0.23119490
v 0.10971727 -0.30977362 0.22967704
v 0.10696832 -0.31052978 0.28045788
v 0.10690236 -0.31033530 0.28197946
v -0.11725928 -0.31677890 0.28142737
v -0.11728834 -0.31660257 0.28294879
v -0.11575016 -0.31460967 0.23182651
v -0.11570647 -0.31431551 0.23029311
v 0.02765013 -0.23182763 0.43269954
v -0.04577416 -0.23497125 0.43161773
v -0.04572686 -0.23349456 0.43181865
v 0.02769104 -0.23033306 0.43293446
v -0.04571091 -0.23246359 0.43246428
v 0.02769867 -0.22928645 0.43360099
v -0.04647515 -0.26233793 0.43120521
v 0.02695933 -0.25937355 0.43208378
v 0.02693159 -0.26088901 0.43226653
v -0.04650226 -0.26384344 0.43141175
v 0.02688658 -0.26199559 0.43289547
v -0.04654380 -0.26495011 0.43206447
v 0.02553010 -0.23016595 0.48573816
v -0.04745998 -0.23342451 0.48486811
v -0.04747732 -0.23366914 0.48638033
v 0.02550167 -0.23043029 0.48725429
v -0.04749951 -0.23433904 0.48744868
v 0.02547185 -0.23111261 0.48832513
v -0.04576923 -0.23173139 0.43510048
v 0.02761684 -0.22853329 0.43623227
v 0.02767301 -0.22868674 0.43470035
v -0.04572624 -0.23187676 0.43355845
v 0.02509243 -0.26143138 0.48839497
v -0.04790167 -0.26461314 0.48800471
v -0.04790313 -0.26611978 0.48777296
v 0.02509458 -0.26294493 0.48812138
v -0.04789619 -0.26718366 0.48710900
v 0.02510707 -0.26401030 0.48743037
v -0.04756123 -0.23695901 0.48825264
v 0.02540458 -0.23373387 0.48913163
v 0.02543925 -0.23221417 0.48895132
v -0.04752787 -0.23543541 0.48807339
v 0.02674303 -0.26297724 0.43549117
v -0.04666794 -0.26596483 0.43470284
v -0.04659928 -0.26565817 0.43316250
v 0.02682341 -0.26269177 0.43397086
v -0.04786291 -0.26798155 0.48448759
v 0.02516178 -0.26479728 0.48480388
v 0.02513065 -0.26462742 0.48632498
v -0.04788225 -0.26780441 0.48601388
v 0.10109084 -0.22894908 0.43046572
v 0.10112490 -0.22747004 0.43070699
v 0.10112205 -0.22644750 0.43138283
v 0.10041545 -0.25628329 0.43013070
v 0.10038625 -0.25779571 0.43031977
v 0.10033500 -0.25890504 0.43095450
v -0.11991323 -0.26325059 0.43091776
v -0.11993750 -0.26476539 0.43111402
v -0.11997356 -0.26586428 0.43175018
v -0.11922875 -0.23575302 0.43101008
v -0.11917604 -0.23424961 0.43125418
v -0.11915177 -0.23318976 0.43192725
v 0.09852906 -0.22792518 0.48385188
v 0.09848752 -0.22818572 0.48537917
v 0.09844799 -0.22886561 0.48646742
v 0.10101588 -0.22577350 0.43404028
v 0.10108537 -0.22588142 0.43249335
v -0.11918637 -0.23240526 0.43455228
v -0.11915593 -0.23257493 0.43302676
v -0.12045069 -0.23352116 0.48404674
v -0.12045693 -0.23377978 0.48557859
v -0.12047081 -0.23445527 0.48667498
v 0.09808113 -0.25912693 0.48679456
v 0.09808460 -0.26063956 0.48653213
v 0.09810325 -0.26170836 0.48585007
v 0.09837171 -0.23147339 0.48732699
v 0.09840915 -0.22996176 0.48711651
v -0.12052628 -0.23705367 0.48756148
v -0.12049446 -0.23554692 0.48733572
v -0.12089037 -0.26465576 0.48719186
v -0.12089453 -0.26616720 0.48693927
v -0.12089383 -0.26723683 0.48626456
v 0.10016926 -0.25991686 0.43356618
v 0.10026211 -0.25961189 0.43203563
v 0.09817753 -0.26251050 0.48322617
v 0.09813446 -0.26233185 0.48474769
v -0.12088205 -0.26805624 0.48364886
v -0.12088906 -0.26786609 0.48516743
v -0.12007550 -0.26681144 0.43434599
v -0.12002003 -0.26654630 0.43282751
v 0.02733944 -0.17766567 0.63353255
v -0.04435387 -0.17965557 0.63224208
v -0.04430533 -0.17814226 0.63244256
v 0.02738313 -0.17613792 0.63375996
v -0.04426573 -0.17706132 0.63307901
v 0.02741496 -0.17504205 0.63441477
v -0.04515895 -0.20754858 0.63194404
v 0.02660849 -0.20567618 0.63309070
v 0.02655995 -0.20720703 0.63327769
v -0.04521235 -0.20906971 0.63215923
v 0.02652458 -0.20828767 0.63389895
v -0.04524626 -0.21014939 0.63280822
v 0.02746066 -0.17401224 0.68607059
v -0.04378028 -0.17584177 0.68483473
v -0.04379769 -0.17607981 0.68634450
v 0.02743167 -0.17421665 0.68757185
v -0.04382182 -0.17674737 0.68741143
v 0.02740185 -0.17486442 0.68863497
v -0.04421164 -0.17619678 0.63567831
v 0.02744686 -0.17415139 0.63700994
v 0.02743577 -0.17437921 0.63549783
v -0.04423445 -0.17641268 0.63415736
v 0.02676169 -0.20548885 0.68880470
v -0.04452641 -0.20708394 0.68799365
v -0.04455554 -0.20860097 0.68776333
v 0.02673956 -0.20702969 0.68853909
v -0.04458127 -0.20968181 0.68710307
v 0.02672361 -0.20813701 0.68786010
v -0.04389401 -0.17936806 0.68821481
v 0.02733590 -0.17747857 0.68944396
v 0.02737065 -0.17595137 0.68925946
v -0.04385303 -0.17784375 0.68803555
v 0.02649608 -0.20910506 0.63644846
v -0.04525535 -0.21099077 0.63540217
v -0.04526090 -0.21078878 0.63388922
v 0.02650377 -0.20891941 0.63495487
v -0.04462212 -0.21054117 0.68449870
v 0.02671106 -0.20904774 0.68526536
v 0.02671453 -0.20880998 0.68676889
v -0.04460346 -0.21032810 0.68601477
v 0.09902907 -0.17783480 0.63229838
v 0.09906576 -0.17632466 0.63252991
v 0.09908795 -0.17525407 0.63319208
v 0.09837101 -0.20552048 0.63211499
v 0.09832864 -0.20704291 0.63230388
v 0.09829327 -0.20813523 0.63292975
v -0.11692695 -0.21096411 0.63232653
v -0.11698521 -0.21248620 0.63252182
v -0.11701788 -0.21357650 0.63315287
v -0.11604421 -0.18324906 0.63233764
v -0.11599081 -0.18172926 0.63257086
v -0.11594365 -0.18064571 0.63323324
v 0.09870528 -0.17349332 0.68473827
v 0.09866499 -0.17366723 0.68624080
v 0.09862969 -0.17429339 0.68731466
v 0.09909502 -0.17442953 0.63580577
v 0.09909697 -0.17462270 0.63428371
v -0.11586806 -0.17978353 0.63583741
v -0.11590273 -0.17999735 0.63432313
v -0.11502330 -0.17884261 0.68484906
v -0.11502954 -0.17903561 0.68636614
v -0.11504757 -0.17966999 0.68745508
v 0.09804916 -0.20498881 0.68777979
v 0.09803252 -0.20654042 0.68752492
v 0.09802565 -0.20766723 0.68685619
v 0.09856991 -0.17688962 0.68817476
v 0.09859848 -0.17536782 0.68795936
v -0.11512393 -0.18226240 0.68834788
v -0.11507815 -0.18074575 0.68811598
v -0.11581673 -0.21022120 0.68805592
v -0.11585349 -0.21175689 0.68780979
v -0.11588962 -0.21286085 0.68714355
v 0.09824826 -0.20903068 0.63550159
v 0.09826699 -0.20879747 0.63399525
v 0.09803952 -0.20864563 0.68427949
v 0.09802773 -0.20836867 0.68577398
v -0.11595814 -0.21377244 0.68455044
v -0.11592415 -0.21353250 0.68605705
v -0.11700678 -0.21446069 0.63573174
v -0.11702481 -0.21423458 0.63422302
v 0.02850590 -0.12158769 0.83390376
v -0.04142787 -0.12285286 0.83240552
v -0.04140227 -0.12135424 0.83260202
v 0.02852525 -0.12007104 0.83413281
v -0.04138362 -0.12029162 0.83323990
v 0.02853704 -0.11899132 0.83479127
v -0.04186414 -0.15053145 0.83206372
v 0.02813967 -0.14946291 0.83342001
v 0.02811754 -0.15098896 0.83360646
v -0.04189389 -0.15204679 0.83227367
v 0.02809188 -0.15207595 0.83423075
v -0.04192233 -0.15313789 0.83292292
v 0.02786442 -0.11836060 0.88656535
v -0.04164916 -0.11996478 0.88528652
v -0.04162287 -0.12016362 0.88678720
v 0.02787683 -0.11860523 0.88807756
v -0.04160977 -0.12080529 0.88784867
v 0.02788030 -0.11927828 0.88914824
v -0.04136351 -0.11947239 0.83584984
v 0.02853427 -0.11814758 0.83739893
v 0.02853988 -0.11835004 0.83587936
v -0.04137051 -0.11966495 0.83432196
v 0.02753709 -0.14971157 0.88928110
v -0.04205832 -0.15131246 0.88843496
v -0.04210832 -0.15283671 0.88820708
v 0.02749617 -0.15124534 0.88901501
v -0.04214917 -0.15392691 0.88754936
v 0.02746427 -0.15234436 0.88833502
v -0.04162072 -0.12341931 0.88865311
v 0.02786234 -0.12189513 0.88995787
v 0.02787551 -0.12037527 0.88977533
v -0.04160894 -0.12189003 0.88847094
v 0.02803363 -0.15293703 0.83679417
v -0.04196533 -0.15405148 0.83553412
v -0.04194660 -0.15380578 0.83401006
v 0.02806276 -0.15272475 0.83529275
v -0.04218940 -0.15479496 0.88494747
v 0.02744277 -0.15323828 0.88573583
v 0.02744485 -0.15300855 0.88724159
v -0.04217691 -0.15458056 0.88646302
v 0.09844244 -0.12130276 0.83257171
v 0.09845562 -0.11978456 0.83280107
v 0.09845833 -0.11870210 0.83345937
v 0.09814632 -0.14906214 0.83242885
v 0.09813176 -0.15058461 0.83262361
v 0.09810679 -0.15167722 0.83325377
v -0.11187413 -0.15409763 0.83262076
v -0.11191095 -0.15561487 0.83281837
v -0.11194014 -0.15671235 0.83345419
v -0.11136794 -0.12647063 0.83252843
v -0.11133742 -0.12495037 0.83275790
v -0.11131039 -0.12386384 0.83341810
v 0.09738070 -0.11916971 0.88559308
v 0.09737993 -0.11942261 0.88711704
v 0.09737376 -0.12009244 0.88820184
v 0.09843343 -0.11784878 0.83606528
v 0.09845077 -0.11805667 0.83454725
v -0.11127016 -0.12298907 0.83601819
v -0.11128742 -0.12321051 0.83450588
v -0.11116822 -0.12280652 0.88528615
v -0.11112938 -0.12300136 0.88680730
v -0.11110719 -0.12363653 0.88790142
v 0.09711578 -0.15031781 0.88857253
v 0.09708443 -0.15182153 0.88830348
v 0.09706169 -0.15287475 0.88761492
v 0.09735074 -0.12269766 0.88906295
v 0.09736398 -0.12118402 0.88884972
v -0.11111482 -0.12622814 0.88881062
v -0.11110233 -0.12471182 0.88856941
v -0.11165713 -0.15418824 0.88856221
v -0.11171331 -0.15572182 0.88831539
v -0.11176046 -0.15682052 0.88764772
v 0.09803391 -0.15256571 0.83582730
v 0.09807420 -0.15233747 0.83432096
v 0.09706231 -0.15362715 0.88497842
v 0.09705323 -0.15347611 0.88650678
v -0.11181795 -0.15770385 0.88504779
v -0.11179652 -0.15748130 0.88655894
v -0.11196643 -0.15763460 0.83604407
v -0.11195881 -0.15738725 0.83452884
v 0.02778258 -0.06678377 1.03459190
v -0.04045073 -0.06956370 1.03353688
v -0.04041966 -0.06808172 1.03373794
v 0.02780609 -0.06527658 1.03482375
v -0.04041265 -0.06704533 1.03438217
v 0.02780547 -0.06420990 1.03548470
v -0.04119707 -0.09703295 1.03313742
v 0.02708562 -0.09448654 1.03407730
v 0.02705226 -0.09600703 1.03426281
v -0.04123091 -0.09854299 1.03334609
v 0.02701204 -0.09710607 1.03489053
v -0.04126766 -0.09964222 1.03399699
v 0.02664656 -0.06463095 1.08754301
v -0.04117980 -0.06757236 1.08665910
v -0.04122058 -0.06784958 1.08818057
v 0.02659525 -0.06488283 1.08905718
v -0.04126704 -0.06853939 1.08925580
v 0.02654330 -0.06555780 1.09012881
v -0.04046328 -0.06629703 1.03701189
v 0.02773820 -0.06339556 1.03810045
v 0.02778189 -0.06358337 1.03657687
v -0.04042791 -0.06645144 1.03547370
v 0.02575542 -0.09591674 1.09024966
v -0.04207975 -0.09867363 1.08972755
v -0.04209577 -0.10016928 1.08949093
v 0.02574370 -0.09743094 1.08997897
v -0.04210063 -0.10121933 1.08882237
v 0.02574647 -0.09849892 1.08929168
v -0.04137592 -0.07116253 1.09006331
v 0.02643373 -0.06817675 1.09094130
v 0.02648921 -0.06665520 1.09075685
v -0.04131905 -0.06964343 1.08988331
v 0.02690524 -0.09803927 1.03747369
v -0.04135373 -0.10061449 1.03662237
v -0.04130858 -0.10033179 1.03508904
v 0.02696349 -0.09778416 1.03596089
v -0.04208683 -0.10198430 1.08619286
v 0.02578739 -0.09929418 1.08666672
v 0.02576104 -0.09912005 1.08818713
v -0.04209778 -0.10182435 1.08772216
v 0.09603115 -0.06662274 1.03334979
v 0.09604849 -0.06510976 1.03358122
v 0.09603878 -0.06403516 1.03424249
v 0.09538960 -0.09432421 1.03322006
v 0.09535568 -0.09584534 1.03341403
v 0.09531130 -0.09693486 1.03404228
v -0.10947885 -0.09997875 1.03360387
v -0.10951561 -0.10150123 1.03380059
v -0.10955021 -0.10259273 1.03443212
v -0.10868479 -0.07231286 1.03342122
v -0.10864735 -0.07079626 1.03364482
v -0.10863278 -0.06971399 1.03430238
v 0.09448111 -0.06350543 1.08611117
v 0.09441877 -0.06373807 1.08763031
v 0.09436052 -0.06439894 1.08871432
v 0.09595140 -0.06320411 1.03685369
v 0.09600542 -0.06339887 1.03533285
v -0.10866399 -0.06885262 1.03690618
v -0.10863909 -0.06906571 1.03538999
v -0.10900589 -0.06896370 1.08630291
v -0.10903709 -0.06922008 1.08784354
v -0.10907655 -0.06989380 1.08895168
v 0.09360592 -0.09477143 1.08911136
v 0.09359697 -0.09629634 1.08884649
v 0.09360668 -0.09738271 1.08816544
v 0.15860482 -0.06844701 1.08669868
v 0.09430503 -0.06548576 1.08936310
v -0.10918273 -0.07248630 1.08987104
v -0.10912586 -0.07098276 1.08962755
v -0.10991299 -0.10009952 1.08953189
v -0.10993309 -0.10161133 1.08927760
v -0.10994627 -0.10267945 1.08860099
v 0.09518439 -0.09781644 1.03661210
v 0.09525436 -0.09759144 1.03510746
v 0.09367395 -0.09824077 1.08555805
v 0.09363234 -0.09803048 1.08706894
v -0.10996014 -0.10349058 1.08598111
v -0.10995529 -0.10330537 1.08750301
v -0.10961409 -0.10348153 1.03701009
v -0.10958280 -0.10325323 1.03550142
v 0.02601832 -0.01441086 1.23592168
v -0.04049927 -0.01670204 1.23477671
v -0.04049241 -0.01522038 1.23497682
v 0.02601756 -0.01291767 1.23615681
v -0.04050766 -0.01418748 1.23562189
v 0.02599266 -0.01187305 1.23682400
v -0.04105615 -0.04423946 1.23440180
v 0.02554529 -0.04193821 1.23537766
v 0.02550860 -0.04345486 1.23556158
v -0.04109644 -0.04575316 1.23461005
v 0.02546762 -0.04456126 1.23619120
v -0.04113521 -0.04684799 1.23525872
v 0.02463063 -0.01332735 1.28915257
v -0.04146122 -0.01476223 1.28790507
v -0.04148841 -0.01502440 1.28942114
v 0.02459180 -0.01360653 1.29067479
v -0.04151185 -0.01570498 1.29049320
v 0.02456198 -0.01429732 1.29175160
v -0.04060329 -0.01347036 1.23826071
v 0.02587123 -0.01112993 1.23945796
v 0.02594336 -0.01127734 1.23792442
v -0.04054435 -0.01360436 1.23671564
v 0.02404671 -0.04451594 1.29184684
v -0.04211859 -0.04592448 1.29099521
v -0.04214987 -0.04743000 1.29075944
v 0.02402105 -0.04602091 1.29157309
v -0.04216575 -0.04849359 1.29009341
v 0.02401411 -0.04707556 1.29088145
v -0.04154860 -0.01832724 1.29129870
v 0.02452869 -0.01691791 1.29256864
v 0.02454110 -0.01540101 1.29238314
v -0.04153126 -0.01680540 1.29111828
v 0.02537129 -0.04554694 1.23878791
v -0.04121018 -0.04779224 1.23787606
v -0.04117279 -0.04752696 1.23634739
v 0.02542192 -0.04525887 1.23726633
v -0.04215326 -0.04930229 1.28747491
v 0.02405080 -0.04783478 1.28824686
v 0.02402452 -0.04768002 1.28977257
v -0.04216644 -0.04911671 1.28899808
v 0.09255319 -0.01215651 1.23416878
v 0.09254487 -0.01064752 1.23440148
v 0.09251095 -0.00957832 1.23506401
v 0.09215096 -0.03983531 1.23405397
v 0.09211704 -0.04135929 1.23424264
v 0.09207335 -0.04245196 1.23486698
v -0.10765565 -0.04721645 1.23493661
v -0.10769857 -0.04873729 1.23513682
v -0.10773610 -0.04982877 1.23577121
v -0.10701554 -0.01959554 1.23469608
v -0.10700299 -0.01808161 1.23492031
v -0.10700930 -0.01700452 1.23557988
v 0.09072589 -0.01033417 1.28729290
v 0.09067519 -0.01063546 1.28883183
v 0.09063913 -0.01133853 1.28992950
v 0.09236670 -0.00875653 1.23767807
v 0.09245124 -0.00894809 1.23615660
v -0.10707927 -0.01615471 1.23818611
v -0.10703427 -0.01636379 1.23666898
v -0.10755779 -0.01607109 1.28755131
v -0.10757312 -0.01626402 1.28907628
v -0.10758976 -0.01689577 1.29017542
v 0.09021894 -0.04137850 1.29021479
v 0.09019952 -0.04287587 1.28993998
v 0.15322535 -0.01483880 1.28785755
v 0.09061770 -0.01244278 1.29058611
v -0.10762791 -0.01947895 1.29109732
v -0.10760710 -0.01796658 1.29084939
v -0.10827279 -0.04737497 1.29084685
v -0.10830961 -0.04890375 1.29059669
v -0.10833388 -0.04999461 1.28992601
v 0.09195754 -0.04334717 1.23743458
v 0.09202058 -0.04311418 1.23592972
v 0.09026055 -0.04465287 1.28660381
v 0.09022165 -0.04451211 1.28813395
v 0.09020077 -0.04392044 1.28924633
v -0.10834706 -0.05085630 1.28732105
v -0.10834560 -0.05064585 1.28883480
v -0.10778879 -0.05072342 1.23835130
v -0.10776529 -0.05049109 1.23684168
v 0.02390385 0.03860210 1.43706987
v -0.04093902 0.03529648 1.43627601
v -0.04088423 0.03679901 1.43647665
v 0.02395447 0.04013076 1.43729548
v -0.04084325 0.03786551 1.43711548
v 0.02398984 0.04122848 1.43794902
v -0.04177184 0.00758292 1.43592713
v 0.02310355 0.01062859 1.43667770
v 0.02306888 0.00910005 1.43686532
v -0.04180998 0.00606774 1.43613781
v 0.02303628 0.00801244 1.43749008
v -0.04183987 0.00497780 1.43678596
v 0.02326722 0.04123004 1.48990182
v -0.04115886 0.03809096 1.48914024
v -0.04118105 0.03784678 1.49065134
v 0.02323254 0.04098938 1.49141515
v -0.04121357 0.03717724 1.49171885
v 0.02319086 0.04032320 1.49248678
v -0.04080171 0.03869649 1.43972372
v 0.02401411 0.04212721 1.44054213
v 0.02400995 0.04189401 1.43903145
v -0.04081557 0.03849715 1.43819748
v 0.02243703 0.00992748 1.49265324
v -0.04198065 0.00692512 1.49223811
v -0.04201040 0.00542277 1.49200086
v 0.02241276 0.00841254 1.49238509
v -0.04202157 0.00436474 1.49133229
v 0.02240929 0.00734356 1.49169874
v -0.04131066 0.03455791 1.49252170
v 0.02308552 0.03770670 1.49330635
v 0.02314169 0.03922916 1.49311747
v -0.04125733 0.03608126 1.49234181
v 0.02298427 0.00716345 1.44005006
v -0.04187101 0.00407641 1.43939187
v -0.04186061 0.00431424 1.43787061
v 0.02300778 0.00736628 1.43855113
v -0.04198204 0.00358448 1.48870702
v 0.02246969 0.00654748 1.48907368
v 0.02242871 0.00672176 1.49059515
v -0.04201186 0.00375186 1.49023431
v 0.08874103 0.03893942 1.43587432
v 0.08878611 0.04045777 1.43610427
v 0.08881460 0.04154120 1.43676299
v 0.08798241 0.01121176 1.43582332
v 0.08794981 0.00968949 1.43601316
v 0.08791444 0.00859995 1.43663601
v -0.10665007 0.00652184 1.43596215
v -0.10669098 0.00499645 1.43615358
v -0.10671873 0.00390961 1.43677844
v -0.10577842 0.03429056 1.43569126
v -0.10571939 0.03581635 1.43590141
v -0.10567293 0.03691584 1.43654797
v 0.08768489 0.04193120 1.48869231
v 0.08763767 0.04169385 1.49021537
v 0.08758711 0.04103290 1.49130425
v 0.08881794 0.04240109 1.43936711
v 0.08882494 0.04218853 1.43785040
v -0.10561399 0.03782718 1.43913758
v -0.10563756 0.03758612 1.43762701
v -0.10557931 0.03663430 1.48895569
v -0.10558971 0.03637338 1.49050034
v -0.10561329 0.03569561 1.49161229
v 0.08686165 0.01070414 1.49167927
v 0.08684361 0.00918362 1.49140965
v 0.08684784 0.00810551 1.49072478
v 0.14838404 0.03670983 1.48963675
v 0.08753288 0.03994698 1.49195938
v -0.10569929 0.03310308 1.49252900
v -0.10565005 0.03460559 1.49228985
v -0.10639764 0.00552423 1.49204689
v -0.10643377 0.00402276 1.49179229
v -0.10645166 0.00297020 1.49111430
v 0.08784156 0.00772943 1.43919642
v 0.08787839 0.00794641 1.43769632
v 0.08692891 0.00727292 1.48811051
v 0.08687614 0.00746919 1.48962542
v -0.10643162 0.00220980 1.48848289
v -0.10645104 0.00236597 1.49001145
v -0.10672920 0.00305842 1.43933853
v -0.10673197 0.00326284 1.43783992
v 0.02147584 0.08983371 1.63863044
v -0.04167066 0.08642207 1.63801457
v -0.04162287 0.08792873 1.63822759
v 0.02151329 0.09133471 1.63885996
v -0.04160478 0.08899763 1.63887531
v 0.02152029 0.09239399 1.63952260
v -0.04319913 0.05870380 1.63765045
v 0.02005556 0.06224436 1.63820367
v 0.01995992 0.06072707 1.63838758
v -0.04329344 0.05718820 1.63786473
v 0.01987670 0.05962549 1.63901372
v -0.04337042 0.05609527 1.63851510
v 0.02039544 0.09163788 1.69168916
v -0.04233641 0.08955702 1.69069150
v -0.04236069 0.08933229 1.69219477
v 0.02036007 0.09135937 1.69321392
v -0.04240022 0.08867518 1.69325751
v 0.02031347 0.09067051 1.69429518
v -0.04165055 0.08982776 1.64148524
v 0.02144956 0.09318830 1.64214132
v 0.02149879 0.09301163 1.64061646
v -0.04161448 0.08962951 1.63996091
v 0.01918598 0.06049633 1.69441677
v -0.04357293 0.05829163 1.69389201
v -0.04362639 0.05677349 1.69365540
v 0.01913605 0.05899679 1.69414439
v -0.04366516 0.05569297 1.69299074
v 0.01910477 0.05794989 1.69345275
v -0.04252227 0.08605726 1.69406619
v 0.02018670 0.08805542 1.69512470
v 0.02025605 0.08956975 1.69493211
v -0.04245424 0.08758344 1.69388047
v 0.01975048 0.05867380 1.64159783
v -0.04347098 0.05517893 1.64112704
v -0.04342937 0.05542533 1.63960282
v 0.01980666 0.05894083 1.64008387
v -0.04369845 0.05484816 1.69038187
v 0.01909367 0.05720918 1.69081467
v 0.01909090 0.05735457 1.69234302
v -0.04368867 0.05505080 1.69189932
v 0.08462171 0.09133241 1.63720336
v 0.08464876 0.09284793 1.63743077
v 0.08464460 0.09392885 1.63808875
v 0.08332411 0.06372303 1.63717341
v 0.08322702 0.06220261 1.63735119
v 0.08313763 0.06110325 1.63796939
v -0.10644133 0.05539223 1.63824685
v -0.10653495 0.05386587 1.63842917
v -0.10660569 0.05277074 1.63904980
v -0.10481923 0.08303579 1.63809341
v -0.10476098 0.08454406 1.63829669
v -0.10473123 0.08561826 1.63894282
v 0.08314726 0.09392485 1.69022970
v 0.08310226 0.09367306 1.69176324
v 0.08304955 0.09300420 1.69286291
v 0.08455028 0.09479405 1.64069075
v 0.08461117 0.09457789 1.63917583
v -0.10475127 0.08646506 1.64154841
v -0.10472845 0.08625850 1.64002705
v -0.10506265 0.08672564 1.69101647
v -0.10507652 0.08653000 1.69253995
v -0.10510843 0.08589673 1.69363593
v 0.08195591 0.06272917 1.69308778
v 0.08190937 0.06122161 1.69281731
v 0.08188447 0.06016360 1.69213022
v 0.08291987 0.09040797 1.69375741
v 0.08298846 0.09191574 1.69352714
v -0.10522563 0.08330532 1.69453211
v -0.10515843 0.08482300 1.69430121
v -0.10632898 0.05535805 1.69407201
v -0.10638654 0.05383166 1.69382820
v -0.10643231 0.05274151 1.69316249
v 0.08298644 0.06017794 1.64053424
v 0.08305787 0.06042683 1.63903023
v 0.08189557 0.05939879 1.68949849
v 0.08188025 0.05955551 1.69102377
v -0.10648848 0.05187106 1.69055986
v -0.10646560 0.05208786 1.69207339
v -0.10668121 0.05187149 1.64161540
v -0.10665424 0.05210609 1.64011170
v 0.01941136 0.14083145 1.84026604
v -0.04197781 0.14101695 1.83879642
v -0.04198481 0.14251387 1.83901821
v 0.01939888 0.14231080 1.84049863
v -0.04199591 0.14356630 1.83967472
v 0.01938016 0.14333720 1.84116719
v -0.04200909 0.11344394 1.83840382
v 0.01943841 0.11347965 1.83981821
v 0.01944673 0.11196593 1.83999662
v -0.04200208 0.11193316 1.83861758
v 0.01944118 0.11085412 1.84062222
v -0.04200416 0.11083758 1.83926879
v 0.01798137 0.14170012 1.89361724
v -0.04295918 0.14190086 1.89204837
v -0.04302652 0.14159313 1.89357428
v 0.01790224 0.14141038 1.89514549
v -0.04307846 0.14088388 1.89465174
v 0.01784267 0.14071330 1.89623120
v -0.04202087 0.14434767 1.84229862
v 0.01933439 0.14403804 1.84381226
v 0.01935797 0.14391238 1.84227131
v -0.04200909 0.14417730 1.84076804
v 0.01721152 0.11056570 1.89634231
v -0.04377473 0.11094068 1.89518570
v -0.04379207 0.10945767 1.89493766
v 0.01719772 0.10906402 1.89607035
v -0.04377681 0.10842929 1.89425597
v 0.01721922 0.10801249 1.89537999
v -0.04313949 0.13826003 1.89547014
v 0.01778157 0.13809638 1.89706400
v 0.01780307 0.13960828 1.89687119
v -0.04311591 0.13977267 1.89528242
v 0.01938633 0.10983452 1.84322073
v -0.04203953 0.10989208 1.84188698
v -0.04201665 0.11015745 1.84035852
v 0.01942107 0.11014417 1.84169693
v -0.04364574 0.10774257 1.89160477
v 0.01736901 0.10724932 1.89274614
v 0.01727601 0.10740824 1.89427163
v -0.04372820 0.10785784 1.89314423
v 0.08080601 0.14088816 1.83935832
v 0.08078528 0.14236779 1.83958308
v 0.08075685 0.14339794 1.84024678
v 0.08088584 0.11358473 1.83915705
v 0.08089548 0.11206636 1.83932107
v 0.08088792 0.11095184 1.83993355
v -0.10345096 0.11172818 1.83855472
v -0.10344473 0.11020920 1.83873229
v -0.10344403 0.10910339 1.83935345
v -0.10336774 0.13912595 1.83849949
v -0.10336844 0.14061330 1.83870478
v -0.10337121 0.14165737 1.83935641
v 0.07896138 0.14272519 1.89266021
v 0.07887109 0.14249890 1.89418698
v 0.07880458 0.14184525 1.89528136
v 0.08068743 0.14411783 1.84288824
v 0.08072356 0.14397963 1.84134899
v -0.10337399 0.14241170 1.84198645
v -0.10337329 0.14225705 1.84044995
v -0.10390944 0.13938987 1.89236138
v -0.10396415 0.13907410 1.89391523
v -0.10400923 0.13836622 1.89502803
v 0.07824139 0.11139020 1.89541110
v 0.07822905 0.10987174 1.89514866
v 0.07825526 0.10879722 1.89446909
v 0.07874362 0.13924775 1.89616601
v 0.07876234 0.14076145 1.89594210
v -0.10407165 0.13576074 1.89591755
v -0.10404390 0.13726226 1.89569639
v -0.10476861 0.10844238 1.89524813
v -0.10478803 0.10696885 1.89499205
v -0.10477693 0.10595724 1.89430676
v 0.08081510 0.10993333 1.84251766
v 0.08086080 0.11024134 1.84099873
v 0.07842378 0.10798244 1.89184879
v 0.07831989 0.10816664 1.89336963
v -0.10466320 0.10531955 1.89164244
v -0.10473601 0.10540687 1.89319037
v -0.10346137 0.10813175 1.84193819
v -0.10344958 0.10841048 1.84042223
v 0.01650068 0.19272584 2.04171751
v -0.04319566 0.19176653 2.04060534
v -0.04316376 0.19328816 2.04082312
v 0.01652704 0.19425218 2.04193697
v -0.04313470 0.19437953 2.04146904
v 0.01654923 0.19534810 2.04258692
v -0.04353894 0.16394771 2.04027878
v 0.01620601 0.16481188 2.04144047
v 0.01620803 0.16328353 2.04162354
v -0.04353756 0.16243190 2.04049233
v 0.01620948 0.16219544 2.04224385
v -0.04353402 0.16134407 2.04114037
v 0.01792867 0.19667730 2.09425856
v -0.04133771 0.19713502 2.09265772
v -0.04131482 0.19693872 2.09415465
v 0.01793976 0.19652137 2.09575315
v -0.04130588 0.19629740 2.09521474
v 0.01794108 0.19590804 2.09681643
v -0.04308117 0.19528609 2.04405887
v 0.01658120 0.19624920 2.04517801
v 0.01656663 0.19601381 2.04366670
v -0.04310682 0.19504477 2.04254798
v 0.01730722 0.16508960 2.09712775
v -0.04203405 0.16574690 2.09589368
v -0.04211512 0.16420808 2.09565961
v 0.01723170 0.16353782 2.09686934
v -0.04218586 0.16309485 2.09500184
v 0.01716859 0.16241465 2.09619823
v -0.04132113 0.19368467 2.09602934
v 0.01792305 0.19330541 2.09764944
v 0.01793560 0.19483545 2.09744881
v -0.04130858 0.19521170 2.09583844
v 0.01621011 0.16134492 2.04479833
v -0.04351744 0.16046180 2.04373971
v -0.04352708 0.16068672 2.04222396
v 0.01620948 0.16154915 2.04330162
v -0.04229474 0.16214227 2.09242196
v 0.01708121 0.16146582 2.09361391
v 0.01711790 0.16172269 2.09511337
v -0.04224557 0.16240708 2.09392205
v 0.07619987 0.19171362 2.04116873
v 0.07622137 0.19321398 2.04138502
v 0.07623524 0.19427604 2.04203962
v 0.07594944 0.16419749 2.04101804
v 0.07595229 0.16267517 2.04118312
v 0.07595007 0.16156772 2.04179518
v -0.10328383 0.16315364 2.04020894
v -0.10328314 0.16163296 2.04038566
v -0.10327620 0.16052995 2.04100661
v -0.10289062 0.19068395 2.04010736
v -0.10285386 0.19218902 2.04030609
v -0.10281710 0.19326240 2.04094947
v 0.07718942 0.19577275 2.09386491
v 0.07718879 0.19556820 2.09538469
v 0.07718325 0.19492646 2.09647527
v 0.07624356 0.19509281 2.04465378
v 0.07624210 0.19490191 2.04312935
v -0.10274221 0.19412541 2.04355114
v -0.10277973 0.19390625 2.04203158
v -0.10060478 0.19488953 2.09291613
v -0.10057017 0.19467101 2.09444501
v -0.10055353 0.19402255 2.09554300
v 0.07664232 0.16432151 2.09665622
v 0.07657359 0.16278163 2.09639950
v 0.07651888 0.16167137 2.09572903
v 0.07716175 0.19233155 2.09735653
v 0.07717340 0.19384763 2.09713304
v -0.10056670 0.19142727 2.09643294
v -0.10055277 0.19294187 2.09620712
v -0.10137539 0.16356850 2.09589622
v -0.10146201 0.16204608 2.09565051
v -0.10153968 0.16096005 2.09498469
v 0.07593273 0.16060222 2.04436553
v 0.07594327 0.16087566 2.04285676
v 0.07645362 0.16073418 2.09314195
v 0.07647865 0.16098968 2.09464247
v -0.10167013 0.16009159 2.09238111
v -0.10160903 0.16030979 2.09389496
v -0.10324361 0.15958461 2.04358226
v -0.10326372 0.15984609 2.04207158
v 0.01913258 0.25025617 2.24170295
v -0.03883917 0.24916227 2.24063756
v -0.03881206 0.25065765 2.24085682
v 0.01915130 0.25178828 2.24192221
v -0.03879951 0.25170744 2.24151036
v 0.01915408 0.25289293 2.24256982
v -0.03976007 0.22157571 2.24023714
v 0.01826779 0.22229809 2.24143777
v 0.01821993 0.22077053 2.24162359
v -0.03980931 0.22006313 2.24044687
v 0.01817056 0.21968488 2.24224517
v -0.03985577 0.21896689 2.24109534
v 0.01690021 0.25290838 2.29457967
v -0.04064352 0.25025512 2.29386052
v -0.04067965 0.25000591 2.29537098
v 0.01685374 0.25266039 2.29609818
v -0.04071009 0.24933396 2.29643786
v 0.01681692 0.25198823 2.29717690
v -0.03881476 0.25247648 2.24413701
v 0.01911517 0.25381568 2.24515605
v 0.01914298 0.25356938 2.24364749
v -0.03880027 0.25231373 2.24260263
v 0.01636205 0.22162053 2.29738875
v -0.04123091 0.21909626 2.29698706
v -0.04125872 0.21759362 2.29674346
v 0.01633778 0.22010202 2.29712335
v -0.04127606 0.21653818 2.29607066
v 0.01632807 0.21902647 2.29643976
v -0.04076141 0.24671604 2.29724843
v 0.01676497 0.24937555 2.29801330
v 0.01678779 0.25089284 2.29781563
v -0.04073714 0.24823777 2.29706261
v 0.01806390 0.21884605 2.24480029
v -0.03994454 0.21802055 2.24371014
v -0.03990078 0.21828632 2.24218337
v 0.01811861 0.21904245 2.24330421
v -0.04127398 0.21577988 2.29343851
v 0.01635096 0.21820854 2.29382136
v 0.01633223 0.21839499 2.29533987
v -0.04128091 0.21593300 2.29496972
v 0.07710073 0.25024977 2.24087481
v 0.07711522 0.25177680 2.24108645
v 0.07710967 0.25287462 2.24173237
v 0.07629280 0.22228608 2.24087883
v 0.07624633 0.22074979 2.24105068
v 0.07619356 0.21966689 2.24165830
v -0.09779063 0.21920213 2.24062592
v -0.09784133 0.21768410 2.24080158
v -0.09788495 0.21657749 2.24142232
v -0.09681633 0.24663371 2.24057619
v -0.09678020 0.24812661 2.24077555
v -0.09675801 0.24918105 2.24142041
v 0.07444532 0.25257018 2.29403533
v 0.07438838 0.25228357 2.29557839
v 0.07434476 0.25159209 2.29668209
v 0.07704663 0.25377388 2.24432473
v 0.07708817 0.25354166 2.24281257
v -0.09674899 0.24997845 2.24403691
v -0.09674692 0.24979776 2.24250803
v -0.09818523 0.24916232 2.29380105
v -0.09821166 0.24894491 2.29532866
v -0.09823662 0.24829772 2.29642622
v 0.07395071 0.22144884 2.29677457
v 0.07393143 0.21995065 2.29650473
v 0.07392852 0.21890430 2.29581521
v 0.07429129 0.24898893 2.29756695
v 0.07431279 0.25049406 2.29734579
v -0.09828718 0.24570377 2.29731891
v -0.09826089 0.24721773 2.29709013
v -0.09882325 0.21786140 2.29678071
v -0.09885585 0.21634321 2.29652971
v -0.09887949 0.21526686 2.29585670
v 0.07606741 0.21886621 2.24418717
v 0.07613399 0.21903965 2.24270400
v 0.07397291 0.21816547 2.29317565
v 0.07394170 0.21831044 2.29470559
v -0.09889815 0.21444645 2.29324020
v -0.09889399 0.21463428 2.29476104
v -0.09795499 0.21560692 2.24400579
v -0.09792309 0.21588459 2.24249131
v 0.01477457 0.30019984 2.44364923
v -0.04146469 0.29984651 2.44246490
v -0.04146885 0.30135126 2.44268416
v 0.01476486 0.30169433 2.44387632
v -0.04147918 0.30241353 2.44333685
v 0.01474682 0.30274384 2.44453727
v -0.04134263 0.27208789 2.44211358
v 0.01497922 0.27269260 2.44329876
v 0.01498608 0.27117610 2.44348034
v -0.04133771 0.27056923 2.44232480
v 0.01499517 0.27007029 2.44410658
v -0.04132530 0.26948341 2.44296966
v 0.01410888 0.30276273 2.49658415
v -0.04172614 0.30199067 2.49540722
v -0.04168515 0.30178972 2.49690499
v 0.01413793 0.30256591 2.49808975
v -0.04165395 0.30114687 2.49796530
v 0.01416221 0.30192623 2.49916170
v -0.04152301 0.30320125 2.44595779
v 0.01467824 0.30351252 2.44716477
v 0.01471846 0.30335008 2.44563398
v -0.04149659 0.30303099 2.44442701
v 0.01463593 0.27130848 2.49945016
v -0.04122744 0.27064626 2.49856742
v -0.04120740 0.26911998 2.49832953
v 0.01466083 0.26977055 2.49918963
v -0.04119631 0.26802866 2.49766478
v 0.01467886 0.26866818 2.49851345
v -0.04161927 0.29853318 2.49877588
v 0.01419549 0.29932006 2.50000000
v 0.01418100 0.30084497 2.49979937
v -0.04163175 0.30006069 2.49858731
v 0.01501313 0.26909791 2.44669683
v -0.04128639 0.26860506 2.44556499
v -0.04130726 0.26882939 2.44404965
v 0.01500488 0.26937812 2.44517832
v -0.04120116 0.26714761 2.49506543
v 0.01469766 0.26777035 2.49591579
v 0.01469141 0.26800067 2.49742118
v -0.04119423 0.26737115 2.49657780
v 0.07102554 0.30072661 2.44281241
v 0.07101104 0.30223438 2.44302723
v 0.07098539 0.30330649 2.44367907
v 0.07129822 0.27310487 2.44266702
v 0.07130648 0.27158128 2.44283823
v 0.07131203 0.27047917 2.44345431
v -0.09766719 0.27249694 2.44178321
v -0.09766441 0.27097213 2.44196353
v -0.09764985 0.26987674 2.44258321
v -0.09770464 0.30007577 2.44167253
v -0.09770249 0.30157396 2.44186956
v -0.09770464 0.30263395 2.44251167
v 0.06993820 0.30328638 2.49587262
v 0.06995554 0.30303527 2.49740298
v 0.06997225 0.30236559 2.49849715
v 0.07089391 0.30414712 2.44628604
v 0.07094662 0.30394378 2.44476605
v -0.09772343 0.30343717 2.44512859
v -0.09771088 0.30325569 2.44359929
v -0.09756670 0.30338903 2.49470162
v -0.09751392 0.30316553 2.49623050
v -0.09747578 0.30251326 2.49732764
v 0.07049855 0.27204165 2.49864382
v 0.07052906 0.27052864 2.49837800
v 0.07055472 0.26946077 2.49769356
v 0.07000346 0.29976434 2.49937291
v 0.06998751 0.30127613 2.49915450
v -0.09744041 0.29991815 2.49821864
v -0.09745151 0.30143179 2.49799176
v -0.09709505 0.27208763 2.49768234
v -0.09707917 0.27056425 2.49743070
v -0.09707563 0.26947802 2.49675854
v 0.07130994 0.26954415 2.44602065
v 0.07131404 0.26979912 2.44451484
v 0.07059495 0.26866961 2.49506797
v 0.07057761 0.26883945 2.49659156
v -0.09710400 0.26861141 2.49415390
v -0.09708389 0.26882797 2.49566648
v -0.09759021 0.26896781 2.44515039
v -0.09762426 0.26920929 2.44364500
v -0.19103874 -0.35582373 0.01892051
v -0.19156472 -0.35618306 0.01973474
v -0.16140552 -0.35711414 0.01966042
v -0.18980046 -0.35711244 0.02251641
v -0.19131152 -0.35689745 0.02247740
v -0.18610430 -0.35837521 0.02007621
v -0.18974075 -0.35695614 0.01979861
v -0.19224920 -0.35647012 0.02114889
v -0.16206330 -0.35731260 0.02233448
v -0.16062151 -0.35729930 0.02088925
v -0.16053969 -0.35713589 0.02230293
v -0.15943771 -0.35653259 0.02215635
v -0.16080876 -0.35705944 0.01970783
v -0.15952648 -0.35674181 0.02097895
v -0.15849733 -0.35403602 0.02152186
v -0.15875740 -0.35549940 0.02189609
v -0.15881442 -0.35540816 0.02033593
v -0.15946511 -0.35600501 0.02009138
v -0.16051249 -0.29008539 0.00536061
v -0.15899249 -0.29033587 0.00541481
v -0.16463993 -0.29009000 0.00261621
v -0.16050015 -0.29161712 0.00307653
v -0.15800633 -0.29141476 0.00445608
v -0.18825035 -0.28995020 0.00522746
v -0.18965205 -0.29074111 0.00396915
v -0.18976440 -0.29016314 0.00526873
v -0.19084064 -0.29079140 0.00543204
v -0.18942937 -0.29154891 0.00307118
v -0.19072905 -0.29120772 0.00431236
v -0.19168192 -0.29329935 0.00611489
v -0.19147873 -0.29183634 0.00571491
v -0.19125951 -0.29230985 0.00438719
v -0.19146556 -0.29369705 0.00465263
v -0.19081782 -0.29398187 0.00361324
v -0.19071796 -0.29280293 0.00340439
v -0.15700763 -0.29354096 0.00622335
v -0.15722476 -0.29393748 0.00476229
v -0.15745292 -0.29253772 0.00451796
v -0.15723864 -0.29206490 0.00584795
v -0.15790092 -0.29099660 0.00557749
v -0.15799378 -0.29301926 0.00352977
v -0.19317155 -0.35373666 0.02170154
v -0.19283880 -0.35514511 0.02043744
v -0.19299743 -0.35520991 0.02206543
v -0.19237750 -0.35626346 0.02232475
v -0.17526034 -0.29501107 -0.00092662
v -0.17439266 -0.29193068 0.00319179
v -0.15947447 -0.35582949 0.01940267
v -0.17507226 -0.32452999 0.01054148
v -0.16060598 -0.35591153 0.01863373
v -0.15781701 -0.33052086 0.01554056
v -0.15806251 -0.33091637 0.01408353
v -0.15873313 -0.33118264 0.01305201
v -0.19249193 -0.33021030 0.01572722
v -0.19230393 -0.33060776 0.01426289
v -0.19219788 -0.35554956 0.01958190
v 0.19094350 -0.35802128 0.01869242
v 0.15990228 -0.35679133 0.01714473
v 0.15978254 -0.35838296 0.01838674
v 0.18887741 -0.35932399 0.02170100
v 0.18992320 -0.35937399 0.02018271
v 0.19040103 -0.35907091 0.02163534
v 0.18964304 -0.35902875 0.01895645
v 0.19146554 -0.35859515 0.02025717
v 0.16114017 -0.35934744 0.02129732
v 0.15962981 -0.35904622 0.02121302
v 0.15982260 -0.35921506 0.01979218
v 0.16123110 -0.35953630 0.01976985
v 0.15856522 -0.35835176 0.02101545
v 0.15972775 -0.35883328 0.01919952
v 0.15777948 -0.35579897 0.02027486
v 0.15812759 -0.35717327 0.01913127
v 0.15794863 -0.35726810 0.02070290
v 0.15878062 -0.35783843 0.01891177
v 0.16263543 -0.29249721 0.00304246
v 0.16157346 -0.29313495 0.00174229
v 0.16112152 -0.29259850 0.00314650
v 0.16276997 -0.29401191 0.00075733
v 0.16021443 -0.29356958 0.00222622
v 0.19037121 -0.29261030 0.00262548
v 0.19189198 -0.29277670 0.00266927
v 0.19151672 -0.29329568 0.00118716
v 0.19298632 -0.29336900 0.00283516
v 0.19169579 -0.29410803 0.00045785
v 0.19388725 -0.29584108 0.00354207
v 0.19374224 -0.29620598 0.00207037
v 0.19350298 -0.29483332 0.00178873
v 0.19365146 -0.29438958 0.00312593
v 0.19314104 -0.29648568 0.00102386
v 0.19301413 -0.29531698 0.00080117
v 0.19293576 -0.29375807 0.00170739
v 0.15921509 -0.29558158 0.00406844
v 0.15941344 -0.29413687 0.00365908
v 0.15969778 -0.29462973 0.00232075
v 0.15950290 -0.29599896 0.00259645
v 0.16004799 -0.29314362 0.00335208
v 0.16025292 -0.29436827 0.00177073
v 0.19245309 -0.35588975 0.02069973
v 0.19218886 -0.35735185 0.02113523
v 0.19216626 -0.35723596 0.01944744
v 0.19150500 -0.35841345 0.02144704
v 0.19157512 -0.35765759 0.01861669
v 0.19235496 -0.29471250 0.00062951
v 0.17392543 -0.29525538 -0.00289490
v 0.16020194 -0.29633635 0.00153022
v 0.16157438 -0.29400751 0.00092918
v 0.18112149 -0.35496423 0.01150035
v 0.16055147 -0.33339266 0.01077664
v 0.17600501 -0.32682170 0.00876970
v 0.15945366 -0.33313584 0.01145379
v 0.15852784 -0.33237644 0.01400657
v 0.15877889 -0.33279490 0.01253056
v 0.19320346 -0.33256477 0.01391703
v 0.19302175 -0.33293135 0.01243933
f 1 84 2
f 5 93 6
f 55 56 57
f 1 2 58
f 59 55 57
f 92 96 7
f 63 102 97
f 67 111 66
f 70 114 69
f 74 117 73
f 124 80 20
f 83 129 82
f 55 59 56
f 84 1 58
f 85 86 4
f 89 87 3
f 88 85 4
f 4 86 88
f 89 3 60
f 87 60 3
f 6 91 5
f 96 90 7
f 7 90 92
f 93 5 91
f 9 94 61
f 62 97 8
f 8 95 62
f 96 94 9
f 9 61 96
f 97 62 95
f 98 99 100
f 98 100 10
f 101 98 10
f 10 100 101
f 102 63 64
f 97 64 63
f 103 104 12
f 11 108 105
f 105 106 11
f 107 103 12
f 12 104 107
f 108 11 65
f 106 65 11
f 109 110 14
f 13 109 14
f 14 110 13
f 111 67 68
f 66 68 67
f 112 113 16
f 15 112 16
f 16 113 15
f 114 70 71
f 69 71 70
f 17 115 72
f 72 116 17
f 74 75 117
f 116 115 17
f 73 75 74
f 19 118 76
f 76 119 19
f 77 120 18
f 122 18 120
f 119 118 19
f 120 77 78
f 18 78 77
f 79 81 122
f 122 123 79
f 80 121 20
f 20 121 124
f 123 81 79
f 125 126 21
f 82 127 83
f 128 125 21
f 21 126 128
f 129 83 127
f 130 131 132
f 130 132 133
f 133 132 136
f 133 136 134
f 131 135 132
f 132 135 136
f 137 138 139
f 138 141 139
f 139 141 140
f 142 143 144
f 144 143 146
f 144 146 145
f 147 148 149
f 148 151 149
f 149 151 150
f 156 158 157
f 163 165 164
f 166 167 168
f 166 168 169
f 169 168 172
f 169 172 170
f 167 171 168
f 168 171 172
f 173 174 175
f 174 177 175
f 175 177 176
f 178 179 180
f 180 179 182
f 180 182 181
f 183 184 185
f 184 187 185
f 185 187 186
f 192 194 193
f 199 201 200
f 210 211 212
f 210 212 213
f 213 212 216
f 213 216 214
f 211 215 212
f 212 215 216
f 217 218 219
f 218 221 219
f 219 221 220
f 222 223 224
f 224 223 226
f 224 226 225
f 227 228 229
f 228 231 229
f 229 231 230
f 236 237 215
f 242 244 243
f 252 253 254
f 252 254 255
f 255 254 258
f 255 258 256
f 253 257 254
f 254 257 258
f 259 260 261
f 260 263 261
f 261 263 262
f 264 265 266
f 264 266 267
f 267 266 270
f 267 270 268
f 265 269 266
f 266 269 270
f 271 272 273
f 272 275 273
f 273 275 274
f 280 282 281
f 287 289 288
f 298 299 300
f 298 300 301
f 301 300 304
f 301 304 302
f 299 303 300
f 300 303 304
f 305 306 307
f 306 309 307
f 307 309 308
f 310 311 312
f 312 311 314
f 312 314 313
f 315 316 317
f 316 319 317
f 317 319 318
f 324 325 326
f 331 333 332
f 342 343 344
f 342 344 345
f 345 344 348
f 345 348 346
f 343 347 344
f 344 347 348
f 349 350 351
f 350 353 351
f 351 353 352
f 354 355 356
f 356 355 358
f 356 358 357
f 359 360 361
f 360 363 361
f 361 363 362
f 368 369 347
f 374 376 375
f 385 386 387
f 385 387 388
f 388 387 391
f 388 391 389
f 386 390 387
f 387 390 391
f 392 393 394
f 393 396 394
f 394 396 395
f 397 398 399
f 399 398 401
f 399 401 400
f 402 403 404
f 403 406 404
f 404 406 405
f 411 412 390
f 417 419 418
f 428 429 430
f 428 430 431
f 431 430 434
f 431 434 432
f 429 433 430
f 430 433 434
f 435 436 437
f 436 439 437
f 437 439 438
f 440 441 442
f 442 441 444
f 442 444 443
f 445 446 447
f 446 449 447
f 447 449 448
f 454 455 433
f 460 462 461
f 470 471 472
f 470 472 473
f 473 472 476
f 473 476 474
f 471 475 472
f 472 475 476
f 477 478 479
f 478 481 479
f 479 481 480
f 482 483 484
f 484 483 486
f 484 486 485
f 487 488 489
f 488 491 489
f 489 491 490
f 496 497 475
f 502 504 503
f 512 513 514
f 512 514 515
f 515 514 518
f 515 518 516
f 513 517 514
f 514 517 518
f 519 520 521
f 520 523 521
f 521 523 522
f 524 525 526
f 526 525 528
f 526 528 527
f 529 530 531
f 530 533 531
f 531 533 532
f 538 540 539
f 545 547 546
f 555 556 557
f 555 557 558
f 558 557 561
f 558 561 559
f 556 560 557
f 557 560 561
f 562 563 564
f 563 566 564
f 564 566 565
f 567 568 569
f 569 568 571
f 569 571 570
f 572 573 574
f 573 576 574
f 574 576 575
f 581 583 582
f 588 590 589
f 598 599 600
f 598 600 601
f 601 600 604
f 601 604 602
f 599 603 600
f 600 603 604
f 605 606 607
f 605 607 608
f 608 607 611
f 608 611 609
f 606 610 607
f 607 610 611
f 612 613 614
f 614 616 615
f 613 616 614
f 617 614 618
f 617 618 619
f 619 618 603
f 619 603 620
f 614 621 618
f 618 621 603
f 622 623 624
f 622 624 625
f 625 624 628
f 625 628 626
f 623 627 624
f 624 627 628
f 629 630 631
f 629 631 632
f 632 631 616
f 632 616 633
f 630 634 631
f 631 634 616
f 635 636 637
f 635 637 638
f 638 637 641
f 638 641 639
f 636 640 637
f 637 640 641
f 642 643 644
f 644 646 645
f 643 646 644
f 647 648 649
f 647 649 650
f 650 649 627
f 650 627 651
f 648 652 649
f 649 652 627
f 653 654 655
f 654 657 655
f 655 657 656
f 662 663 640
f 668 670 669
f 679 680 681
f 681 604 682
f 680 604 681
f 683 681 684
f 683 684 685
f 685 684 634
f 685 634 686
f 681 687 684
f 684 687 634
f 688 689 690
f 690 692 691
f 689 692 690
f 693 694 695
f 693 695 696
f 696 695 610
f 696 610 697
f 694 698 695
f 695 698 610
f 699 700 701
f 701 703 702
f 700 703 701
f 704 705 706
f 706 705 164
f 706 164 707
f 708 709 710
f 710 709 1897
f 710 1897 711
f 712 713 714
f 713 715 714
f 716 717 718
f 718 720 719
f 717 720 718
f 721 722 723
f 723 722 200
f 723 200 724
f 725 726 727
f 727 729 728
f 726 729 727
f 730 727 731
f 730 731 732
f 732 731 735
f 732 735 733
f 727 734 731
f 731 734 735
f 736 737 738
f 738 737 1900
f 738 1900 739
f 740 741 742
f 741 743 742
f 744 745 746
f 745 747 746
f 748 750 749
f 751 752 753
f 752 754 753
f 755 243 756
f 757 758 759
f 759 761 760
f 758 761 759
f 762 759 763
f 762 763 764
f 764 763 767
f 764 767 765
f 759 766 763
f 763 766 767
f 768 769 770
f 770 769 1903
f 770 1903 771
f 772 773 774
f 773 775 774
f 776 777 778
f 777 779 778
f 780 782 781
f 783 784 785
f 784 786 785
f 787 288 788
f 789 790 791
f 791 793 792
f 790 793 791
f 794 791 795
f 794 795 796
f 796 795 798
f 796 798 797
f 791 798 795
f 799 800 801
f 801 800 1907
f 801 1907 802
f 803 804 805
f 804 806 805
f 807 808 809
f 808 810 809
f 811 813 812
f 814 815 816
f 816 818 817
f 815 818 816
f 819 820 821
f 821 820 332
f 821 332 822
f 823 824 825
f 825 827 826
f 824 827 825
f 828 825 829
f 828 829 830
f 830 829 833
f 830 833 831
f 825 832 829
f 829 832 833
f 834 836 835
f 99 837 838
f 837 839 838
f 840 841 842
f 841 843 842
f 844 845 846
f 846 845 848
f 846 848 847
f 849 850 851
f 851 853 852
f 850 853 851
f 854 855 856
f 856 855 858
f 856 858 857
f 859 860 861
f 861 863 862
f 860 863 861
f 864 861 865
f 864 865 866
f 866 865 868
f 866 868 867
f 861 868 865
f 869 870 871
f 871 870 873
f 871 873 872
f 874 875 876
f 875 877 876
f 878 879 880
f 879 881 880
f 882 884 883
f 885 886 887
f 887 889 888
f 886 889 887
f 890 891 892
f 892 891 418
f 892 418 893
f 894 895 896
f 896 898 897
f 895 898 896
f 899 896 900
f 899 900 901
f 901 900 904
f 901 904 902
f 896 903 900
f 900 903 904
f 905 907 906
f 908 909 910
f 909 911 910
f 912 913 914
f 913 915 914
f 916 2005 917
f 918 919 920
f 920 922 921
f 919 922 920
f 923 924 925
f 925 924 461
f 925 461 926
f 927 928 929
f 929 931 930
f 928 931 929
f 932 929 933
f 932 933 934
f 934 933 937
f 934 937 935
f 929 936 933
f 933 936 937
f 938 939 940
f 940 939 1920
f 940 1920 941
f 942 943 944
f 943 945 944
f 946 947 948
f 947 949 948
f 950 952 951
f 953 954 955
f 955 957 956
f 954 957 955
f 958 959 960
f 960 959 503
f 960 503 961
f 962 963 964
f 964 966 965
f 963 966 964
f 967 964 968
f 967 968 969
f 969 968 972
f 969 972 970
f 964 971 968
f 968 971 972
f 973 974 975
f 975 974 1923
f 975 1923 976
f 977 978 979
f 978 980 979
f 981 982 983
f 982 984 983
f 985 986 987
f 987 986 989
f 987 989 988
f 990 991 992
f 992 994 993
f 991 994 992
f 995 996 997
f 997 996 999
f 997 999 998
f 1000 1001 1002
f 1002 1004 1003
f 1001 1004 1002
f 1005 1002 1006
f 1005 1006 1007
f 1007 1006 1010
f 1007 1010 1008
f 1002 1009 1006
f 1006 1009 1010
f 1011 1012 1013
f 1013 1012 1926
f 1013 1926 1014
f 1015 1016 1017
f 1016 1018 1017
f 1019 1020 1021
f 1020 1022 1021
f 1023 1025 1024
f 1026 1027 1028
f 1027 1029 1028
f 1030 1032 1031
f 1033 1034 1035
f 1035 1037 1036
f 1034 1037 1035
f 1038 1035 1039
f 1038 1039 1040
f 1040 1039 1043
f 1040 1043 1041
f 1035 1042 1039
f 1039 1042 1043
f 1044 1046 1045
f 1047 1048 1049
f 1048 1050 1049
f 1051 1052 1053
f 1052 1054 1053
f 1055 1057 1056
f 1060 669 1061
f 1062 1063 1064
f 1064 1066 1065
f 1063 1066 1064
f 1067 1064 1068
f 1067 1068 1069
f 1069 1068 1072
f 1069 1072 1070
f 1064 1071 1068
f 1068 1071 1072
f 1073 1075 1074
f 1076 1077 1078
f 1077 1079 1078
f 1080 1081 1082
f 1081 1083 1082
f 1084 1086 1085
f 1087 1088 1089
f 1087 1089 1090
f 1090 1089 1091
f 1090 1091 1092
f 1093 1094 1095
f 1093 1095 1096
f 1096 1095 1097
f 1096 1097 1098
f 1099 56 1100
f 1099 1100 1101
f 1101 1100 1092
f 1101 1092 1091
f 1102 1103 1104
f 1102 1104 1105
f 1105 1104 1106
f 1105 1106 1107
f 1108 1109 1110
f 1108 1110 1111
f 1111 1110 1112
f 1111 1112 1113
f 1114 1115 1116
f 1114 1116 1117
f 1117 1116 1107
f 1117 1107 1106
f 1118 1119 1120
f 1118 1120 1121
f 1121 1120 1122
f 1121 1122 1123
f 1124 1125 1126
f 1124 1126 1127
f 1127 1126 1128
f 1127 1128 1129
f 1130 1131 1132
f 1130 1132 1133
f 1133 1132 1134
f 1133 1134 1135
f 1136 1137 1138
f 1136 1138 1139
f 1139 1138 1123
f 1139 1123 1122
f 1140 1141 1142
f 1140 1142 1143
f 1143 1142 1113
f 1143 1113 1112
f 58 1144 1145
f 58 1145 1146
f 1146 1145 1098
f 1146 1098 1097
f 1147 1148 1149
f 1147 1149 1150
f 1150 1149 1135
f 1150 1135 1134
f 1151 1152 1153
f 1151 1153 1154
f 1154 1153 1155
f 137 130 133
f 137 133 138
f 138 133 134
f 138 134 141
f 142 137 139
f 142 139 143
f 143 139 140
f 143 140 146
f 147 142 144
f 147 144 148
f 148 144 145
f 148 145 151
f 130 147 149
f 130 149 131
f 131 149 150
f 131 150 135
f 155 152 153
f 155 153 156
f 156 153 154
f 156 154 158
f 159 155 156
f 159 156 160
f 160 156 157
f 160 157 161
f 162 159 160
f 162 160 163
f 163 160 161
f 163 161 165
f 152 162 163
f 152 163 153
f 153 163 164
f 153 164 154
f 1156 1157 1158
f 1156 1158 1159
f 1159 1158 1160
f 1159 1160 1161
f 1162 1163 1164
f 1162 1164 1165
f 1165 1164 1166
f 1165 1166 1167
f 1168 1169 1170
f 1168 1170 1171
f 1171 1170 1161
f 1171 1161 1160
f 1172 1173 1174
f 1172 1174 1175
f 1175 1174 1176
f 1175 1176 1177
f 1178 1179 1180
f 1178 1180 1181
f 1181 1180 1182
f 1181 1182 1183
f 1184 1185 1186
f 1184 1186 1187
f 1187 1186 1177
f 1187 1177 1176
f 1188 1189 1190
f 1188 1190 1191
f 1191 1190 1192
f 1191 1192 1193
f 1194 1195 1196
f 1194 1196 1197
f 1197 1196 1198
f 1199 1200 1201
f 1199 1201 1202
f 1202 1201 1203
f 1202 1203 1204
f 1205 1206 1207
f 1205 1207 1208
f 1208 1207 1193
f 1208 1193 1192
f 1209 1210 1211
f 1209 1211 1212
f 1212 1211 1183
f 1212 1183 1182
f 60 1213 1214
f 60 1214 1215
f 1215 1214 1167
f 1215 1167 1166
f 1216 1217 1218
f 1216 1218 1219
f 1219 1218 1204
f 1219 1204 1203
f 1220 1221 1222
f 1220 1222 1223
f 1223 1222 1224
f 1223 1224 1225
f 173 166 169
f 173 169 174
f 174 169 170
f 174 170 177
f 178 173 175
f 178 175 179
f 179 175 176
f 179 176 182
f 183 178 180
f 183 180 184
f 184 180 181
f 184 181 187
f 166 183 185
f 166 185 167
f 167 185 186
f 167 186 171
f 191 188 189
f 191 189 192
f 192 189 190
f 192 190 194
f 195 191 192
f 195 192 196
f 196 192 193
f 196 193 197
f 198 195 196
f 198 196 199
f 199 196 197
f 199 197 201
f 188 198 199
f 188 199 189
f 189 199 200
f 189 200 190
f 202 203 204
f 207 202 205
f 205 202 204
f 205 204 206
f 207 205 208
f 208 205 206
f 208 206 209
f 207 208 202
f 202 208 209
f 202 209 203
f 1226 1227 1228
f 1226 1228 1229
f 1229 1228 1230
f 1229 1230 1231
f 1232 1233 1234
f 1232 1234 1235
f 1235 1234 1236
f 1235 1236 1237
f 90 1238 1239
f 90 1239 1240
f 1240 1239 1231
f 1240 1231 1230
f 1241 1242 1243
f 1241 1243 1244
f 1244 1243 1245
f 1244 1245 1246
f 1247 1248 1249
f 1247 1249 1250
f 1250 1249 1251
f 1250 1251 1252
f 1253 1254 1255
f 1253 1255 1256
f 1256 1255 1246
f 1256 1246 1245
f 1257 1258 1259
f 1257 1259 1260
f 1260 1259 1261
f 1260 1261 1262
f 1263 1264 1265
f 1263 1265 1266
f 1266 1265 1267
f 1266 1267 1268
f 1269 1270 1271
f 1269 1271 1272
f 1272 1271 1273
f 1272 1273 1274
f 1275 1276 1277
f 1275 1277 1278
f 1278 1277 1262
f 1278 1262 1261
f 1279 1280 1281
f 1279 1281 1282
f 1282 1281 1252
f 1282 1252 1251
f 1283 1284 1285
f 1283 1285 1286
f 1286 1285 1237
f 1286 1237 1236
f 1287 1288 1289
f 1287 1289 1290
f 1290 1289 1274
f 1290 1274 1273
f 1291 1292 1293
f 1291 1293 1294
f 1294 1293 1295
f 217 210 213
f 217 213 218
f 218 213 214
f 218 214 221
f 222 217 219
f 222 219 223
f 223 219 220
f 223 220 226
f 227 222 224
f 227 224 228
f 228 224 225
f 228 225 231
f 210 227 229
f 210 229 211
f 211 229 230
f 211 230 215
f 235 232 233
f 235 233 236
f 236 233 234
f 236 234 237
f 238 235 236
f 238 236 239
f 239 236 215
f 239 215 240
f 241 238 239
f 241 239 242
f 242 239 240
f 242 240 244
f 232 241 242
f 232 242 233
f 233 242 243
f 233 243 234
f 245 246 182
f 249 245 247
f 247 245 182
f 247 182 248
f 249 247 250
f 250 247 248
f 250 248 251
f 249 250 245
f 245 250 251
f 245 251 246
f 1296 1297 1298
f 1296 1298 1299
f 1299 1298 1300
f 1299 1300 1301
f 1302 1303 1304
f 1302 1304 1305
f 1305 1304 1306
f 1305 1306 1307
f 1308 1309 1310
f 1308 1310 1311
f 1311 1310 1301
f 1311 1301 1300
f 1312 1313 1314
f 1312 1314 1315
f 1315 1314 1316
f 1315 1316 1317
f 1318 1319 1320
f 1318 1320 1321
f 1321 1320 1322
f 1321 1322 1323
f 1324 1325 1326
f 1324 1326 1327
f 1327 1326 1317
f 1327 1317 1316
f 1328 1329 1330
f 1328 1330 1331
f 1331 1330 1332
f 1331 1332 1333
f 1334 1335 1336
f 1334 1336 1337
f 1337 1336 1338
f 1339 1340 1341
f 1339 1341 1342
f 1342 1341 1343
f 1342 1343 1344
f 1345 1346 1347
f 1345 1347 1348
f 1348 1347 1333
f 1348 1333 1332
f 1349 1350 1351
f 1349 1351 1352
f 1352 1351 1323
f 1352 1323 1322
f 1353 1354 1355
f 1353 1355 1356
f 1356 1355 1307
f 1356 1307 1306
f 1357 1358 1359
f 1357 1359 1360
f 1360 1359 1344
f 1360 1344 1343
f 1361 1362 1363
f 1361 1363 1364
f 1364 1363 1365
f 1364 1365 1366
f 259 252 255
f 259 255 260
f 260 255 256
f 260 256 263
f 264 259 261
f 264 261 265
f 265 261 262
f 265 262 269
f 271 264 267
f 271 267 272
f 272 267 268
f 272 268 275
f 252 271 273
f 252 273 253
f 253 273 274
f 253 274 257
f 279 276 277
f 279 277 280
f 280 277 278
f 280 278 282
f 283 279 280
f 283 280 284
f 284 280 281
f 284 281 285
f 286 283 284
f 286 284 287
f 287 284 285
f 287 285 289
f 276 286 287
f 276 287 277
f 277 287 288
f 277 288 278
f 290 291 292
f 295 290 293
f 293 290 292
f 293 292 294
f 295 293 296
f 296 293 294
f 296 294 297
f 295 296 290
f 290 296 297
f 290 297 291
f 1367 1368 1369
f 1367 1369 1370
f 1370 1369 1371
f 1370 1371 1372
f 1373 1374 1375
f 1373 1375 1376
f 1376 1375 1377
f 1376 1377 1378
f 1379 1380 1381
f 1379 1381 1382
f 1382 1381 1372
f 1382 1372 1371
f 1383 1384 1385
f 1383 1385 1386
f 1386 1385 1387
f 1386 1387 1388
f 1389 1390 1391
f 1389 1391 1392
f 1392 1391 1393
f 1392 1393 1394
f 1395 1396 1397
f 1395 1397 1398
f 1398 1397 1388
f 1398 1388 1387
f 1399 1400 1401
f 1399 1401 1402
f 1402 1401 1403
f 1402 1403 1404
f 1405 1406 1407
f 1405 1407 1408
f 1408 1407 1409
f 1408 1409 1410
f 1411 1412 1413
f 1411 1413 1414
f 1414 1413 1415
f 1414 1415 1416
f 1417 1418 1419
f 1417 1419 1420
f 1420 1419 1404
f 1420 1404 1403
f 1421 1422 1423
f 1421 1423 1424
f 1424 1423 1394
f 1424 1394 1393
f 64 1425 1426
f 1426 1425 1378
f 1426 1378 1377
f 1427 1428 1429
f 1427 1429 1430
f 1430 1429 1416
f 1430 1416 1415
f 1431 1432 1433
f 1431 1433 1434
f 1434 1433 1435
f 1434 1435 1436
f 305 298 301
f 305 301 306
f 306 301 302
f 306 302 309
f 310 305 307
f 310 307 311
f 311 307 308
f 311 308 314
f 315 310 312
f 315 312 316
f 316 312 313
f 316 313 319
f 298 315 317
f 298 317 299
f 299 317 318
f 299 318 303
f 323 320 321
f 323 321 324
f 324 321 322
f 324 322 325
f 327 323 324
f 327 324 328
f 328 324 326
f 328 326 329
f 330 327 328
f 330 328 331
f 331 328 329
f 331 329 333
f 320 330 331
f 320 331 321
f 321 331 332
f 321 332 322
f 334 335 336
f 339 334 337
f 337 334 336
f 337 336 338
f 339 337 340
f 340 337 338
f 340 338 341
f 339 340 334
f 334 340 341
f 334 341 335
f 1437 1438 1439
f 1437 1439 1440
f 1440 1439 1441
f 1440 1441 1442
f 1443 1444 1445
f 1443 1445 1446
f 1446 1445 1447
f 1446 1447 1448
f 1449 1450 1451
f 1449 1451 1452
f 1452 1451 1442
f 1452 1442 1441
f 1453 1454 1455
f 1453 1455 1456
f 1456 1455 1457
f 1456 1457 1458
f 1459 1460 1461
f 1459 1461 1462
f 1462 1461 1463
f 1462 1463 1464
f 1465 1466 1467
f 1465 1467 1468
f 1468 1467 1458
f 1468 1458 1457
f 1469 1470 1471
f 1469 1471 1472
f 1472 1471 1473
f 1478 1476 1477
f 1479 1480 1481
f 1481 1480 1482
f 1481 1482 1473
f 1483 1484 1485
f 1483 1485 1486
f 1486 1485 1464
f 1486 1464 1463
f 1487 1488 1489
f 1487 1489 1490
f 1490 1489 1448
f 1490 1448 1447
f 105 1491 1492
f 105 1492 1493
f 349 342 345
f 349 345 350
f 350 345 346
f 350 346 353
f 354 349 351
f 354 351 355
f 355 351 352
f 355 352 358
f 359 354 356
f 359 356 360
f 360 356 357
f 360 357 363
f 342 359 361
f 342 361 343
f 343 361 362
f 343 362 347
f 367 364 365
f 367 365 368
f 368 365 366
f 368 366 369
f 370 367 368
f 370 368 371
f 371 368 347
f 371 347 372
f 373 370 371
f 373 371 374
f 374 371 372
f 374 372 376
f 364 373 374
f 364 374 365
f 365 374 375
f 365 375 366
f 377 378 379
f 382 377 380
f 380 377 379
f 380 379 381
f 382 380 383
f 383 380 381
f 383 381 384
f 382 383 377
f 377 383 384
f 377 384 378
f 1496 1497 1498
f 1496 1498 1499
f 1499 1498 1500
f 1499 1500 1501
f 1502 1503 1504
f 1502 1504 1505
f 1505 1504 1506
f 1505 1506 1507
f 1508 1509 1510
f 1508 1510 1511
f 1511 1510 1501
f 1511 1501 1500
f 1512 1513 1514
f 1512 1514 1515
f 1515 1514 1516
f 1515 1516 1517
f 1518 1519 1520
f 1518 1520 1521
f 1521 1520 1522
f 1521 1522 1523
f 1524 1525 1526
f 1524 1526 1527
f 1527 1526 1517
f 1527 1517 1516
f 1528 1529 1530
f 1528 1530 1531
f 1531 1530 1532
f 1531 1532 1533
f 113 1534 1535
f 113 1535 1536
f 1536 1535 1537
f 1538 1539 1540
f 1538 1540 1541
f 1541 1540 1542
f 1541 1542 1543
f 1544 1545 1546
f 1544 1546 1547
f 1547 1546 1533
f 1547 1533 1532
f 1548 1549 1550
f 1548 1550 1551
f 1551 1550 1523
f 1551 1523 1522
f 68 1552 1553
f 68 1553 1554
f 1554 1553 1507
f 1554 1507 1506
f 1555 1556 1557
f 1555 1557 1558
f 1558 1557 1543
f 1558 1543 1542
f 1559 1560 1561
f 1559 1561 1562
f 1562 1561 1563
f 392 385 388
f 392 388 393
f 393 388 389
f 393 389 396
f 397 392 394
f 397 394 398
f 398 394 395
f 398 395 401
f 402 397 399
f 402 399 403
f 403 399 400
f 403 400 406
f 385 402 404
f 385 404 386
f 386 404 405
f 386 405 390
f 410 407 408
f 410 408 411
f 411 408 409
f 411 409 412
f 413 410 411
f 413 411 414
f 414 411 390
f 414 390 415
f 416 413 414
f 416 414 417
f 417 414 415
f 417 415 419
f 407 416 417
f 407 417 408
f 408 417 418
f 408 418 409
f 420 421 422
f 425 420 423
f 423 420 422
f 423 422 424
f 425 423 426
f 426 423 424
f 426 424 427
f 425 426 420
f 420 426 427
f 420 427 421
f 1564 1565 1566
f 1564 1566 1567
f 1567 1566 1568
f 1567 1568 1569
f 1570 1571 1572
f 1570 1572 1573
f 1573 1572 1574
f 1573 1574 1575
f 1576 1577 1578
f 1576 1578 1579
f 1579 1578 1569
f 1579 1569 1568
f 1580 1581 1582
f 1580 1582 1583
f 1583 1582 1584
f 1583 1584 1585
f 1586 1587 1588
f 1586 1588 1589
f 1589 1588 1590
f 1589 1590 1591
f 1592 1593 1594
f 1592 1594 1595
f 1595 1594 1585
f 1595 1585 1584
f 1596 1597 1598
f 1596 1598 1599
f 1599 1598 1600
f 1599 1600 1601
f 1602 1603 1604
f 1602 1604 1605
f 1605 1604 1606
f 1607 1608 1609
f 1607 1609 1610
f 1610 1609 1611
f 1610 1611 1612
f 1613 1614 1615
f 1613 1615 1616
f 1616 1615 1601
f 1616 1601 1600
f 15 1617 1618
f 15 1618 1619
f 1619 1618 1591
f 1619 1591 1590
f 1620 1621 1622
f 1620 1622 1623
f 1623 1622 1575
f 1623 1575 1574
f 1624 1625 1626
f 1624 1626 1627
f 1627 1626 1612
f 1627 1612 1611
f 1628 1629 1630
f 1628 1630 1631
f 1631 1630 1632
f 435 428 431
f 435 431 436
f 436 431 432
f 436 432 439
f 440 435 437
f 440 437 441
f 441 437 438
f 441 438 444
f 445 440 442
f 445 442 446
f 446 442 443
f 446 443 449
f 428 445 447
f 428 447 429
f 429 447 448
f 429 448 433
f 453 450 451
f 453 451 454
f 454 451 452
f 454 452 455
f 456 453 454
f 456 454 457
f 457 454 433
f 457 433 458
f 459 456 457
f 459 457 460
f 460 457 458
f 460 458 462
f 450 459 460
f 450 460 451
f 451 460 461
f 451 461 452
f 463 464 401
f 467 463 465
f 465 463 401
f 465 401 466
f 467 465 468
f 468 465 466
f 468 466 469
f 467 468 463
f 463 468 469
f 463 469 464
f 1633 1634 1635
f 1633 1635 1636
f 1636 1635 1637
f 1636 1637 1638
f 1639 1640 1641
f 1639 1641 1642
f 1642 1641 1643
f 1642 1643 1644
f 1645 1646 1647
f 1645 1647 1648
f 1648 1647 1638
f 1648 1638 1637
f 1649 1650 1651
f 1649 1651 1652
f 1652 1651 1653
f 1652 1653 1654
f 1655 1656 1657
f 1655 1657 1658
f 1658 1657 1659
f 1658 1659 1660
f 1661 1662 1663
f 1661 1663 1664
f 1664 1663 1654
f 1664 1654 1653
f 1665 1666 1667
f 1665 1667 1668
f 1668 1667 1669
f 1668 1669 1670
f 1671 1672 1673
f 1671 1673 1674
f 1674 1673 1675
f 1674 1675 1676
f 1677 1678 1679
f 1677 1679 1680
f 1680 1679 1681
f 1680 1681 1682
f 1683 1684 1685
f 1683 1685 1686
f 1686 1685 1670
f 1686 1670 1669
f 1687 1688 1689
f 1687 1689 1690
f 1690 1689 1660
f 1690 1660 1659
f 75 1691 1692
f 1692 1691 1644
f 1692 1644 1643
f 1693 1694 1695
f 1693 1695 1696
f 1696 1695 1682
f 1696 1682 1681
f 1697 1698 1699
f 1697 1699 1700
f 1700 1699 1701
f 477 470 473
f 477 473 478
f 478 473 474
f 478 474 481
f 482 477 479
f 482 479 483
f 483 479 480
f 483 480 486
f 487 482 484
f 487 484 488
f 488 484 485
f 488 485 491
f 470 487 489
f 470 489 471
f 471 489 490
f 471 490 475
f 495 492 493
f 495 493 496
f 496 493 494
f 496 494 497
f 498 495 496
f 498 496 499
f 499 496 475
f 499 475 500
f 501 498 499
f 501 499 502
f 502 499 500
f 502 500 504
f 492 501 502
f 492 502 493
f 493 502 503
f 493 503 494
f 505 506 444
f 509 505 507
f 507 505 444
f 507 444 508
f 509 507 510
f 510 507 508
f 510 508 511
f 509 510 505
f 505 510 511
f 505 511 506
f 1702 1703 1704
f 1702 1704 1705
f 1705 1704 1706
f 1705 1706 1707
f 1708 1709 1710
f 1708 1710 1711
f 1711 1710 1712
f 1711 1712 1713
f 76 1714 1715
f 76 1715 1716
f 1716 1715 1707
f 1716 1707 1706
f 1717 1718 1719
f 1717 1719 1720
f 1720 1719 1721
f 1720 1721 1722
f 1723 1724 1725
f 1723 1725 1726
f 1726 1725 1727
f 1726 1727 1728
f 1729 1730 1731
f 1729 1731 1732
f 1732 1731 1722
f 1732 1722 1721
f 124 1733 1734
f 124 1734 1735
f 1735 1734 1736
f 1735 1736 1737
f 1738 1739 1740
f 1738 1740 1741
f 1741 1740 1742
f 1741 1742 1743
f 1744 1745 1746
f 1744 1746 1747
f 1747 1746 1748
f 1747 1748 1749
f 1750 1751 1752
f 1750 1752 1753
f 1753 1752 1737
f 1753 1737 1736
f 1754 1755 1756
f 1754 1756 1757
f 1757 1756 1728
f 1757 1728 1727
f 1758 1759 1760
f 1758 1760 1761
f 1761 1760 1713
f 1761 1713 1712
f 1762 1763 1764
f 1762 1764 1765
f 1765 1764 1749
f 1765 1749 1748
f 1766 1767 1768
f 1766 1768 1769
f 1769 1768 1770
f 519 512 515
f 519 515 520
f 520 515 516
f 520 516 523
f 524 519 521
f 524 521 525
f 525 521 522
f 525 522 528
f 529 524 526
f 529 526 530
f 530 526 527
f 530 527 533
f 512 529 531
f 512 531 513
f 513 531 532
f 513 532 517
f 537 534 535
f 537 535 538
f 538 535 536
f 538 536 540
f 541 537 538
f 541 538 542
f 542 538 539
f 542 539 543
f 544 541 542
f 544 542 545
f 545 542 543
f 545 543 547
f 534 544 545
f 534 545 535
f 535 545 546
f 535 546 536
f 548 549 486
f 552 548 550
f 550 548 486
f 550 486 551
f 552 550 553
f 553 550 551
f 553 551 554
f 552 553 548
f 548 553 554
f 548 554 549
f 1771 1772 1773
f 1771 1773 1774
f 1774 1773 1775
f 1774 1775 1776
f 1777 1778 1779
f 1777 1779 1780
f 1780 1779 1781
f 1780 1781 1782
f 1783 1784 1785
f 1783 1785 1786
f 1786 1785 1776
f 1786 1776 1775
f 1787 1788 1789
f 1787 1789 1790
f 1790 1789 1791
f 1790 1791 1792
f 1793 1794 1795
f 1793 1795 1796
f 1796 1795 1797
f 1796 1797 1798
f 1799 1800 1801
f 1799 1801 1802
f 1802 1801 1792
f 1802 1792 1791
f 128 1803 1804
f 128 1804 1805
f 1805 1804 1806
f 1805 1806 1807
f 1808 1809 1810
f 1808 1810 1811
f 1811 1810 1812
f 1813 1814 1815
f 1813 1815 1816
f 1816 1815 1817
f 1816 1817 1818
f 1819 1820 1821
f 1819 1821 1822
f 1822 1821 1807
f 1822 1807 1806
f 80 1823 1824
f 80 1824 1825
f 1825 1824 1798
f 1825 1798 1797
f 1826 1827 1828
f 1826 1828 1829
f 1829 1828 1782
f 1829 1782 1781
f 1830 1831 1832
f 1830 1832 1833
f 1833 1832 1818
f 1833 1818 1817
f 1834 1835 1836
f 1834 1836 1837
f 1837 1836 1838
f 1837 1838 1839
f 562 555 558
f 562 558 563
f 563 558 559
f 563 559 566
f 567 562 564
f 567 564 568
f 568 564 565
f 568 565 571
f 572 567 569
f 572 569 573
f 573 569 570
f 573 570 576
f 555 572 574
f 555 574 556
f 556 574 575
f 556 575 560
f 580 577 578
f 580 578 581
f 581 578 579
f 581 579 583
f 584 580 581
f 584 581 585
f 585 581 582
f 585 582 586
f 587 584 585
f 587 585 588
f 588 585 586
f 588 586 590
f 577 587 588
f 577 588 578
f 578 588 589
f 578 589 579
f 591 592 528
f 595 591 593
f 593 591 528
f 593 528 594
f 595 593 596
f 596 593 594
f 596 594 597
f 595 596 591
f 591 596 597
f 591 597 592
f 1840 1841 1842
f 1840 1842 1843
f 1843 1842 1844
f 1843 1844 1845
f 1846 1847 1848
f 1846 1848 1849
f 1849 1848 1850
f 1849 1850 1851
f 1852 1853 1854
f 1852 1854 1855
f 1855 1854 1856
f 1855 1856 1844
f 1857 1858 1859
f 1857 1859 1860
f 1860 1859 1861
f 1860 1861 1862
f 1863 1864 1865
f 1863 1865 1866
f 1866 1865 1867
f 1866 1867 1868
f 1869 1870 1871
f 1869 1871 1872
f 1872 1871 1862
f 1872 1862 1861
f 598 1873 1874
f 598 1874 599
f 599 1874 1875
f 599 1875 603
f 605 598 601
f 605 601 606
f 606 601 602
f 606 602 610
f 1876 605 608
f 1876 608 1877
f 1877 608 609
f 1877 609 1878
f 612 1879 1880
f 612 1880 613
f 613 1880 1881
f 613 1881 616
f 617 612 614
f 614 615 621
f 1882 617 619
f 1882 619 1883
f 1883 619 620
f 1883 620 1875
f 1884 1885 1886
f 1884 1886 1887
f 1887 1886 1868
f 1887 1868 1867
f 127 1888 1889
f 127 1889 1890
f 1890 1889 1851
f 1890 1851 1850
f 629 622 625
f 629 625 630
f 630 625 626
f 630 626 634
f 1891 629 632
f 1891 632 1892
f 1892 632 633
f 1892 633 1881
f 622 1893 1894
f 622 1894 623
f 623 1894 1895
f 623 1895 627
f 642 635 638
f 642 638 643
f 643 638 639
f 643 639 646
f 647 642 644
f 647 644 648
f 648 644 645
f 648 645 652
f 653 647 650
f 653 650 654
f 654 650 651
f 654 651 657
f 635 653 655
f 635 655 636
f 636 655 656
f 636 656 640
f 661 658 659
f 661 659 662
f 662 659 660
f 662 660 663
f 664 661 662
f 664 662 665
f 665 662 640
f 665 640 666
f 667 664 665
f 667 665 668
f 668 665 666
f 668 666 670
f 658 667 668
f 658 668 659
f 659 668 669
f 659 669 660
f 671 672 673
f 676 671 674
f 674 671 673
f 674 673 675
f 676 674 677
f 677 674 675
f 677 675 678
f 676 677 671
f 671 677 678
f 671 678 672
f 683 679 681
f 681 682 687
f 688 683 685
f 688 685 689
f 689 685 686
f 689 686 692
f 693 688 690
f 693 690 694
f 694 690 691
f 694 691 698
f 679 693 696
f 679 696 680
f 680 696 697
f 680 697 604
f 699 1087 1090
f 699 1090 700
f 700 1090 1092
f 700 1092 703
f 704 699 701
f 704 701 705
f 705 701 702
f 705 702 164
f 1094 704 706
f 1094 706 1095
f 1095 706 707
f 1095 707 1097
f 708 1896 1933
f 708 1933 709
f 709 1933 1897
f 56 708 710
f 56 710 1100
f 1100 710 711
f 1100 711 1092
f 1131 1102 1105
f 1131 1105 1132
f 1132 1105 1107
f 1132 1107 1134
f 1109 1136 1139
f 1109 1139 1110
f 1110 1139 1122
f 1110 1122 1112
f 1115 1147 1150
f 1115 1150 1116
f 1116 1150 1134
f 1116 1134 1107
f 1119 1140 1143
f 1119 1143 1120
f 1120 1143 1112
f 1120 1112 1122
f 712 58 1146
f 712 1146 713
f 713 1146 1097
f 713 1097 715
f 1975 712 714
f 1975 714 1898
f 1898 714 715
f 716 1156 1159
f 716 1159 717
f 717 1159 1161
f 717 1161 720
f 721 716 718
f 721 718 722
f 722 718 719
f 722 719 200
f 1163 721 723
f 1163 723 1164
f 1164 723 724
f 1164 724 1166
f 725 1162 1165
f 725 1165 726
f 726 1165 1167
f 726 1167 729
f 730 725 727
f 727 728 734
f 1157 730 732
f 1157 732 1158
f 1158 732 733
f 1158 733 1160
f 736 1899 1937
f 736 1937 737
f 737 1937 1900
f 1169 736 738
f 1169 738 1170
f 1170 738 739
f 1170 739 1161
f 740 1168 1171
f 740 1171 741
f 741 1171 1160
f 741 1160 743
f 1977 740 742
f 1200 1172 1175
f 1200 1175 1201
f 1201 1175 1177
f 1201 1177 1203
f 1179 1205 1208
f 1179 1208 1180
f 1180 1208 1192
f 1180 1192 1182
f 1137 1178 1181
f 1137 1181 1138
f 1138 1181 1183
f 1138 1183 1123
f 1173 1130 1133
f 1173 1133 1174
f 1174 1133 1135
f 1174 1135 1176
f 1185 1216 1219
f 1185 1219 1186
f 1186 1219 1203
f 1186 1203 1177
f 1148 1184 1187
f 1148 1187 1149
f 1149 1187 1176
f 1149 1176 1135
f 1189 1209 1212
f 1189 1212 1190
f 1190 1212 1182
f 1190 1182 1192
f 1210 1118 1121
f 1210 1121 1211
f 1211 1121 1123
f 1211 1123 1183
f 744 60 1215
f 744 1215 745
f 745 1215 1166
f 745 1166 747
f 1981 744 746
f 1981 746 1901
f 1901 746 747
f 1213 1934 748
f 748 1934 1936
f 748 1936 750
f 1213 748 1214
f 1214 748 749
f 1214 749 1167
f 751 1226 1229
f 751 1229 752
f 752 1229 1231
f 752 1231 754
f 1233 751 753
f 1233 753 755
f 755 753 754
f 755 754 243
f 1233 755 1234
f 1234 755 756
f 1234 756 1236
f 757 1232 1235
f 757 1235 758
f 758 1235 1237
f 758 1237 761
f 762 757 759
f 759 760 766
f 1227 762 764
f 1227 764 1228
f 1228 764 765
f 1228 765 1230
f 768 1902 1940
f 768 1940 769
f 769 1940 1903
f 1238 768 770
f 1238 770 1239
f 1239 770 771
f 1239 771 1231
f 772 90 1240
f 772 1240 773
f 773 1240 1230
f 773 1230 775
f 1195 772 774
f 1270 1241 1244
f 1270 1244 1271
f 1271 1244 1246
f 1271 1246 1273
f 1248 1275 1278
f 1248 1278 1249
f 1249 1278 1261
f 1249 1261 1251
f 1206 1247 1250
f 1206 1250 1207
f 1207 1250 1252
f 1207 1252 1193
f 1242 1199 1202
f 1242 1202 1243
f 1243 1202 1204
f 1243 1204 1245
f 1254 1287 1290
f 1254 1290 1255
f 1255 1290 1273
f 1255 1273 1246
f 1217 1253 1256
f 1217 1256 1218
f 1218 1256 1245
f 1218 1245 1204
f 1258 1279 1282
f 1258 1282 1259
f 1259 1282 1251
f 1259 1251 1261
f 1280 1188 1191
f 1280 1191 1281
f 1281 1191 1193
f 1281 1193 1252
f 776 1283 1286
f 776 1286 777
f 777 1286 1236
f 777 1236 779
f 1986 776 778
f 1986 778 1904
f 1904 778 779
f 1284 1905 1939
f 1284 1939 780
f 780 1939 1225
f 780 1225 782
f 1284 780 1285
f 1285 780 781
f 1285 781 1237
f 783 1296 1299
f 783 1299 784
f 784 1299 1301
f 784 1301 786
f 1303 783 785
f 1303 785 787
f 787 785 786
f 787 786 288
f 1303 787 1304
f 1304 787 788
f 1304 788 1306
f 789 1302 1305
f 789 1305 790
f 790 1305 1307
f 790 1307 793
f 794 789 791
f 791 792 798
f 1297 794 796
f 1297 796 1298
f 1298 796 797
f 1298 797 1300
f 799 1906 1944
f 799 1944 800
f 800 1944 1907
f 1309 799 801
f 1309 801 1310
f 1310 801 802
f 1310 802 1301
f 803 1308 1311
f 803 1311 804
f 804 1311 1300
f 804 1300 806
f 1988 803 805
f 1340 1312 1315
f 1340 1315 1341
f 1341 1315 1317
f 1341 1317 1343
f 1319 1345 1348
f 1319 1348 1320
f 1320 1348 1332
f 1320 1332 1322
f 1276 1318 1321
f 1276 1321 1277
f 1277 1321 1323
f 1277 1323 1262
f 1313 1269 1272
f 1313 1272 1314
f 1314 1272 1274
f 1314 1274 1316
f 1325 1357 1360
f 1325 1360 1326
f 1326 1360 1343
f 1326 1343 1317
f 1288 1324 1327
f 1288 1327 1289
f 1289 1327 1316
f 1289 1316 1274
f 1329 1349 1352
f 1329 1352 1330
f 1330 1352 1322
f 1330 1322 1332
f 1350 1257 1260
f 1350 1260 1351
f 1351 1260 1262
f 1351 1262 1323
f 807 1353 1356
f 807 1356 808
f 808 1356 1306
f 808 1306 810
f 1992 807 809
f 1992 809 1908
f 1908 809 810
f 1354 1941 811
f 811 1941 1943
f 811 1943 813
f 1354 811 1355
f 1355 811 812
f 1355 812 1307
f 814 1367 1370
f 814 1370 815
f 815 1370 1372
f 815 1372 818
f 819 814 816
f 819 816 820
f 820 816 817
f 820 817 332
f 1374 819 821
f 1374 821 1375
f 1375 821 822
f 1375 822 1377
f 823 1373 1376
f 823 1376 824
f 824 1376 1378
f 824 1378 827
f 828 823 825
f 825 826 832
f 1368 828 830
f 1368 830 1369
f 1369 830 831
f 1369 831 1371
f 1380 1909 1947
f 1380 1947 834
f 834 1947 1410
f 834 1410 836
f 1380 834 1381
f 1381 834 835
f 1381 835 1372
f 99 1379 1382
f 99 1382 837
f 837 1382 1371
f 837 1371 839
f 1335 99 838
f 1412 1383 1386
f 1412 1386 1413
f 1413 1386 1388
f 1413 1388 1415
f 1390 1417 1420
f 1390 1420 1391
f 1391 1420 1403
f 1391 1403 1393
f 1346 1389 1392
f 1346 1392 1347
f 1347 1392 1394
f 1347 1394 1333
f 1384 1339 1342
f 1384 1342 1385
f 1385 1342 1344
f 1385 1344 1387
f 1396 1427 1430
f 1396 1430 1397
f 1397 1430 1415
f 1397 1415 1388
f 1358 1395 1398
f 1358 1398 1359
f 1359 1398 1387
f 1359 1387 1344
f 1400 1421 1424
f 1400 1424 1401
f 1401 1424 1393
f 1401 1393 1403
f 1422 1328 1331
f 1422 1331 1423
f 1423 1331 1333
f 1423 1333 1394
f 840 64 1426
f 840 1426 841
f 841 1426 1377
f 841 1377 843
f 102 840 842
f 102 842 1910
f 1910 842 843
f 844 1946 845
f 845 1946 1366
f 845 1366 848
f 64 844 846
f 64 846 1425
f 1425 846 847
f 1425 847 1378
f 849 1437 1440
f 849 1440 850
f 850 1440 1442
f 850 1442 853
f 854 849 851
f 854 851 855
f 855 851 852
f 855 852 858
f 1444 854 856
f 1444 856 1445
f 1445 856 857
f 1445 857 1447
f 859 1443 1446
f 859 1446 860
f 860 1446 1448
f 860 1448 863
f 864 859 861
f 861 862 868
f 1438 864 866
f 1438 866 1439
f 1439 866 867
f 1439 867 1441
f 869 1911 1475
f 869 1475 870
f 870 1475 1912
f 870 1912 873
f 1450 869 871
f 1450 871 1451
f 1451 871 872
f 1451 872 1442
f 874 1449 1452
f 874 1452 875
f 875 1452 1441
f 875 1441 877
f 1998 874 876
f 1476 1453 1456
f 1476 1456 1477
f 1477 1456 1458
f 1477 1458 1478
f 1460 1479 1481
f 1460 1481 1461
f 1461 1481 1473
f 1461 1473 1463
f 1418 1459 1462
f 1418 1462 1419
f 1419 1462 1464
f 1419 1464 1404
f 1454 1411 1414
f 1454 1414 1455
f 1455 1414 1416
f 1455 1416 1457
f 1467 1466 1913
f 1467 1913 1458
f 1428 1465 1468
f 1428 1468 1429
f 1429 1468 1457
f 1429 1457 1416
f 1470 1483 1486
f 1470 1486 1471
f 1471 1486 1463
f 1471 1463 1473
f 1484 1399 1402
f 1484 1402 1485
f 1485 1402 1404
f 1485 1404 1464
f 878 1487 1490
f 878 1490 879
f 879 1490 1447
f 879 1447 881
f 108 878 880
f 108 880 1914
f 1914 880 881
f 1488 1948 882
f 882 1948 1436
f 882 1436 884
f 1488 882 1489
f 1489 882 883
f 1489 883 1448
f 885 1496 1499
f 885 1499 886
f 886 1499 1501
f 886 1501 889
f 890 885 887
f 890 887 891
f 891 887 888
f 891 888 418
f 1503 890 892
f 1503 892 1504
f 1504 892 893
f 1504 893 1506
f 894 1502 1505
f 894 1505 895
f 895 1505 1507
f 895 1507 898
f 899 894 896
f 896 897 903
f 1497 899 901
f 1497 901 1498
f 1498 901 902
f 1498 902 1500
f 1509 1915 1952
f 1509 1952 905
f 905 1952 1953
f 905 1953 907
f 1509 905 1510
f 1510 905 906
f 1510 906 1501
f 908 1508 1511
f 908 1511 909
f 909 1511 1500
f 909 1500 911
f 110 908 910
f 1539 1512 1515
f 1539 1515 1540
f 1540 1515 1517
f 1540 1517 1542
f 1519 1544 1547
f 1519 1547 1520
f 1520 1547 1532
f 1520 1532 1522
f 1916 1518 1521
f 1916 1521 1480
f 1480 1521 1523
f 1513 1917 1514
f 1514 1917 1493
f 1514 1493 1516
f 1525 1555 1558
f 1525 1558 1526
f 1526 1558 1542
f 1526 1542 1517
f 1491 1524 1527
f 1491 1527 1492
f 1492 1527 1516
f 1492 1516 1493
f 1529 1548 1551
f 1529 1551 1530
f 1530 1551 1522
f 1530 1522 1532
f 1550 1549 1523
f 912 68 1554
f 912 1554 913
f 913 1554 1506
f 913 1506 915
f 2007 912 914
f 2007 914 1918
f 1918 914 915
f 1552 1495 916
f 916 1495 2005
f 1552 916 1553
f 1553 916 917
f 1553 917 1507
f 918 1564 1567
f 918 1567 919
f 919 1567 1569
f 919 1569 922
f 923 918 920
f 923 920 924
f 924 920 921
f 924 921 461
f 1571 923 925
f 1571 925 1572
f 1572 925 926
f 1572 926 1574
f 927 1570 1573
f 927 1573 928
f 928 1573 1575
f 928 1575 931
f 932 927 929
f 929 930 936
f 1565 932 934
f 1565 934 1566
f 1566 934 935
f 1566 935 1568
f 938 1919 1957
f 938 1957 939
f 939 1957 1920
f 1577 938 940
f 1577 940 1578
f 1578 940 941
f 1578 941 1569
f 942 1576 1579
f 942 1579 943
f 943 1579 1568
f 943 1568 945
f 2009 942 944
f 1608 1580 1583
f 1608 1583 1609
f 1609 1583 1585
f 1609 1585 1611
f 1587 1613 1616
f 1587 1616 1588
f 1588 1616 1600
f 1588 1600 1590
f 1545 1586 1589
f 1545 1589 1546
f 1546 1589 1591
f 1546 1591 1533
f 1581 1538 1541
f 1581 1541 1582
f 1582 1541 1543
f 1582 1543 1584
f 1593 1624 1627
f 1593 1627 1594
f 1594 1627 1611
f 1594 1611 1585
f 1556 1592 1595
f 1556 1595 1557
f 1557 1595 1584
f 1557 1584 1543
f 1597 15 1619
f 1597 1619 1598
f 1598 1619 1590
f 1598 1590 1600
f 1617 1528 1531
f 1617 1531 1618
f 1618 1531 1533
f 1618 1533 1591
f 946 1620 1623
f 946 1623 947
f 947 1623 1574
f 947 1574 949
f 2013 946 948
f 2013 948 1921
f 1921 948 949
f 1621 1954 950
f 950 1954 1956
f 950 1956 952
f 1621 950 1622
f 1622 950 951
f 1622 951 1575
f 953 1633 1636
f 953 1636 954
f 954 1636 1638
f 954 1638 957
f 958 953 955
f 958 955 959
f 959 955 956
f 959 956 503
f 1640 958 960
f 1640 960 1641
f 1641 960 961
f 1641 961 1643
f 962 1639 1642
f 962 1642 963
f 963 1642 1644
f 963 1644 966
f 967 962 964
f 964 965 971
f 1634 967 969
f 1634 969 1635
f 1635 969 970
f 1635 970 1637
f 973 1922 1962
f 973 1962 974
f 974 1962 1923
f 1646 973 975
f 1646 975 1647
f 1647 975 976
f 1647 976 1638
f 977 1645 1648
f 977 1648 978
f 978 1648 1637
f 978 1637 980
f 2015 977 979
f 1678 1649 1652
f 1678 1652 1679
f 1679 1652 1654
f 1679 1654 1681
f 1656 1683 1686
f 1656 1686 1657
f 1657 1686 1669
f 1657 1669 1659
f 1614 1655 1658
f 1614 1658 1615
f 1615 1658 1660
f 1615 1660 1601
f 1650 1607 1610
f 1650 1610 1651
f 1651 1610 1612
f 1651 1612 1653
f 1662 1693 1696
f 1662 1696 1663
f 1663 1696 1681
f 1663 1681 1654
f 1625 1661 1664
f 1625 1664 1626
f 1626 1664 1653
f 1626 1653 1612
f 1666 1687 1690
f 1666 1690 1667
f 1667 1690 1659
f 1667 1659 1669
f 1688 1596 1599
f 1688 1599 1689
f 1689 1599 1601
f 1689 1601 1660
f 981 75 1692
f 981 1692 982
f 982 1692 1643
f 982 1643 984
f 2019 981 983
f 2019 983 1924
f 1924 983 984
f 985 1959 986
f 986 1959 1961
f 986 1961 989
f 75 985 987
f 75 987 1691
f 1691 987 988
f 1691 988 1644
f 990 1702 1705
f 990 1705 991
f 991 1705 1707
f 991 1707 994
f 995 990 992
f 995 992 996
f 996 992 993
f 996 993 999
f 1709 995 997
f 1709 997 1710
f 1710 997 998
f 1710 998 1712
f 1000 1708 1711
f 1000 1711 1001
f 1001 1711 1713
f 1001 1713 1004
f 1005 1000 1002
f 1002 1003 1009
f 1703 1005 1007
f 1703 1007 1704
f 1704 1007 1008
f 1704 1008 1706
f 1011 1925 1965
f 1011 1965 1012
f 1012 1965 1926
f 1714 1011 1013
f 1714 1013 1715
f 1715 1013 1014
f 1715 1014 1707
f 1015 76 1716
f 1015 1716 1016
f 1016 1716 1706
f 1016 1706 1018
f 2021 1015 1017
f 1745 1717 1720
f 1745 1720 1746
f 1746 1720 1722
f 1746 1722 1748
f 1724 1750 1753
f 1724 1753 1725
f 1725 1753 1736
f 1725 1736 1727
f 1684 1723 1726
f 1684 1726 1685
f 1685 1726 1728
f 1685 1728 1670
f 1718 1677 1680
f 1718 1680 1719
f 1719 1680 1682
f 1719 1682 1721
f 1730 1762 1765
f 1730 1765 1731
f 1731 1765 1748
f 1731 1748 1722
f 1694 1729 1732
f 1694 1732 1695
f 1695 1732 1721
f 1695 1721 1682
f 1733 1754 1757
f 1733 1757 1734
f 1734 1757 1727
f 1734 1727 1736
f 1755 1665 1668
f 1755 1668 1756
f 1756 1668 1670
f 1756 1670 1728
f 1019 1758 1761
f 1019 1761 1020
f 1020 1761 1712
f 1020 1712 1022
f 120 1019 1021
f 120 1021 1927
f 1927 1021 1022
f 1759 1928 1963
f 1759 1963 1023
f 1023 1963 1964
f 1023 1964 1025
f 1759 1023 1760
f 1760 1023 1024
f 1760 1024 1713
f 1026 1771 1774
f 1026 1774 1027
f 1027 1774 1776
f 1027 1776 1029
f 1778 1026 1028
f 1778 1028 1030
f 1030 1028 1029
f 1030 1029 1032
f 1778 1030 1779
f 1779 1030 1031
f 1779 1031 1781
f 1033 1777 1780
f 1033 1780 1034
f 1034 1780 1782
f 1034 1782 1037
f 1038 1033 1035
f 1035 1036 1042
f 1772 1038 1040
f 1772 1040 1773
f 1773 1040 1041
f 1773 1041 1775
f 1784 1929 1969
f 1784 1969 1044
f 1044 1969 1970
f 1044 1970 1046
f 1784 1044 1785
f 1785 1044 1045
f 1785 1045 1776
f 1047 1783 1786
f 1047 1786 1048
f 1048 1786 1775
f 1048 1775 1050
f 2026 1047 1049
f 1814 1787 1790
f 1814 1790 1815
f 1815 1790 1792
f 1815 1792 1817
f 1794 1819 1822
f 1794 1822 1795
f 1795 1822 1806
f 1795 1806 1797
f 1751 1793 1796
f 1751 1796 1752
f 1752 1796 1798
f 1752 1798 1737
f 1788 1744 1747
f 1788 1747 1789
f 1789 1747 1749
f 1789 1749 1791
f 1800 1830 1833
f 1800 1833 1801
f 1801 1833 1817
f 1801 1817 1792
f 1763 1799 1802
f 1763 1802 1764
f 1764 1802 1791
f 1764 1791 1749
f 1803 80 1825
f 1803 1825 1804
f 1804 1825 1797
f 1804 1797 1806
f 1823 124 1735
f 1823 1735 1824
f 1824 1735 1737
f 1824 1737 1798
f 1051 1826 1829
f 1051 1829 1052
f 1052 1829 1781
f 1052 1781 1054
f 2030 1051 1053
f 2030 1053 1930
f 1930 1053 1054
f 1827 1966 1055
f 1055 1966 1968
f 1055 1968 1057
f 1827 1055 1828
f 1828 1055 1056
f 1828 1056 1782
f 1058 1840 1843
f 1058 1843 1059
f 1059 1843 1845
f 1847 1058 1059
f 1847 1059 1060
f 1060 1059 1845
f 1060 1845 669
f 1847 1060 1848
f 1848 1060 1061
f 1848 1061 1850
f 1062 1846 1849
f 1062 1849 1063
f 1063 1849 1851
f 1063 1851 1066
f 1067 1062 1064
f 1064 1065 1071
f 1841 1067 1069
f 1841 1069 1842
f 1842 1069 1070
f 1842 1070 1844
f 1853 1931 1973
f 1853 1973 1073
f 1073 1973 1878
f 1073 1878 1075
f 1853 1073 1854
f 1854 1073 1074
f 1854 1074 1856
f 1076 1852 1855
f 1076 1855 1077
f 1077 1855 1844
f 1077 1844 1079
f 1809 1076 1078
f 1879 1857 1860
f 1879 1860 1880
f 1880 1860 1862
f 1880 1862 1881
f 1864 1882 1883
f 1864 1883 1865
f 1865 1883 1875
f 1865 1875 1867
f 1820 1863 1866
f 1820 1866 1821
f 1821 1866 1868
f 1821 1868 1807
f 1858 1813 1816
f 1858 1816 1859
f 1859 1816 1818
f 1859 1818 1861
f 1870 1891 1892
f 1870 1892 1871
f 1871 1892 1881
f 1871 1881 1862
f 1831 1869 1872
f 1831 1872 1832
f 1832 1872 1861
f 1832 1861 1818
f 1873 1884 1887
f 1873 1887 1874
f 1874 1887 1867
f 1874 1867 1875
f 1885 128 1805
f 1885 1805 1886
f 1886 1805 1807
f 1886 1807 1868
f 1080 127 1890
f 1080 1890 1081
f 1081 1890 1850
f 1081 1850 1083
f 2035 1080 1082
f 2035 1082 1932
f 1932 1082 1083
f 1888 1971 1084
f 1084 1971 1839
f 1084 1839 1086
f 1888 1084 1889
f 1889 1084 1085
f 1889 1085 1851
f 1124 1127 1933
f 1124 1933 1896
f 1127 1129 1933
f 1151 1154 1934
f 1151 1934 1935
f 1154 1155 1936
f 1154 1936 1934
f 1194 1197 1937
f 1194 1937 1899
f 1197 1198 1938
f 1197 1938 1937
f 1220 1223 1939
f 1220 1939 1905
f 1223 1225 1939
f 1263 1266 1940
f 1263 1940 1902
f 1266 1268 1940
f 1291 1294 1941
f 1291 1941 1942
f 1294 1295 1943
f 1294 1943 1941
f 1334 1337 1944
f 1334 1944 1906
f 1337 1338 1945
f 1337 1945 1944
f 1361 1364 1946
f 1361 1946 844
f 1364 1366 1946
f 1405 1408 1947
f 1405 1947 1909
f 1408 1410 1947
f 1431 1434 1948
f 1431 1948 1949
f 1434 1436 1948
f 1474 1475 1911
f 1475 1474 1950
f 1494 1495 1951
f 113 1536 1952
f 113 1952 1915
f 1536 1537 1953
f 1536 1953 1952
f 1559 1562 1954
f 1559 1954 1955
f 1562 1563 1956
f 1562 1956 1954
f 1602 1605 1957
f 1602 1957 1919
f 1605 1606 1958
f 1605 1958 1957
f 1628 1631 1959
f 1628 1959 1960
f 1631 1632 1961
f 1631 1961 1959
f 1671 1674 1962
f 1671 1962 1922
f 1674 1676 1962
f 1697 1700 1963
f 1697 1963 1928
f 1700 1701 1964
f 1700 1964 1963
f 1738 1741 1965
f 1738 1965 1925
f 1741 1743 1965
f 1766 1769 1966
f 1766 1966 1967
f 1769 1770 1968
f 1769 1968 1966
f 1808 1811 1969
f 1808 1969 1929
f 1811 1812 1970
f 1811 1970 1969
f 1834 1837 1971
f 1834 1971 1972
f 1837 1839 1971
f 1876 1877 1973
f 1876 1973 1931
f 1877 1878 1973
f 1152 1974 1153
f 1153 1974 1976
f 1153 1976 1155
f 1933 1129 1897
f 1975 1898 1974
f 1975 1974 1152
f 1898 715 1976
f 1898 1976 1974
f 1977 742 1980
f 742 743 1978
f 742 1978 1980
f 1221 1979 1222
f 1222 1979 1982
f 1222 1982 1224
f 1213 1935 1934
f 1937 1938 1900
f 1125 1980 1126
f 1126 1980 1978
f 1126 1978 1128
f 1125 1977 1980
f 1981 1901 1979
f 1981 1979 1221
f 1901 747 1982
f 1901 1982 1979
f 1195 774 1985
f 774 775 1983
f 774 1983 1985
f 1292 1984 1293
f 1293 1984 1987
f 1293 1987 1295
f 1940 1268 1903
f 1195 1985 1196
f 1196 1985 1983
f 1196 1983 1198
f 1986 1904 1984
f 1986 1984 1292
f 1904 779 1987
f 1904 1987 1984
f 1988 805 1991
f 805 806 1989
f 805 1989 1991
f 1362 1990 1363
f 1363 1990 1993
f 1363 1993 1365
f 1354 1942 1941
f 1944 1945 1907
f 1264 1991 1265
f 1265 1991 1989
f 1265 1989 1267
f 1264 1988 1991
f 1992 1908 1990
f 1992 1990 1362
f 1908 810 1993
f 1908 1993 1990
f 1335 838 1996
f 838 839 1994
f 838 1994 1996
f 1432 1995 1433
f 1433 1995 1997
f 1433 1997 1435
f 1335 1996 1336
f 1336 1996 1994
f 1336 1994 1338
f 102 1910 1995
f 102 1995 1432
f 1910 843 1997
f 1910 1997 1995
f 1998 876 2002
f 876 877 1999
f 876 1999 2002
f 2000 2003 2001
f 1488 1949 1948
f 1475 1950 1912
f 1406 2002 1407
f 1407 2002 1999
f 1407 1999 1409
f 1406 1998 2002
f 108 1914 2000
f 108 2000 2001
f 1914 881 2003
f 1914 2003 2000
f 1560 2004 1561
f 1561 2004 2008
f 1561 2008 1563
f 1552 1951 1495
f 1495 1494 2005
f 2006 110 910
f 910 911 2006
f 2007 1918 2004
f 2007 2004 1560
f 1918 915 2008
f 1918 2008 2004
f 2009 944 2012
f 944 945 2010
f 944 2010 2012
f 1629 2011 1630
f 1630 2011 2014
f 1630 2014 1632
f 1621 1955 1954
f 1957 1958 1920
f 1534 2012 1535
f 1535 2012 2010
f 1535 2010 1537
f 1534 2009 2012
f 2013 1921 2011
f 2013 2011 1629
f 1921 949 2014
f 1921 2014 2011
f 2015 979 2018
f 979 980 2016
f 979 2016 2018
f 1698 2017 1699
f 1699 2017 2020
f 1699 2020 1701
f 985 1960 1959
f 1962 1676 1923
f 1603 2018 1604
f 1604 2018 2016
f 1604 2016 1606
f 1603 2015 2018
f 2019 1924 2017
f 2019 2017 1698
f 1924 984 2020
f 1924 2020 2017
f 2021 1017 2024
f 1017 1018 2022
f 1017 2022 2024
f 1767 2023 1768
f 1768 2023 2025
f 1768 2025 1770
f 1965 1743 1926
f 1672 2024 1673
f 1673 2024 2022
f 1673 2022 1675
f 1672 2021 2024
f 120 1927 2023
f 120 2023 1767
f 1927 1022 2025
f 1927 2025 2023
f 2026 1049 2029
f 1049 1050 2027
f 1049 2027 2029
f 1835 2028 1836
f 1836 2028 2031
f 1836 2031 1838
f 1827 1967 1966
f 1739 2029 1740
f 1740 2029 2027
f 1740 2027 1742
f 1739 2026 2029
f 2030 1930 2028
f 2030 2028 1835
f 1930 1054 2031
f 1930 2031 2028
f 1809 1078 2034
f 1078 1079 2032
f 1078 2032 2034
f 1893 2033 1894
f 1894 2033 2036
f 1894 2036 1895
f 1888 1972 1971
f 1809 2034 1810
f 1810 2034 2032
f 1810 2032 1812
f 2035 1932 2033
f 2035 2033 1893
f 1932 1083 2036
f 1932 2036 2033
f 2037 2040 2038
f 26 2040 2037
f 2086 2039 23
f 2045 2043 2046
f 32 2049 2050
f 2052 2049 32
f 2069 2067 2070
f 23 2039 22
f 26 2037 2038
f 2086 23 22
f 2087 2041 27
f 25 2042 24
f 2042 25 2088
f 2041 2087 26
f 2041 26 27
f 24 2088 25
f 29 2044 28
f 2044 29 2089
f 2046 2043 30
f 2043 2045 30
f 28 2089 29
f 2047 2048 33
f 32 2050 31
f 2050 2049 2090
f 2051 2048 2047
f 2048 2051 33
f 31 2052 32
f 2090 2049 2052
f 2054 2053 2091
f 2053 2054 2056
f 2055 34 2092
f 2056 2054 2091
f 2055 2057 34
f 2092 34 2057
f 2058 2059 2091
f 36 2060 35
f 2060 36 2093
f 2061 2059 2058
f 2059 2061 2091
f 2093 36 35
f 2062 2063 39
f 38 2064 37
f 2064 38 2066
f 2065 2063 2062
f 2063 2065 39
f 37 2066 38
f 41 2068 40
f 2068 41 2094
f 2070 2067 42
f 2067 2069 42
f 40 2094 41
f 2095 2071 45
f 44 2096 43
f 2072 2071 2095
f 2071 2072 45
f 43 2073 44
f 2096 44 2073
f 2074 2075 47
f 2076 46 2097
f 50 2075 2074
f 2075 50 47
f 2076 2077 46
f 2097 46 2077
f 2078 51 2079
f 49 2098 48
f 2078 2079 50
f 2078 50 51
f 48 2080 49
f 2098 49 2080
f 2082 2081 2084
f 2081 2082 54
f 2083 52 2099
f 2082 2084 53
f 2082 53 54
f 2083 2085 52
f 2099 52 2085
f 2100 2101 2102
f 2100 2102 2103
f 2101 2104 2105
f 2101 2105 2102
f 2103 2102 2106
f 2102 2105 2106
f 2107 2108 2109
f 2109 2108 2111
f 2108 2110 2111
f 2112 2113 2114
f 2112 2114 2115
f 2113 2116 2117
f 2113 2117 2114
f 2115 2114 2118
f 2114 2117 2118
f 2119 2120 2121
f 2121 2120 2123
f 2120 2122 2123
f 2128 2106 2129
f 2134 2135 2136
f 2137 2138 2139
f 2137 2139 2140
f 2138 2141 2142
f 2138 2142 2139
f 2140 2139 2143
f 2139 2142 2143
f 2144 2145 2146
f 2146 2145 2148
f 2145 2147 2148
f 2149 2150 2151
f 2150 2152 2153
f 2150 2153 2151
f 2154 2155 2156
f 2156 2155 2158
f 2155 2157 2158
f 2160 2163 2161
f 2170 2174 2171
f 2172 2173 2174
f 2172 2169 2175
f 2176 2177 2178
f 2176 2178 2179
f 2177 2180 2181
f 2177 2181 2178
f 2179 2178 2182
f 2178 2181 2182
f 2183 2184 2185
f 2185 2184 2187
f 2184 2186 2187
f 2188 2189 2190
f 2188 2190 2191
f 2189 2192 2193
f 2189 2193 2190
f 2191 2190 2194
f 2190 2193 2194
f 2195 2196 2197
f 2197 2196 2199
f 2196 2198 2199
f 2204 2182 2205
f 2210 2211 2212
f 2216 2217 2218
f 2219 2215 2221
f 2222 2223 2224
f 2222 2224 2225
f 2223 2226 2227
f 2223 2227 2224
f 2225 2224 2228
f 2224 2227 2228
f 2229 2230 2231
f 2231 2230 2233
f 2230 2232 2233
f 2234 2235 2236
f 2235 2237 2238
f 2235 2238 2236
f 2239 2240 2241
f 2241 2240 2243
f 2240 2242 2243
f 2248 2249 2250
f 2255 2256 2257
f 2261 2262 2263
f 2264 2260 2266
f 2267 2268 2269
f 2267 2269 2270
f 2268 2271 2272
f 2268 2272 2269
f 2270 2269 2273
f 2269 2272 2273
f 2274 2275 2276
f 2276 2275 2278
f 2275 2277 2278
f 2279 2280 2281
f 2280 2282 2283
f 2280 2283 2281
f 2284 2285 2286
f 2286 2285 2288
f 2285 2287 2288
f 2293 2294 2295
f 2300 2301 2302
f 2306 2307 2308
f 2309 2305 2311
f 2312 2313 2314
f 2312 2314 2315
f 2313 2316 2317
f 2313 2317 2314
f 2315 2314 2318
f 2314 2317 2318
f 2319 2320 2321
f 2321 2320 2323
f 2320 2322 2323
f 2324 2325 2326
f 2325 2327 2328
f 2325 2328 2326
f 2329 2330 2331
f 2331 2330 2333
f 2330 2332 2333
f 2338 2318 2339
f 2344 2345 2346
f 2350 2351 2352
f 2353 2349 2355
f 2356 2357 2358
f 2356 2358 2359
f 2357 2360 2361
f 2357 2361 2358
f 2359 2358 2362
f 2358 2361 2362
f 2363 2364 2365
f 2365 2364 2367
f 2364 2366 2367
f 2368 2369 2370
f 2369 2371 2372
f 2369 2372 2370
f 2373 2374 2375
f 2375 2374 2377
f 2374 2376 2377
f 2382 2362 2383
f 2388 2389 2390
f 2394 2395 2396
f 2397 2393 2399
f 2400 2401 2402
f 2400 2402 2403
f 2401 2404 2405
f 2401 2405 2402
f 2403 2402 2406
f 2402 2405 2406
f 2407 2408 2409
f 2409 2408 2411
f 2408 2410 2411
f 2412 2413 2414
f 2412 2414 2415
f 2413 2416 2417
f 2413 2417 2414
f 2415 2414 2418
f 2414 2417 2418
f 2419 2420 2421
f 2421 2420 2423
f 2420 2422 2423
f 2428 2406 2429
f 2434 2435 2436
f 2440 2441 2442
f 2443 2439 2445
f 2446 2447 2448
f 2446 2448 2449
f 2447 2450 2451
f 2447 2451 2448
f 2449 2448 2452
f 2448 2451 2452
f 2453 2454 2455
f 2455 2454 2457
f 2454 2456 2457
f 2458 2459 2460
f 2459 2461 2462
f 2459 2462 2460
f 2463 2464 2465
f 2465 2464 2467
f 2464 2466 2467
f 2472 2452 2473
f 2478 2479 2480
f 2484 2418 2485
f 2486 2483 2488
f 2489 2490 2491
f 2489 2491 2492
f 2490 2493 2494
f 2490 2494 2491
f 2492 2491 2495
f 2491 2494 2495
f 2496 2497 2498
f 2498 2497 2500
f 2497 2499 2500
f 2501 2502 2503
f 2502 2504 2505
f 2502 2505 2503
f 2506 2507 2508
f 2508 2507 2510
f 2507 2509 2510
f 2515 2516 2517
f 2522 2523 2524
f 2528 2529 2530
f 2531 2527 2533
f 2534 2535 2536
f 2534 2536 2537
f 2535 2538 2539
f 2535 2539 2536
f 2537 2536 2540
f 2536 2539 2540
f 2541 2542 2543
f 2543 2542 2545
f 2542 2544 2545
f 2546 2547 2548
f 2547 2549 2550
f 2547 2550 2548
f 2551 2552 2553
f 2553 2552 2555
f 2552 2554 2555
f 2560 2561 2562
f 2567 2568 2569
f 2573 2574 2575
f 2576 2572 2578
f 2579 2580 2581
f 2579 2581 2582
f 2580 2583 2584
f 2580 2584 2581
f 2582 2581 2585
f 2581 2584 2585
f 2586 2587 2588
f 2586 2588 2589
f 2587 2590 2591
f 2587 2591 2588
f 2589 2588 2592
f 2588 2591 2592
f 2593 2600 2594
f 2600 2595 2596
f 2594 2600 2596
f 2597 2598 2599
f 2597 2599 2600
f 2598 2601 2585
f 2598 2585 2599
f 2600 2599 2602
f 2599 2585 2602
f 2603 2604 2605
f 2603 2605 2606
f 2604 2607 2608
f 2604 2608 2605
f 2606 2605 2609
f 2605 2608 2609
f 2610 2611 2612
f 2610 2612 2613
f 2611 2614 2596
f 2611 2596 2612
f 2613 2612 2615
f 2612 2596 2615
f 2616 2617 2618
f 2616 2618 2619
f 2617 2620 2621
f 2617 2621 2618
f 2619 2618 2622
f 2618 2621 2622
f 2623 2624 2625
f 2624 2626 2627
f 2625 2624 2627
f 2628 2629 2630
f 2628 2630 2631
f 2629 2632 2609
f 2629 2609 2630
f 2631 2630 2633
f 2630 2609 2633
f 2634 2635 2636
f 2636 2635 2638
f 2635 2637 2638
f 2643 2644 2645
f 2650 2651 2652
f 2656 2657 2658
f 2659 2655 2661
f 2662 2663 2664
f 2663 2665 2584
f 2664 2663 2584
f 2666 2667 2668
f 2667 2669 2670
f 2667 2670 2668
f 2671 2672 2673
f 2672 2674 2675
f 2673 2672 2675
f 2676 2677 2678
f 2676 2678 2679
f 2677 2680 2592
f 2677 2592 2678
f 2679 2678 2681
f 2678 2592 2681
f 2682 2683 2684
f 2683 2685 2686
f 2684 2683 2686
f 2687 2688 2689
f 2688 2690 2135
f 2688 2135 2689
f 2691 2692 2693
f 2692 2694 2695
f 2692 2695 2693
f 2696 2697 2698
f 2698 2697 3821
f 2699 2700 2701
f 2700 2702 2703
f 2701 2700 2703
f 2704 2705 2706
f 2705 2707 2708
f 2705 2708 2706
f 2709 2710 2711
f 2710 2712 2713
f 2711 2710 2713
f 2715 2716 2717
f 2718 2719 2720
f 2719 2721 2722
f 2719 2722 2720
f 2723 2724 2725
f 2725 2724 3824
f 2726 2727 2728
f 2728 2727 3827
f 2729 2730 2731
f 2732 2733 2734
f 2733 2735 2736
f 2734 2733 2736
f 2737 2738 2739
f 2738 2740 2211
f 2738 2211 2739
f 2741 2742 2743
f 2742 2744 2745
f 2743 2742 2745
f 2746 2747 2748
f 2747 2749 2750
f 2747 2750 2748
f 2751 2752 2753
f 2752 2754 2755
f 2752 2755 2753
f 2756 2757 2758
f 2758 2757 3832
f 2759 2760 2761
f 2761 2760 3835
f 2762 2763 2764
f 2765 2766 2767
f 2766 2768 2769
f 2767 2766 2769
f 2770 2771 2772
f 2771 2773 2256
f 2771 2256 2772
f 2774 2781 2775
f 2781 2776 2777
f 2775 2781 2777
f 2778 2779 2780
f 2778 2780 2781
f 2779 2782 2783
f 2779 2783 2780
f 2781 2780 2784
f 2780 2783 2784
f 2785 2786 2787
f 2786 2788 2789
f 2786 2789 2787
f 2790 2791 2792
f 2792 2791 3840
f 2793 2794 2795
f 2795 2794 3842
f 2796 2797 2798
f 2799 2800 2801
f 2800 2802 2803
f 2801 2800 2803
f 2804 2805 2806
f 2805 2807 2301
f 2805 2301 2806
f 2808 2815 2809
f 2815 2810 2811
f 2809 2815 2811
f 2812 2813 2814
f 2812 2814 2815
f 2813 2816 2817
f 2813 2817 2814
f 2815 2814 2818
f 2814 2817 2818
f 2819 2820 2821
f 2820 2822 2823
f 2820 2823 2821
f 2824 2825 2826
f 2826 2825 3847
f 2827 2828 2829
f 2829 2828 3849
f 2830 2831 2832
f 2833 2834 2835
f 2835 2834 2836
f 2838 2839 2345
f 2840 2841 2842
f 2841 2843 2844
f 2842 2841 2844
f 2845 2846 2847
f 2846 2848 2849
f 2846 2849 2847
f 2850 2851 2852
f 2853 2854 2855
f 2855 2854 3856
f 2856 2857 2858
f 2858 2857 3861
f 2859 2860 2861
f 2862 2863 2864
f 2863 2865 2866
f 2864 2863 2866
f 2867 2868 2869
f 2868 2870 2389
f 2868 2389 2869
f 2871 2878 2872
f 2878 2873 2874
f 2872 2878 2874
f 2875 2876 2877
f 2875 2877 2878
f 2876 2879 2880
f 2876 2880 2877
f 2878 2877 2881
f 2877 2880 2881
f 2882 2883 2884
f 2883 2885 2886
f 2883 2886 2884
f 2887 3865 2888
f 2888 3865 3973
f 2889 2890 2891
f 2891 2890 3870
f 2892 2893 2894
f 2895 2896 2897
f 2896 2898 2899
f 2897 2896 2899
f 2900 2901 2902
f 2901 2903 2435
f 2901 2435 2902
f 2904 2911 2905
f 2911 2906 2907
f 2905 2911 2907
f 2908 2909 2910
f 2908 2910 2911
f 2909 2912 2913
f 2909 2913 2910
f 2911 2910 2914
f 2910 2913 2914
f 2915 2916 2917
f 2916 2918 2919
f 2916 2919 2917
f 2920 2921 2922
f 2922 2921 3873
f 2923 2924 2925
f 2925 2924 3876
f 2926 2927 2928
f 2929 2930 2931
f 2931 2930 2932
f 2934 2935 2479
f 2936 2943 2937
f 2943 2938 2939
f 2937 2943 2939
f 2940 2941 2942
f 2940 2942 2943
f 2941 2944 2945
f 2941 2945 2942
f 2943 2942 2946
f 2942 2945 2946
f 2948 2949 2950
f 2951 2952 2953
f 2953 2952 3882
f 2954 2955 2956
f 2956 2955 3885
f 2957 2958 2959
f 2960 2961 2962
f 2961 2963 2964
f 2962 2961 2964
f 2965 2966 2967
f 2966 2968 2523
f 2966 2523 2967
f 2969 2975 2970
f 2975 2971 2972
f 2970 2975 2972
f 2973 2974 2975
f 2974 2976 2977
f 2975 2974 2977
f 2978 2979 2980
f 2979 2981 2982
f 2979 2982 2980
f 2983 2984 2985
f 2985 2984 3890
f 2986 2987 2988
f 2988 2987 3893
f 2989 2990 2991
f 2992 2993 2994
f 2993 2995 2996
f 2994 2993 2996
f 2997 2998 2999
f 2998 3000 2568
f 2998 2568 2999
f 3001 3008 3002
f 3008 3003 3004
f 3002 3008 3004
f 3005 3006 3007
f 3005 3007 3008
f 3006 3009 3010
f 3006 3010 3007
f 3008 3007 3011
f 3007 3010 3011
f 3012 3013 3014
f 3013 3015 3016
f 3013 3016 3014
f 3017 3018 3019
f 3019 3018 3898
f 3020 3021 3022
f 3022 3021 3901
f 3023 3024 3025
f 3026 3027 3028
f 3027 3029 3030
f 3028 3027 3030
f 3031 3032 3033
f 3032 3034 2651
f 3032 2651 3033
f 3035 3042 3036
f 3036 3042 3038
f 3042 3037 3038
f 3039 3040 3041
f 3039 3041 3042
f 3040 3043 3044
f 3040 3044 3041
f 3042 3041 3045
f 3041 3044 3045
f 3046 3047 3048
f 3047 3049 3050
f 3047 3050 3048
f 3051 3052 3053
f 3053 3052 3906
f 3054 3055 3056
f 3056 3055 3909
f 3057 3058 3059
f 3060 3061 3062
f 3060 3062 3063
f 3061 3064 3065
f 3061 3065 3062
f 3066 3067 3068
f 3066 3068 3069
f 3067 3070 3071
f 3067 3071 3068
f 3072 3073 3074
f 3072 3074 3075
f 3073 3065 3064
f 3073 3064 3074
f 3076 3077 3078
f 3076 3078 3079
f 3077 3080 3081
f 3077 3081 3078
f 3082 3083 3084
f 3082 3084 3085
f 3083 3086 3087
f 3083 3087 3084
f 3088 3089 3090
f 3088 3090 3091
f 3089 3081 3080
f 3089 3080 3090
f 3092 3093 3094
f 3092 3094 3095
f 3093 3096 3097
f 3093 3097 3094
f 3098 3099 3100
f 3098 3100 3943
f 3099 3101 3100
f 3102 3103 3104
f 3102 3104 3105
f 3103 3106 3107
f 3103 3107 3104
f 3108 3109 3110
f 3108 3110 3111
f 3109 3097 3096
f 3109 3096 3110
f 3112 3113 3114
f 3112 3114 3115
f 3113 3087 3086
f 3113 3086 3114
f 2086 3116 3117
f 2086 3117 3118
f 3116 3071 3070
f 3116 3070 3117
f 22 3119 3120
f 22 3120 3121
f 3119 3107 3106
f 3119 3106 3120
f 3122 3123 3124
f 3122 3124 3935
f 3123 3829 3125
f 3123 3125 3124
f 2107 2109 2101
f 2107 2101 2100
f 2109 2111 2104
f 2109 2104 2101
f 2112 2115 2108
f 2112 2108 2107
f 2115 2118 2110
f 2115 2110 2108
f 2119 2121 2113
f 2119 2113 2112
f 2121 2123 2116
f 2121 2116 2113
f 2100 2103 2120
f 2100 2120 2119
f 2103 2106 2122
f 2103 2122 2120
f 2127 2128 2125
f 2127 2125 2124
f 2128 2129 2126
f 2128 2126 2125
f 2130 2131 2128
f 2130 2128 2127
f 2131 2132 2106
f 2131 2106 2128
f 2133 2134 2131
f 2133 2131 2130
f 2134 2136 2132
f 2134 2132 2131
f 2124 2125 2134
f 2124 2134 2133
f 2125 2126 2135
f 2125 2135 2134
f 3126 3127 3128
f 3126 3128 2714
f 3127 3129 3130
f 3127 3130 3128
f 3131 3132 3133
f 3131 3133 3134
f 3132 3135 3136
f 3132 3136 3133
f 3137 3138 3139
f 3137 3139 3140
f 3138 3130 3129
f 3138 3129 3139
f 3141 3142 3143
f 3141 3143 3144
f 3142 3145 3146
f 3142 3146 3143
f 3147 3148 3149
f 3147 3149 3150
f 3148 3151 3152
f 3148 3152 3149
f 2042 3153 3154
f 2042 3154 3155
f 3153 3146 3145
f 3153 3145 3154
f 3156 3157 3158
f 3156 3158 3159
f 3157 3160 3161
f 3157 3161 3158
f 3162 3163 3164
f 3162 3164 3951
f 3163 3941 3165
f 3163 3165 3164
f 3166 3167 3168
f 3166 3168 3169
f 3167 3170 3171
f 3167 3171 3168
f 3172 3173 3174
f 3172 3174 3175
f 3173 3161 3160
f 3173 3160 3174
f 3176 3177 3178
f 3176 3178 3179
f 3177 3152 3151
f 3177 3151 3178
f 2088 3180 3181
f 2088 3181 3940
f 3180 3136 3135
f 3180 3135 3181
f 3182 3183 3184
f 3182 3184 3185
f 3183 3171 3170
f 3183 3170 3184
f 3186 3187 3188
f 3186 3188 3939
f 3187 3189 3188
f 2144 2146 2138
f 2144 2138 2137
f 2146 2148 2141
f 2146 2141 2138
f 2149 2151 2145
f 2149 2145 2144
f 2151 2153 2147
f 2151 2147 2145
f 2154 2156 2150
f 2154 2150 2149
f 2156 2158 2152
f 2156 2152 2150
f 2137 2140 2155
f 2137 2155 2154
f 2140 2143 2157
f 2140 2157 2155
f 2160 2161 2159
f 2164 2162 2160
f 2162 2163 2160
f 2164 2165 2162
f 2165 2166 2163
f 2165 2163 2162
f 2164 2160 2165
f 2160 2159 2166
f 2160 2166 2165
f 2167 2170 2168
f 2170 2171 2169
f 2170 2169 2168
f 2167 2172 2170
f 2172 2174 2170
f 2172 2175 2173
f 2167 2168 2172
f 2168 2169 2172
f 3190 3191 3192
f 3190 3192 3193
f 3191 3194 3195
f 3191 3195 3192
f 3196 3197 3198
f 3196 3198 3199
f 3197 3200 3201
f 3197 3201 3198
f 30 3202 3203
f 30 3203 3204
f 3202 3195 3194
f 3202 3194 3203
f 3205 3206 3207
f 3205 3207 3208
f 3206 3209 3210
f 3206 3210 3207
f 3211 3212 3213
f 3211 3213 3214
f 3212 3215 3216
f 3212 3216 3213
f 2044 3217 3218
f 2044 3218 3219
f 3217 3210 3209
f 3217 3209 3218
f 3220 3221 3222
f 3220 3222 3223
f 3221 3224 3225
f 3221 3225 3222
f 3226 3227 3228
f 3226 3228 3839
f 3227 3229 3228
f 3230 3231 3232
f 3230 3232 3233
f 3231 3234 3235
f 3231 3235 3232
f 3236 3237 3238
f 3236 3238 3239
f 3237 3225 3224
f 3237 3224 3238
f 2046 3240 3241
f 2046 3241 3242
f 3240 3216 3215
f 3240 3215 3241
f 3243 3244 3245
f 3243 3245 3948
f 3244 3201 3200
f 3244 3200 3245
f 3246 3247 3248
f 3246 3248 3249
f 3247 3235 3234
f 3247 3234 3248
f 3250 3251 3252
f 3250 3252 3947
f 3251 3844 3253
f 3251 3253 3252
f 2183 2185 2177
f 2183 2177 2176
f 2185 2187 2180
f 2185 2180 2177
f 2188 2191 2184
f 2188 2184 2183
f 2191 2194 2186
f 2191 2186 2184
f 2195 2197 2189
f 2195 2189 2188
f 2197 2199 2192
f 2197 2192 2189
f 2176 2179 2196
f 2176 2196 2195
f 2179 2182 2198
f 2179 2198 2196
f 2203 2204 2201
f 2203 2201 2200
f 2204 2205 2202
f 2204 2202 2201
f 2206 2207 2204
f 2206 2204 2203
f 2207 2208 2182
f 2207 2182 2204
f 2209 2210 2207
f 2209 2207 2206
f 2210 2212 2208
f 2210 2208 2207
f 2200 2201 2210
f 2200 2210 2209
f 2201 2202 2211
f 2201 2211 2210
f 2213 2216 2214
f 2216 2218 2215
f 2216 2215 2214
f 2213 2219 2216
f 2219 2220 2217
f 2219 2217 2216
f 2219 2221 2220
f 2213 2214 2219
f 2214 2215 2219
f 3254 3255 3256
f 3254 3256 3257
f 3255 3258 3259
f 3255 3259 3256
f 3260 3261 3262
f 3260 3262 3263
f 3261 3264 3265
f 3261 3265 3262
f 3266 3267 3268
f 3266 3268 3269
f 3267 3259 3258
f 3267 3258 3268
f 3270 3271 3272
f 3270 3272 3273
f 3271 3274 3275
f 3271 3275 3272
f 3276 3277 3278
f 3276 3278 3279
f 3277 3280 3281
f 3277 3281 3278
f 2050 3282 3283
f 2050 3283 3284
f 3282 3275 3274
f 3282 3274 3283
f 3285 3286 3287
f 3285 3287 3288
f 3286 3289 3290
f 3286 3290 3287
f 3291 3292 3293
f 3291 3293 3965
f 3292 3957 3294
f 3292 3294 3293
f 3295 3296 3297
f 3295 3297 3298
f 3296 3299 3300
f 3296 3300 3297
f 3301 3302 3303
f 3301 3303 3304
f 3302 3290 3289
f 3302 3289 3303
f 3305 3306 3307
f 3305 3307 3308
f 3306 3281 3280
f 3306 3280 3307
f 3309 3310 3311
f 3309 3311 3956
f 3310 3265 3264
f 3310 3264 3311
f 3312 3313 3314
f 3312 3314 3315
f 3313 3300 3299
f 3313 3299 3314
f 3316 3317 3318
f 3316 3318 3955
f 3317 3319 3318
f 2229 2231 2223
f 2229 2223 2222
f 2231 2233 2226
f 2231 2226 2223
f 2234 2236 2230
f 2234 2230 2229
f 2236 2238 2232
f 2236 2232 2230
f 2239 2241 2235
f 2239 2235 2234
f 2241 2243 2237
f 2241 2237 2235
f 2222 2225 2240
f 2222 2240 2239
f 2225 2228 2242
f 2225 2242 2240
f 2247 2248 2245
f 2247 2245 2244
f 2248 2250 2246
f 2248 2246 2245
f 2251 2252 2248
f 2251 2248 2247
f 2252 2253 2249
f 2252 2249 2248
f 2254 2255 2252
f 2254 2252 2251
f 2255 2257 2253
f 2255 2253 2252
f 2244 2245 2255
f 2244 2255 2254
f 2245 2246 2256
f 2245 2256 2255
f 2258 2261 2259
f 2261 2263 2260
f 2261 2260 2259
f 2258 2264 2261
f 2264 2265 2262
f 2264 2262 2261
f 2264 2266 2265
f 2258 2259 2264
f 2259 2260 2264
f 3320 3321 3322
f 3320 3322 3323
f 3321 3324 3325
f 3321 3325 3322
f 3326 3327 3328
f 3326 3328 3329
f 3327 3330 3331
f 3327 3331 3328
f 3332 3333 3334
f 3332 3334 3335
f 3333 3325 3324
f 3333 3324 3334
f 3336 3337 3338
f 3336 3338 3339
f 3337 3340 3341
f 3337 3341 3338
f 3342 3343 3344
f 3342 3344 3345
f 3343 3346 3347
f 3343 3347 3344
f 3348 3349 3350
f 3348 3350 3351
f 3349 3341 3340
f 3349 3340 3350
f 3352 3353 3354
f 3352 3354 3355
f 3353 3356 3357
f 3353 3357 3354
f 3358 3359 3360
f 3358 3360 3971
f 3359 3361 3360
f 3362 3363 3364
f 3362 3364 3365
f 3363 3366 3367
f 3363 3367 3364
f 3368 3369 3370
f 3368 3370 3371
f 3369 3357 3356
f 3369 3356 3370
f 3372 3373 3374
f 3372 3374 3375
f 3373 3347 3346
f 3373 3346 3374
f 3376 3377 3378
f 3376 3378 3851
f 3377 3331 3330
f 3377 3330 3378
f 3379 3380 3381
f 3379 3381 3382
f 3380 3367 3366
f 3380 3366 3381
f 3383 3384 3385
f 3383 3385 3962
f 3384 3386 3385
f 2274 2276 2268
f 2274 2268 2267
f 2276 2278 2271
f 2276 2271 2268
f 2279 2281 2275
f 2279 2275 2274
f 2281 2283 2277
f 2281 2277 2275
f 2284 2286 2280
f 2284 2280 2279
f 2286 2288 2282
f 2286 2282 2280
f 2267 2270 2285
f 2267 2285 2284
f 2270 2273 2287
f 2270 2287 2285
f 2292 2293 2290
f 2292 2290 2289
f 2293 2295 2291
f 2293 2291 2290
f 2296 2297 2293
f 2296 2293 2292
f 2297 2298 2294
f 2297 2294 2293
f 2299 2300 2297
f 2299 2297 2296
f 2300 2302 2298
f 2300 2298 2297
f 2289 2290 2300
f 2289 2300 2299
f 2290 2291 2301
f 2290 2301 2300
f 2303 2306 2304
f 2306 2308 2305
f 2306 2305 2304
f 2303 2309 2306
f 2309 2310 2307
f 2309 2307 2306
f 2309 2311 2310
f 2303 2304 2309
f 2304 2305 2309
f 3387 3388 3389
f 3387 3389 3390
f 3388 3391 3392
f 3388 3392 3389
f 3393 3394 3395
f 3393 3395 2837
f 3394 3396 3397
f 3394 3397 3395
f 3420 3398 3399
f 3398 3392 3391
f 3398 3391 3399
f 3400 3401 3402
f 3400 3402 3403
f 3401 3414 3404
f 3401 3404 3402
f 3405 3406 3407
f 3405 3407 3858
f 3406 3408 3409
f 3406 3409 3407
f 3410 3411 3412
f 3410 3412 3413
f 3411 3404 3414
f 3411 3414 3412
f 3415 3416 3417
f 3415 3417 3418
f 3416 3419 3417
f 3423 3421 3422
f 3421 3424 3425
f 3421 3425 3422
f 3426 3427 3428
f 3426 3428 3429
f 3427 3430 3428
f 3431 3432 3433
f 3431 3433 3434
f 3432 3409 3408
f 3432 3408 3433
f 3435 3436 3437
f 3435 3437 3969
f 3436 3397 3396
f 3436 3396 3437
f 3438 3425 3439
f 2319 2321 2313
f 2319 2313 2312
f 2321 2323 2316
f 2321 2316 2313
f 2324 2326 2320
f 2324 2320 2319
f 2326 2328 2322
f 2326 2322 2320
f 2329 2331 2325
f 2329 2325 2324
f 2331 2333 2327
f 2331 2327 2325
f 2312 2315 2330
f 2312 2330 2329
f 2315 2318 2332
f 2315 2332 2330
f 2337 2338 2335
f 2337 2335 2334
f 2338 2339 2336
f 2338 2336 2335
f 2340 2341 2338
f 2340 2338 2337
f 2341 2342 2318
f 2341 2318 2338
f 2343 2344 2341
f 2343 2341 2340
f 2344 2346 2342
f 2344 2342 2341
f 2334 2335 2344
f 2334 2344 2343
f 2335 2336 2345
f 2335 2345 2344
f 2347 2350 2348
f 2350 2352 2349
f 2350 2349 2348
f 2347 2353 2350
f 2353 2354 2351
f 2353 2351 2350
f 2353 2355 2354
f 2347 2348 2353
f 2348 2349 2353
f 3441 3442 3443
f 3441 3443 3444
f 3442 3445 3446
f 3442 3446 3443
f 3447 3448 3449
f 3447 3449 3450
f 3448 3451 3452
f 3448 3452 3449
f 3453 3454 3455
f 3453 3455 2062
f 3454 3446 3445
f 3454 3445 3455
f 3456 3457 3458
f 3456 3458 3459
f 3457 3460 3461
f 3457 3461 3458
f 3462 3463 3464
f 3462 3464 3465
f 3463 3466 3467
f 3463 3467 3464
f 2064 3468 3469
f 2064 3469 3470
f 3468 3461 3460
f 3468 3460 3469
f 3471 3472 3473
f 3471 3473 3474
f 3472 3475 3476
f 3472 3476 3473
f 3477 3478 3479
f 3477 3479 3985
f 3478 3977 3480
f 3478 3480 3479
f 3481 3482 3483
f 3481 3483 3484
f 3482 3485 3486
f 3482 3486 3483
f 3487 3488 3489
f 3487 3489 3490
f 3488 3476 3475
f 3488 3475 3489
f 3491 3492 3493
f 3491 3493 2065
f 3492 3467 3466
f 3492 3466 3493
f 3494 3495 3496
f 3494 3496 2894
f 3495 3452 3451
f 3495 3451 3496
f 3497 3498 3499
f 3497 3499 3500
f 3498 3486 3485
f 3498 3485 3499
f 3501 3502 3503
f 3501 3503 3976
f 3502 3504 3503
f 2363 2365 2357
f 2363 2357 2356
f 2365 2367 2360
f 2365 2360 2357
f 2368 2370 2364
f 2368 2364 2363
f 2370 2372 2366
f 2370 2366 2364
f 2373 2375 2369
f 2373 2369 2368
f 2375 2377 2371
f 2375 2371 2369
f 2356 2359 2374
f 2356 2374 2373
f 2359 2362 2376
f 2359 2376 2374
f 2381 2382 2379
f 2381 2379 2378
f 2382 2383 2380
f 2382 2380 2379
f 2384 2385 2382
f 2384 2382 2381
f 2385 2386 2362
f 2385 2362 2382
f 2387 2388 2385
f 2387 2385 2384
f 2388 2390 2386
f 2388 2386 2385
f 2378 2379 2388
f 2378 2388 2387
f 2379 2380 2389
f 2379 2389 2388
f 2391 2394 2392
f 2394 2396 2393
f 2394 2393 2392
f 2391 2397 2394
f 2397 2398 2395
f 2397 2395 2394
f 2397 2399 2398
f 2391 2392 2397
f 2392 2393 2397
f 3505 3506 3507
f 3505 3507 3508
f 3506 3509 3510
f 3506 3510 3507
f 3511 3512 3513
f 3511 3513 3514
f 3512 3515 3516
f 3512 3516 3513
f 3517 3518 3519
f 3517 3519 3520
f 3518 3510 3509
f 3518 3509 3519
f 3521 3522 3523
f 3521 3523 3524
f 3522 3525 3526
f 3522 3526 3523
f 3527 3528 3529
f 3527 3529 3530
f 3528 3531 3532
f 3528 3532 3529
f 3533 3534 3535
f 3533 3535 3536
f 3534 3526 3525
f 3534 3525 3535
f 3537 3538 3539
f 3537 3539 3540
f 3538 3541 3542
f 3538 3542 3539
f 3543 3544 3545
f 3543 3545 3992
f 3544 3546 3545
f 3547 3548 3549
f 3547 3549 3550
f 3548 3551 3552
f 3548 3552 3549
f 3553 3554 3555
f 3553 3555 3556
f 3554 3542 3541
f 3554 3541 3555
f 2070 3557 3558
f 2070 3558 3559
f 3557 3532 3531
f 3557 3531 3558
f 3560 3561 3562
f 3560 3562 3982
f 3561 3516 3515
f 3561 3515 3562
f 3563 3564 3565
f 3563 3565 3566
f 3564 3552 3551
f 3564 3551 3565
f 3567 3568 3569
f 3567 3569 3981
f 3568 3570 3569
f 2407 2409 2401
f 2407 2401 2400
f 2409 2411 2404
f 2409 2404 2401
f 2412 2415 2408
f 2412 2408 2407
f 2415 2418 2410
f 2415 2410 2408
f 2419 2421 2413
f 2419 2413 2412
f 2421 2423 2416
f 2421 2416 2413
f 2400 2403 2420
f 2400 2420 2419
f 2403 2406 2422
f 2403 2422 2420
f 2427 2428 2425
f 2427 2425 2424
f 2428 2429 2426
f 2428 2426 2425
f 2430 2431 2428
f 2430 2428 2427
f 2431 2432 2406
f 2431 2406 2428
f 2433 2434 2431
f 2433 2431 2430
f 2434 2436 2432
f 2434 2432 2431
f 2424 2425 2434
f 2424 2434 2433
f 2425 2426 2435
f 2425 2435 2434
f 2437 2440 2438
f 2440 2442 2439
f 2440 2439 2438
f 2437 2443 2440
f 2443 2444 2441
f 2443 2441 2440
f 2443 2445 2444
f 2437 2438 2443
f 2438 2439 2443
f 3571 3572 3573
f 3571 3573 3574
f 3572 3575 3576
f 3572 3576 3573
f 3577 3578 3579
f 3577 3579 2933
f 3578 3580 3581
f 3578 3581 3579
f 3582 3583 3584
f 3582 3584 2947
f 3583 3576 3575
f 3583 3575 3584
f 3585 3586 3587
f 3585 3587 3588
f 3586 3589 3590
f 3586 3590 3587
f 3591 3592 3593
f 3591 3593 3594
f 3592 3595 3596
f 3592 3596 3593
f 3597 3598 3599
f 3597 3599 3600
f 3598 3590 3589
f 3598 3589 3599
f 3601 3602 3603
f 3601 3603 3604
f 3602 3605 3606
f 3602 3606 3603
f 3607 3608 3609
f 3607 3609 3889
f 3608 3610 3609
f 3611 3612 3613
f 3611 3613 3614
f 3612 3615 3616
f 3612 3616 3613
f 3617 3618 3619
f 3617 3619 3620
f 3618 3606 3605
f 3618 3605 3619
f 3621 3622 3623
f 3621 3623 3624
f 3622 3596 3595
f 3622 3595 3623
f 3625 3626 3627
f 3625 3627 3990
f 3626 3581 3580
f 3626 3580 3627
f 3628 3629 3630
f 3628 3630 3631
f 3629 3616 3615
f 3629 3615 3630
f 3632 3633 3634
f 3632 3634 3989
f 3633 3895 3635
f 3633 3635 3634
f 2453 2455 2447
f 2453 2447 2446
f 2455 2457 2450
f 2455 2450 2447
f 2458 2460 2454
f 2458 2454 2453
f 2460 2462 2456
f 2460 2456 2454
f 2463 2465 2459
f 2463 2459 2458
f 2465 2467 2461
f 2465 2461 2459
f 2446 2449 2464
f 2446 2464 2463
f 2449 2452 2466
f 2449 2466 2464
f 2471 2472 2469
f 2471 2469 2468
f 2472 2473 2470
f 2472 2470 2469
f 2474 2475 2472
f 2474 2472 2471
f 2475 2476 2452
f 2475 2452 2472
f 2477 2478 2475
f 2477 2475 2474
f 2478 2480 2476
f 2478 2476 2475
f 2468 2469 2478
f 2468 2478 2477
f 2469 2470 2479
f 2469 2479 2478
f 2481 2484 2482
f 2484 2485 2483
f 2484 2483 2482
f 2481 2486 2484
f 2486 2487 2418
f 2486 2418 2484
f 2486 2488 2487
f 2481 2482 2486
f 2482 2483 2486
f 3636 3637 3638
f 3636 3638 2973
f 3637 3639 3640
f 3637 3640 3638
f 3641 3642 3643
f 3641 3643 3644
f 3642 3645 3646
f 3642 3646 3643
f 3647 3648 3649
f 3647 3649 3650
f 3648 3640 3639
f 3648 3639 3649
f 3651 3652 3653
f 3651 3653 3654
f 3652 3655 3656
f 3652 3656 3653
f 3657 3658 3659
f 3657 3659 3660
f 3658 3661 3662
f 3658 3662 3659
f 3663 3664 3665
f 3663 3665 3666
f 3664 3656 3655
f 3664 3655 3665
f 3667 3668 3669
f 3667 3669 3670
f 3668 3671 3672
f 3668 3672 3669
f 3673 3674 3675
f 3673 3675 3897
f 3674 3998 3676
f 3674 3676 3675
f 3677 3678 3679
f 3677 3679 3680
f 3678 3681 3682
f 3678 3682 3679
f 3683 3684 3685
f 3683 3685 3686
f 3684 3672 3671
f 3684 3671 3685
f 3687 3688 3689
f 3687 3689 3690
f 3688 3662 3661
f 3688 3661 3689
f 3691 3692 3693
f 3691 3693 3997
f 3692 3646 3645
f 3692 3645 3693
f 3694 3695 3696
f 3694 3696 3697
f 3695 3682 3681
f 3695 3681 3696
f 3698 3699 3700
f 3698 3700 3996
f 3699 3903 3701
f 3699 3701 3700
f 2496 2498 2490
f 2496 2490 2489
f 2498 2500 2493
f 2498 2493 2490
f 2501 2503 2497
f 2501 2497 2496
f 2503 2505 2499
f 2503 2499 2497
f 2506 2508 2502
f 2506 2502 2501
f 2508 2510 2504
f 2508 2504 2502
f 2489 2492 2507
f 2489 2507 2506
f 2492 2495 2509
f 2492 2509 2507
f 2514 2515 2512
f 2514 2512 2511
f 2515 2517 2513
f 2515 2513 2512
f 2518 2519 2515
f 2518 2515 2514
f 2519 2520 2516
f 2519 2516 2515
f 2521 2522 2519
f 2521 2519 2518
f 2522 2524 2520
f 2522 2520 2519
f 2511 2512 2522
f 2511 2522 2521
f 2512 2513 2523
f 2512 2523 2522
f 2525 2528 2526
f 2528 2530 2527
f 2528 2527 2526
f 2525 2531 2528
f 2531 2532 2529
f 2531 2529 2528
f 2531 2533 2532
f 2525 2526 2531
f 2526 2527 2531
f 3702 3703 3704
f 3702 3704 3705
f 3703 3706 3707
f 3703 3707 3704
f 3708 3709 3710
f 3708 3710 3711
f 3709 3712 3713
f 3709 3713 3710
f 3714 3715 3716
f 3714 3716 3717
f 3715 3707 3706
f 3715 3706 3716
f 3718 3719 3720
f 3718 3720 3721
f 3719 3722 3723
f 3719 3723 3720
f 3724 3725 3726
f 3724 3726 3727
f 3725 3728 3729
f 3725 3729 3726
f 2098 3730 3731
f 2098 3731 3732
f 3730 3723 3722
f 3730 3722 3731
f 53 3733 3734
f 53 3734 3735
f 3733 3736 3737
f 3733 3737 3734
f 3738 3739 3740
f 3738 3740 4014
f 3739 4005 3741
f 3739 3741 3740
f 3742 3743 3744
f 3742 3744 3745
f 3743 3746 3747
f 3743 3747 3744
f 3748 3749 3750
f 3748 3750 3751
f 3749 3737 3736
f 3749 3736 3750
f 3752 3753 3754
f 3752 3754 3755
f 3753 3729 3728
f 3753 3728 3754
f 3756 3757 3758
f 3756 3758 4004
f 3757 3713 3712
f 3757 3712 3758
f 3759 3760 3761
f 3759 3761 3762
f 3760 3747 3746
f 3760 3746 3761
f 3763 3764 3765
f 3763 3765 4003
f 3764 3766 3765
f 2541 2543 2535
f 2541 2535 2534
f 2543 2545 2538
f 2543 2538 2535
f 2546 2548 2542
f 2546 2542 2541
f 2548 2550 2544
f 2548 2544 2542
f 2551 2553 2547
f 2551 2547 2546
f 2553 2555 2549
f 2553 2549 2547
f 2534 2537 2552
f 2534 2552 2551
f 2537 2540 2554
f 2537 2554 2552
f 2559 2560 2557
f 2559 2557 2556
f 2560 2562 2558
f 2560 2558 2557
f 2563 2564 2560
f 2563 2560 2559
f 2564 2565 2561
f 2564 2561 2560
f 2566 2567 2564
f 2566 2564 2563
f 2567 2569 2565
f 2567 2565 2564
f 2556 2557 2567
f 2556 2567 2566
f 2557 2558 2568
f 2557 2568 2567
f 2570 2573 2571
f 2573 2575 2572
f 2573 2572 2571
f 2570 2576 2573
f 2576 2577 2574
f 2576 2574 2573
f 2576 2578 2577
f 2570 2571 2576
f 2571 2572 2576
f 3767 3768 3769
f 3767 3769 3770
f 3768 3771 3772
f 3768 3772 3769
f 3773 3774 3775
f 3773 3775 3776
f 3774 3777 3778
f 3774 3778 3775
f 3779 3780 3781
f 3779 3781 2081
f 3780 3772 3771
f 3780 3771 3781
f 3782 3783 3784
f 3782 3784 3785
f 3783 3786 3787
f 3783 3787 3784
f 3788 3789 3790
f 3788 3790 3791
f 3789 3792 3793
f 3789 3793 3790
f 3794 3795 3796
f 3794 3796 3797
f 3795 3787 3786
f 3795 3786 3796
f 2579 2582 3798
f 2579 3798 3799
f 2582 2585 3800
f 2582 3800 3798
f 2586 2589 2580
f 2586 2580 2579
f 2589 2592 2583
f 2589 2583 2580
f 3801 3802 2587
f 3801 2587 2586
f 3802 4012 2590
f 3802 2590 2587
f 2593 2594 3803
f 2593 3803 3804
f 2594 2596 3805
f 2594 3805 3803
f 2597 2600 2593
f 2600 2602 2595
f 3806 3807 2598
f 3806 2598 2597
f 3807 3800 2601
f 3807 2601 2598
f 3808 3809 3810
f 3808 3810 3811
f 3809 3793 3792
f 3809 3792 3810
f 2085 3812 3813
f 2085 3813 4011
f 3812 3778 3777
f 3812 3777 3813
f 2610 2613 2604
f 2610 2604 2603
f 2613 2615 2607
f 2613 2607 2604
f 3814 3815 2611
f 3814 2611 2610
f 3815 3805 2614
f 3815 2614 2611
f 2603 2606 3816
f 2603 3816 4010
f 2606 2609 3817
f 2606 3817 3816
f 2623 2625 2617
f 2623 2617 2616
f 2625 2627 2620
f 2625 2620 2617
f 2628 2631 2624
f 2628 2624 2623
f 2631 2633 2626
f 2631 2626 2624
f 2634 2636 2629
f 2634 2629 2628
f 2636 2638 2632
f 2636 2632 2629
f 2616 2619 2635
f 2616 2635 2634
f 2619 2622 2637
f 2619 2637 2635
f 2642 2643 2640
f 2642 2640 2639
f 2643 2645 2641
f 2643 2641 2640
f 2646 2647 2643
f 2646 2643 2642
f 2647 2648 2644
f 2647 2644 2643
f 2649 2650 2647
f 2649 2647 2646
f 2650 2652 2648
f 2650 2648 2647
f 2639 2640 2650
f 2639 2650 2649
f 2640 2641 2651
f 2640 2651 2650
f 2653 2656 2654
f 2656 2658 2655
f 2656 2655 2654
f 2653 2659 2656
f 2659 2660 2657
f 2659 2657 2656
f 2659 2661 2660
f 2653 2654 2659
f 2654 2655 2659
f 2666 2668 2663
f 2666 2663 2662
f 2668 2670 2665
f 2668 2665 2663
f 2671 2673 2667
f 2671 2667 2666
f 2673 2675 2669
f 2673 2669 2667
f 2676 2679 2672
f 2676 2672 2671
f 2679 2681 2674
f 2679 2674 2672
f 2662 2664 2677
f 2662 2677 2676
f 2664 2584 2680
f 2664 2680 2677
f 2682 2684 3061
f 2682 3061 3060
f 2684 2686 3064
f 2684 3064 3061
f 2687 2689 2683
f 2687 2683 2682
f 2689 2135 2685
f 2689 2685 2683
f 3069 3068 2688
f 3069 2688 2687
f 3068 3071 2690
f 3068 2690 2688
f 2691 2693 3818
f 2691 3818 3912
f 2693 2695 3818
f 3075 3074 2692
f 3075 2692 2691
f 3074 3064 2694
f 3074 2694 2692
f 3105 3104 3077
f 3105 3077 3076
f 3104 3107 3080
f 3104 3080 3077
f 3085 3084 3109
f 3085 3109 3108
f 3084 3087 3097
f 3084 3097 3109
f 3091 3090 3119
f 3091 3119 22
f 3090 3080 3107
f 3090 3107 3119
f 3095 3094 3113
f 3095 3113 3112
f 3094 3097 3087
f 3094 3087 3113
f 2696 2698 3116
f 2696 3116 2086
f 2698 3821 3071
f 2698 3071 3116
f 3819 3820 2697
f 3819 2697 2696
f 3820 3821 2697
f 2699 2701 3127
f 2699 3127 3126
f 2701 2703 3129
f 2701 3129 3127
f 2704 2706 2700
f 2704 2700 2699
f 2706 2708 2702
f 2706 2702 2700
f 3134 3133 2705
f 3134 2705 2704
f 3133 3136 2707
f 3133 2707 2705
f 2709 2711 3132
f 2709 3132 3131
f 2711 2713 3135
f 2711 3135 3132
f 2714 2715 2710
f 2714 2710 2709
f 2715 2717 2712
f 2715 2712 2710
f 2714 3128 2715
f 3128 3130 2716
f 3128 2716 2715
f 2718 2720 3822
f 2718 3822 3914
f 2720 2722 3822
f 3140 3139 2719
f 3140 2719 2718
f 3139 3129 2721
f 3139 2721 2719
f 2723 2725 3138
f 2723 3138 3137
f 2725 3824 3130
f 2725 3130 3138
f 3823 3942 2724
f 3823 2724 2723
f 3942 3824 2724
f 3169 3168 3142
f 3169 3142 3141
f 3168 3171 3145
f 3168 3145 3142
f 3150 3149 3173
f 3150 3173 3172
f 3149 3152 3161
f 3149 3161 3173
f 3111 3110 3148
f 3111 3148 3147
f 3110 3096 3151
f 3110 3151 3148
f 3144 3143 3103
f 3144 3103 3102
f 3143 3146 3106
f 3143 3106 3103
f 3155 3154 3183
f 3155 3183 3182
f 3154 3145 3171
f 3154 3171 3183
f 3121 3120 3153
f 3121 3153 2042
f 3120 3106 3146
f 3120 3146 3153
f 3159 3158 3177
f 3159 3177 3176
f 3158 3161 3152
f 3158 3152 3177
f 3179 3178 3093
f 3179 3093 3092
f 3178 3151 3096
f 3178 3096 3093
f 2726 2728 3180
f 2726 3180 2088
f 2728 3827 3136
f 2728 3136 3180
f 3825 3826 2727
f 3825 2727 2726
f 3826 3827 2727
f 3940 2729 3828
f 2729 2731 3829
f 2729 3829 3828
f 3940 3181 2729
f 3181 3135 2730
f 3181 2730 2729
f 2732 2734 3191
f 2732 3191 3190
f 2734 2736 3194
f 2734 3194 3191
f 2737 2739 2733
f 2737 2733 2732
f 2739 2211 2735
f 2739 2735 2733
f 3199 3198 2738
f 3199 2738 2737
f 3198 3201 2740
f 3198 2740 2738
f 2741 2743 3197
f 2741 3197 3196
f 2743 2745 3200
f 2743 3200 3197
f 2746 2748 2742
f 2746 2742 2741
f 2748 2750 2744
f 2748 2744 2742
f 3193 3192 2747
f 3193 2747 2746
f 3192 3195 2749
f 3192 2749 2747
f 2751 2753 3830
f 2751 3830 3916
f 2753 2755 3830
f 3204 3203 2752
f 3204 2752 2751
f 3203 3194 2754
f 3203 2754 2752
f 2756 2758 3202
f 2756 3202 30
f 2758 3832 3195
f 2758 3195 3202
f 3831 3950 2757
f 3831 2757 2756
f 3950 3832 2757
f 3233 3232 3206
f 3233 3206 3205
f 3232 3235 3209
f 3232 3209 3206
f 3214 3213 3237
f 3214 3237 3236
f 3213 3216 3225
f 3213 3225 3237
f 3175 3174 3212
f 3175 3212 3211
f 3174 3160 3215
f 3174 3215 3212
f 3208 3207 3167
f 3208 3167 3166
f 3207 3210 3170
f 3207 3170 3167
f 3219 3218 3247
f 3219 3247 3246
f 3218 3209 3235
f 3218 3235 3247
f 3185 3184 3217
f 3185 3217 2044
f 3184 3170 3210
f 3184 3210 3217
f 3223 3222 3240
f 3223 3240 2046
f 3222 3225 3216
f 3222 3216 3240
f 3242 3241 3157
f 3242 3157 3156
f 3241 3215 3160
f 3241 3160 3157
f 2759 2761 3244
f 2759 3244 3243
f 2761 3835 3201
f 2761 3201 3244
f 3833 3834 2760
f 3833 2760 2759
f 3834 3835 2760
f 3948 2762 3836
f 2762 2764 3837
f 2762 3837 3836
f 3948 3245 2762
f 3245 3200 2763
f 3245 2763 2762
f 2765 2767 3255
f 2765 3255 3254
f 2767 2769 3258
f 2767 3258 3255
f 2770 2772 2766
f 2770 2766 2765
f 2772 2256 2768
f 2772 2768 2766
f 3263 3262 2771
f 3263 2771 2770
f 3262 3265 2773
f 3262 2773 2771
f 2774 2775 3261
f 2774 3261 3260
f 2775 2777 3264
f 2775 3264 3261
f 2778 2781 2774
f 2781 2784 2776
f 3257 3256 2779
f 3257 2779 2778
f 3256 3259 2782
f 3256 2782 2779
f 2785 2787 3838
f 2785 3838 3918
f 2787 2789 3838
f 3269 3268 2786
f 3269 2786 2785
f 3268 3258 2788
f 3268 2788 2786
f 2790 2792 3267
f 2790 3267 3266
f 2792 3840 3259
f 2792 3259 3267
f 3839 3958 2791
f 3839 2791 2790
f 3958 3840 2791
f 3298 3297 3271
f 3298 3271 3270
f 3297 3300 3274
f 3297 3274 3271
f 3279 3278 3302
f 3279 3302 3301
f 3278 3281 3290
f 3278 3290 3302
f 3239 3238 3277
f 3239 3277 3276
f 3238 3224 3280
f 3238 3280 3277
f 3273 3272 3231
f 3273 3231 3230
f 3272 3275 3234
f 3272 3234 3231
f 3284 3283 3313
f 3284 3313 3312
f 3283 3274 3300
f 3283 3300 3313
f 3249 3248 3282
f 3249 3282 2050
f 3248 3234 3275
f 3248 3275 3282
f 3288 3287 3306
f 3288 3306 3305
f 3287 3290 3281
f 3287 3281 3306
f 3308 3307 3221
f 3308 3221 3220
f 3307 3280 3224
f 3307 3224 3221
f 2793 2795 3310
f 2793 3310 3309
f 2795 3842 3265
f 2795 3265 3310
f 31 3841 2794
f 31 2794 2793
f 3841 3842 2794
f 3956 2796 3843
f 2796 2798 3844
f 2796 3844 3843
f 3956 3311 2796
f 3311 3264 2797
f 3311 2797 2796
f 2799 2801 3321
f 2799 3321 3320
f 2801 2803 3324
f 2801 3324 3321
f 2804 2806 2800
f 2804 2800 2799
f 2806 2301 2802
f 2806 2802 2800
f 3329 3328 2805
f 3329 2805 2804
f 3328 3331 2807
f 3328 2807 2805
f 2808 2809 3327
f 2808 3327 3326
f 2809 2811 3330
f 2809 3330 3327
f 2812 2815 2808
f 2815 2818 2810
f 3323 3322 2813
f 3323 2813 2812
f 3322 3325 2816
f 3322 2816 2813
f 2819 2821 3845
f 2819 3845 3920
f 2821 2823 3845
f 3335 3334 2820
f 3335 2820 2819
f 3334 3324 2822
f 3334 2822 2820
f 2824 2826 3333
f 2824 3333 3332
f 2826 3847 3325
f 2826 3325 3333
f 3846 3964 2825
f 3846 2825 2824
f 3964 3847 2825
f 3365 3364 3337
f 3365 3337 3336
f 3364 3367 3340
f 3364 3340 3337
f 3345 3344 3369
f 3345 3369 3368
f 3344 3347 3357
f 3344 3357 3369
f 3304 3303 3343
f 3304 3343 3342
f 3303 3289 3346
f 3303 3346 3343
f 3339 3338 3296
f 3339 3296 3295
f 3338 3341 3299
f 3338 3299 3296
f 3351 3350 3380
f 3351 3380 3379
f 3350 3340 3367
f 3350 3367 3380
f 3315 3314 3349
f 3315 3349 3348
f 3314 3299 3341
f 3314 3341 3349
f 3355 3354 3373
f 3355 3373 3372
f 3354 3357 3347
f 3354 3347 3373
f 3375 3374 3286
f 3375 3286 3285
f 3374 3346 3289
f 3374 3289 3286
f 2827 2829 3377
f 2827 3377 3376
f 2829 3849 3331
f 2829 3331 3377
f 2055 3848 2828
f 2055 2828 2827
f 3848 3849 2828
f 3851 2830 3850
f 2830 2832 3852
f 2830 3852 3850
f 3851 3378 2830
f 3378 3330 2831
f 3378 2831 2830
f 2833 2835 3388
f 2833 3388 3387
f 2835 2836 3391
f 2835 3391 3388
f 2837 2838 2834
f 2837 2834 2833
f 2838 2345 2836
f 2838 2836 2834
f 2837 3395 2838
f 3395 3397 2839
f 3395 2839 2838
f 2840 2842 3394
f 2840 3394 3393
f 2842 2844 3396
f 2842 3396 3394
f 2845 2847 2841
f 2845 2841 2840
f 2847 2849 2843
f 2847 2843 2841
f 3390 3389 2846
f 3390 2846 2845
f 3389 3392 2848
f 3389 2848 2846
f 3420 2850 3853
f 2850 2852 3854
f 2850 3854 3853
f 3420 3399 2850
f 3399 3391 2851
f 3399 2851 2850
f 2853 2855 3398
f 2853 3398 3420
f 2855 3856 3392
f 2855 3392 3398
f 3855 3970 2854
f 3855 2854 2853
f 3970 3856 2854
f 3857 3414 3401
f 3857 3401 3400
f 3407 3409 3419
f 3407 3419 3858
f 3371 3370 3406
f 3371 3406 3405
f 3370 3356 3408
f 3370 3408 3406
f 3403 3402 3363
f 3403 3363 3362
f 3402 3404 3366
f 3402 3366 3363
f 3413 3412 3438
f 3413 3438 3439
f 3412 3414 3425
f 3412 3425 3438
f 3382 3381 3411
f 3382 3411 3410
f 3381 3366 3404
f 3381 3404 3411
f 3418 3417 3432
f 3418 3432 3431
f 3417 3419 3409
f 3417 3409 3432
f 3434 3433 3353
f 3434 3353 3352
f 3433 3408 3356
f 3433 3356 3353
f 2856 2858 3436
f 2856 3436 3435
f 2858 3861 3397
f 2858 3397 3436
f 3859 3860 2857
f 3859 2857 2856
f 3860 3861 2857
f 3969 2859 3862
f 2859 2861 3863
f 2859 3863 3862
f 3969 3437 2859
f 3437 3396 2860
f 3437 2860 2859
f 2862 2864 3442
f 2862 3442 3441
f 2864 2866 3445
f 2864 3445 3442
f 2867 2869 2863
f 2867 2863 2862
f 2869 2389 2865
f 2869 2865 2863
f 3450 3449 2868
f 3450 2868 2867
f 3449 3452 2870
f 3449 2870 2868
f 2871 2872 3448
f 2871 3448 3447
f 2872 2874 3451
f 2872 3451 3448
f 2875 2878 2871
f 2878 2881 2873
f 3444 3443 2876
f 3444 2876 2875
f 3443 3446 2879
f 3443 2879 2876
f 2882 2884 3864
f 2882 3864 3922
f 2884 2886 3864
f 2062 3455 2883
f 2062 2883 2882
f 3455 3445 2885
f 3455 2885 2883
f 2887 2888 3454
f 2887 3454 3453
f 2888 3973 3446
f 2888 3446 3454
f 39 3865 2887
f 3484 3483 3457
f 3484 3457 3456
f 3483 3486 3460
f 3483 3460 3457
f 3465 3464 3488
f 3465 3488 3487
f 3464 3467 3476
f 3464 3476 3488
f 3429 3428 3463
f 3429 3463 3462
f 3428 3430 3466
f 3428 3466 3463
f 3459 3458 3421
f 3459 3421 3423
f 3458 3461 3424
f 3458 3424 3421
f 3470 3469 3498
f 3470 3498 3497
f 3469 3460 3486
f 3469 3486 3498
f 3866 3867 3468
f 3866 3468 2064
f 3867 3461 3468
f 3474 3473 3492
f 3474 3492 3491
f 3473 3476 3467
f 3473 3467 3492
f 3493 3466 3430
f 3493 3430 2065
f 2889 2891 3495
f 2889 3495 3494
f 2891 3870 3452
f 2891 3452 3495
f 3868 3869 2890
f 3868 2890 2889
f 3869 3870 2890
f 2894 3496 2892
f 3496 3451 2893
f 3496 2893 2892
f 2895 2897 3506
f 2895 3506 3505
f 2897 2899 3509
f 2897 3509 3506
f 2900 2902 2896
f 2900 2896 2895
f 2902 2435 2898
f 2902 2898 2896
f 3514 3513 2901
f 3514 2901 2900
f 3513 3516 2903
f 3513 2903 2901
f 2904 2905 3512
f 2904 3512 3511
f 2905 2907 3515
f 2905 3515 3512
f 2908 2911 2904
f 2911 2914 2906
f 3508 3507 2909
f 3508 2909 2908
f 3507 3510 2912
f 3507 2912 2909
f 2915 2917 3871
f 2915 3871 3924
f 2917 2919 3871
f 3520 3519 2916
f 3520 2916 2915
f 3519 3509 2918
f 3519 2918 2916
f 2920 2922 3518
f 2920 3518 3517
f 2922 3873 3510
f 2922 3510 3518
f 3872 3984 2921
f 3872 2921 2920
f 3984 3873 2921
f 3550 3549 3522
f 3550 3522 3521
f 3549 3552 3525
f 3549 3525 3522
f 3530 3529 3554
f 3530 3554 3553
f 3529 3532 3542
f 3529 3542 3554
f 3490 3489 3528
f 3490 3528 3527
f 3489 3475 3531
f 3489 3531 3528
f 3524 3523 3482
f 3524 3482 3481
f 3523 3526 3485
f 3523 3485 3482
f 3536 3535 3564
f 3536 3564 3563
f 3535 3525 3552
f 3535 3552 3564
f 3500 3499 3534
f 3500 3534 3533
f 3499 3485 3526
f 3499 3526 3534
f 3540 3539 3557
f 3540 3557 2070
f 3539 3542 3532
f 3539 3532 3557
f 3559 3558 3472
f 3559 3472 3471
f 3558 3531 3475
f 3558 3475 3472
f 2923 2925 3561
f 2923 3561 3560
f 2925 3876 3516
f 2925 3516 3561
f 3874 3875 2924
f 3874 2924 2923
f 3875 3876 2924
f 3982 2926 3877
f 2926 2928 3878
f 2926 3878 3877
f 3982 3562 2926
f 3562 3515 2927
f 3562 2927 2926
f 2929 2931 3572
f 2929 3572 3571
f 2931 2932 3575
f 2931 3575 3572
f 2933 2934 2930
f 2933 2930 2929
f 2934 2479 2932
f 2934 2932 2930
f 2933 3579 2934
f 3579 3581 2935
f 3579 2935 2934
f 2936 2937 3578
f 2936 3578 3577
f 2937 2939 3580
f 2937 3580 3578
f 2940 2943 2936
f 2943 2946 2938
f 3574 3573 2941
f 3574 2941 2940
f 3573 3576 2944
f 3573 2944 2941
f 2947 2948 3879
f 2947 3879 3926
f 2948 2950 3880
f 2948 3880 3879
f 2947 3584 2948
f 3584 3575 2949
f 3584 2949 2948
f 2951 2953 3583
f 2951 3583 3582
f 2953 3882 3576
f 2953 3576 3583
f 3881 3991 2952
f 3881 2952 2951
f 3991 3882 2952
f 3614 3613 3586
f 3614 3586 3585
f 3613 3616 3589
f 3613 3589 3586
f 3594 3593 3618
f 3594 3618 3617
f 3593 3596 3606
f 3593 3606 3618
f 3556 3555 3592
f 3556 3592 3591
f 3555 3541 3595
f 3555 3595 3592
f 3588 3587 3548
f 3588 3548 3547
f 3587 3590 3551
f 3587 3551 3548
f 3600 3599 3629
f 3600 3629 3628
f 3599 3589 3616
f 3599 3616 3629
f 3566 3565 3598
f 3566 3598 3597
f 3565 3551 3590
f 3565 3590 3598
f 3604 3603 3622
f 3604 3622 3621
f 3603 3606 3596
f 3603 3596 3622
f 3624 3623 3538
f 3624 3538 3537
f 3623 3595 3541
f 3623 3541 3538
f 2954 2956 3626
f 2954 3626 3625
f 2956 3885 3581
f 2956 3581 3626
f 3883 3884 2955
f 3883 2955 2954
f 3884 3885 2955
f 3990 2957 3886
f 2957 2959 3887
f 2957 3887 3886
f 3990 3627 2957
f 3627 3580 2958
f 3627 2958 2957
f 2960 2962 3637
f 2960 3637 3636
f 2962 2964 3639
f 2962 3639 3637
f 2965 2967 2961
f 2965 2961 2960
f 2967 2523 2963
f 2967 2963 2961
f 3644 3643 2966
f 3644 2966 2965
f 3643 3646 2968
f 3643 2968 2966
f 2969 2970 3642
f 2969 3642 3641
f 2970 2972 3645
f 2970 3645 3642
f 2973 2975 2969
f 2975 2977 2971
f 2973 3638 2974
f 3638 3640 2976
f 3638 2976 2974
f 2978 2980 3888
f 2978 3888 3928
f 2980 2982 3888
f 3650 3649 2979
f 3650 2979 2978
f 3649 3639 2981
f 3649 2981 2979
f 2983 2985 3648
f 2983 3648 3647
f 2985 3890 3640
f 2985 3640 3648
f 3889 3999 2984
f 3889 2984 2983
f 3999 3890 2984
f 3680 3679 3652
f 3680 3652 3651
f 3679 3682 3655
f 3679 3655 3652
f 3660 3659 3684
f 3660 3684 3683
f 3659 3662 3672
f 3659 3672 3684
f 3620 3619 3658
f 3620 3658 3657
f 3619 3605 3661
f 3619 3661 3658
f 3654 3653 3612
f 3654 3612 3611
f 3653 3656 3615
f 3653 3615 3612
f 3666 3665 3695
f 3666 3695 3694
f 3665 3655 3682
f 3665 3682 3695
f 3631 3630 3664
f 3631 3664 3663
f 3630 3615 3656
f 3630 3656 3664
f 3670 3669 3688
f 3670 3688 3687
f 3669 3672 3662
f 3669 3662 3688
f 3690 3689 3602
f 3690 3602 3601
f 3689 3661 3605
f 3689 3605 3602
f 2986 2988 3692
f 2986 3692 3691
f 2988 3893 3646
f 2988 3646 3692
f 3891 3892 2987
f 3891 2987 2986
f 3892 3893 2987
f 3997 2989 3894
f 2989 2991 3895
f 2989 3895 3894
f 3997 3693 2989
f 3693 3645 2990
f 3693 2990 2989
f 2992 2994 3703
f 2992 3703 3702
f 2994 2996 3706
f 2994 3706 3703
f 2997 2999 2993
f 2997 2993 2992
f 2999 2568 2995
f 2999 2995 2993
f 3711 3710 2998
f 3711 2998 2997
f 3710 3713 3000
f 3710 3000 2998
f 3001 3002 3709
f 3001 3709 3708
f 3002 3004 3712
f 3002 3712 3709
f 3005 3008 3001
f 3008 3011 3003
f 3705 3704 3006
f 3705 3006 3005
f 3704 3707 3009
f 3704 3009 3006
f 3012 3014 3896
f 3012 3896 3930
f 3014 3016 3896
f 3717 3716 3013
f 3717 3013 3012
f 3716 3706 3015
f 3716 3015 3013
f 3017 3019 3715
f 3017 3715 3714
f 3019 3898 3707
f 3019 3707 3715
f 3897 4006 3018
f 3897 3018 3017
f 4006 3898 3018
f 3745 3744 3719
f 3745 3719 3718
f 3744 3747 3722
f 3744 3722 3719
f 3727 3726 3749
f 3727 3749 3748
f 3726 3729 3737
f 3726 3737 3749
f 3686 3685 3725
f 3686 3725 3724
f 3685 3671 3728
f 3685 3728 3725
f 3721 3720 3678
f 3721 3678 3677
f 3720 3723 3681
f 3720 3681 3678
f 3732 3731 3760
f 3732 3760 3759
f 3731 3722 3747
f 3731 3747 3760
f 3697 3696 3730
f 3697 3730 2098
f 3696 3681 3723
f 3696 3723 3730
f 3735 3734 3753
f 3735 3753 3752
f 3734 3737 3729
f 3734 3729 3753
f 3755 3754 3668
f 3755 3668 3667
f 3754 3728 3671
f 3754 3671 3668
f 3020 3022 3757
f 3020 3757 3756
f 3022 3901 3713
f 3022 3713 3757
f 3899 3900 3021
f 3899 3021 3020
f 3900 3901 3021
f 4004 3023 3902
f 3023 3025 3903
f 3023 3903 3902
f 4004 3758 3023
f 3758 3712 3024
f 3758 3024 3023
f 3026 3028 3768
f 3026 3768 3767
f 3028 3030 3771
f 3028 3771 3768
f 3031 3033 3027
f 3031 3027 3026
f 3033 2651 3029
f 3033 3029 3027
f 3776 3775 3032
f 3776 3032 3031
f 3775 3778 3034
f 3775 3034 3032
f 3035 3036 3774
f 3035 3774 3773
f 3036 3038 3777
f 3036 3777 3774
f 3039 3042 3035
f 3042 3045 3037
f 3770 3769 3040
f 3770 3040 3039
f 3769 3772 3043
f 3769 3043 3040
f 3046 3048 3904
f 3046 3904 3932
f 3048 3050 3904
f 2081 3781 3047
f 2081 3047 3046
f 3781 3771 3049
f 3781 3049 3047
f 3051 3053 3780
f 3051 3780 3779
f 3053 3906 3772
f 3053 3772 3780
f 3905 4013 3052
f 3905 3052 3051
f 4013 3906 3052
f 3804 3803 3783
f 3804 3783 3782
f 3803 3805 3786
f 3803 3786 3783
f 3791 3790 3807
f 3791 3807 3806
f 3790 3793 3800
f 3790 3800 3807
f 3751 3750 3789
f 3751 3789 3788
f 3750 3736 3792
f 3750 3792 3789
f 3785 3784 3743
f 3785 3743 3742
f 3784 3787 3746
f 3784 3746 3743
f 3797 3796 3815
f 3797 3815 3814
f 3796 3786 3805
f 3796 3805 3815
f 3762 3761 3795
f 3762 3795 3794
f 3761 3746 3787
f 3761 3787 3795
f 3799 3798 3809
f 3799 3809 3808
f 3798 3800 3793
f 3798 3793 3809
f 3811 3810 3733
f 3811 3733 53
f 3810 3792 3736
f 3810 3736 3733
f 3054 3056 3812
f 3054 3812 2085
f 3056 3909 3778
f 3056 3778 3812
f 3907 3908 3055
f 3907 3055 3054
f 3908 3909 3055
f 4011 3057 3910
f 3057 3059 3911
f 3057 3911 3910
f 4011 3813 3057
f 3813 3777 3058
f 3813 3058 3057
f 3098 3912 3818
f 3098 3818 3099
f 3099 3818 3936
f 3099 3936 3101
f 3122 3913 3828
f 3122 3828 3123
f 3123 3828 3829
f 3162 3914 3822
f 3162 3822 3163
f 3163 3822 3941
f 3186 3915 3836
f 3186 3836 3187
f 3187 3836 3837
f 3187 3837 3189
f 3226 3916 3830
f 3226 3830 3227
f 3227 3830 3949
f 3227 3949 3229
f 3250 3917 3843
f 3250 3843 3251
f 3251 3843 3844
f 3291 3918 3838
f 3291 3838 3292
f 3292 3838 3957
f 3316 3919 3850
f 3316 3850 3317
f 3317 3850 3852
f 3317 3852 3319
f 3358 3920 3845
f 3358 3845 3359
f 3359 3845 3963
f 3359 3963 3361
f 3383 3921 3862
f 3383 3862 3384
f 3384 3862 3863
f 3384 3863 3386
f 3853 3854 3420
f 3477 3922 3864
f 3477 3864 3478
f 3478 3864 3977
f 3501 3923 3877
f 3501 3877 3502
f 3502 3877 3878
f 3502 3878 3504
f 3543 3924 3871
f 3543 3871 3544
f 3544 3871 3983
f 3544 3983 3546
f 3567 3925 3886
f 3567 3886 3568
f 3568 3886 3887
f 3568 3887 3570
f 3607 3926 3879
f 3607 3879 3608
f 3608 3879 3880
f 3608 3880 3610
f 3632 3927 3894
f 3632 3894 3633
f 3633 3894 3895
f 3673 3928 3888
f 3673 3888 3674
f 3674 3888 3998
f 3698 3929 3902
f 3698 3902 3699
f 3699 3902 3903
f 3738 3930 3896
f 3738 3896 3739
f 3739 3896 4005
f 3763 3931 3910
f 3763 3910 3764
f 3764 3910 3911
f 3764 3911 3766
f 3801 3932 3904
f 3801 3904 3802
f 3802 3904 4012
f 3935 3124 3933
f 3124 3125 3934
f 3124 3934 3933
f 3818 2695 3936
f 3819 3935 3933
f 3819 3933 3820
f 3820 3934 3821
f 3820 3933 3934
f 3942 3944 3824
f 3939 3188 3937
f 3188 3189 3938
f 3188 3938 3937
f 3940 3828 3913
f 3822 2722 3941
f 3943 3100 3942
f 3100 3101 3944
f 3100 3944 3942
f 3943 3942 3823
f 3825 3939 3937
f 3825 3937 3826
f 3826 3938 3827
f 3826 3937 3938
f 3950 3952 3832
f 3947 3252 3945
f 3252 3253 3946
f 3252 3946 3945
f 3948 3836 3915
f 3830 2755 3949
f 3951 3164 3950
f 3164 3165 3952
f 3164 3952 3950
f 3951 3950 3831
f 3833 3947 3945
f 3833 3945 3834
f 3834 3946 3835
f 3834 3945 3946
f 3958 3959 3840
f 3955 3318 3953
f 3318 3319 3954
f 3318 3954 3953
f 3956 3843 3917
f 3838 2789 3957
f 3839 3228 3958
f 3228 3229 3959
f 3228 3959 3958
f 31 3955 3953
f 31 3953 3841
f 3841 3954 3842
f 3841 3953 3954
f 3964 3966 3847
f 3962 3385 3960
f 3385 3386 3961
f 3385 3961 3960
f 3851 3850 3919
f 3845 2823 3963
f 3965 3293 3964
f 3293 3294 3966
f 3293 3966 3964
f 3965 3964 3846
f 2055 3962 3960
f 2055 3960 3848
f 3848 3961 3849
f 3848 3960 3961
f 3970 3972 3856
f 3440 3967 3859
f 3967 3440 3968
f 3969 3862 3921
f 3971 3360 3970
f 3360 3361 3972
f 3360 3972 3970
f 3971 3970 3855
f 3859 3967 3860
f 3860 3968 3861
f 3860 3967 3968
f 3976 3503 3974
f 3503 3504 3975
f 3503 3975 3974
f 3864 2886 3977
f 3978 3865 39
f 3865 3978 3973
f 3868 3976 3974
f 3868 3974 3869
f 3869 3975 3870
f 3869 3974 3975
f 3984 3986 3873
f 3981 3569 3979
f 3569 3570 3980
f 3569 3980 3979
f 3982 3877 3923
f 3871 2919 3983
f 3985 3479 3984
f 3479 3480 3986
f 3479 3986 3984
f 3985 3984 3872
f 3874 3981 3979
f 3874 3979 3875
f 3875 3980 3876
f 3875 3979 3980
f 3991 3993 3882
f 3989 3634 3987
f 3634 3635 3988
f 3634 3988 3987
f 3990 3886 3925
f 3992 3545 3991
f 3545 3546 3993
f 3545 3993 3991
f 3992 3991 3881
f 3883 3989 3987
f 3883 3987 3884
f 3884 3988 3885
f 3884 3987 3988
f 3999 4000 3890
f 3996 3700 3994
f 3700 3701 3995
f 3700 3995 3994
f 3997 3894 3927
f 3888 2982 3998
f 3889 3609 3999
f 3609 3610 4000
f 3609 4000 3999
f 3891 3996 3994
f 3891 3994 3892
f 3892 3995 3893
f 3892 3994 3995
f 4006 4007 3898
f 4003 3765 4001
f 3765 3766 4002
f 3765 4002 4001
f 4004 3902 3929
f 3896 3016 4005
f 3897 3675 4006
f 3675 3676 4007
f 3675 4007 4006
f 3899 4003 4001
f 3899 4001 3900
f 3900 4002 3901
f 3900 4001 4002
f 4013 4015 3906
f 4010 3816 4008
f 3816 3817 4009
f 3816 4009 4008
f 4011 3910 3931
f 3904 3050 4012
f 4014 3740 4013
f 3740 3741 4015
f 3740 4015 4013
f 4014 4013 3905
f 3907 4010 4008
f 3907 4008 3908
f 3908 4009 3909
f 3908 4008 4009
f 4016 4017 4018
f 4018 4017 4020
f 4018 4020 4019
f 4021 4022 4023
f 4023 4025 4024
f 4022 4025 4023
f 4026 4023 4027
f 4026 4027 4028
f 4028 4027 4031
f 4028 4031 4029
f 4023 4030 4027
f 4027 4030 4031
f 4032 4033 4034
f 4034 4036 4035
f 4033 4036 4034
f 4037 4038 4039
f 4039 4041 4040
f 4038 4041 4039
f 4042 4039 4043
f 4042 4043 4044
f 4044 4043 4047
f 4044 4047 4045
f 4039 4046 4043
f 4043 4046 4047
f 4048 4049 4050
f 4050 4052 4051
f 4049 4052 4050
f 4053 4054 4055
f 4055 4054 4057
f 4055 4057 4056
f 4058 4059 4060
f 4060 4062 4061
f 4059 4062 4060
f 4063 4060 4064
f 4063 4064 4065
f 4065 4064 4068
f 4065 4068 4066
f 4060 4067 4064
f 4064 4067 4068
f 4069 4070 4071
f 4071 4073 4072
f 4070 4073 4071
f 4074 4071 4075
f 4074 4075 4076
f 4076 4075 4079
f 4076 4079 4077
f 4071 4078 4075
f 4075 4078 4079
f 4080 4081 4082
f 4080 4082 4083
f 4083 4082 4052
f 4083 4052 4084
f 4081 4085 4082
f 4082 4085 4052
f 4086 4087 4088
f 4086 4088 4089
f 4089 4088 4091
f 4089 4091 4090
f 4087 4047 4088
f 4088 4047 4091
f 4092 4093 4094
f 4092 4094 4095
f 4095 4094 4036
f 4095 4036 4096
f 4093 4079 4094
f 4094 4079 4036
f 4097 4098 4099
f 4097 4099 4100
f 4100 4099 4102
f 4100 4102 4101
f 4098 4031 4099
f 4099 4031 4102
f 4103 4104 4105
f 4105 4107 4106
f 4104 4107 4105
f 4108 4109 4110
f 4110 4109 4112
f 4110 4112 4111
f 4113 4114 4115
f 4115 4102 4116
f 4114 4102 4115
f 4117 4115 4118
f 4117 4118 4119
f 4119 4118 4122
f 4119 4122 4120
f 4115 4121 4118
f 4118 4121 4122
f 4123 4124 4125
f 4123 4125 4126
f 4126 4125 4041
f 4126 4041 4127
f 4124 4068 4125
f 4125 4068 4041
f 4128 4129 4130
f 4128 4130 4131
f 4131 4130 4107
f 4131 4107 4132
f 4129 4133 4130
f 4130 4133 4107
f 4134 4135 4136
f 4134 4136 4137
f 4137 4136 4025
f 4137 4025 4138
f 4135 4122 4136
f 4136 4122 4025
f 4139 4140 4141
f 4139 4141 4142
f 4142 4141 4073
f 4142 4073 4143
f 4140 4144 4141
f 4141 4144 4073
f 4145 4164 4146
f 4145 4146 4147
f 4147 4146 4150
f 4147 4150 4148
f 4164 4149 4146
f 4146 4149 4150
f 4151 4152 4153
f 4153 4155 4154
f 4152 4155 4153
f 4156 4153 4157
f 4156 4157 4158
f 4158 4157 4161
f 4158 4161 4159
f 4153 4160 4157
f 4157 4160 4161
f 4162 4163 4164
f 4163 4166 4164
f 4164 4166 4165
f 4167 4168 4169
f 4169 4171 4170
f 4168 4171 4169
f 4172 4169 4173
f 4172 4173 4174
f 4174 4173 4177
f 4174 4177 4175
f 4169 4176 4173
f 4173 4176 4177
f 4178 4179 4180
f 4180 4182 4181
f 4179 4182 4180
f 4183 4184 4185
f 4185 4184 4187
f 4185 4187 4186
f 4188 4189 4190
f 4190 4192 4191
f 4189 4192 4190
f 4193 4190 4194
f 4193 4194 4195
f 4195 4194 4197
f 4195 4197 4196
f 4190 4197 4194
f 4198 4199 4200
f 4200 4202 4201
f 4199 4202 4200
f 4203 4200 4204
f 4203 4204 4205
f 4205 4204 4208
f 4205 4208 4206
f 4200 4207 4204
f 4204 4207 4208
f 4209 4210 4211
f 4209 4211 4212
f 4212 4211 4214
f 4212 4214 4213
f 4210 4214 4211
f 4215 4216 4217
f 4215 4217 4218
f 4218 4217 4192
f 4218 4192 4219
f 4216 4177 4217
f 4217 4177 4192
f 4220 4221 4222
f 4220 4222 4223
f 4223 4222 4166
f 4223 4166 4224
f 4221 4208 4222
f 4222 4208 4166
f 4225 4226 4227
f 4225 4227 4228
f 4228 4227 4230
f 4228 4230 4229
f 4226 4161 4227
f 4227 4161 4230
f 4231 4232 4233
f 4232 4235 4233
f 4233 4235 4234
f 4236 4233 4237
f 4236 4237 4238
f 4238 4237 4240
f 4238 4240 4239
f 4233 4240 4237
f 4241 4242 4243
f 4243 4230 4244
f 4242 4230 4243
f 4245 4243 4246
f 4245 4246 4247
f 4247 4246 4250
f 4247 4250 4248
f 4243 4249 4246
f 4246 4249 4250
f 4251 4252 4253
f 4251 4253 4254
f 4254 4253 4171
f 4254 4171 4255
f 4252 4256 4253
f 4253 4256 4171
f 4257 4258 4259
f 4257 4259 4260
f 4260 4259 4235
f 4260 4235 4261
f 4258 4262 4259
f 4259 4262 4235
f 4263 4264 4265
f 4263 4265 4266
f 4266 4265 4155
f 4266 4155 4267
f 4264 4250 4265
f 4265 4250 4155
f 4268 4269 4270
f 4268 4270 4271
f 4271 4270 4202
f 4271 4202 4272
f 4269 4150 4270
f 4270 4150 4202
f 4273 4292 4274
f 4273 4274 4275
f 4275 4274 4278
f 4275 4278 4276
f 4292 4277 4274
f 4274 4277 4278
f 4279 4280 4281
f 4281 4283 4282
f 4280 4283 4281
f 4284 4281 4285
f 4284 4285 4286
f 4286 4285 4289
f 4286 4289 4287
f 4281 4288 4285
f 4285 4288 4289
f 4290 4291 4292
f 4292 4294 4293
f 4291 4294 4292
f 4295 4296 4297
f 4297 4299 4298
f 4296 4299 4297
f 4300 4297 4301
f 4300 4301 4302
f 4302 4301 4305
f 4302 4305 4303
f 4297 4304 4301
f 4301 4304 4305
f 4306 4307 4308
f 4308 4310 4309
f 4307 4310 4308
f 4311 4312 4313
f 4313 4312 4315
f 4313 4315 4314
f 4316 4317 4318
f 4318 4320 4319
f 4317 4320 4318
f 4321 4318 4322
f 4321 4322 4323
f 4323 4322 4326
f 4323 4326 4324
f 4318 4325 4322
f 4322 4325 4326
f 4327 4328 4329
f 4329 4331 4330
f 4328 4331 4329
f 4332 4329 4333
f 4332 4333 4334
f 4334 4333 4337
f 4334 4337 4335
f 4329 4336 4333
f 4333 4336 4337
f 4338 4339 4340
f 4338 4340 4341
f 4341 4340 4343
f 4341 4343 4342
f 4339 4343 4340
f 4344 4345 4346
f 4344 4346 4347
f 4347 4346 4320
f 4347 4320 4348
f 4345 4305 4346
f 4346 4305 4320
f 4349 4350 4351
f 4349 4351 4352
f 4352 4351 4294
f 4352 4294 4353
f 4350 4337 4351
f 4351 4337 4294
f 4354 4355 4356
f 4354 4356 4357
f 4357 4356 4359
f 4357 4359 4358
f 4355 4289 4356
f 4356 4289 4359
f 4360 4361 4362
f 4362 4364 4363
f 4361 4364 4362
f 4365 4362 4366
f 4365 4366 4367
f 4367 4366 4370
f 4367 4370 4368
f 4362 4369 4366
f 4366 4369 4370
f 4371 4372 4373
f 4373 4359 4374
f 4372 4359 4373
f 4375 4373 4376
f 4375 4376 4377
f 4377 4376 4380
f 4377 4380 4378
f 4373 4379 4376
f 4376 4379 4380
f 4381 4382 4383
f 4381 4383 4384
f 4384 4383 4299
f 4384 4299 4385
f 4382 4326 4383
f 4383 4326 4299
f 4386 4387 4388
f 4386 4388 4389
f 4389 4388 4364
f 4389 4364 4390
f 4387 4391 4388
f 4388 4391 4364
f 4392 4393 4394
f 4392 4394 4395
f 4395 4394 4283
f 4395 4283 4396
f 4393 4380 4394
f 4394 4380 4283
f 4397 4398 4399
f 4397 4399 4400
f 4400 4399 4331
f 4400 4331 4401
f 4398 4278 4399
f 4399 4278 4331
f 4402 4421 4403
f 4402 4403 4404
f 4404 4403 4407
f 4404 4407 4405
f 4421 4406 4403
f 4403 4406 4407
f 4408 4409 4410
f 4410 4412 4411
f 4409 4412 4410
f 4413 4410 4414
f 4413 4414 4415
f 4415 4414 4418
f 4415 4418 4416
f 4410 4417 4414
f 4414 4417 4418
f 4419 4420 4421
f 4421 4423 4422
f 4420 4423 4421
f 4424 4425 4426
f 4426 4428 4427
f 4425 4428 4426
f 4429 4426 4430
f 4429 4430 4431
f 4431 4430 4434
f 4431 4434 4432
f 4426 4433 4430
f 4430 4433 4434
f 4435 4436 4437
f 4437 4439 4438
f 4436 4439 4437
f 4440 4437 4441
f 4440 4441 4442
f 4442 4441 4445
f 4442 4445 4443
f 4437 4444 4441
f 4441 4444 4445
f 4446 4447 4448
f 4448 4450 4449
f 4447 4450 4448
f 4451 4448 4452
f 4451 4452 4453
f 4453 4452 4456
f 4453 4456 4454
f 4448 4455 4452
f 4452 4455 4456
f 4457 4458 4459
f 4459 4461 4460
f 4458 4461 4459
f 4462 4459 4463
f 4462 4463 4464
f 4464 4463 4467
f 4464 4467 4465
f 4459 4466 4463
f 4463 4466 4467
f 4468 4469 4470
f 4468 4470 4471
f 4471 4470 4439
f 4471 4439 4472
f 4469 4473 4470
f 4470 4473 4439
f 4474 4475 4476
f 4474 4476 4477
f 4477 4476 4450
f 4477 4450 4478
f 4475 4434 4476
f 4476 4434 4450
f 4479 4480 4481
f 4479 4481 4482
f 4482 4481 4423
f 4482 4423 4483
f 4480 4467 4481
f 4481 4467 4423
f 4484 4485 4486
f 4484 4486 4487
f 4487 4486 4489
f 4487 4489 4488
f 4485 4418 4486
f 4486 4418 4489
f 4490 4491 4492
f 4492 4494 4493
f 4491 4494 4492
f 4495 4492 4496
f 4495 4496 4497
f 4497 4496 4473
f 4497 4473 4498
f 4492 4499 4496
f 4496 4499 4473
f 4500 4501 4502
f 4502 4489 4503
f 4501 4489 4502
f 4504 4502 4505
f 4504 4505 4506
f 4506 4505 4509
f 4506 4509 4507
f 4502 4508 4505
f 4505 4508 4509
f 4510 4511 4512
f 4510 4512 4513
f 4513 4512 4428
f 4513 4428 4514
f 4511 4456 4512
f 4512 4456 4428
f 4515 4516 4517
f 4515 4517 4518
f 4518 4517 4494
f 4518 4494 4519
f 4516 4445 4517
f 4517 4445 4494
f 4520 4521 4522
f 4520 4522 4523
f 4523 4522 4412
f 4523 4412 4524
f 4521 4509 4522
f 4522 4509 4412
f 4525 4526 4527
f 4525 4527 4528
f 4528 4527 4461
f 4528 4461 4529
f 4526 4407 4527
f 4527 4407 4461
f 4530 4549 4531
f 4530 4531 4532
f 4532 4531 4535
f 4532 4535 4533
f 4549 4534 4531
f 4531 4534 4535
f 4536 4537 4538
f 4538 4540 4539
f 4537 4540 4538
f 4541 4538 4542
f 4541 4542 4543
f 4543 4542 4546
f 4543 4546 4544
f 4538 4545 4542
f 4542 4545 4546
f 4547 4548 4549
f 4549 4551 4550
f 4548 4551 4549
f 4552 4553 4554
f 4554 4556 4555
f 4553 4556 4554
f 4557 4554 4558
f 4557 4558 4559
f 4559 4558 4562
f 4559 4562 4560
f 4554 4561 4558
f 4558 4561 4562
f 4563 4564 4565
f 4565 4567 4566
f 4564 4567 4565
f 4568 4569 4570
f 4570 4569 4572
f 4570 4572 4571
f 4573 4574 4575
f 4575 4577 4576
f 4574 4577 4575
f 4578 4575 4579
f 4578 4579 4580
f 4580 4579 4582
f 4580 4582 4581
f 4575 4582 4579
f 4583 4584 4585
f 4585 4587 4586
f 4584 4587 4585
f 4588 4585 4589
f 4588 4589 4590
f 4590 4589 4593
f 4590 4593 4591
f 4585 4592 4589
f 4589 4592 4593
f 4594 4595 4596
f 4594 4596 4597
f 4597 4596 4599
f 4597 4599 4598
f 4595 4599 4596
f 4600 4601 4602
f 4600 4602 4603
f 4603 4602 4605
f 4603 4605 4604
f 4601 4562 4602
f 4602 4562 4605
f 4606 4607 4608
f 4606 4608 4609
f 4609 4608 4593
f 4609 4593 4610
f 4607 4593 4608
f 4611 4612 4613
f 4611 4613 4614
f 4614 4613 4616
f 4614 4616 4615
f 4612 4616 4613
f 4617 4618 4619
f 4618 4621 4619
f 4619 4621 4620
f 5935 4619 4622
f 4622 4624 4623
f 4619 4624 4622
f 4625 4626 4627
f 4627 4629 4628
f 4626 4629 4627
f 4630 4627 4631
f 4630 4631 4632
f 4632 4631 4635
f 4632 4635 4633
f 4627 4634 4631
f 4631 4634 4635
f 4636 4637 4638
f 4636 4638 4639
f 4639 4638 4641
f 4639 4641 4640
f 4637 4641 4638
f 4642 4643 4644
f 4642 4644 4645
f 4645 4644 4621
f 4645 4621 4646
f 4643 4647 4644
f 4644 4647 4621
f 4648 4649 4650
f 4648 4650 4651
f 4651 4650 4540
f 4651 4540 4652
f 4649 4635 4650
f 4650 4635 4540
f 4653 4654 4655
f 4653 4655 4656
f 4656 4655 4587
f 4656 4587 4657
f 4654 4535 4655
f 4655 4535 4587
f 4658 4677 4659
f 4658 4659 4660
f 4660 4659 4663
f 4660 4663 4661
f 4677 4662 4659
f 4659 4662 4663
f 4664 4665 4666
f 4666 4668 4667
f 4665 4668 4666
f 4669 4666 4670
f 4669 4670 4671
f 4671 4670 4674
f 4671 4674 4672
f 4666 4673 4670
f 4670 4673 4674
f 4675 4676 4677
f 4677 4679 4678
f 4676 4679 4677
f 4680 4681 4682
f 4682 4684 4683
f 4681 4684 4682
f 4685 4682 4686
f 4685 4686 4687
f 4687 4686 4689
f 4687 4689 4688
f 4682 4689 4686
f 4690 4691 4692
f 4692 4694 4693
f 4691 4694 4692
f 4695 4696 4697
f 4697 4696 4699
f 4697 4699 4698
f 4700 4701 4702
f 4702 4704 4703
f 4701 4704 4702
f 4705 4702 4706
f 4705 4706 4707
f 4707 4706 4709
f 4707 4709 4708
f 4702 4709 4706
f 4710 4711 4712
f 4712 4714 4713
f 4711 4714 4712
f 4715 4712 4716
f 4715 4716 4717
f 4717 4716 4720
f 4717 4720 4718
f 4712 4719 4716
f 4716 4719 4720
f 4721 4722 4723
f 4721 4723 4724
f 4724 4723 4694
f 4724 4694 4725
f 4722 4726 4723
f 4723 4726 4694
f 4727 4728 4729
f 4727 4729 4730
f 4730 4729 4704
f 4730 4704 4731
f 4728 4732 4729
f 4729 4732 4704
f 4733 4734 4735
f 4733 4735 4736
f 4736 4735 4679
f 4736 4679 4737
f 4734 4720 4735
f 4735 4720 4679
f 4738 4739 4740
f 4738 4740 4741
f 4741 4740 4743
f 4741 4743 4742
f 4739 4674 4740
f 4740 4674 4743
f 4744 4745 4746
f 4745 4773 4746
f 4746 4773 4747
f 6014 4746 4748
f 4748 4750 4749
f 4746 4750 4748
f 4751 4752 4753
f 4753 4743 4754
f 4752 4743 4753
f 4755 4753 4756
f 4755 4756 4757
f 4757 4756 4760
f 4757 4760 4758
f 4753 4759 4756
f 4756 4759 4760
f 4761 4762 4763
f 4761 4763 4764
f 4764 4763 4684
f 4764 4684 4765
f 4762 4766 4763
f 4763 4766 4684
f 4767 4768 4769
f 4767 4769 4770
f 4770 4769 4773
f 4770 4773 4771
f 4768 4772 4769
f 4769 4772 4773
f 4774 4775 4776
f 4774 4776 4777
f 4777 4776 4668
f 4777 4668 4778
f 4775 4760 4776
f 4776 4760 4668
f 4779 4780 4781
f 4779 4781 4782
f 4782 4781 4714
f 4782 4714 4783
f 4780 4663 4781
f 4781 4663 4714
f 4784 4802 4785
f 4784 4785 4786
f 4786 4785 4789
f 4786 4789 4787
f 4802 4788 4785
f 4785 4788 4789
f 4790 4791 4792
f 4792 4794 4793
f 4791 4794 4792
f 4795 4792 4796
f 4795 4796 4797
f 4797 4796 4799
f 4797 4799 4798
f 4792 4799 4796
f 4800 4801 4802
f 4802 4804 4803
f 4801 4804 4802
f 4805 4806 4807
f 4807 4809 4808
f 4806 4809 4807
f 4810 4807 4811
f 4810 4811 4812
f 4812 4811 4815
f 4812 4815 4813
f 4807 4814 4811
f 4811 4814 4815
f 4816 4817 4818
f 4818 4820 4819
f 4817 4820 4818
f 4821 4822 4823
f 4823 4822 4825
f 4823 4825 4824
f 4826 4827 4828
f 4828 4830 4829
f 4827 4830 4828
f 4831 4828 4832
f 4831 4832 4833
f 4833 4832 4836
f 4833 4836 4834
f 4828 4835 4832
f 4832 4835 4836
f 4837 4838 4839
f 4839 4841 4840
f 4838 4841 4839
f 4842 4839 4843
f 4842 4843 4844
f 4844 4843 4847
f 4844 4847 4845
f 4839 4846 4843
f 4843 4846 4847
f 4848 4849 4850
f 4848 4850 4851
f 4851 4850 4820
f 4851 4820 4852
f 4849 4853 4850
f 4850 4853 4820
f 4854 4855 4856
f 4854 4856 4857
f 4857 4856 4815
f 4857 4815 4858
f 4855 4815 4856
f 4859 4860 4861
f 4859 4861 4862
f 4862 4861 4804
f 4862 4804 4863
f 4860 4847 4861
f 4861 4847 4804
f 4864 4865 4866
f 4864 4866 4867
f 4867 4866 4870
f 4867 4870 4868
f 4865 4869 4866
f 4866 4869 4870
f 4871 4872 4873
f 4872 4875 4873
f 4873 4875 4874
f 6095 4873 4876
f 4876 4878 4877
f 4873 4878 4876
f 4879 4880 4881
f 4881 4870 4882
f 4880 4870 4881
f 4883 4881 4884
f 4883 4884 4885
f 4885 4884 4888
f 4885 4888 4886
f 4881 4887 4884
f 4884 4887 4888
f 4889 4890 4891
f 4889 4891 4892
f 4892 4891 4809
f 4892 4809 4893
f 4890 4836 4891
f 4891 4836 4809
f 4894 4895 4896
f 4894 4896 4897
f 4897 4896 4875
f 4897 4875 4898
f 4895 4899 4896
f 4896 4899 4875
f 4900 4901 4902
f 4900 4902 4903
f 4903 4902 4794
f 4903 4794 4904
f 4901 4888 4902
f 4902 4888 4794
f 4905 4906 4907
f 4905 4907 4908
f 4908 4907 4841
f 4908 4841 4909
f 4906 4789 4907
f 4907 4789 4841
f 4910 4929 4911
f 4910 4911 4912
f 4912 4911 4915
f 4912 4915 4913
f 4929 4914 4911
f 4911 4914 4915
f 4916 4917 4918
f 4918 4920 4919
f 4917 4920 4918
f 4921 4918 4922
f 4921 4922 4923
f 4923 4922 4926
f 4923 4926 4924
f 4918 4925 4922
f 4922 4925 4926
f 4927 4928 4929
f 4929 4931 4930
f 4928 4931 4929
f 4932 4933 4934
f 4934 4936 4935
f 4933 4936 4934
f 4937 4934 4938
f 4937 4938 4939
f 4939 4938 4942
f 4939 4942 4940
f 4934 4941 4938
f 4938 4941 4942
f 4943 4944 4945
f 4945 4947 4946
f 4944 4947 4945
f 4948 4949 4950
f 4950 4949 4952
f 4950 4952 4951
f 4953 4954 4955
f 4955 4957 4956
f 4954 4957 4955
f 4958 4955 4959
f 4958 4959 4960
f 4960 4959 4963
f 4960 4963 4961
f 4955 4962 4959
f 4959 4962 4963
f 4964 4965 4966
f 4966 4968 4967
f 4965 4968 4966
f 4969 4966 4970
f 4969 4970 4971
f 4971 4970 4974
f 4971 4974 4972
f 4966 4973 4970
f 4970 4973 4974
f 4975 4976 4977
f 4975 4977 4978
f 4978 4977 4947
f 4978 4947 4979
f 4976 4980 4977
f 4977 4980 4947
f 4981 4982 4983
f 4981 4983 4984
f 4984 4983 4957
f 4984 4957 4985
f 4982 4942 4983
f 4983 4942 4957
f 4986 4987 4988
f 4986 4988 4989
f 4989 4988 4931
f 4989 4931 4990
f 4987 4974 4988
f 4988 4974 4931
f 4991 4992 4993
f 4991 4993 4994
f 4994 4993 4996
f 4994 4996 4995
f 4992 4926 4993
f 4993 4926 4996
f 4997 4998 4999
f 4998 5001 4999
f 4999 5001 5000
f 5002 4999 5003
f 5002 5003 5004
f 5004 5003 4980
f 5004 4980 5005
f 4999 5006 5003
f 5003 5006 4980
f 5007 5008 5009
f 5009 4996 5010
f 5008 4996 5009
f 5011 5009 5012
f 5011 5012 5013
f 5013 5012 5016
f 5013 5016 5014
f 5009 5015 5012
f 5012 5015 5016
f 5017 5018 5019
f 5017 5019 5020
f 5020 5019 4936
f 5020 4936 5021
f 5018 4963 5019
f 5019 4963 4936
f 5022 5023 5024
f 5022 5024 5025
f 5025 5024 5001
f 5025 5001 5026
f 5023 5027 5024
f 5024 5027 5001
f 5028 5029 5030
f 5028 5030 5031
f 5031 5030 4920
f 5031 4920 5032
f 5029 5016 5030
f 5030 5016 4920
f 5033 5034 5035
f 5033 5035 5036
f 5036 5035 4968
f 5036 4968 5037
f 5034 4915 5035
f 5035 4915 4968
f 5038 5056 5039
f 5038 5039 5040
f 5040 5039 5043
f 5040 5043 5041
f 5056 5042 5039
f 5039 5042 5043
f 5044 5045 5046
f 5046 5048 5047
f 5045 5048 5046
f 5049 5046 5050
f 5049 5050 5051
f 5051 5050 5053
f 5051 5053 5052
f 5046 5053 5050
f 5054 5055 5056
f 5056 5058 5057
f 5055 5058 5056
f 5059 5060 5061
f 5061 5063 5062
f 5060 5063 5061
f 5064 5061 5065
f 5064 5065 5066
f 5066 5065 5069
f 5066 5069 5067
f 5061 5068 5065
f 5065 5068 5069
f 5070 5071 5072
f 5072 5074 5073
f 5071 5074 5072
f 5075 5076 5077
f 5077 5076 5079
f 5077 5079 5078
f 5080 5081 5082
f 5082 5084 5083
f 5081 5084 5082
f 5085 5082 5086
f 5085 5086 5087
f 5087 5086 5090
f 5087 5090 5088
f 5082 5089 5086
f 5086 5089 5090
f 5091 5092 5093
f 5093 5095 5094
f 5092 5095 5093
f 5096 5093 5097
f 5096 5097 5098
f 5098 5097 5101
f 5098 5101 5099
f 5093 5100 5097
f 5097 5100 5101
f 5102 5103 5104
f 5102 5104 5105
f 5105 5104 5074
f 5105 5074 5106
f 5103 5107 5104
f 5104 5107 5074
f 5108 5109 5110
f 5108 5110 5111
f 5111 5110 5084
f 5111 5084 5112
f 5109 5069 5110
f 5110 5069 5084
f 5113 5114 5115
f 5113 5115 5116
f 5116 5115 5101
f 5116 5101 5117
f 5114 5101 5115
f 5118 5119 5120
f 5118 5120 5121
f 5121 5120 5124
f 5121 5124 5122
f 5119 5123 5120
f 5120 5123 5124
f 5125 5126 5127
f 5127 5129 5128
f 5126 5129 5127
f 5130 5131 5132
f 5132 5131 5134
f 5132 5134 5133
f 5135 5136 5137
f 5137 5124 5138
f 5136 5124 5137
f 5139 5137 5140
f 5139 5140 5141
f 5141 5140 5144
f 5141 5144 5142
f 5137 5143 5140
f 5140 5143 5144
f 5145 5146 5147
f 5145 5147 5148
f 5148 5147 5063
f 5148 5063 5149
f 5146 5090 5147
f 5147 5090 5063
f 5150 5151 5152
f 5150 5152 5153
f 5153 5152 5129
f 5153 5129 5154
f 5151 5155 5152
f 5152 5155 5129
f 5156 5157 5158
f 5156 5158 5159
f 5159 5158 5048
f 5159 5048 5160
f 5157 5144 5158
f 5158 5144 5048
f 5161 5162 5163
f 5161 5163 5164
f 5164 5163 5095
f 5164 5095 5165
f 5162 5043 5163
f 5163 5043 5095
f 5166 5184 5167
f 5166 5167 5168
f 5168 5167 5171
f 5168 5171 5169
f 5184 5170 5167
f 5167 5170 5171
f 5172 5173 5174
f 5174 5176 5175
f 5173 5176 5174
f 5177 5178 5179
f 5179 5178 5181
f 5179 5181 5180
f 5182 5183 5184
f 5184 5186 5185
f 5183 5186 5184
f 5187 5188 5189
f 5189 5191 5190
f 5188 5191 5189
f 5192 5189 5193
f 5192 5193 5194
f 5194 5193 5197
f 5194 5197 5195
f 5189 5196 5193
f 5193 5196 5197
f 5198 5199 5200
f 5199 5202 5200
f 5200 5202 5201
f 5203 5200 5204
f 5203 5204 5205
f 5205 5204 5208
f 5205 5208 5206
f 5200 5207 5204
f 5204 5207 5208
f 5209 5210 5211
f 5211 5213 5212
f 5210 5213 5211
f 5214 5211 5215
f 5214 5215 5216
f 5216 5215 5219
f 5216 5219 5217
f 5211 5218 5215
f 5215 5218 5219
f 5220 5221 5222
f 5222 5224 5223
f 5221 5224 5222
f 5225 5222 5226
f 5225 5226 5227
f 5227 5226 5230
f 5227 5230 5228
f 5222 5229 5226
f 5226 5229 5230
f 5231 5232 5233
f 5231 5233 5234
f 5234 5233 5202
f 5234 5202 5235
f 5232 5236 5233
f 5233 5236 5202
f 5237 5238 5239
f 5237 5239 5240
f 5240 5239 5213
f 5240 5213 5241
f 5238 5197 5239
f 5239 5197 5213
f 5242 5243 5244
f 5242 5244 5245
f 5245 5244 5186
f 5245 5186 5246
f 5243 5230 5244
f 5244 5230 5186
f 5247 5248 5249
f 5247 5249 5250
f 5250 5249 5253
f 5250 5253 5251
f 5248 5252 5249
f 5249 5252 5253
f 5254 5255 5256
f 5256 5258 5257
f 5255 5258 5256
f 5259 5256 5260
f 5259 5260 5261
f 5261 5260 5236
f 5261 5236 5262
f 5256 5263 5260
f 5260 5263 5236
f 5264 5265 5266
f 5265 5267 5266
f 5268 5266 5269
f 5268 5269 5270
f 5270 5269 5273
f 5270 5273 5271
f 5266 5272 5269
f 5269 5272 5273
f 5274 5275 5276
f 5274 5276 5277
f 5277 5276 5191
f 5277 5191 5278
f 5275 5219 5276
f 5276 5219 5191
f 5279 5280 5281
f 5279 5281 5282
f 5282 5281 5258
f 5282 5258 5283
f 5280 5208 5281
f 5281 5208 5258
f 5284 5285 5286
f 5284 5286 5287
f 5287 5286 5176
f 5287 5176 5288
f 5285 5273 5286
f 5286 5273 5176
f 5289 5290 5291
f 5289 5291 5292
f 5292 5291 5224
f 5292 5224 5293
f 5290 5171 5291
f 5291 5171 5224
f 5294 5313 5295
f 5294 5295 5296
f 5296 5295 5299
f 5296 5299 5297
f 5313 5298 5295
f 5295 5298 5299
f 5300 5301 5302
f 5302 5304 5303
f 5301 5304 5302
f 5305 5302 5306
f 5305 5306 5307
f 5307 5306 5310
f 5307 5310 5308
f 5302 5309 5306
f 5306 5309 5310
f 5311 5312 5313
f 5313 5315 5314
f 5312 5315 5313
f 5316 5317 5318
f 5318 5320 5319
f 5317 5320 5318
f 5321 5318 5322
f 5321 5322 5323
f 5323 5322 5326
f 5323 5326 5324
f 5318 5325 5322
f 5322 5325 5326
f 5327 5328 5329
f 5329 5331 5330
f 5328 5331 5329
f 5332 5333 5334
f 5334 5333 5336
f 5334 5336 5335
f 5337 5338 5339
f 5339 5341 5340
f 5338 5341 5339
f 5342 5339 5343
f 5342 5343 5344
f 5344 5343 5347
f 5344 5347 5345
f 5339 5346 5343
f 5343 5346 5347
f 5348 5349 5350
f 5350 5352 5351
f 5349 5352 5350
f 5353 5350 5354
f 5353 5354 5355
f 5355 5354 5358
f 5355 5358 5356
f 5350 5357 5354
f 5354 5357 5358
f 5359 5360 5361
f 5359 5361 5362
f 5362 5361 5331
f 5362 5331 5363
f 5360 5364 5361
f 5361 5364 5331
f 5365 5366 5367
f 5365 5367 5368
f 5368 5367 5341
f 5368 5341 5369
f 5366 5326 5367
f 5367 5326 5341
f 5370 5371 5372
f 5370 5372 5373
f 5373 5372 5315
f 5373 5315 5374
f 5371 5358 5372
f 5372 5358 5315
f 5375 5376 5377
f 5375 5377 5378
f 5378 5377 5380
f 5378 5380 5379
f 5376 5310 5377
f 5377 5310 5380
f 5381 5382 5383
f 5383 5385 5384
f 5382 5385 5383
f 5386 5387 5388
f 5388 5387 5390
f 5388 5390 5389
f 5391 5392 5393
f 5393 5380 5394
f 5392 5380 5393
f 5395 5393 5396
f 5395 5396 5397
f 5397 5396 5400
f 5397 5400 5398
f 5393 5399 5396
f 5396 5399 5400
f 5401 5402 5403
f 5401 5403 5404
f 5404 5403 5320
f 5404 5320 5405
f 5402 5347 5403
f 5403 5347 5320
f 5406 5407 5408
f 5406 5408 5409
f 5409 5408 5385
f 5409 5385 5410
f 5407 5411 5408
f 5408 5411 5385
f 5412 5413 5414
f 5412 5414 5415
f 5415 5414 5304
f 5415 5304 5416
f 5413 5400 5414
f 5414 5400 5304
f 5417 5418 5419
f 5417 5419 5420
f 5420 5419 5352
f 5420 5352 5421
f 5418 5299 5419
f 5419 5299 5352
f 5422 5441 5423
f 5422 5423 5424
f 5424 5423 5427
f 5424 5427 5425
f 5441 5426 5423
f 5423 5426 5427
f 5428 5429 5430
f 5430 5432 5431
f 5429 5432 5430
f 5433 5430 5434
f 5433 5434 5435
f 5435 5434 5438
f 5435 5438 5436
f 5430 5437 5434
f 5434 5437 5438
f 5439 5440 5441
f 5441 5443 5442
f 5440 5443 5441
f 5444 5445 5446
f 5446 5448 5447
f 5445 5448 5446
f 5449 5446 5450
f 5449 5450 5451
f 5451 5450 5454
f 5451 5454 5452
f 5446 5453 5450
f 5450 5453 5454
f 5455 5456 5457
f 5457 5459 5458
f 5456 5459 5457
f 5460 5457 5461
f 5460 5461 5462
f 5462 5461 5465
f 5462 5465 5463
f 5457 5464 5461
f 5461 5464 5465
f 5466 5467 5468
f 5468 5470 5469
f 5467 5470 5468
f 5471 5468 5472
f 5471 5472 5473
f 5473 5472 5476
f 5473 5476 5474
f 5468 5475 5472
f 5472 5475 5476
f 5477 5478 5479
f 5479 5481 5480
f 5478 5481 5479
f 5482 5479 5483
f 5482 5483 5484
f 5484 5483 5487
f 5484 5487 5485
f 5479 5486 5483
f 5483 5486 5487
f 5488 5489 5490
f 5488 5490 5491
f 5491 5490 5459
f 5491 5459 5492
f 5489 5493 5490
f 5490 5493 5459
f 5494 5495 5496
f 5494 5496 5497
f 5497 5496 5470
f 5497 5470 5498
f 5495 5454 5496
f 5496 5454 5470
f 5499 5500 5501
f 5499 5501 5502
f 5502 5501 5443
f 5502 5443 5503
f 5500 5487 5501
f 5501 5487 5443
f 5504 5505 5506
f 5504 5506 5507
f 5507 5506 5509
f 5507 5509 5508
f 5505 5438 5506
f 5506 5438 5509
f 5510 5511 5512
f 5512 5514 5513
f 5511 5514 5512
f 5515 5512 5516
f 5515 5516 5517
f 5517 5516 5493
f 5517 5493 5518
f 5512 5519 5516
f 5516 5519 5493
f 5520 5521 5522
f 5522 5509 5523
f 5521 5509 5522
f 5524 5522 5525
f 5524 5525 5526
f 5526 5525 5529
f 5526 5529 5527
f 5522 5528 5525
f 5525 5528 5529
f 5530 5531 5532
f 5530 5532 5533
f 5533 5532 5448
f 5533 5448 5534
f 5531 5476 5532
f 5532 5476 5448
f 5535 5536 5537
f 5535 5537 5538
f 5538 5537 5514
f 5538 5514 5539
f 5536 5465 5537
f 5537 5465 5514
f 5540 5541 5542
f 5540 5542 5543
f 5543 5542 5432
f 5543 5432 5544
f 5541 5529 5542
f 5542 5529 5432
f 5545 5546 5547
f 5545 5547 5548
f 5548 5547 5481
f 5548 5481 5549
f 5546 5427 5547
f 5547 5427 5481
f 4021 4016 4018
f 4021 4018 4022
f 4022 4018 4019
f 4022 4019 4025
f 4026 4021 4023
f 4023 4024 4030
f 4032 4026 4028
f 4032 4028 4033
f 4033 4028 4029
f 4033 4029 4036
f 4016 4032 4034
f 4016 4034 4017
f 4017 4034 4035
f 4017 4035 4020
f 4042 4037 4039
f 4039 4040 4046
f 4048 4042 4044
f 4048 4044 4049
f 4049 4044 4045
f 4049 4045 4052
f 4053 4048 4050
f 4053 4050 4054
f 4054 4050 4051
f 4054 4051 4057
f 4037 4053 4055
f 4037 4055 4038
f 4038 4055 4056
f 4038 4056 4041
f 5550 5551 5552
f 5550 5552 5553
f 5553 5552 5554
f 5553 5554 5555
f 5556 5557 5558
f 5556 5558 5559
f 5559 5558 5560
f 5559 5560 5561
f 5562 5563 5564
f 5562 5564 5565
f 5565 5564 5566
f 5565 5566 5567
f 5568 5569 5570
f 5568 5570 5571
f 5571 5570 5555
f 5571 5555 5554
f 5572 5573 5574
f 5572 5574 5575
f 5575 5574 5576
f 5575 5576 5577
f 5578 5579 5580
f 5578 5580 5581
f 5581 5580 5567
f 5581 5567 5566
f 5582 5583 5584
f 5582 5584 5585
f 5585 5584 5561
f 5585 5561 5560
f 5586 5587 5588
f 5586 5588 5589
f 5589 5588 5577
f 5589 5577 5576
f 4058 5590 5591
f 4058 5591 4059
f 4059 5591 5592
f 4059 5592 4062
f 4063 4058 4060
f 4060 4061 4067
f 5593 4063 4065
f 5593 4065 5594
f 5594 4065 4066
f 5594 4066 5595
f 5590 5550 5553
f 5590 5553 5591
f 5591 5553 5555
f 5591 5555 5592
f 5557 5593 5594
f 5557 5594 5558
f 5558 5594 5595
f 5558 5595 5560
f 4069 5596 5597
f 4069 5597 4070
f 4070 5597 5598
f 4070 5598 4073
f 4074 4069 4071
f 4071 4072 4078
f 5599 4074 4076
f 5599 4076 5600
f 5600 4076 4077
f 5600 4077 5601
f 5596 5556 5559
f 5596 5559 5597
f 5597 5559 5561
f 5597 5561 5598
f 5551 5599 5600
f 5551 5600 5552
f 5552 5600 5601
f 5552 5601 5554
f 4080 5602 5603
f 4080 5603 4081
f 4081 5603 5604
f 4081 5604 4085
f 4086 4080 4083
f 4086 4083 4087
f 4087 4083 4084
f 4087 4084 4047
f 5605 4086 4089
f 5605 4089 5606
f 5606 4089 4090
f 5606 4090 5592
f 5602 5562 5565
f 5602 5565 5603
f 5603 5565 5567
f 5603 5567 5604
f 5569 5605 5606
f 5569 5606 5570
f 5570 5606 5592
f 5570 5592 5555
f 4092 5607 5608
f 4092 5608 4093
f 4093 5608 5601
f 4093 5601 4079
f 4097 4092 4095
f 4097 4095 4098
f 4098 4095 4096
f 4098 4096 4031
f 5609 4097 4100
f 5609 4100 5610
f 5610 4100 4101
f 5610 4101 5611
f 5607 5568 5571
f 5607 5571 5608
f 5608 5571 5554
f 5608 5554 5601
f 5563 5609 5610
f 5563 5610 5564
f 5564 5610 5611
f 5564 5611 5566
f 4103 5612 5613
f 4103 5613 4104
f 4104 5613 5614
f 4104 5614 4107
f 4108 4103 4105
f 4108 4105 4109
f 4109 4105 4106
f 4109 4106 4112
f 5615 4108 4110
f 5615 4110 5616
f 5616 4110 4111
f 5616 4111 5604
f 5612 5572 5575
f 5612 5575 5613
f 5613 5575 5577
f 5613 5577 5614
f 5579 5615 5616
f 5579 5616 5580
f 5580 5616 5604
f 5580 5604 5567
f 4113 5617 5618
f 4113 5618 4114
f 4114 5618 5611
f 4114 5611 4102
f 4117 4113 4115
f 4115 4116 4121
f 5619 4117 4119
f 5619 4119 5620
f 5620 4119 4120
f 5620 4120 5621
f 5617 5578 5581
f 5617 5581 5618
f 5618 5581 5566
f 5618 5566 5611
f 5573 5619 5620
f 5573 5620 5574
f 5574 5620 5621
f 5574 5621 5576
f 4123 5622 5623
f 4123 5623 4124
f 4124 5623 5595
f 4124 5595 4068
f 4128 4123 4126
f 4128 4126 4129
f 4129 4126 4127
f 4129 4127 4133
f 5624 4128 4131
f 5624 4131 5625
f 5625 4131 4132
f 5625 4132 5614
f 5622 5582 5585
f 5622 5585 5623
f 5623 5585 5560
f 5623 5560 5595
f 5587 5624 5625
f 5587 5625 5588
f 5588 5625 5614
f 5588 5614 5577
f 4134 5626 5627
f 4134 5627 4135
f 4135 5627 5621
f 4135 5621 4122
f 4139 4134 4137
f 4139 4137 4140
f 4140 4137 4138
f 4140 4138 4144
f 5628 4139 4142
f 5628 4142 5629
f 5629 4142 4143
f 5629 4143 5598
f 5626 5586 5589
f 5626 5589 5627
f 5627 5589 5576
f 5627 5576 5621
f 5583 5628 5629
f 5583 5629 5584
f 5584 5629 5598
f 5584 5598 5561
f 4151 4145 4147
f 4151 4147 4152
f 4152 4147 4148
f 4152 4148 4155
f 4156 4151 4153
f 4153 4154 4160
f 4162 4156 4158
f 4162 4158 4163
f 4163 4158 4159
f 4163 4159 4166
f 4145 4162 4164
f 4164 4165 4149
f 4172 4167 4169
f 4169 4170 4176
f 4178 4172 4174
f 4178 4174 4179
f 4179 4174 4175
f 4179 4175 4182
f 4183 4178 4180
f 4183 4180 4184
f 4184 4180 4181
f 4184 4181 4187
f 4167 4183 4185
f 4167 4185 4168
f 4168 4185 4186
f 4168 4186 4171
f 5630 5631 5632
f 5630 5632 5633
f 5633 5632 5634
f 5633 5634 5635
f 5636 5637 5638
f 5636 5638 5639
f 5639 5638 5640
f 5639 5640 5641
f 5642 5643 5644
f 5642 5644 5645
f 5645 5644 5646
f 5645 5646 5647
f 5648 5649 5650
f 5648 5650 5651
f 5651 5650 5635
f 5651 5635 5634
f 5652 5653 5654
f 5652 5654 5655
f 5655 5654 5656
f 5655 5656 5657
f 5658 5659 5660
f 5658 5660 5661
f 5661 5660 5647
f 5661 5647 5646
f 5662 5663 5664
f 5662 5664 5665
f 5665 5664 5641
f 5665 5641 5640
f 5666 5667 5668
f 5666 5668 5669
f 5669 5668 5657
f 5669 5657 5656
f 4188 5670 5671
f 4188 5671 4189
f 4189 5671 5672
f 4189 5672 4192
f 4193 4188 4190
f 4190 4191 4197
f 5673 4193 4195
f 5673 4195 5674
f 5674 4195 4196
f 5674 4196 5675
f 5670 5630 5633
f 5670 5633 5671
f 5671 5633 5635
f 5671 5635 5672
f 5637 5673 5674
f 5637 5674 5638
f 5638 5674 5675
f 5638 5675 5640
f 4198 5676 5677
f 4198 5677 4199
f 4199 5677 5678
f 4199 5678 4202
f 4203 4198 4200
f 4200 4201 4207
f 5679 4203 4205
f 5679 4205 5680
f 5680 4205 4206
f 5680 4206 5681
f 5676 5636 5639
f 5676 5639 5677
f 5677 5639 5641
f 5677 5641 5678
f 5631 5679 5680
f 5631 5680 5632
f 5632 5680 5681
f 5632 5681 5634
f 4209 5682 5683
f 4209 5683 4210
f 4210 5683 5684
f 4210 5684 4214
f 4215 4209 4212
f 4215 4212 4216
f 4216 4212 4213
f 4216 4213 4177
f 5685 4215 4218
f 5685 4218 5686
f 5686 4218 4219
f 5686 4219 5672
f 5682 5642 5645
f 5682 5645 5683
f 5683 5645 5647
f 5683 5647 5684
f 5649 5685 5686
f 5649 5686 5650
f 5650 5686 5672
f 5650 5672 5635
f 4220 5687 5688
f 4220 5688 4221
f 4221 5688 5681
f 4221 5681 4208
f 4225 4220 4223
f 4225 4223 4226
f 4226 4223 4224
f 4226 4224 4161
f 5689 4225 4228
f 5689 4228 5690
f 5690 4228 4229
f 5690 4229 5691
f 5687 5648 5651
f 5687 5651 5688
f 5688 5651 5634
f 5688 5634 5681
f 5643 5689 5690
f 5643 5690 5644
f 5644 5690 5691
f 5644 5691 5646
f 4231 5692 5693
f 4231 5693 4232
f 4232 5693 5694
f 4232 5694 4235
f 4236 4231 4233
f 4233 4234 4240
f 5695 4236 4238
f 5695 4238 5696
f 5696 4238 4239
f 5696 4239 5684
f 5692 5652 5655
f 5692 5655 5693
f 5693 5655 5657
f 5693 5657 5694
f 5659 5695 5696
f 5659 5696 5660
f 5660 5696 5684
f 5660 5684 5647
f 4241 5697 5698
f 4241 5698 4242
f 4242 5698 5691
f 4242 5691 4230
f 4245 4241 4243
f 4243 4244 4249
f 5699 4245 4247
f 5699 4247 5700
f 5700 4247 4248
f 5700 4248 5701
f 5697 5658 5661
f 5697 5661 5698
f 5698 5661 5646
f 5698 5646 5691
f 5653 5699 5700
f 5653 5700 5654
f 5654 5700 5701
f 5654 5701 5656
f 4251 5702 5703
f 4251 5703 4252
f 4252 5703 5675
f 4252 5675 4256
f 4257 4251 4254
f 4257 4254 4258
f 4258 4254 4255
f 4258 4255 4262
f 5704 4257 4260
f 5704 4260 5705
f 5705 4260 4261
f 5705 4261 5694
f 5702 5662 5665
f 5702 5665 5703
f 5703 5665 5640
f 5703 5640 5675
f 5667 5704 5705
f 5667 5705 5668
f 5668 5705 5694
f 5668 5694 5657
f 4263 5706 5707
f 4263 5707 4264
f 4264 5707 5701
f 4264 5701 4250
f 4268 4263 4266
f 4268 4266 4269
f 4269 4266 4267
f 4269 4267 4150
f 5708 4268 4271
f 5708 4271 5709
f 5709 4271 4272
f 5709 4272 5678
f 5706 5666 5669
f 5706 5669 5707
f 5707 5669 5656
f 5707 5656 5701
f 5663 5708 5709
f 5663 5709 5664
f 5664 5709 5678
f 5664 5678 5641
f 4279 4273 4275
f 4279 4275 4280
f 4280 4275 4276
f 4280 4276 4283
f 4284 4279 4281
f 4281 4282 4288
f 4290 4284 4286
f 4290 4286 4291
f 4291 4286 4287
f 4291 4287 4294
f 4273 4290 4292
f 4292 4293 4277
f 4300 4295 4297
f 4297 4298 4304
f 4306 4300 4302
f 4306 4302 4307
f 4307 4302 4303
f 4307 4303 4310
f 4311 4306 4308
f 4311 4308 4312
f 4312 4308 4309
f 4312 4309 4315
f 4295 4311 4313
f 4295 4313 4296
f 4296 4313 4314
f 4296 4314 4299
f 5710 5711 5712
f 5710 5712 5713
f 5713 5712 5714
f 5713 5714 5715
f 5716 5717 5718
f 5716 5718 5719
f 5719 5718 5720
f 5719 5720 5721
f 5722 5723 5724
f 5722 5724 5725
f 5725 5724 5726
f 5725 5726 5727
f 5728 5729 5730
f 5728 5730 5731
f 5731 5730 5715
f 5731 5715 5714
f 5732 5733 5734
f 5732 5734 5735
f 5735 5734 5736
f 5735 5736 5737
f 5738 5739 5740
f 5738 5740 5741
f 5741 5740 5727
f 5741 5727 5726
f 5742 5743 5744
f 5742 5744 5745
f 5745 5744 5721
f 5745 5721 5720
f 5746 5747 5748
f 5746 5748 5749
f 5749 5748 5737
f 5749 5737 5736
f 4316 5750 5751
f 4316 5751 4317
f 4317 5751 5752
f 4317 5752 4320
f 4321 4316 4318
f 4318 4319 4325
f 5753 4321 4323
f 5753 4323 5754
f 5754 4323 4324
f 5754 4324 5755
f 5750 5710 5713
f 5750 5713 5751
f 5751 5713 5715
f 5751 5715 5752
f 5717 5753 5754
f 5717 5754 5718
f 5718 5754 5755
f 5718 5755 5720
f 4327 5756 5757
f 4327 5757 4328
f 4328 5757 5758
f 4328 5758 4331
f 4332 4327 4329
f 4329 4330 4336
f 5759 4332 4334
f 5759 4334 5760
f 5760 4334 4335
f 5760 4335 5761
f 5756 5716 5719
f 5756 5719 5757
f 5757 5719 5721
f 5757 5721 5758
f 5711 5759 5760
f 5711 5760 5712
f 5712 5760 5761
f 5712 5761 5714
f 4338 5762 5763
f 4338 5763 4339
f 4339 5763 5764
f 4339 5764 4343
f 4344 4338 4341
f 4344 4341 4345
f 4345 4341 4342
f 4345 4342 4305
f 5765 4344 4347
f 5765 4347 5766
f 5766 4347 4348
f 5766 4348 5752
f 5762 5722 5725
f 5762 5725 5763
f 5763 5725 5727
f 5763 5727 5764
f 5729 5765 5766
f 5729 5766 5730
f 5730 5766 5752
f 5730 5752 5715
f 4349 5767 5768
f 4349 5768 4350
f 4350 5768 5761
f 4350 5761 4337
f 4354 4349 4352
f 4354 4352 4355
f 4355 4352 4353
f 4355 4353 4289
f 5769 4354 4357
f 5769 4357 5770
f 5770 4357 4358
f 5770 4358 5771
f 5767 5728 5731
f 5767 5731 5768
f 5768 5731 5714
f 5768 5714 5761
f 5723 5769 5770
f 5723 5770 5724
f 5724 5770 5771
f 5724 5771 5726
f 4360 5772 5773
f 4360 5773 4361
f 4361 5773 5774
f 4361 5774 4364
f 4365 4360 4362
f 4362 4363 4369
f 5775 4365 4367
f 5775 4367 5776
f 5776 4367 4368
f 5776 4368 5764
f 5772 5732 5735
f 5772 5735 5773
f 5773 5735 5737
f 5773 5737 5774
f 5739 5775 5776
f 5739 5776 5740
f 5740 5776 5764
f 5740 5764 5727
f 4371 5777 5778
f 4371 5778 4372
f 4372 5778 5771
f 4372 5771 4359
f 4375 4371 4373
f 4373 4374 4379
f 5779 4375 4377
f 5779 4377 5780
f 5780 4377 4378
f 5780 4378 5781
f 5777 5738 5741
f 5777 5741 5778
f 5778 5741 5726
f 5778 5726 5771
f 5733 5779 5780
f 5733 5780 5734
f 5734 5780 5781
f 5734 5781 5736
f 4381 5782 5783
f 4381 5783 4382
f 4382 5783 5755
f 4382 5755 4326
f 4386 4381 4384
f 4386 4384 4387
f 4387 4384 4385
f 4387 4385 4391
f 5784 4386 4389
f 5784 4389 5785
f 5785 4389 4390
f 5785 4390 5774
f 5782 5742 5745
f 5782 5745 5783
f 5783 5745 5720
f 5783 5720 5755
f 5747 5784 5785
f 5747 5785 5748
f 5748 5785 5774
f 5748 5774 5737
f 4392 5786 5787
f 4392 5787 4393
f 4393 5787 5781
f 4393 5781 4380
f 4397 4392 4395
f 4397 4395 4398
f 4398 4395 4396
f 4398 4396 4278
f 5788 4397 4400
f 5788 4400 5789
f 5789 4400 4401
f 5789 4401 5758
f 5786 5746 5749
f 5786 5749 5787
f 5787 5749 5736
f 5787 5736 5781
f 5743 5788 5789
f 5743 5789 5744
f 5744 5789 5758
f 5744 5758 5721
f 4408 4402 4404
f 4408 4404 4409
f 4409 4404 4405
f 4409 4405 4412
f 4413 4408 4410
f 4410 4411 4417
f 4419 4413 4415
f 4419 4415 4420
f 4420 4415 4416
f 4420 4416 4423
f 4402 4419 4421
f 4421 4422 4406
f 4429 4424 4426
f 4426 4427 4433
f 4435 4429 4431
f 4435 4431 4436
f 4436 4431 4432
f 4436 4432 4439
f 4440 4435 4437
f 4437 4438 4444
f 4424 4440 4442
f 4424 4442 4425
f 4425 4442 4443
f 4425 4443 4428
f 5790 5791 5792
f 5790 5792 5793
f 5793 5792 5794
f 5793 5794 5795
f 5796 5797 5798
f 5796 5798 5799
f 5799 5798 5800
f 5799 5800 5801
f 5802 5803 5804
f 5802 5804 5805
f 5805 5804 5806
f 5805 5806 5807
f 5808 5809 5810
f 5808 5810 5811
f 5811 5810 5795
f 5811 5795 5794
f 5812 5813 5814
f 5812 5814 5815
f 5815 5814 5816
f 5815 5816 5817
f 5818 5819 5820
f 5818 5820 5821
f 5821 5820 5807
f 5821 5807 5806
f 5822 5823 5824
f 5822 5824 5825
f 5825 5824 5801
f 5825 5801 5800
f 5826 5827 5828
f 5826 5828 5829
f 5829 5828 5817
f 5829 5817 5816
f 4446 5830 5831
f 4446 5831 4447
f 4447 5831 5832
f 4447 5832 4450
f 4451 4446 4448
f 4448 4449 4455
f 5833 4451 4453
f 5833 4453 5834
f 5834 4453 4454
f 5834 4454 5835
f 5830 5790 5793
f 5830 5793 5831
f 5831 5793 5795
f 5831 5795 5832
f 5797 5833 5834
f 5797 5834 5798
f 5798 5834 5835
f 5798 5835 5800
f 4457 5836 5837
f 4457 5837 4458
f 4458 5837 5838
f 4458 5838 4461
f 4462 4457 4459
f 4459 4460 4466
f 5839 4462 4464
f 5839 4464 5840
f 5840 4464 4465
f 5840 4465 5841
f 5836 5796 5799
f 5836 5799 5837
f 5837 5799 5801
f 5837 5801 5838
f 5791 5839 5840
f 5791 5840 5792
f 5792 5840 5841
f 5792 5841 5794
f 4468 5842 5843
f 4468 5843 4469
f 4469 5843 5844
f 4469 5844 4473
f 4474 4468 4471
f 4474 4471 4475
f 4475 4471 4472
f 4475 4472 4434
f 5845 4474 4477
f 5845 4477 5846
f 5846 4477 4478
f 5846 4478 5832
f 5842 5802 5805
f 5842 5805 5843
f 5843 5805 5807
f 5843 5807 5844
f 5809 5845 5846
f 5809 5846 5810
f 5810 5846 5832
f 5810 5832 5795
f 4479 5847 5848
f 4479 5848 4480
f 4480 5848 5841
f 4480 5841 4467
f 4484 4479 4482
f 4484 4482 4485
f 4485 4482 4483
f 4485 4483 4418
f 5849 4484 4487
f 5849 4487 5850
f 5850 4487 4488
f 5850 4488 5851
f 5847 5808 5811
f 5847 5811 5848
f 5848 5811 5794
f 5848 5794 5841
f 5803 5849 5850
f 5803 5850 5804
f 5804 5850 5851
f 5804 5851 5806
f 4490 5852 5853
f 4490 5853 4491
f 4491 5853 5854
f 4491 5854 4494
f 4495 4490 4492
f 4492 4493 4499
f 5855 4495 4497
f 5855 4497 5856
f 5856 4497 4498
f 5856 4498 5844
f 5852 5812 5815
f 5852 5815 5853
f 5853 5815 5817
f 5853 5817 5854
f 5819 5855 5856
f 5819 5856 5820
f 5820 5856 5844
f 5820 5844 5807
f 4500 5857 5858
f 4500 5858 4501
f 4501 5858 5851
f 4501 5851 4489
f 4504 4500 4502
f 4502 4503 4508
f 5859 4504 4506
f 5859 4506 5860
f 5860 4506 4507
f 5860 4507 5861
f 5857 5818 5821
f 5857 5821 5858
f 5858 5821 5806
f 5858 5806 5851
f 5813 5859 5860
f 5813 5860 5814
f 5814 5860 5861
f 5814 5861 5816
f 4510 5862 5863
f 4510 5863 4511
f 4511 5863 5835
f 4511 5835 4456
f 4515 4510 4513
f 4515 4513 4516
f 4516 4513 4514
f 4516 4514 4445
f 5864 4515 4518
f 5864 4518 5865
f 5865 4518 4519
f 5865 4519 5854
f 5862 5822 5825
f 5862 5825 5863
f 5863 5825 5800
f 5863 5800 5835
f 5827 5864 5865
f 5827 5865 5828
f 5828 5865 5854
f 5828 5854 5817
f 4520 5866 5867
f 4520 5867 4521
f 4521 5867 5861
f 4521 5861 4509
f 4525 4520 4523
f 4525 4523 4526
f 4526 4523 4524
f 4526 4524 4407
f 5868 4525 4528
f 5868 4528 5869
f 5869 4528 4529
f 5869 4529 5838
f 5866 5826 5829
f 5866 5829 5867
f 5867 5829 5816
f 5867 5816 5861
f 5823 5868 5869
f 5823 5869 5824
f 5824 5869 5838
f 5824 5838 5801
f 4536 4530 4532
f 4536 4532 4537
f 4537 4532 4533
f 4537 4533 4540
f 4541 4536 4538
f 4538 4539 4545
f 4547 4541 4543
f 4547 4543 4548
f 4548 4543 4544
f 4548 4544 4551
f 4530 4547 4549
f 4549 4550 4534
f 4557 4552 4554
f 4554 4555 4561
f 4563 4557 4559
f 4563 4559 4564
f 4564 4559 4560
f 4564 4560 4567
f 4568 4563 4565
f 4568 4565 4569
f 4569 4565 4566
f 4569 4566 4572
f 4552 4568 4570
f 4552 4570 4553
f 4553 4570 4571
f 4553 4571 4556
f 5870 5871 5872
f 5870 5872 5873
f 5873 5872 5874
f 5873 5874 5875
f 5876 5877 5878
f 5876 5878 5879
f 5879 5878 5880
f 5879 5880 5881
f 5882 5883 5884
f 5882 5884 5885
f 5885 5884 5886
f 5885 5886 5887
f 5888 5889 5890
f 5888 5890 5891
f 5891 5890 5875
f 5891 5875 5874
f 5892 5893 5894
f 5892 5894 5895
f 5895 5894 5896
f 5895 5896 5897
f 5898 5899 5900
f 5898 5900 5901
f 5901 5900 5887
f 5901 5887 5886
f 5902 5903 5904
f 5902 5904 5905
f 5905 5904 5881
f 5905 5881 5880
f 5906 5907 5908
f 5906 5908 5909
f 5909 5908 5897
f 5909 5897 5896
f 4573 5910 5911
f 4573 5911 4574
f 4574 5911 5912
f 4574 5912 4577
f 4578 4573 4575
f 4575 4576 4582
f 5913 4578 4580
f 5913 4580 5914
f 5914 4580 4581
f 5914 4581 5915
f 5910 5870 5873
f 5910 5873 5911
f 5911 5873 5875
f 5911 5875 5912
f 5877 5913 5914
f 5877 5914 5878
f 5878 5914 5915
f 5878 5915 5880
f 4583 5916 5917
f 4583 5917 4584
f 4584 5917 5918
f 4584 5918 4587
f 4588 4583 4585
f 4585 4586 4592
f 5919 4588 4590
f 5919 4590 5920
f 5920 4590 4591
f 5920 4591 5921
f 5916 5876 5879
f 5916 5879 5917
f 5917 5879 5881
f 5917 5881 5918
f 5871 5919 5920
f 5871 5920 5872
f 5872 5920 5921
f 5872 5921 5874
f 4594 5922 5923
f 4594 5923 4595
f 4595 5923 5924
f 4595 5924 4599
f 4600 4594 4597
f 4600 4597 4601
f 4601 4597 4598
f 4601 4598 4562
f 5925 4600 4603
f 5925 4603 5926
f 5926 4603 4604
f 5926 4604 5912
f 5922 5882 5885
f 5922 5885 5923
f 5923 5885 5887
f 5923 5887 5924
f 5889 5925 5926
f 5889 5926 5890
f 5890 5926 5912
f 5890 5912 5875
f 4606 5927 5928
f 4606 5928 4607
f 4607 5928 5921
f 4607 5921 4593
f 4611 4606 4609
f 4611 4609 4612
f 4612 4609 4610
f 4612 4610 4616
f 5929 4611 4614
f 5929 4614 5930
f 5930 4614 4615
f 5930 4615 5931
f 5927 5888 5891
f 5927 5891 5928
f 5928 5891 5874
f 5928 5874 5921
f 5883 5929 5930
f 5883 5930 5884
f 5884 5930 5931
f 5884 5931 5886
f 4617 5932 5933
f 4617 5933 4618
f 4618 5933 5934
f 4618 5934 4621
f 5935 4617 4619
f 4619 4620 4624
f 5935 4622 5936
f 5936 4622 4623
f 5936 4623 5924
f 5932 5892 5895
f 5932 5895 5933
f 5933 5895 5897
f 5933 5897 5934
f 5899 5935 5936
f 5899 5936 5900
f 5900 5936 5924
f 5900 5924 5887
f 4625 5937 5938
f 4625 5938 4626
f 4626 5938 5931
f 4626 5931 4629
f 4630 4625 4627
f 4627 4628 4634
f 5939 4630 4632
f 5939 4632 5940
f 5940 4632 4633
f 5940 4633 5941
f 5937 5898 5901
f 5937 5901 5938
f 5938 5901 5886
f 5938 5886 5931
f 5893 5939 5940
f 5893 5940 5894
f 5894 5940 5941
f 5894 5941 5896
f 4636 5942 5943
f 4636 5943 4637
f 4637 5943 5915
f 4637 5915 4641
f 4642 4636 4639
f 4642 4639 4643
f 4643 4639 4640
f 4643 4640 4647
f 5944 4642 4645
f 5944 4645 5945
f 5945 4645 4646
f 5945 4646 5934
f 5942 5902 5905
f 5942 5905 5943
f 5943 5905 5880
f 5943 5880 5915
f 5907 5944 5945
f 5907 5945 5908
f 5908 5945 5934
f 5908 5934 5897
f 4648 5946 5947
f 4648 5947 4649
f 4649 5947 5941
f 4649 5941 4635
f 4653 4648 4651
f 4653 4651 4654
f 4654 4651 4652
f 4654 4652 4535
f 5948 4653 4656
f 5948 4656 5949
f 5949 4656 4657
f 5949 4657 5918
f 5946 5906 5909
f 5946 5909 5947
f 5947 5909 5896
f 5947 5896 5941
f 5903 5948 5949
f 5903 5949 5904
f 5904 5949 5918
f 5904 5918 5881
f 4664 4658 4660
f 4664 4660 4665
f 4665 4660 4661
f 4665 4661 4668
f 4669 4664 4666
f 4666 4667 4673
f 4675 4669 4671
f 4675 4671 4676
f 4676 4671 4672
f 4676 4672 4679
f 4658 4675 4677
f 4677 4678 4662
f 4685 4680 4682
f 4682 4683 4689
f 4690 4685 4687
f 4690 4687 4691
f 4691 4687 4688
f 4691 4688 4694
f 4695 4690 4692
f 4695 4692 4696
f 4696 4692 4693
f 4696 4693 4699
f 4680 4695 4697
f 4680 4697 4681
f 4681 4697 4698
f 4681 4698 4684
f 5950 5951 5952
f 5950 5952 5953
f 5953 5952 5954
f 5953 5954 5955
f 5956 5957 5958
f 5956 5958 5959
f 5959 5958 5960
f 5959 5960 5961
f 5962 5963 5964
f 5962 5964 5965
f 5965 5964 5966
f 5965 5966 5967
f 5968 5969 5970
f 5968 5970 5971
f 5971 5970 5955
f 5971 5955 5954
f 5972 5973 5974
f 5972 5974 5975
f 5975 5974 5976
f 5975 5976 5977
f 5978 5979 5980
f 5978 5980 5981
f 5981 5980 5967
f 5981 5967 5966
f 5982 5983 5984
f 5982 5984 5985
f 5985 5984 5961
f 5985 5961 5960
f 5986 5987 5988
f 5986 5988 5989
f 5989 5988 5977
f 5989 5977 5976
f 4700 5990 5991
f 4700 5991 4701
f 4701 5991 5992
f 4701 5992 4704
f 4705 4700 4702
f 4702 4703 4709
f 5993 4705 4707
f 5993 4707 5994
f 5994 4707 4708
f 5994 4708 5995
f 5990 5950 5953
f 5990 5953 5991
f 5991 5953 5955
f 5991 5955 5992
f 5957 5993 5994
f 5957 5994 5958
f 5958 5994 5995
f 5958 5995 5960
f 4710 5996 5997
f 4710 5997 4711
f 4711 5997 5998
f 4711 5998 4714
f 4715 4710 4712
f 4712 4713 4719
f 5999 4715 4717
f 5999 4717 6000
f 6000 4717 4718
f 6000 4718 6001
f 5996 5956 5959
f 5996 5959 5997
f 5997 5959 5961
f 5997 5961 5998
f 5951 5999 6000
f 5951 6000 5952
f 5952 6000 6001
f 5952 6001 5954
f 4721 6002 6003
f 4721 6003 4722
f 4722 6003 6004
f 4722 6004 4726
f 4727 4721 4724
f 4727 4724 4728
f 4728 4724 4725
f 4728 4725 4732
f 6005 4727 4730
f 6005 4730 6006
f 6006 4730 4731
f 6006 4731 5992
f 6002 5962 5965
f 6002 5965 6003
f 6003 5965 5967
f 6003 5967 6004
f 5969 6005 6006
f 5969 6006 5970
f 5970 6006 5992
f 5970 5992 5955
f 4733 6007 6008
f 4733 6008 4734
f 4734 6008 6001
f 4734 6001 4720
f 4738 4733 4736
f 4738 4736 4739
f 4739 4736 4737
f 4739 4737 4674
f 6009 4738 4741
f 6009 4741 6010
f 6010 4741 4742
f 6010 4742 6011
f 6007 5968 5971
f 6007 5971 6008
f 6008 5971 5954
f 6008 5954 6001
f 5963 6009 6010
f 5963 6010 5964
f 5964 6010 6011
f 5964 6011 5966
f 4744 6012 6013
f 4744 6013 4745
f 4745 6013 4773
f 6014 4744 4746
f 4746 4747 4750
f 6014 4748 6015
f 6015 4748 4749
f 6015 4749 6004
f 6012 5972 5975
f 6012 5975 6013
f 6013 5975 5977
f 6013 5977 4773
f 5979 6014 6015
f 5979 6015 5980
f 5980 6015 6004
f 5980 6004 5967
f 4751 6016 6017
f 4751 6017 4752
f 4752 6017 6011
f 4752 6011 4743
f 4755 4751 4753
f 4753 4754 4759
f 6018 4755 4757
f 6018 4757 6019
f 6019 4757 4758
f 6019 4758 6020
f 6016 5978 5981
f 6016 5981 6017
f 6017 5981 5966
f 6017 5966 6011
f 5973 6018 6019
f 5973 6019 5974
f 5974 6019 6020
f 5974 6020 5976
f 4761 6021 6022
f 4761 6022 4762
f 4762 6022 5995
f 4762 5995 4766
f 4767 4761 4764
f 4767 4764 4768
f 4768 4764 4765
f 4768 4765 4772
f 6023 4767 4770
f 6023 4770 6024
f 6024 4770 4771
f 6024 4771 6025
f 6021 5982 5985
f 6021 5985 6022
f 6022 5985 5960
f 6022 5960 5995
f 5987 6023 6024
f 5987 6024 5988
f 5988 6024 6025
f 5988 6025 5977
f 4774 6026 6027
f 4774 6027 4775
f 4775 6027 6020
f 4775 6020 4760
f 4779 4774 4777
f 4779 4777 4780
f 4780 4777 4778
f 4780 4778 4663
f 6028 4779 4782
f 6028 4782 6029
f 6029 4782 4783
f 6029 4783 5998
f 6026 5986 5989
f 6026 5989 6027
f 6027 5989 5976
f 6027 5976 6020
f 5983 6028 6029
f 5983 6029 5984
f 5984 6029 5998
f 5984 5998 5961
f 4790 4784 4786
f 4790 4786 4791
f 4791 4786 4787
f 4791 4787 4794
f 4795 4790 4792
f 4792 4793 4799
f 4800 4795 4797
f 4800 4797 4801
f 4801 4797 4798
f 4801 4798 4804
f 4784 4800 4802
f 4802 4803 4788
f 4810 4805 4807
f 4807 4808 4814
f 4816 4810 4812
f 4816 4812 4817
f 4817 4812 4813
f 4817 4813 4820
f 4821 4816 4818
f 4821 4818 4822
f 4822 4818 4819
f 4822 4819 4825
f 4805 4821 4823
f 4805 4823 4806
f 4806 4823 4824
f 4806 4824 4809
f 6030 6031 6032
f 6030 6032 6033
f 6033 6032 6034
f 6033 6034 6035
f 6036 6037 6038
f 6036 6038 6039
f 6039 6038 6040
f 6039 6040 6041
f 6042 6043 6044
f 6042 6044 6045
f 6045 6044 6046
f 6045 6046 6047
f 6048 6049 6050
f 6048 6050 6051
f 6051 6050 6035
f 6051 6035 6034
f 6052 6053 6054
f 6052 6054 6055
f 6055 6054 6056
f 6055 6056 6057
f 6058 6059 6060
f 6058 6060 6061
f 6061 6060 6047
f 6061 6047 6046
f 6062 6063 6064
f 6062 6064 6065
f 6065 6064 6041
f 6065 6041 6040
f 6066 6067 6068
f 6066 6068 6069
f 6069 6068 6057
f 6069 6057 6056
f 4826 6070 6071
f 4826 6071 4827
f 4827 6071 6072
f 4827 6072 4830
f 4831 4826 4828
f 4828 4829 4835
f 6073 4831 4833
f 6073 4833 6074
f 6074 4833 4834
f 6074 4834 6075
f 6070 6030 6033
f 6070 6033 6071
f 6071 6033 6035
f 6071 6035 6072
f 6037 6073 6074
f 6037 6074 6038
f 6038 6074 6075
f 6038 6075 6040
f 4837 6076 6077
f 4837 6077 4838
f 4838 6077 6078
f 4838 6078 4841
f 4842 4837 4839
f 4839 4840 4846
f 6079 4842 4844
f 6079 4844 6080
f 6080 4844 4845
f 6080 4845 6081
f 6076 6036 6039
f 6076 6039 6077
f 6077 6039 6041
f 6077 6041 6078
f 6031 6079 6080
f 6031 6080 6032
f 6032 6080 6081
f 6032 6081 6034
f 4848 6082 6083
f 4848 6083 4849
f 4849 6083 6084
f 4849 6084 4853
f 4854 4848 4851
f 4854 4851 4855
f 4855 4851 4852
f 4855 4852 4815
f 6085 4854 4857
f 6085 4857 6086
f 6086 4857 4858
f 6086 4858 6072
f 6082 6042 6045
f 6082 6045 6083
f 6083 6045 6047
f 6083 6047 6084
f 6049 6085 6086
f 6049 6086 6050
f 6050 6086 6072
f 6050 6072 6035
f 4859 6087 6088
f 4859 6088 4860
f 4860 6088 6081
f 4860 6081 4847
f 4864 4859 4862
f 4864 4862 4865
f 4865 4862 4863
f 4865 4863 4869
f 6089 4864 4867
f 6089 4867 6090
f 6090 4867 4868
f 6090 4868 6091
f 6087 6048 6051
f 6087 6051 6088
f 6088 6051 6034
f 6088 6034 6081
f 6043 6089 6090
f 6043 6090 6044
f 6044 6090 6091
f 6044 6091 6046
f 4871 6092 6093
f 4871 6093 4872
f 4872 6093 6094
f 4872 6094 4875
f 6095 4871 4873
f 4873 4874 4878
f 6095 4876 6096
f 6096 4876 4877
f 6096 4877 6084
f 6092 6052 6055
f 6092 6055 6093
f 6093 6055 6057
f 6093 6057 6094
f 6059 6095 6096
f 6059 6096 6060
f 6060 6096 6084
f 6060 6084 6047
f 4879 6097 6098
f 4879 6098 4880
f 4880 6098 6091
f 4880 6091 4870
f 4883 4879 4881
f 4881 4882 4887
f 6099 4883 4885
f 6099 4885 6100
f 6100 4885 4886
f 6100 4886 6101
f 6097 6058 6061
f 6097 6061 6098
f 6098 6061 6046
f 6098 6046 6091
f 6053 6099 6100
f 6053 6100 6054
f 6054 6100 6101
f 6054 6101 6056
f 4889 6102 6103
f 4889 6103 4890
f 4890 6103 6075
f 4890 6075 4836
f 4894 4889 4892
f 4894 4892 4895
f 4895 4892 4893
f 4895 4893 4899
f 6104 4894 4897
f 6104 4897 6105
f 6105 4897 4898
f 6105 4898 6094
f 6102 6062 6065
f 6102 6065 6103
f 6103 6065 6040
f 6103 6040 6075
f 6067 6104 6105
f 6067 6105 6068
f 6068 6105 6094
f 6068 6094 6057
f 4900 6106 6107
f 4900 6107 4901
f 4901 6107 6101
f 4901 6101 4888
f 4905 4900 4903
f 4905 4903 4906
f 4906 4903 4904
f 4906 4904 4789
f 6108 4905 4908
f 6108 4908 6109
f 6109 4908 4909
f 6109 4909 6078
f 6106 6066 6069
f 6106 6069 6107
f 6107 6069 6056
f 6107 6056 6101
f 6063 6108 6109
f 6063 6109 6064
f 6064 6109 6078
f 6064 6078 6041
f 4916 4910 4912
f 4916 4912 4917
f 4917 4912 4913
f 4917 4913 4920
f 4921 4916 4918
f 4918 4919 4925
f 4927 4921 4923
f 4927 4923 4928
f 4928 4923 4924
f 4928 4924 4931
f 4910 4927 4929
f 4929 4930 4914
f 4937 4932 4934
f 4934 4935 4941
f 4943 4937 4939
f 4943 4939 4944
f 4944 4939 4940
f 4944 4940 4947
f 4948 4943 4945
f 4948 4945 4949
f 4949 4945 4946
f 4949 4946 4952
f 4932 4948 4950
f 4932 4950 4933
f 4933 4950 4951
f 4933 4951 4936
f 6110 6111 6112
f 6110 6112 6113
f 6113 6112 6114
f 6113 6114 6115
f 6116 6117 6118
f 6116 6118 6119
f 6119 6118 6120
f 6119 6120 6121
f 6122 6123 6124
f 6122 6124 6125
f 6125 6124 6126
f 6125 6126 6127
f 6128 6129 6130
f 6128 6130 6131
f 6131 6130 6115
f 6131 6115 6114
f 6132 6133 6134
f 6132 6134 6135
f 6135 6134 6136
f 6135 6136 6137
f 6138 6139 6140
f 6138 6140 6141
f 6141 6140 6127
f 6141 6127 6126
f 6142 6143 6144
f 6142 6144 6145
f 6145 6144 6121
f 6145 6121 6120
f 6146 6147 6148
f 6146 6148 6149
f 6149 6148 6137
f 6149 6137 6136
f 4953 6150 6151
f 4953 6151 4954
f 4954 6151 6152
f 4954 6152 4957
f 4958 4953 4955
f 4955 4956 4962
f 6153 4958 4960
f 6153 4960 6154
f 6154 4960 4961
f 6154 4961 6155
f 6150 6110 6113
f 6150 6113 6151
f 6151 6113 6115
f 6151 6115 6152
f 6117 6153 6154
f 6117 6154 6118
f 6118 6154 6155
f 6118 6155 6120
f 4964 6156 6157
f 4964 6157 4965
f 4965 6157 6158
f 4965 6158 4968
f 4969 4964 4966
f 4966 4967 4973
f 6159 4969 4971
f 6159 4971 6160
f 6160 4971 4972
f 6160 4972 6161
f 6156 6116 6119
f 6156 6119 6157
f 6157 6119 6121
f 6157 6121 6158
f 6111 6159 6160
f 6111 6160 6112
f 6112 6160 6161
f 6112 6161 6114
f 4975 6162 6163
f 4975 6163 4976
f 4976 6163 6164
f 4976 6164 4980
f 4981 4975 4978
f 4981 4978 4982
f 4982 4978 4979
f 4982 4979 4942
f 6165 4981 4984
f 6165 4984 6166
f 6166 4984 4985
f 6166 4985 6152
f 6162 6122 6125
f 6162 6125 6163
f 6163 6125 6127
f 6163 6127 6164
f 6129 6165 6166
f 6129 6166 6130
f 6130 6166 6152
f 6130 6152 6115
f 4986 6167 6168
f 4986 6168 4987
f 4987 6168 6161
f 4987 6161 4974
f 4991 4986 4989
f 4991 4989 4992
f 4992 4989 4990
f 4992 4990 4926
f 6169 4991 4994
f 6169 4994 6170
f 6170 4994 4995
f 6170 4995 6171
f 6167 6128 6131
f 6167 6131 6168
f 6168 6131 6114
f 6168 6114 6161
f 6123 6169 6170
f 6123 6170 6124
f 6124 6170 6171
f 6124 6171 6126
f 4997 6172 6173
f 4997 6173 4998
f 4998 6173 6174
f 4998 6174 5001
f 5002 4997 4999
f 4999 5000 5006
f 6175 5002 5004
f 6175 5004 6176
f 6176 5004 5005
f 6176 5005 6164
f 6172 6132 6135
f 6172 6135 6173
f 6173 6135 6137
f 6173 6137 6174
f 6139 6175 6176
f 6139 6176 6140
f 6140 6176 6164
f 6140 6164 6127
f 5007 6177 6178
f 5007 6178 5008
f 5008 6178 6171
f 5008 6171 4996
f 5011 5007 5009
f 5009 5010 5015
f 6179 5011 5013
f 6179 5013 6180
f 6180 5013 5014
f 6180 5014 6181
f 6177 6138 6141
f 6177 6141 6178
f 6178 6141 6126
f 6178 6126 6171
f 6133 6179 6180
f 6133 6180 6134
f 6134 6180 6181
f 6134 6181 6136
f 5017 6182 6183
f 5017 6183 5018
f 5018 6183 6155
f 5018 6155 4963
f 5022 5017 5020
f 5022 5020 5023
f 5023 5020 5021
f 5023 5021 5027
f 6184 5022 5025
f 6184 5025 6185
f 6185 5025 5026
f 6185 5026 6174
f 6182 6142 6145
f 6182 6145 6183
f 6183 6145 6120
f 6183 6120 6155
f 6147 6184 6185
f 6147 6185 6148
f 6148 6185 6174
f 6148 6174 6137
f 5028 6186 6187
f 5028 6187 5029
f 5029 6187 6181
f 5029 6181 5016
f 5033 5028 5031
f 5033 5031 5034
f 5034 5031 5032
f 5034 5032 4915
f 6188 5033 5036
f 6188 5036 6189
f 6189 5036 5037
f 6189 5037 6158
f 6186 6146 6149
f 6186 6149 6187
f 6187 6149 6136
f 6187 6136 6181
f 6143 6188 6189
f 6143 6189 6144
f 6144 6189 6158
f 6144 6158 6121
f 5044 5038 5040
f 5044 5040 5045
f 5045 5040 5041
f 5045 5041 5048
f 5049 5044 5046
f 5046 5047 5053
f 5054 5049 5051
f 5054 5051 5055
f 5055 5051 5052
f 5055 5052 5058
f 5038 5054 5056
f 5056 5057 5042
f 5064 5059 5061
f 5061 5062 5068
f 5070 5064 5066
f 5070 5066 5071
f 5071 5066 5067
f 5071 5067 5074
f 5075 5070 5072
f 5075 5072 5076
f 5076 5072 5073
f 5076 5073 5079
f 5059 5075 5077
f 5059 5077 5060
f 5060 5077 5078
f 5060 5078 5063
f 6190 6191 6192
f 6190 6192 6193
f 6193 6192 6194
f 6193 6194 6195
f 6196 6197 6198
f 6196 6198 6199
f 6199 6198 6200
f 6199 6200 6201
f 6202 6203 6204
f 6202 6204 6205
f 6205 6204 6206
f 6205 6206 6207
f 6208 6209 6210
f 6208 6210 6211
f 6211 6210 6195
f 6211 6195 6194
f 6212 6213 6214
f 6212 6214 6215
f 6215 6214 6216
f 6215 6216 6217
f 6218 6219 6220
f 6218 6220 6221
f 6221 6220 6207
f 6221 6207 6206
f 6222 6223 6224
f 6222 6224 6225
f 6225 6224 6201
f 6225 6201 6200
f 6226 6227 6228
f 6226 6228 6229
f 6229 6228 6217
f 6229 6217 6216
f 5080 6230 6231
f 5080 6231 5081
f 5081 6231 6232
f 5081 6232 5084
f 5085 5080 5082
f 5082 5083 5089
f 6233 5085 5087
f 6233 5087 6234
f 6234 5087 5088
f 6234 5088 6235
f 6230 6190 6193
f 6230 6193 6231
f 6231 6193 6195
f 6231 6195 6232
f 6197 6233 6234
f 6197 6234 6198
f 6198 6234 6235
f 6198 6235 6200
f 5091 6236 6237
f 5091 6237 5092
f 5092 6237 6238
f 5092 6238 5095
f 5096 5091 5093
f 5093 5094 5100
f 6239 5096 5098
f 6239 5098 6240
f 6240 5098 5099
f 6240 5099 6241
f 6236 6196 6199
f 6236 6199 6237
f 6237 6199 6201
f 6237 6201 6238
f 6191 6239 6240
f 6191 6240 6192
f 6192 6240 6241
f 6192 6241 6194
f 5102 6242 6243
f 5102 6243 5103
f 5103 6243 6244
f 5103 6244 5107
f 5108 5102 5105
f 5108 5105 5109
f 5109 5105 5106
f 5109 5106 5069
f 6245 5108 5111
f 6245 5111 6246
f 6246 5111 5112
f 6246 5112 6232
f 6242 6202 6205
f 6242 6205 6243
f 6243 6205 6207
f 6243 6207 6244
f 6209 6245 6246
f 6209 6246 6210
f 6210 6246 6232
f 6210 6232 6195
f 5113 6247 6248
f 5113 6248 5114
f 5114 6248 6241
f 5114 6241 5101
f 5118 5113 5116
f 5118 5116 5119
f 5119 5116 5117
f 5119 5117 5123
f 6249 5118 5121
f 6249 5121 6250
f 6250 5121 5122
f 6250 5122 6251
f 6247 6208 6211
f 6247 6211 6248
f 6248 6211 6194
f 6248 6194 6241
f 6203 6249 6250
f 6203 6250 6204
f 6204 6250 6251
f 6204 6251 6206
f 5125 6252 6253
f 5125 6253 5126
f 5126 6253 6254
f 5126 6254 5129
f 5130 5125 5127
f 5130 5127 5131
f 5131 5127 5128
f 5131 5128 5134
f 6255 5130 5132
f 6255 5132 6256
f 6256 5132 5133
f 6256 5133 6244
f 6252 6212 6215
f 6252 6215 6253
f 6253 6215 6217
f 6253 6217 6254
f 6219 6255 6256
f 6219 6256 6220
f 6220 6256 6244
f 6220 6244 6207
f 5135 6257 6258
f 5135 6258 5136
f 5136 6258 6251
f 5136 6251 5124
f 5139 5135 5137
f 5137 5138 5143
f 6259 5139 5141
f 6259 5141 6260
f 6260 5141 5142
f 6260 5142 6261
f 6257 6218 6221
f 6257 6221 6258
f 6258 6221 6206
f 6258 6206 6251
f 6213 6259 6260
f 6213 6260 6214
f 6214 6260 6261
f 6214 6261 6216
f 5145 6262 6263
f 5145 6263 5146
f 5146 6263 6235
f 5146 6235 5090
f 5150 5145 5148
f 5150 5148 5151
f 5151 5148 5149
f 5151 5149 5155
f 6264 5150 5153
f 6264 5153 6265
f 6265 5153 5154
f 6265 5154 6254
f 6262 6222 6225
f 6262 6225 6263
f 6263 6225 6200
f 6263 6200 6235
f 6227 6264 6265
f 6227 6265 6228
f 6228 6265 6254
f 6228 6254 6217
f 5156 6266 6267
f 5156 6267 5157
f 5157 6267 6261
f 5157 6261 5144
f 5161 5156 5159
f 5161 5159 5162
f 5162 5159 5160
f 5162 5160 5043
f 6268 5161 5164
f 6268 5164 6269
f 6269 5164 5165
f 6269 5165 6238
f 6266 6226 6229
f 6266 6229 6267
f 6267 6229 6216
f 6267 6216 6261
f 6223 6268 6269
f 6223 6269 6224
f 6224 6269 6238
f 6224 6238 6201
f 5172 5166 5168
f 5172 5168 5173
f 5173 5168 5169
f 5173 5169 5176
f 5177 5172 5174
f 5177 5174 5178
f 5178 5174 5175
f 5178 5175 5181
f 5182 5177 5179
f 5182 5179 5183
f 5183 5179 5180
f 5183 5180 5186
f 5166 5182 5184
f 5184 5185 5170
f 5192 5187 5189
f 5189 5190 5196
f 5198 5192 5194
f 5198 5194 5199
f 5199 5194 5195
f 5199 5195 5202
f 5203 5198 5200
f 5200 5201 5207
f 5187 5203 5205
f 5187 5205 5188
f 5188 5205 5206
f 5188 5206 5191
f 6270 6271 6272
f 6270 6272 6273
f 6273 6272 6274
f 6273 6274 6275
f 6276 6277 6278
f 6276 6278 6279
f 6279 6278 6280
f 6279 6280 6281
f 6282 6283 6284
f 6282 6284 6285
f 6285 6284 6286
f 6285 6286 6287
f 6288 6289 6290
f 6288 6290 6291
f 6291 6290 6275
f 6291 6275 6274
f 6292 6293 6294
f 6292 6294 6295
f 6295 6294 6296
f 6295 6296 6297
f 6298 6299 6300
f 6298 6300 6301
f 6301 6300 6287
f 6301 6287 6286
f 6302 6303 6304
f 6302 6304 6305
f 6305 6304 6281
f 6305 6281 6280
f 6306 6307 6308
f 6306 6308 6309
f 6309 6308 6297
f 6309 6297 6296
f 5209 6310 6311
f 5209 6311 5210
f 5210 6311 6312
f 5210 6312 5213
f 5214 5209 5211
f 5211 5212 5218
f 6313 5214 5216
f 6313 5216 6314
f 6314 5216 5217
f 6314 5217 6315
f 6310 6270 6273
f 6310 6273 6311
f 6311 6273 6275
f 6311 6275 6312
f 6277 6313 6314
f 6277 6314 6278
f 6278 6314 6315
f 6278 6315 6280
f 5220 6316 6317
f 5220 6317 5221
f 5221 6317 6318
f 5221 6318 5224
f 5225 5220 5222
f 5222 5223 5229
f 6319 5225 5227
f 6319 5227 6320
f 6320 5227 5228
f 6320 5228 6321
f 6316 6276 6279
f 6316 6279 6317
f 6317 6279 6281
f 6317 6281 6318
f 6271 6319 6320
f 6271 6320 6272
f 6272 6320 6321
f 6272 6321 6274
f 5231 6322 6323
f 5231 6323 5232
f 5232 6323 6324
f 5232 6324 5236
f 5237 5231 5234
f 5237 5234 5238
f 5238 5234 5235
f 5238 5235 5197
f 6325 5237 5240
f 6325 5240 6326
f 6326 5240 5241
f 6326 5241 6312
f 6322 6282 6285
f 6322 6285 6323
f 6323 6285 6287
f 6323 6287 6324
f 6289 6325 6326
f 6289 6326 6290
f 6290 6326 6312
f 6290 6312 6275
f 5242 6327 6328
f 5242 6328 5243
f 5243 6328 6321
f 5243 6321 5230
f 5247 5242 5245
f 5247 5245 5248
f 5248 5245 5246
f 5248 5246 5252
f 6329 5247 5250
f 6329 5250 6330
f 6330 5250 5251
f 6330 5251 6331
f 6327 6288 6291
f 6327 6291 6328
f 6328 6291 6274
f 6328 6274 6321
f 6283 6329 6330
f 6283 6330 6284
f 6284 6330 6331
f 6284 6331 6286
f 5254 6332 6333
f 5254 6333 5255
f 5255 6333 6334
f 5255 6334 5258
f 5259 5254 5256
f 5256 5257 5263
f 6335 5259 5261
f 6335 5261 6336
f 6336 5261 5262
f 6336 5262 6324
f 6332 6292 6295
f 6332 6295 6333
f 6333 6295 6297
f 6333 6297 6334
f 6299 6335 6336
f 6299 6336 6300
f 6300 6336 6324
f 6300 6324 6287
f 5264 6337 6338
f 5264 6338 5265
f 5265 6338 6331
f 5265 6331 5267
f 5268 5264 5266
f 5266 5267 5272
f 6339 5268 5270
f 6339 5270 6340
f 6340 5270 5271
f 6340 5271 6341
f 6337 6298 6301
f 6337 6301 6338
f 6338 6301 6286
f 6338 6286 6331
f 6293 6339 6340
f 6293 6340 6294
f 6294 6340 6341
f 6294 6341 6296
f 5274 6342 6343
f 5274 6343 5275
f 5275 6343 6315
f 5275 6315 5219
f 5279 5274 5277
f 5279 5277 5280
f 5280 5277 5278
f 5280 5278 5208
f 6344 5279 5282
f 6344 5282 6345
f 6345 5282 5283
f 6345 5283 6334
f 6342 6302 6305
f 6342 6305 6343
f 6343 6305 6280
f 6343 6280 6315
f 6307 6344 6345
f 6307 6345 6308
f 6308 6345 6334
f 6308 6334 6297
f 5284 6346 6347
f 5284 6347 5285
f 5285 6347 6341
f 5285 6341 5273
f 5289 5284 5287
f 5289 5287 5290
f 5290 5287 5288
f 5290 5288 5171
f 6348 5289 5292
f 6348 5292 6349
f 6349 5292 5293
f 6349 5293 6318
f 6346 6306 6309
f 6346 6309 6347
f 6347 6309 6296
f 6347 6296 6341
f 6303 6348 6349
f 6303 6349 6304
f 6304 6349 6318
f 6304 6318 6281
f 5300 5294 5296
f 5300 5296 5301
f 5301 5296 5297
f 5301 5297 5304
f 5305 5300 5302
f 5302 5303 5309
f 5311 5305 5307
f 5311 5307 5312
f 5312 5307 5308
f 5312 5308 5315
f 5294 5311 5313
f 5313 5314 5298
f 5321 5316 5318
f 5318 5319 5325
f 5327 5321 5323
f 5327 5323 5328
f 5328 5323 5324
f 5328 5324 5331
f 5332 5327 5329
f 5332 5329 5333
f 5333 5329 5330
f 5333 5330 5336
f 5316 5332 5334
f 5316 5334 5317
f 5317 5334 5335
f 5317 5335 5320
f 6350 6351 6352
f 6350 6352 6353
f 6353 6352 6354
f 6353 6354 6355
f 6356 6357 6358
f 6356 6358 6359
f 6359 6358 6360
f 6359 6360 6361
f 6362 6363 6364
f 6362 6364 6365
f 6365 6364 6366
f 6365 6366 6367
f 6368 6369 6370
f 6368 6370 6371
f 6371 6370 6355
f 6371 6355 6354
f 6372 6373 6374
f 6372 6374 6375
f 6375 6374 6376
f 6375 6376 6377
f 6378 6379 6380
f 6378 6380 6381
f 6381 6380 6367
f 6381 6367 6366
f 6382 6383 6384
f 6382 6384 6385
f 6385 6384 6361
f 6385 6361 6360
f 6386 6387 6388
f 6386 6388 6389
f 6389 6388 6377
f 6389 6377 6376
f 5337 6390 6391
f 5337 6391 5338
f 5338 6391 6392
f 5338 6392 5341
f 5342 5337 5339
f 5339 5340 5346
f 6393 5342 5344
f 6393 5344 6394
f 6394 5344 5345
f 6394 5345 6395
f 6390 6350 6353
f 6390 6353 6391
f 6391 6353 6355
f 6391 6355 6392
f 6357 6393 6394
f 6357 6394 6358
f 6358 6394 6395
f 6358 6395 6360
f 5348 6396 6397
f 5348 6397 5349
f 5349 6397 6398
f 5349 6398 5352
f 5353 5348 5350
f 5350 5351 5357
f 6399 5353 5355
f 6399 5355 6400
f 6400 5355 5356
f 6400 5356 6401
f 6396 6356 6359
f 6396 6359 6397
f 6397 6359 6361
f 6397 6361 6398
f 6351 6399 6400
f 6351 6400 6352
f 6352 6400 6401
f 6352 6401 6354
f 5359 6402 6403
f 5359 6403 5360
f 5360 6403 6404
f 5360 6404 5364
f 5365 5359 5362
f 5365 5362 5366
f 5366 5362 5363
f 5366 5363 5326
f 6405 5365 5368
f 6405 5368 6406
f 6406 5368 5369
f 6406 5369 6392
f 6402 6362 6365
f 6402 6365 6403
f 6403 6365 6367
f 6403 6367 6404
f 6369 6405 6406
f 6369 6406 6370
f 6370 6406 6392
f 6370 6392 6355
f 5370 6407 6408
f 5370 6408 5371
f 5371 6408 6401
f 5371 6401 5358
f 5375 5370 5373
f 5375 5373 5376
f 5376 5373 5374
f 5376 5374 5310
f 6409 5375 5378
f 6409 5378 6410
f 6410 5378 5379
f 6410 5379 6411
f 6407 6368 6371
f 6407 6371 6408
f 6408 6371 6354
f 6408 6354 6401
f 6363 6409 6410
f 6363 6410 6364
f 6364 6410 6411
f 6364 6411 6366
f 5381 6412 6413
f 5381 6413 5382
f 5382 6413 6414
f 5382 6414 5385
f 5386 5381 5383
f 5386 5383 5387
f 5387 5383 5384
f 5387 5384 5390
f 6415 5386 5388
f 6415 5388 6416
f 6416 5388 5389
f 6416 5389 6404
f 6412 6372 6375
f 6412 6375 6413
f 6413 6375 6377
f 6413 6377 6414
f 6379 6415 6416
f 6379 6416 6380
f 6380 6416 6404
f 6380 6404 6367
f 5391 6417 6418
f 5391 6418 5392
f 5392 6418 6411
f 5392 6411 5380
f 5395 5391 5393
f 5393 5394 5399
f 6419 5395 5397
f 6419 5397 6420
f 6420 5397 5398
f 6420 5398 6421
f 6417 6378 6381
f 6417 6381 6418
f 6418 6381 6366
f 6418 6366 6411
f 6373 6419 6420
f 6373 6420 6374
f 6374 6420 6421
f 6374 6421 6376
f 5401 6422 6423
f 5401 6423 5402
f 5402 6423 6395
f 5402 6395 5347
f 5406 5401 5404
f 5406 5404 5407
f 5407 5404 5405
f 5407 5405 5411
f 6424 5406 5409
f 6424 5409 6425
f 6425 5409 5410
f 6425 5410 6414
f 6422 6382 6385
f 6422 6385 6423
f 6423 6385 6360
f 6423 6360 6395
f 6387 6424 6425
f 6387 6425 6388
f 6388 6425 6414
f 6388 6414 6377
f 5412 6426 6427
f 5412 6427 5413
f 5413 6427 6421
f 5413 6421 5400
f 5417 5412 5415
f 5417 5415 5418
f 5418 5415 5416
f 5418 5416 5299
f 6428 5417 5420
f 6428 5420 6429
f 6429 5420 5421
f 6429 5421 6398
f 6426 6386 6389
f 6426 6389 6427
f 6427 6389 6376
f 6427 6376 6421
f 6383 6428 6429
f 6383 6429 6384
f 6384 6429 6398
f 6384 6398 6361
f 5428 5422 5424
f 5428 5424 5429
f 5429 5424 5425
f 5429 5425 5432
f 5433 5428 5430
f 5430 5431 5437
f 5439 5433 5435
f 5439 5435 5440
f 5440 5435 5436
f 5440 5436 5443
f 5422 5439 5441
f 5441 5442 5426
f 5449 5444 5446
f 5446 5447 5453
f 5455 5449 5451
f 5455 5451 5456
f 5456 5451 5452
f 5456 5452 5459
f 5460 5455 5457
f 5457 5458 5464
f 5444 5460 5462
f 5444 5462 5445
f 5445 5462 5463
f 5445 5463 5448
f 6430 6431 6432
f 6430 6432 6433
f 6433 6432 6434
f 6433 6434 6435
f 6436 6437 6438
f 6436 6438 6439
f 6439 6438 6440
f 6439 6440 6441
f 6442 6443 6444
f 6442 6444 6445
f 6445 6444 6446
f 6445 6446 6447
f 6448 6449 6450
f 6448 6450 6451
f 6451 6450 6435
f 6451 6435 6434
f 6452 6453 6454
f 6452 6454 6455
f 6455 6454 6456
f 6455 6456 6457
f 6458 6459 6460
f 6458 6460 6461
f 6461 6460 6447
f 6461 6447 6446
f 6462 6463 6464
f 6462 6464 6465
f 6465 6464 6441
f 6465 6441 6440
f 6466 6467 6468
f 6466 6468 6469
f 6469 6468 6457
f 6469 6457 6456
f 5466 6470 6471
f 5466 6471 5467
f 5467 6471 6472
f 5467 6472 5470
f 5471 5466 5468
f 5468 5469 5475
f 6473 5471 5473
f 6473 5473 6474
f 6474 5473 5474
f 6474 5474 6475
f 6470 6430 6433
f 6470 6433 6471
f 6471 6433 6435
f 6471 6435 6472
f 6437 6473 6474
f 6437 6474 6438
f 6438 6474 6475
f 6438 6475 6440
f 5477 6476 6477
f 5477 6477 5478
f 5478 6477 6478
f 5478 6478 5481
f 5482 5477 5479
f 5479 5480 5486
f 6479 5482 5484
f 6479 5484 6480
f 6480 5484 5485
f 6480 5485 6481
f 6476 6436 6439
f 6476 6439 6477
f 6477 6439 6441
f 6477 6441 6478
f 6431 6479 6480
f 6431 6480 6432
f 6432 6480 6481
f 6432 6481 6434
f 5488 6482 6483
f 5488 6483 5489
f 5489 6483 6484
f 5489 6484 5493
f 5494 5488 5491
f 5494 5491 5495
f 5495 5491 5492
f 5495 5492 5454
f 6485 5494 5497
f 6485 5497 6486
f 6486 5497 5498
f 6486 5498 6472
f 6482 6442 6445
f 6482 6445 6483
f 6483 6445 6447
f 6483 6447 6484
f 6449 6485 6486
f 6449 6486 6450
f 6450 6486 6472
f 6450 6472 6435
f 5499 6487 6488
f 5499 6488 5500
f 5500 6488 6481
f 5500 6481 5487
f 5504 5499 5502
f 5504 5502 5505
f 5505 5502 5503
f 5505 5503 5438
f 6489 5504 5507
f 6489 5507 6490
f 6490 5507 5508
f 6490 5508 6491
f 6487 6448 6451
f 6487 6451 6488
f 6488 6451 6434
f 6488 6434 6481
f 6443 6489 6490
f 6443 6490 6444
f 6444 6490 6491
f 6444 6491 6446
f 5510 6492 6493
f 5510 6493 5511
f 5511 6493 6494
f 5511 6494 5514
f 5515 5510 5512
f 5512 5513 5519
f 6495 5515 5517
f 6495 5517 6496
f 6496 5517 5518
f 6496 5518 6484
f 6492 6452 6455
f 6492 6455 6493
f 6493 6455 6457
f 6493 6457 6494
f 6459 6495 6496
f 6459 6496 6460
f 6460 6496 6484
f 6460 6484 6447
f 5520 6497 6498
f 5520 6498 5521
f 5521 6498 6491
f 5521 6491 5509
f 5524 5520 5522
f 5522 5523 5528
f 6499 5524 5526
f 6499 5526 6500
f 6500 5526 5527
f 6500 5527 6501
f 6497 6458 6461
f 6497 6461 6498
f 6498 6461 6446
f 6498 6446 6491
f 6453 6499 6500
f 6453 6500 6454
f 6454 6500 6501
f 6454 6501 6456
f 5530 6502 6503
f 5530 6503 5531
f 5531 6503 6475
f 5531 6475 5476
f 5535 5530 5533
f 5535 5533 5536
f 5536 5533 5534
f 5536 5534 5465
f 6504 5535 5538
f 6504 5538 6505
f 6505 5538 5539
f 6505 5539 6494
f 6502 6462 6465
f 6502 6465 6503
f 6503 6465 6440
f 6503 6440 6475
f 6467 6504 6505
f 6467 6505 6468
f 6468 6505 6494
f 6468 6494 6457
f 5540 6506 6507
f 5540 6507 5541
f 5541 6507 6501
f 5541 6501 5529
f 5545 5540 5543
f 5545 5543 5546
f 5546 5543 5544
f 5546 5544 5427
f 6508 5545 5548
f 6508 5548 6509
f 6509 5548 5549
f 6509 5549 6478
f 6506 6466 6469
f 6506 6469 6507
f 6507 6469 6456
f 6507 6456 6501
f 6463 6508 6509
f 6463 6509 6464
f 6464 6509 6478
f 6464 6478 6441
f 6559 6557 6512
f 6513 6514 6515
f 6515 6517 6516
f 6514 6517 6515
f 6518 6515 6519
f 6518 6519 6520
f 6520 6519 6523
f 6520 6523 6521
f 6515 6522 6519
f 6519 6522 6523
f 6524 6525 6526
f 6525 6527 6526
f 6528 6529 6530
f 6530 6532 6531
f 6529 6532 6530
f 6533 6530 6534
f 6533 6534 6535
f 6535 6534 6538
f 6535 6538 6536
f 6530 6537 6534
f 6534 6537 6538
f 6539 6540 6541
f 6539 6541 6542
f 6542 6541 6544
f 6542 6544 6543
f 6540 6538 6541
f 6541 6538 6544
f 6545 6546 6547
f 6545 6547 6548
f 6548 6547 6532
f 6548 6532 6549
f 6546 6550 6547
f 6547 6550 6532
f 6551 6552 6553
f 6553 6552 6565
f 6553 6565 6554
f 6555 6556 6557
f 6558 6559 6510
f 6510 6559 6512
f 6510 6512 6511
f 6513 1093 1096
f 6513 1096 6514
f 6514 1096 1098
f 6514 1098 6517
f 6518 6513 6515
f 6515 6516 6522
f 1088 6518 6520
f 1088 6520 1089
f 1089 6520 6521
f 1089 6521 1091
f 6524 1099 1101
f 6524 1101 6525
f 6525 1101 1091
f 6525 1091 6527
f 6560 6524 6526
f 6560 6526 6561
f 6561 6526 6527
f 6561 6527 6562
f 6528 1108 1111
f 6528 1111 6529
f 6529 1111 1113
f 6529 1113 6532
f 6533 6528 6530
f 6530 6531 6537
f 1103 6533 6535
f 1103 6535 1104
f 1104 6535 6536
f 1104 6536 1106
f 6539 1114 1117
f 6539 1117 6540
f 6540 1117 1106
f 6540 1106 6538
f 6563 6539 6542
f 6563 6542 6564
f 6564 6542 6543
f 6564 6543 6565
f 6545 6560 6561
f 6545 6561 6546
f 6546 6561 6562
f 6546 6562 6550
f 1141 6545 6548
f 1141 6548 1142
f 1142 6548 6549
f 1142 6549 1113
f 6551 6563 6564
f 6551 6564 6552
f 6552 6564 6565
f 1144 6551 6553
f 1144 6553 1145
f 1145 6553 6554
f 1145 6554 1098
f 6558 6510 6555
f 6555 6510 6511
f 6555 6511 6556
f 6558 6555 6559
f 6559 6555 6557
f 6618 6616 6567
f 6567 6616 6568
f 6569 6570 6571
f 6571 6570 6573
f 6570 6572 6573
f 6574 6575 6576
f 6574 6576 6577
f 6575 6578 6579
f 6575 6579 6576
f 6577 6576 6579
f 6580 6581 6582
f 6582 6581 6583
f 6584 6585 6586
f 6585 6587 6588
f 6586 6585 6588
f 6589 6590 6591
f 6590 6592 6593
f 6590 6593 6591
f 6594 6595 6596
f 6594 6596 6597
f 6595 6598 6599
f 6595 6599 6596
f 6597 6596 6600
f 6596 6599 6600
f 6601 6602 6603
f 6601 6603 6604
f 6602 6605 6606
f 6602 6606 6603
f 6604 6603 6606
f 6607 6608 6609
f 6608 6610 6611
f 6608 6611 6609
f 6618 6613 6616
f 6616 6613 6612
f 6613 6614 6615
f 6616 6612 6566
f 6618 6567 6617
f 6567 6568 6619
f 6567 6619 6617
f 6616 6566 6568
f 6569 6571 3067
f 6569 3067 3066
f 6571 6573 3070
f 6571 3070 3067
f 6574 6577 6570
f 6574 6570 6569
f 6577 6579 6572
f 6577 6572 6570
f 3063 3062 6575
f 3063 6575 6574
f 3062 3065 6578
f 3062 6578 6575
f 6580 6582 3073
f 6580 3073 3072
f 6582 6583 3065
f 6582 3065 3073
f 6620 6621 6581
f 6620 6581 6580
f 6621 6619 6583
f 6621 6583 6581
f 6584 6586 3083
f 6584 3083 3082
f 6586 6588 3086
f 6586 3086 3083
f 6589 6591 6585
f 6589 6585 6584
f 6591 6593 6587
f 6591 6587 6585
f 3079 3078 6590
f 3079 6590 6589
f 3078 3081 6592
f 3078 6592 6590
f 6594 6597 3089
f 6594 3089 3088
f 6597 6600 3081
f 6597 3081 3089
f 6622 6623 6595
f 6622 6595 6594
f 6623 6611 6598
f 6623 6598 6595
f 6601 6604 6621
f 6601 6621 6620
f 6604 6606 6619
f 6604 6619 6621
f 3115 3114 6602
f 3115 6602 6601
f 3114 3086 6605
f 3114 6605 6602
f 6607 6609 6623
f 6607 6623 6622
f 6609 6611 6623
f 3118 3117 6608
f 3118 6608 6607
f 3117 3070 6610
f 3117 6610 6608
f 6613 6615 6612
f 6618 6617 6613
f 6617 6619 6614
f 6617 6614 6613

