# Blender 5.1.0
# www.blender.org
mtllib sphere.mtl
o sphere
v 0.000000 0.050000 0.000000
v 0.000000 0.049759 -0.004901
v 0.000000 0.049039 -0.009755
v 0.000000 0.047847 -0.014514
v 0.000000 0.044096 -0.023570
v 0.000000 0.035355 -0.035355
v 0.000000 0.031720 -0.038651
v 0.000000 0.027779 -0.041573
v 0.000000 0.023570 -0.044096
v 0.000000 0.019134 -0.046194
v 0.000000 0.014514 -0.047847
v 0.000000 0.009755 -0.049039
v 0.000000 0.004901 -0.049759
v 0.000000 0.000000 -0.050000
v 0.000000 -0.004901 -0.049759
v 0.000000 -0.009755 -0.049039
v 0.000000 -0.014514 -0.047847
v 0.000000 -0.019134 -0.046194
v 0.000000 -0.027779 -0.041573
v 0.000000 -0.031720 -0.038651
v 0.000000 -0.035355 -0.035355
v 0.000000 -0.049039 -0.009755
v 0.000000 -0.049759 -0.004901
v 0.000000 -0.050000 0.000000
v 0.000480 0.049759 -0.004877
v 0.000956 0.049039 -0.009708
v 0.001423 0.047847 -0.014444
v 0.001875 0.046194 -0.019042
v 0.002310 0.044096 -0.023456
v 0.002723 0.041573 -0.027645
v 0.003109 0.038651 -0.031567
v 0.003465 0.035355 -0.035185
v 0.003788 0.031720 -0.038464
v 0.004075 0.027779 -0.041373
v 0.004322 0.023570 -0.043884
v 0.004528 0.019134 -0.045972
v 0.004690 0.014514 -0.047617
v 0.004807 0.009755 -0.048803
v 0.004877 0.004901 -0.049520
v 0.004901 0.000000 -0.049759
v 0.004877 -0.004901 -0.049520
v 0.004807 -0.009755 -0.048803
v 0.004690 -0.014514 -0.047617
v 0.004528 -0.019134 -0.045972
v 0.004322 -0.023570 -0.043884
v 0.004075 -0.027779 -0.041373
v 0.003788 -0.031720 -0.038464
v 0.003465 -0.035355 -0.035185
v 0.003109 -0.038651 -0.031567
v 0.002723 -0.041573 -0.027645
v 0.002310 -0.044096 -0.023456
v 0.001875 -0.046194 -0.019042
v 0.001423 -0.047847 -0.014444
v 0.000956 -0.049039 -0.009708
v 0.000480 -0.049759 -0.004877
v 0.000956 0.049759 -0.004807
v 0.001903 0.049039 -0.009567
v 0.002832 0.047847 -0.014235
v 0.003733 0.046194 -0.018767
v 0.004598 0.044096 -0.023117
v 0.005419 0.041573 -0.027245
v 0.006188 0.038651 -0.031110
v 0.006897 0.035355 -0.034676
v 0.007540 0.031720 -0.037908
v 0.008111 0.027779 -0.040775
v 0.008603 0.023570 -0.043249
v 0.009012 0.019134 -0.045306
v 0.009334 0.014514 -0.046928
v 0.009567 0.009755 -0.048097
v 0.009708 0.004901 -0.048803
v 0.009755 0.000000 -0.049039
v 0.009708 -0.004901 -0.048803
v 0.009567 -0.009755 -0.048097
v 0.009334 -0.014514 -0.046928
v 0.009012 -0.019134 -0.045306
v 0.008603 -0.023570 -0.043249
v 0.008111 -0.027779 -0.040775
v 0.007540 -0.031720 -0.037908
v 0.006897 -0.035355 -0.034676
v 0.006188 -0.038651 -0.031110
v 0.005419 -0.041573 -0.027245
v 0.004598 -0.044096 -0.023117
v 0.003733 -0.046194 -0.018767
v 0.002832 -0.047847 -0.014235
v 0.001903 -0.049039 -0.009567
v 0.000956 -0.049759 -0.004807
v 0.001423 0.049759 -0.004690
v 0.002832 0.049039 -0.009334
v 0.004213 0.047847 -0.013889
v 0.005554 0.046194 -0.018310
v 0.006842 0.044096 -0.022555
v 0.008064 0.041573 -0.026582
v 0.009208 0.038651 -0.030354
v 0.010263 0.035355 -0.033833
v 0.011220 0.031720 -0.036986
v 0.012068 0.027779 -0.039783
v 0.012800 0.023570 -0.042197
v 0.013409 0.019134 -0.044205
v 0.013889 0.014514 -0.045787
v 0.014235 0.009755 -0.046928
v 0.014444 0.004901 -0.047617
v 0.014514 0.000000 -0.047847
v 0.014444 -0.004901 -0.047617
v 0.014235 -0.009755 -0.046928
v 0.013889 -0.014514 -0.045787
v 0.013409 -0.019134 -0.044205
v 0.012800 -0.023570 -0.042197
v 0.012068 -0.027779 -0.039783
v 0.011220 -0.031720 -0.036986
v 0.010263 -0.035355 -0.033833
v 0.009208 -0.038651 -0.030354
v 0.008064 -0.041573 -0.026582
v 0.006842 -0.044096 -0.022555
v 0.005554 -0.046194 -0.018310
v 0.004213 -0.047847 -0.013889
v 0.002832 -0.049039 -0.009334
v 0.001423 -0.049759 -0.004690
v 0.001875 0.049759 -0.004528
v 0.003733 0.049039 -0.009012
v 0.005554 0.047847 -0.013409
v 0.007322 0.046194 -0.017678
v 0.009020 0.044096 -0.021776
v 0.010630 0.041573 -0.025664
v 0.012139 0.038651 -0.029305
v 0.013530 0.035355 -0.032664
v 0.014791 0.031720 -0.035708
v 0.015909 0.027779 -0.038409
v 0.016875 0.023570 -0.040739
v 0.017678 0.019134 -0.042678
v 0.018310 0.014514 -0.044205
v 0.018767 0.009755 -0.045306
v 0.019042 0.004901 -0.045972
v 0.019134 0.000000 -0.046194
v 0.019042 -0.004901 -0.045972
v 0.018767 -0.009755 -0.045306
v 0.018310 -0.014514 -0.044205
v 0.017678 -0.019134 -0.042678
v 0.016875 -0.023570 -0.040739
v 0.015909 -0.027779 -0.038409
v 0.014791 -0.031720 -0.035708
v 0.013530 -0.035355 -0.032664
v 0.012139 -0.038651 -0.029305
v 0.010630 -0.041573 -0.025664
v 0.009020 -0.044096 -0.021776
v 0.007322 -0.046194 -0.017678
v 0.005554 -0.047847 -0.013409
v 0.003733 -0.049039 -0.009012
v 0.001875 -0.049759 -0.004528
v 0.002310 0.049759 -0.004322
v 0.004598 0.049039 -0.008603
v 0.006842 0.047847 -0.012800
v 0.009020 0.046194 -0.016875
v 0.011111 0.044096 -0.020787
v 0.013095 0.041573 -0.024498
v 0.014953 0.038651 -0.027974
v 0.016666 0.035355 -0.031181
v 0.018220 0.031720 -0.034087
v 0.019598 0.027779 -0.036665
v 0.020787 0.023570 -0.038889
v 0.021776 0.019134 -0.040739
v 0.022555 0.014514 -0.042197
v 0.023117 0.009755 -0.043249
v 0.023456 0.004901 -0.043884
v 0.023570 0.000000 -0.044096
v 0.023456 -0.004901 -0.043884
v 0.023117 -0.009755 -0.043249
v 0.022555 -0.014514 -0.042197
v 0.021776 -0.019134 -0.040739
v 0.020787 -0.023570 -0.038889
v 0.019598 -0.027779 -0.036665
v 0.018220 -0.031720 -0.034087
v 0.016666 -0.035355 -0.031181
v 0.014953 -0.038651 -0.027974
v 0.013095 -0.041573 -0.024498
v 0.011111 -0.044096 -0.020787
v 0.009020 -0.046194 -0.016875
v 0.006842 -0.047847 -0.012800
v 0.004598 -0.049039 -0.008603
v 0.002310 -0.049759 -0.004322
v 0.002723 0.049759 -0.004075
v 0.005419 0.049039 -0.008111
v 0.008064 0.047847 -0.012068
v 0.010630 0.046194 -0.015909
v 0.013095 0.044096 -0.019598
v 0.015433 0.041573 -0.023097
v 0.017623 0.038651 -0.026374
v 0.019642 0.035355 -0.029397
v 0.021473 0.031720 -0.032137
v 0.023097 0.027779 -0.034567
v 0.024498 0.023570 -0.036665
v 0.025664 0.019134 -0.038409
v 0.026582 0.014514 -0.039783
v 0.027245 0.009755 -0.040775
v 0.027645 0.004901 -0.041373
v 0.027779 0.000000 -0.041573
v 0.027645 -0.004901 -0.041373
v 0.027245 -0.009755 -0.040775
v 0.026582 -0.014514 -0.039783
v 0.025664 -0.019134 -0.038409
v 0.024498 -0.023570 -0.036665
v 0.023097 -0.027779 -0.034567
v 0.021473 -0.031720 -0.032137
v 0.019642 -0.035355 -0.029397
v 0.017623 -0.038651 -0.026374
v 0.015433 -0.041573 -0.023097
v 0.013095 -0.044096 -0.019598
v 0.010630 -0.046194 -0.015909
v 0.008064 -0.047847 -0.012068
v 0.005419 -0.049039 -0.008111
v 0.002723 -0.049759 -0.004075
v 0.003109 0.049759 -0.003788
v 0.006188 0.049039 -0.007540
v 0.009208 0.047847 -0.011220
v 0.012139 0.046194 -0.014791
v 0.014953 0.044096 -0.018220
v 0.017623 0.041573 -0.021473
v 0.020123 0.038651 -0.024520
v 0.022429 0.035355 -0.027330
v 0.024520 0.031720 -0.029877
v 0.026374 0.027779 -0.032137
v 0.027974 0.023570 -0.034087
v 0.029305 0.019134 -0.035708
v 0.030354 0.014514 -0.036986
v 0.031110 0.009755 -0.037908
v 0.031567 0.004901 -0.038464
v 0.031720 0.000000 -0.038651
v 0.031567 -0.004901 -0.038464
v 0.031110 -0.009755 -0.037908
v 0.030354 -0.014514 -0.036986
v 0.029305 -0.019134 -0.035708
v 0.027974 -0.023570 -0.034087
v 0.026374 -0.027779 -0.032137
v 0.024520 -0.031720 -0.029877
v 0.022429 -0.035355 -0.027330
v 0.020123 -0.038651 -0.024520
v 0.017623 -0.041573 -0.021473
v 0.014953 -0.044096 -0.018220
v 0.012139 -0.046194 -0.014791
v 0.009208 -0.047847 -0.011220
v 0.006188 -0.049039 -0.007540
v 0.003109 -0.049759 -0.003788
v 0.003465 0.049759 -0.003465
v 0.006897 0.049039 -0.006897
v 0.010263 0.047847 -0.010263
v 0.013530 0.046194 -0.013530
v 0.016666 0.044096 -0.016666
v 0.019642 0.041573 -0.019642
v 0.022429 0.038651 -0.022429
v 0.025000 0.035355 -0.025000
v 0.027330 0.031720 -0.027330
v 0.029397 0.027779 -0.029397
v 0.031181 0.023570 -0.031181
v 0.032664 0.019134 -0.032664
v 0.033833 0.014514 -0.033833
v 0.034676 0.009755 -0.034676
v 0.035185 0.004901 -0.035185
v 0.035355 0.000000 -0.035355
v 0.035185 -0.004901 -0.035185
v 0.034676 -0.009755 -0.034676
v 0.033833 -0.014514 -0.033833
v 0.032664 -0.019134 -0.032664
v 0.031181 -0.023570 -0.031181
v 0.029397 -0.027779 -0.029397
v 0.027330 -0.031720 -0.027330
v 0.025000 -0.035355 -0.025000
v 0.022429 -0.038651 -0.022429
v 0.019642 -0.041573 -0.019642
v 0.016666 -0.044096 -0.016666
v 0.013530 -0.046194 -0.013530
v 0.010263 -0.047847 -0.010263
v 0.006897 -0.049039 -0.006897
v 0.003465 -0.049759 -0.003465
v 0.003788 0.049759 -0.003109
v 0.007540 0.049039 -0.006188
v 0.011220 0.047847 -0.009208
v 0.014791 0.046194 -0.012139
v 0.018220 0.044096 -0.014953
v 0.021473 0.041573 -0.017622
v 0.024520 0.038651 -0.020123
v 0.027330 0.035355 -0.022429
v 0.029877 0.031720 -0.024520
v 0.032137 0.027779 -0.026374
v 0.034087 0.023570 -0.027974
v 0.035708 0.019134 -0.029305
v 0.036986 0.014514 -0.030354
v 0.037908 0.009755 -0.031110
v 0.038464 0.004901 -0.031567
v 0.038651 0.000000 -0.031720
v 0.038464 -0.004901 -0.031567
v 0.037908 -0.009755 -0.031110
v 0.036986 -0.014514 -0.030354
v 0.035708 -0.019134 -0.029305
v 0.034087 -0.023570 -0.027974
v 0.032137 -0.027779 -0.026374
v 0.029877 -0.031720 -0.024520
v 0.027330 -0.035355 -0.022429
v 0.024520 -0.038651 -0.020123
v 0.021473 -0.041573 -0.017622
v 0.018220 -0.044096 -0.014953
v 0.014791 -0.046194 -0.012139
v 0.011220 -0.047847 -0.009208
v 0.007540 -0.049039 -0.006188
v 0.003788 -0.049759 -0.003109
v 0.004075 0.049759 -0.002723
v 0.008111 0.049039 -0.005419
v 0.012068 0.047847 -0.008064
v 0.015909 0.046194 -0.010630
v 0.019598 0.044096 -0.013095
v 0.023097 0.041573 -0.015433
v 0.026374 0.038651 -0.017622
v 0.029397 0.035355 -0.019642
v 0.032137 0.031720 -0.021473
v 0.034567 0.027779 -0.023097
v 0.036665 0.023570 -0.024498
v 0.038409 0.019134 -0.025664
v 0.039783 0.014514 -0.026582
v 0.040775 0.009755 -0.027245
v 0.041373 0.004901 -0.027645
v 0.041573 0.000000 -0.027779
v 0.041373 -0.004901 -0.027645
v 0.040775 -0.009755 -0.027245
v 0.039783 -0.014514 -0.026582
v 0.038409 -0.019134 -0.025664
v 0.036665 -0.023570 -0.024498
v 0.034567 -0.027779 -0.023097
v 0.032137 -0.031720 -0.021473
v 0.029397 -0.035355 -0.019642
v 0.026374 -0.038651 -0.017622
v 0.023097 -0.041573 -0.015433
v 0.019598 -0.044096 -0.013095
v 0.015909 -0.046194 -0.010630
v 0.012068 -0.047847 -0.008064
v 0.008111 -0.049039 -0.005419
v 0.004075 -0.049759 -0.002723
v 0.004322 0.049759 -0.002310
v 0.008603 0.049039 -0.004598
v 0.012800 0.047847 -0.006842
v 0.016875 0.046194 -0.009020
v 0.020787 0.044096 -0.011111
v 0.024498 0.041573 -0.013095
v 0.027974 0.038651 -0.014953
v 0.031181 0.035355 -0.016666
v 0.034087 0.031720 -0.018220
v 0.036665 0.027779 -0.019598
v 0.038889 0.023570 -0.020787
v 0.040739 0.019134 -0.021776
v 0.042197 0.014514 -0.022555
v 0.043249 0.009755 -0.023117
v 0.043884 0.004901 -0.023456
v 0.044096 0.000000 -0.023570
v 0.043884 -0.004901 -0.023456
v 0.043249 -0.009755 -0.023117
v 0.042197 -0.014514 -0.022555
v 0.040739 -0.019134 -0.021776
v 0.038889 -0.023570 -0.020787
v 0.036665 -0.027779 -0.019598
v 0.034087 -0.031720 -0.018220
v 0.031181 -0.035355 -0.016666
v 0.027974 -0.038651 -0.014953
v 0.024498 -0.041573 -0.013095
v 0.020787 -0.044096 -0.011111
v 0.016875 -0.046194 -0.009020
v 0.012800 -0.047847 -0.006842
v 0.008603 -0.049039 -0.004598
v 0.004322 -0.049759 -0.002310
v 0.004528 0.049759 -0.001875
v 0.009012 0.049039 -0.003733
v 0.013409 0.047847 -0.005554
v 0.017678 0.046194 -0.007322
v 0.021776 0.044096 -0.009020
v 0.025664 0.041573 -0.010630
v 0.029305 0.038651 -0.012139
v 0.032664 0.035355 -0.013530
v 0.035708 0.031720 -0.014791
v 0.038409 0.027779 -0.015909
v 0.040739 0.023570 -0.016875
v 0.042678 0.019134 -0.017678
v 0.044205 0.014514 -0.018310
v 0.045306 0.009755 -0.018767
v 0.045972 0.004901 -0.019042
v 0.046194 0.000000 -0.019134
v 0.045972 -0.004901 -0.019042
v 0.045306 -0.009755 -0.018767
v 0.044205 -0.014514 -0.018310
v 0.042678 -0.019134 -0.017678
v 0.040739 -0.023570 -0.016875
v 0.038409 -0.027779 -0.015909
v 0.035708 -0.031720 -0.014791
v 0.032664 -0.035355 -0.013530
v 0.029305 -0.038651 -0.012139
v 0.025664 -0.041573 -0.010630
v 0.021776 -0.044096 -0.009020
v 0.017678 -0.046194 -0.007322
v 0.013409 -0.047847 -0.005554
v 0.009012 -0.049039 -0.003733
v 0.004528 -0.049759 -0.001875
v 0.004690 0.049759 -0.001423
v 0.009334 0.049039 -0.002832
v 0.013889 0.047847 -0.004213
v 0.018310 0.046194 -0.005554
v 0.022555 0.044096 -0.006842
v 0.026582 0.041573 -0.008064
v 0.030354 0.038651 -0.009208
v 0.033833 0.035355 -0.010263
v 0.036986 0.031720 -0.011220
v 0.039783 0.027779 -0.012068
v 0.042197 0.023570 -0.012800
v 0.044205 0.019134 -0.013409
v 0.045787 0.014514 -0.013889
v 0.046928 0.009755 -0.014235
v 0.047617 0.004901 -0.014444
v 0.047847 0.000000 -0.014514
v 0.047617 -0.004901 -0.014444
v 0.046928 -0.009755 -0.014235
v 0.045787 -0.014514 -0.013889
v 0.044205 -0.019134 -0.013409
v 0.042197 -0.023570 -0.012800
v 0.039783 -0.027779 -0.012068
v 0.036986 -0.031720 -0.011220
v 0.033833 -0.035355 -0.010263
v 0.030354 -0.038651 -0.009208
v 0.026582 -0.041573 -0.008064
v 0.022555 -0.044096 -0.006842
v 0.018310 -0.046194 -0.005554
v 0.013889 -0.047847 -0.004213
v 0.009334 -0.049039 -0.002832
v 0.004690 -0.049759 -0.001423
v 0.004807 0.049759 -0.000956
v 0.009567 0.049039 -0.001903
v 0.014235 0.047847 -0.002832
v 0.018767 0.046194 -0.003733
v 0.023117 0.044096 -0.004598
v 0.027245 0.041573 -0.005419
v 0.031110 0.038651 -0.006188
v 0.034676 0.035355 -0.006897
v 0.037908 0.031720 -0.007540
v 0.040775 0.027779 -0.008111
v 0.043249 0.023570 -0.008603
v 0.045306 0.019134 -0.009012
v 0.046928 0.014514 -0.009334
v 0.048097 0.009755 -0.009567
v 0.048803 0.004901 -0.009708
v 0.049039 0.000000 -0.009755
v 0.048803 -0.004901 -0.009708
v 0.048097 -0.009755 -0.009567
v 0.046928 -0.014514 -0.009334
v 0.045306 -0.019134 -0.009012
v 0.043249 -0.023570 -0.008603
v 0.040775 -0.027779 -0.008111
v 0.037908 -0.031720 -0.007540
v 0.034676 -0.035355 -0.006897
v 0.031110 -0.038651 -0.006188
v 0.027245 -0.041573 -0.005419
v 0.023117 -0.044096 -0.004598
v 0.018767 -0.046194 -0.003733
v 0.014235 -0.047847 -0.002832
v 0.009567 -0.049039 -0.001903
v 0.004807 -0.049759 -0.000956
v 0.004877 0.049759 -0.000480
v 0.009708 0.049039 -0.000956
v 0.014444 0.047847 -0.001423
v 0.019042 0.046194 -0.001875
v 0.023456 0.044096 -0.002310
v 0.027645 0.041573 -0.002723
v 0.031567 0.038651 -0.003109
v 0.035185 0.035355 -0.003465
v 0.038464 0.031720 -0.003788
v 0.041373 0.027779 -0.004075
v 0.043884 0.023570 -0.004322
v 0.045972 0.019134 -0.004528
v 0.047617 0.014514 -0.004690
v 0.048803 0.009755 -0.004807
v 0.049520 0.004901 -0.004877
v 0.049759 0.000000 -0.004901
v 0.049520 -0.004901 -0.004877
v 0.048803 -0.009755 -0.004807
v 0.047617 -0.014514 -0.004690
v 0.045972 -0.019134 -0.004528
v 0.043884 -0.023570 -0.004322
v 0.041373 -0.027779 -0.004075
v 0.038464 -0.031720 -0.003788
v 0.035185 -0.035355 -0.003465
v 0.031567 -0.038651 -0.003109
v 0.027645 -0.041573 -0.002723
v 0.023456 -0.044096 -0.002310
v 0.019042 -0.046194 -0.001875
v 0.014444 -0.047847 -0.001423
v 0.009708 -0.049039 -0.000956
v 0.004877 -0.049759 -0.000480
v 0.004901 0.049759 0.000000
v 0.009755 0.049039 0.000000
v 0.014514 0.047847 0.000000
v 0.019134 0.046194 0.000000
v 0.023570 0.044096 0.000000
v 0.027779 0.041573 0.000000
v 0.031720 0.038651 0.000000
v 0.035355 0.035355 0.000000
v 0.038651 0.031720 -0.000000
v 0.041573 0.027779 0.000000
v 0.044096 0.023570 0.000000
v 0.046194 0.019134 0.000000
v 0.047847 0.014514 -0.000000
v 0.049039 0.009755 0.000000
v 0.049759 0.004901 0.000000
v 0.050000 0.000000 -0.000000
v 0.049759 -0.004901 0.000000
v 0.049039 -0.009755 0.000000
v 0.047847 -0.014514 -0.000000
v 0.046194 -0.019134 0.000000
v 0.044096 -0.023570 0.000000
v 0.041573 -0.027779 0.000000
v 0.038651 -0.031720 -0.000000
v 0.035355 -0.035355 0.000000
v 0.031720 -0.038651 0.000000
v 0.027779 -0.041573 0.000000
v 0.023570 -0.044096 0.000000
v 0.019134 -0.046194 0.000000
v 0.014514 -0.047847 0.000000
v 0.009755 -0.049039 0.000000
v 0.004901 -0.049759 0.000000
v 0.004877 0.049759 0.000480
v 0.009708 0.049039 0.000956
v 0.014444 0.047847 0.001423
v 0.019042 0.046194 0.001875
v 0.023456 0.044096 0.002310
v 0.027645 0.041573 0.002723
v 0.031567 0.038651 0.003109
v 0.035185 0.035355 0.003465
v 0.038464 0.031720 0.003788
v 0.041373 0.027779 0.004075
v 0.043884 0.023570 0.004322
v 0.045972 0.019134 0.004528
v 0.047617 0.014514 0.004690
v 0.048803 0.009755 0.004807
v 0.049520 0.004901 0.004877
v 0.049759 0.000000 0.004901
v 0.049520 -0.004901 0.004877
v 0.048803 -0.009755 0.004807
v 0.047617 -0.014514 0.004690
v 0.045972 -0.019134 0.004528
v 0.043884 -0.023570 0.004322
v 0.041373 -0.027779 0.004075
v 0.038464 -0.031720 0.003788
v 0.035185 -0.035355 0.003465
v 0.031567 -0.038651 0.003109
v 0.027645 -0.041573 0.002723
v 0.023456 -0.044096 0.002310
v 0.019042 -0.046194 0.001875
v 0.014444 -0.047847 0.001423
v 0.009708 -0.049039 0.000956
v 0.004877 -0.049759 0.000480
v 0.004807 0.049759 0.000956
v 0.009567 0.049039 0.001903
v 0.014235 0.047847 0.002832
v 0.018767 0.046194 0.003733
v 0.023117 0.044096 0.004598
v 0.027245 0.041573 0.005419
v 0.031110 0.038651 0.006188
v 0.034676 0.035355 0.006897
v 0.037908 0.031720 0.007540
v 0.040775 0.027779 0.008111
v 0.043249 0.023570 0.008603
v 0.045306 0.019134 0.009012
v 0.046928 0.014514 0.009334
v 0.048097 0.009755 0.009567
v 0.048803 0.004901 0.009708
v 0.049039 0.000000 0.009755
v 0.048803 -0.004901 0.009708
v 0.048097 -0.009755 0.009567
v 0.046928 -0.014514 0.009334
v 0.045306 -0.019134 0.009012
v 0.043249 -0.023570 0.008603
v 0.040775 -0.027779 0.008111
v 0.037908 -0.031720 0.007540
v 0.034676 -0.035355 0.006897
v 0.031110 -0.038651 0.006188
v 0.027245 -0.041573 0.005419
v 0.023117 -0.044096 0.004598
v 0.018767 -0.046194 0.003733
v 0.014235 -0.047847 0.002832
v 0.009567 -0.049039 0.001903
v 0.004807 -0.049759 0.000956
v 0.004690 0.049759 0.001423
v 0.009334 0.049039 0.002832
v 0.013889 0.047847 0.004213
v 0.018310 0.046194 0.005554
v 0.022555 0.044096 0.006842
v 0.026582 0.041573 0.008064
v 0.030354 0.038651 0.009208
v 0.033833 0.035355 0.010263
v 0.036986 0.031720 0.011220
v 0.039783 0.027779 0.012068
v 0.042197 0.023570 0.012800
v 0.044205 0.019134 0.013409
v 0.045787 0.014514 0.013889
v 0.046928 0.009755 0.014235
v 0.047617 0.004901 0.014444
v 0.047847 0.000000 0.014514
v 0.047617 -0.004901 0.014444
v 0.046928 -0.009755 0.014235
v 0.045787 -0.014514 0.013889
v 0.044205 -0.019134 0.013409
v 0.042197 -0.023570 0.012800
v 0.039783 -0.027779 0.012068
v 0.036986 -0.031720 0.011220
v 0.033833 -0.035355 0.010263
v 0.030354 -0.038651 0.009208
v 0.026582 -0.041573 0.008064
v 0.022555 -0.044096 0.006842
v 0.018310 -0.046194 0.005554
v 0.013889 -0.047847 0.004213
v 0.009334 -0.049039 0.002832
v 0.004690 -0.049759 0.001423
v 0.004528 0.049759 0.001875
v 0.009012 0.049039 0.003733
v 0.013409 0.047847 0.005554
v 0.017678 0.046194 0.007322
v 0.021776 0.044096 0.009020
v 0.025664 0.041573 0.010630
v 0.029305 0.038651 0.012139
v 0.032664 0.035355 0.013530
v 0.035708 0.031720 0.014791
v 0.038409 0.027779 0.015909
v 0.040739 0.023570 0.016875
v 0.042678 0.019134 0.017678
v 0.044205 0.014514 0.018310
v 0.045306 0.009755 0.018767
v 0.045972 0.004901 0.019042
v 0.046194 0.000000 0.019134
v 0.045972 -0.004901 0.019042
v 0.045306 -0.009755 0.018767
v 0.044205 -0.014514 0.018310
v 0.042678 -0.019134 0.017678
v 0.040739 -0.023570 0.016875
v 0.038409 -0.027779 0.015909
v 0.035708 -0.031720 0.014791
v 0.032664 -0.035355 0.013530
v 0.029305 -0.038651 0.012139
v 0.025664 -0.041573 0.010630
v 0.021776 -0.044096 0.009020
v 0.017678 -0.046194 0.007322
v 0.013409 -0.047847 0.005554
v 0.009012 -0.049039 0.003733
v 0.004528 -0.049759 0.001875
v 0.004322 0.049759 0.002310
v 0.008603 0.049039 0.004598
v 0.012800 0.047847 0.006842
v 0.016875 0.046194 0.009020
v 0.020787 0.044096 0.011111
v 0.024498 0.041573 0.013095
v 0.027974 0.038651 0.014953
v 0.031181 0.035355 0.016666
v 0.034087 0.031720 0.018220
v 0.036665 0.027779 0.019598
v 0.038889 0.023570 0.020787
v 0.040739 0.019134 0.021776
v 0.042197 0.014514 0.022555
v 0.043249 0.009755 0.023117
v 0.043884 0.004901 0.023456
v 0.044096 0.000000 0.023570
v 0.043884 -0.004901 0.023456
v 0.043249 -0.009755 0.023117
v 0.042197 -0.014514 0.022555
v 0.040739 -0.019134 0.021776
v 0.038889 -0.023570 0.020787
v 0.036665 -0.027779 0.019598
v 0.034087 -0.031720 0.018220
v 0.031181 -0.035355 0.016666
v 0.027974 -0.038651 0.014953
v 0.024498 -0.041573 0.013095
v 0.020787 -0.044096 0.011111
v 0.016875 -0.046194 0.009020
v 0.012800 -0.047847 0.006842
v 0.008603 -0.049039 0.004598
v 0.004322 -0.049759 0.002310
v 0.004075 0.049759 0.002723
v 0.008111 0.049039 0.005419
v 0.012068 0.047847 0.008064
v 0.015909 0.046194 0.010630
v 0.019598 0.044096 0.013095
v 0.023097 0.041573 0.015433
v 0.026374 0.038651 0.017623
v 0.029397 0.035355 0.019642
v 0.032137 0.031720 0.021473
v 0.034567 0.027779 0.023097
v 0.036665 0.023570 0.024498
v 0.038409 0.019134 0.025664
v 0.039783 0.014514 0.026582
v 0.040775 0.009755 0.027245
v 0.041373 0.004901 0.027645
v 0.041573 0.000000 0.027779
v 0.041373 -0.004901 0.027645
v 0.040775 -0.009755 0.027245
v 0.039783 -0.014514 0.026582
v 0.038409 -0.019134 0.025664
v 0.036665 -0.023570 0.024498
v 0.034567 -0.027779 0.023097
v 0.032137 -0.031720 0.021473
v 0.029397 -0.035355 0.019642
v 0.026374 -0.038651 0.017623
v 0.023097 -0.041573 0.015433
v 0.019598 -0.044096 0.013095
v 0.015909 -0.046194 0.010630
v 0.012068 -0.047847 0.008064
v 0.008111 -0.049039 0.005419
v 0.004075 -0.049759 0.002723
v 0.003788 0.049759 0.003109
v 0.007540 0.049039 0.006188
v 0.011220 0.047847 0.009208
v 0.014791 0.046194 0.012139
v 0.018220 0.044096 0.014953
v 0.021473 0.041573 0.017622
v 0.024520 0.038651 0.020123
v 0.027330 0.035355 0.022429
v 0.029877 0.031720 0.024520
v 0.032137 0.027779 0.026374
v 0.034087 0.023570 0.027974
v 0.035708 0.019134 0.029305
v 0.036986 0.014514 0.030354
v 0.037908 0.009755 0.031110
v 0.038464 0.004901 0.031567
v 0.038651 0.000000 0.031720
v 0.038464 -0.004901 0.031567
v 0.037908 -0.009755 0.031110
v 0.036986 -0.014514 0.030354
v 0.035708 -0.019134 0.029305
v 0.034087 -0.023570 0.027974
v 0.032137 -0.027779 0.026374
v 0.029877 -0.031720 0.024520
v 0.027330 -0.035355 0.022429
v 0.024520 -0.038651 0.020123
v 0.021473 -0.041573 0.017622
v 0.018220 -0.044096 0.014953
v 0.014791 -0.046194 0.012139
v 0.011220 -0.047847 0.009208
v 0.007540 -0.049039 0.006188
v 0.003788 -0.049759 0.003109
v 0.003465 0.049759 0.003465
v 0.006897 0.049039 0.006897
v 0.010263 0.047847 0.010263
v 0.013530 0.046194 0.013530
v 0.016666 0.044096 0.016666
v 0.019642 0.041573 0.019642
v 0.022429 0.038651 0.022429
v 0.025000 0.035355 0.025000
v 0.027330 0.031720 0.027330
v 0.029397 0.027779 0.029397
v 0.031181 0.023570 0.031181
v 0.032664 0.019134 0.032664
v 0.033833 0.014514 0.033833
v 0.034676 0.009755 0.034676
v 0.035185 0.004901 0.035185
v 0.035355 0.000000 0.035355
v 0.035185 -0.004901 0.035185
v 0.034676 -0.009755 0.034676
v 0.033833 -0.014514 0.033833
v 0.032664 -0.019134 0.032664
v 0.031181 -0.023570 0.031181
v 0.029397 -0.027779 0.029397
v 0.027330 -0.031720 0.027330
v 0.025000 -0.035355 0.025000
v 0.022429 -0.038651 0.022429
v 0.019642 -0.041573 0.019642
v 0.016666 -0.044096 0.016666
v 0.013530 -0.046194 0.013530
v 0.010263 -0.047847 0.010263
v 0.006897 -0.049039 0.006897
v 0.003465 -0.049759 0.003465
v 0.003109 0.049759 0.003788
v 0.006188 0.049039 0.007540
v 0.009208 0.047847 0.011220
v 0.012139 0.046194 0.014791
v 0.014953 0.044096 0.018220
v 0.017622 0.041573 0.021473
v 0.020123 0.038651 0.024520
v 0.022429 0.035355 0.027330
v 0.024520 0.031720 0.029877
v 0.026374 0.027779 0.032137
v 0.027974 0.023570 0.034087
v 0.029305 0.019134 0.035708
v 0.030354 0.014514 0.036986
v 0.031110 0.009755 0.037908
v 0.031567 0.004901 0.038464
v 0.031720 0.000000 0.038651
v 0.031567 -0.004901 0.038464
v 0.031110 -0.009755 0.037908
v 0.030354 -0.014514 0.036986
v 0.029305 -0.019134 0.035708
v 0.027974 -0.023570 0.034087
v 0.026374 -0.027779 0.032137
v 0.024520 -0.031720 0.029877
v 0.022429 -0.035355 0.027330
v 0.020123 -0.038651 0.024520
v 0.017622 -0.041573 0.021473
v 0.014953 -0.044096 0.018220
v 0.012139 -0.046194 0.014791
v 0.009208 -0.047847 0.011220
v 0.006188 -0.049039 0.007540
v 0.003109 -0.049759 0.003788
v 0.002723 0.049759 0.004075
v 0.005419 0.049039 0.008111
v 0.008064 0.047847 0.012068
v 0.010630 0.046194 0.015909
v 0.013095 0.044096 0.019598
v 0.015433 0.041573 0.023097
v 0.017622 0.038651 0.026374
v 0.019642 0.035355 0.029397
v 0.021473 0.031720 0.032137
v 0.023097 0.027779 0.034567
v 0.024498 0.023570 0.036665
v 0.025664 0.019134 0.038409
v 0.026582 0.014514 0.039783
v 0.027245 0.009755 0.040775
v 0.027645 0.004901 0.041373
v 0.027779 0.000000 0.041573
v 0.027645 -0.004901 0.041373
v 0.027245 -0.009755 0.040775
v 0.026582 -0.014514 0.039783
v 0.025664 -0.019134 0.038409
v 0.024498 -0.023570 0.036665
v 0.023097 -0.027779 0.034567
v 0.021473 -0.031720 0.032137
v 0.019642 -0.035355 0.029397
v 0.017622 -0.038651 0.026374
v 0.015433 -0.041573 0.023097
v 0.013095 -0.044096 0.019598
v 0.010630 -0.046194 0.015909
v 0.008064 -0.047847 0.012068
v 0.005419 -0.049039 0.008111
v 0.002723 -0.049759 0.004075
v 0.002310 0.049759 0.004322
v 0.004598 0.049039 0.008603
v 0.006842 0.047847 0.012800
v 0.009020 0.046194 0.016875
v 0.011111 0.044096 0.020787
v 0.013095 0.041573 0.024498
v 0.014953 0.038651 0.027974
v 0.016666 0.035355 0.031181
v 0.018220 0.031720 0.034087
v 0.019598 0.027779 0.036665
v 0.020787 0.023570 0.038889
v 0.021776 0.019134 0.040739
v 0.022555 0.014514 0.042197
v 0.023117 0.009755 0.043249
v 0.023456 0.004901 0.043884
v 0.023570 0.000000 0.044096
v 0.023456 -0.004901 0.043884
v 0.023117 -0.009755 0.043249
v 0.022555 -0.014514 0.042197
v 0.021776 -0.019134 0.040739
v 0.020787 -0.023570 0.038889
v 0.019598 -0.027779 0.036665
v 0.018220 -0.031720 0.034087
v 0.016666 -0.035355 0.031181
v 0.014953 -0.038651 0.027974
v 0.013095 -0.041573 0.024498
v 0.011111 -0.044096 0.020787
v 0.009020 -0.046194 0.016875
v 0.006842 -0.047847 0.012800
v 0.004598 -0.049039 0.008603
v 0.002310 -0.049759 0.004322
v 0.001875 0.049759 0.004528
v 0.003733 0.049039 0.009012
v 0.005554 0.047847 0.013409
v 0.007322 0.046194 0.017678
v 0.009020 0.044096 0.021776
v 0.010630 0.041573 0.025664
v 0.012139 0.038651 0.029305
v 0.013530 0.035355 0.032664
v 0.014791 0.031720 0.035708
v 0.015909 0.027779 0.038409
v 0.016875 0.023570 0.040739
v 0.017678 0.019134 0.042678
v 0.018310 0.014514 0.044205
v 0.018767 0.009755 0.045306
v 0.019042 0.004901 0.045972
v 0.019134 0.000000 0.046194
v 0.019042 -0.004901 0.045972
v 0.018767 -0.009755 0.045306
v 0.018310 -0.014514 0.044205
v 0.017678 -0.019134 0.042678
v 0.016875 -0.023570 0.040739
v 0.015909 -0.027779 0.038409
v 0.014791 -0.031720 0.035708
v 0.013530 -0.035355 0.032664
v 0.012139 -0.038651 0.029305
v 0.010630 -0.041573 0.025664
v 0.009020 -0.044096 0.021776
v 0.007322 -0.046194 0.017678
v 0.005554 -0.047847 0.013409
v 0.003733 -0.049039 0.009012
v 0.001875 -0.049759 0.004528
v 0.001423 0.049759 0.004690
v 0.002832 0.049039 0.009334
v 0.004213 0.047847 0.013889
v 0.005554 0.046194 0.018310
v 0.006842 0.044096 0.022555
v 0.008064 0.041573 0.026582
v 0.009208 0.038651 0.030354
v 0.010263 0.035355 0.033833
v 0.011220 0.031720 0.036986
v 0.012068 0.027779 0.039783
v 0.012800 0.023570 0.042197
v 0.013409 0.019134 0.044205
v 0.013889 0.014514 0.045787
v 0.014235 0.009755 0.046928
v 0.014444 0.004901 0.047617
v 0.014514 0.000000 0.047847
v 0.014444 -0.004901 0.047617
v 0.014235 -0.009755 0.046928
v 0.013889 -0.014514 0.045787
v 0.013409 -0.019134 0.044205
v 0.012800 -0.023570 0.042197
v 0.012068 -0.027779 0.039783
v 0.011220 -0.031720 0.036986
v 0.010263 -0.035355 0.033833
v 0.009208 -0.038651 0.030354
v 0.008064 -0.041573 0.026582
v 0.006842 -0.044096 0.022555
v 0.005554 -0.046194 0.018310
v 0.004213 -0.047847 0.013889
v 0.002832 -0.049039 0.009334
v 0.001423 -0.049759 0.004690
v 0.000956 0.049759 0.004807
v 0.001903 0.049039 0.009567
v 0.002832 0.047847 0.014235
v 0.003733 0.046194 0.018767
v 0.004598 0.044096 0.023117
v 0.005419 0.041573 0.027245
v 0.006188 0.038651 0.031110
v 0.006897 0.035355 0.034676
v 0.007540 0.031720 0.037908
v 0.008111 0.027779 0.040775
v 0.008603 0.023570 0.043249
v 0.009012 0.019134 0.045306
v 0.009334 0.014514 0.046928
v 0.009567 0.009755 0.048097
v 0.009708 0.004901 0.048803
v 0.009755 0.000000 0.049039
v 0.009708 -0.004901 0.048803
v 0.009567 -0.009755 0.048097
v 0.009334 -0.014514 0.046928
v 0.009012 -0.019134 0.045306
v 0.008603 -0.023570 0.043249
v 0.008111 -0.027779 0.040775
v 0.007540 -0.031720 0.037908
v 0.006897 -0.035355 0.034676
v 0.006188 -0.038651 0.031110
v 0.005419 -0.041573 0.027245
v 0.004598 -0.044096 0.023117
v 0.003733 -0.046194 0.018767
v 0.002832 -0.047847 0.014235
v 0.001903 -0.049039 0.009567
v 0.000956 -0.049759 0.004807
v 0.000480 0.049759 0.004877
v 0.000956 0.049039 0.009708
v 0.001423 0.047847 0.014444
v 0.001875 0.046194 0.019042
v 0.002310 0.044096 0.023456
v 0.002723 0.041573 0.027645
v 0.003109 0.038651 0.031567
v 0.003465 0.035355 0.035185
v 0.003788 0.031720 0.038464
v 0.004075 0.027779 0.041373
v 0.004322 0.023570 0.043884
v 0.004528 0.019134 0.045972
v 0.004690 0.014514 0.047617
v 0.004807 0.009755 0.048803
v 0.004877 0.004901 0.049520
v 0.004901 0.000000 0.049759
v 0.004877 -0.004901 0.049520
v 0.004807 -0.009755 0.048803
v 0.004690 -0.014514 0.047617
v 0.004528 -0.019134 0.045972
v 0.004322 -0.023570 0.043884
v 0.004075 -0.027779 0.041373
v 0.003788 -0.031720 0.038464
v 0.003465 -0.035355 0.035185
v 0.003109 -0.038651 0.031567
v 0.002723 -0.041573 0.027645
v 0.002310 -0.044096 0.023456
v 0.001875 -0.046194 0.019042
v 0.001423 -0.047847 0.014444
v 0.000956 -0.049039 0.009708
v 0.000480 -0.049759 0.004877
v -0.000000 0.049759 0.004901
v -0.000000 0.049039 0.009755
v -0.000000 0.047847 0.014514
v 0.000000 0.046194 0.019134
v -0.000000 0.044096 0.023570
v 0.000000 0.041573 0.027779
v -0.000000 0.038651 0.031720
v -0.000000 0.035355 0.035355
v 0.000000 0.031720 0.038651
v -0.000000 0.027779 0.041573
v -0.000000 0.023570 0.044096
v -0.000000 0.019134 0.046194
v -0.000000 0.014514 0.047847
v -0.000000 0.009755 0.049039
v -0.000000 0.004901 0.049759
v -0.000000 0.000000 0.050000
v -0.000000 -0.004901 0.049759
v -0.000000 -0.009755 0.049039
v -0.000000 -0.014514 0.047847
v -0.000000 -0.019134 0.046194
v -0.000000 -0.023570 0.044096
v -0.000000 -0.027779 0.041573
v 0.000000 -0.031720 0.038651
v -0.000000 -0.035355 0.035355
v -0.000000 -0.038651 0.031720
v 0.000000 -0.041573 0.027779
v -0.000000 -0.044096 0.023570
v 0.000000 -0.046194 0.019134
v -0.000000 -0.047847 0.014514
v -0.000000 -0.049039 0.009755
v -0.000000 -0.049759 0.004901
v -0.000480 0.049759 0.004877
v -0.000956 0.049039 0.009708
v -0.001423 0.047847 0.014444
v -0.001875 0.046194 0.019042
v -0.002310 0.044096 0.023456
v -0.002723 0.041573 0.027645
v -0.003109 0.038651 0.031567
v -0.003465 0.035355 0.035185
v -0.003788 0.031720 0.038464
v -0.004075 0.027779 0.041373
v -0.004322 0.023570 0.043884
v -0.004528 0.019134 0.045972
v -0.004690 0.014514 0.047617
v -0.004807 0.009755 0.048803
v -0.004877 0.004901 0.049520
v -0.004901 0.000000 0.049759
v -0.004877 -0.004901 0.049520
v -0.004807 -0.009755 0.048803
v -0.004690 -0.014514 0.047617
v -0.004528 -0.019134 0.045972
v -0.004322 -0.023570 0.043884
v -0.004075 -0.027779 0.041373
v -0.003788 -0.031720 0.038464
v -0.003465 -0.035355 0.035185
v -0.003109 -0.038651 0.031567
v -0.002723 -0.041573 0.027645
v -0.002310 -0.044096 0.023456
v -0.001875 -0.046194 0.019042
v -0.001423 -0.047847 0.014444
v -0.000956 -0.049039 0.009708
v -0.000480 -0.049759 0.004877
v -0.000956 0.049759 0.004807
v -0.001903 0.049039 0.009567
v -0.002832 0.047847 0.014235
v -0.003733 0.046194 0.018767
v -0.004598 0.044096 0.023117
v -0.005419 0.041573 0.027245
v -0.006188 0.038651 0.031110
v -0.006897 0.035355 0.034676
v -0.007540 0.031720 0.037908
v -0.008111 0.027779 0.040775
v -0.008603 0.023570 0.043249
v -0.009012 0.019134 0.045306
v -0.009334 0.014514 0.046928
v -0.009567 0.009755 0.048097
v -0.009708 0.004901 0.048803
v -0.009755 0.000000 0.049039
v -0.009708 -0.004901 0.048803
v -0.009567 -0.009755 0.048097
v -0.009334 -0.014514 0.046928
v -0.009012 -0.019134 0.045306
v -0.008603 -0.023570 0.043249
v -0.008111 -0.027779 0.040775
v -0.007540 -0.031720 0.037908
v -0.006897 -0.035355 0.034676
v -0.006188 -0.038651 0.031110
v -0.005419 -0.041573 0.027245
v -0.004598 -0.044096 0.023117
v -0.003733 -0.046194 0.018767
v -0.002832 -0.047847 0.014235
v -0.001903 -0.049039 0.009567
v -0.000956 -0.049759 0.004807
v -0.001423 0.049759 0.004690
v -0.002832 0.049039 0.009334
v -0.004213 0.047847 0.013889
v -0.005554 0.046194 0.018310
v -0.006842 0.044096 0.022555
v -0.008064 0.041573 0.026582
v -0.009208 0.038651 0.030354
v -0.010263 0.035355 0.033833
v -0.011220 0.031720 0.036986
v -0.012068 0.027779 0.039783
v -0.012800 0.023570 0.042197
v -0.013409 0.019134 0.044205
v -0.013889 0.014514 0.045787
v -0.014235 0.009755 0.046928
v -0.014444 0.004901 0.047617
v -0.014514 0.000000 0.047847
v -0.014444 -0.004901 0.047617
v -0.014235 -0.009755 0.046928
v -0.013889 -0.014514 0.045787
v -0.013409 -0.019134 0.044205
v -0.012800 -0.023570 0.042197
v -0.012068 -0.027779 0.039783
v -0.011220 -0.031720 0.036986
v -0.010263 -0.035355 0.033833
v -0.009208 -0.038651 0.030354
v -0.008064 -0.041573 0.026582
v -0.006842 -0.044096 0.022555
v -0.005554 -0.046194 0.018310
v -0.004213 -0.047847 0.013889
v -0.002832 -0.049039 0.009334
v -0.001423 -0.049759 0.004690
v -0.001875 0.049759 0.004528
v -0.003733 0.049039 0.009012
v -0.005554 0.047847 0.013409
v -0.007322 0.046194 0.017678
v -0.009020 0.044096 0.021776
v -0.010630 0.041573 0.025664
v -0.012139 0.038651 0.029305
v -0.013530 0.035355 0.032664
v -0.014791 0.031720 0.035708
v -0.015909 0.027779 0.038409
v -0.016875 0.023570 0.040739
v -0.017678 0.019134 0.042678
v -0.018310 0.014514 0.044205
v -0.018767 0.009755 0.045306
v -0.019042 0.004901 0.045972
v -0.019134 0.000000 0.046194
v -0.019042 -0.004901 0.045972
v -0.018767 -0.009755 0.045306
v -0.018310 -0.014514 0.044205
v -0.017678 -0.019134 0.042678
v -0.016875 -0.023570 0.040739
v -0.015909 -0.027779 0.038409
v -0.014791 -0.031720 0.035708
v -0.013530 -0.035355 0.032664
v -0.012139 -0.038651 0.029305
v -0.010630 -0.041573 0.025664
v -0.009020 -0.044096 0.021776
v -0.007322 -0.046194 0.017678
v -0.005554 -0.047847 0.013409
v -0.003733 -0.049039 0.009012
v -0.001875 -0.049759 0.004528
v -0.002310 0.049759 0.004322
v -0.004598 0.049039 0.008603
v -0.006842 0.047847 0.012800
v -0.009020 0.046194 0.016875
v -0.011111 0.044096 0.020787
v -0.013095 0.041573 0.024498
v -0.014953 0.038651 0.027974
v -0.016666 0.035355 0.031181
v -0.018220 0.031720 0.034087
v -0.019598 0.027779 0.036665
v -0.020787 0.023570 0.038889
v -0.021776 0.019134 0.040739
v -0.022555 0.014514 0.042197
v -0.023117 0.009755 0.043249
v -0.023456 0.004901 0.043884
v -0.023570 0.000000 0.044096
v -0.023456 -0.004901 0.043884
v -0.023117 -0.009755 0.043249
v -0.022555 -0.014514 0.042197
v -0.021776 -0.019134 0.040739
v -0.020787 -0.023570 0.038889
v -0.019598 -0.027779 0.036665
v -0.018220 -0.031720 0.034087
v -0.016666 -0.035355 0.031181
v -0.014953 -0.038651 0.027974
v -0.013095 -0.041573 0.024498
v -0.011111 -0.044096 0.020787
v -0.009020 -0.046194 0.016875
v -0.006842 -0.047847 0.012800
v -0.004598 -0.049039 0.008603
v -0.002310 -0.049759 0.004322
v -0.002723 0.049759 0.004075
v -0.005419 0.049039 0.008111
v -0.008064 0.047847 0.012068
v -0.010630 0.046194 0.015909
v -0.013095 0.044096 0.019598
v -0.015433 0.041573 0.023097
v -0.017622 0.038651 0.026374
v -0.019642 0.035355 0.029397
v -0.021473 0.031720 0.032137
v -0.023097 0.027779 0.034567
v -0.024498 0.023570 0.036665
v -0.025664 0.019134 0.038409
v -0.026582 0.014514 0.039783
v -0.027245 0.009755 0.040775
v -0.027645 0.004901 0.041373
v -0.027779 0.000000 0.041573
v -0.027645 -0.004901 0.041373
v -0.027245 -0.009755 0.040775
v -0.026582 -0.014514 0.039783
v -0.025664 -0.019134 0.038409
v -0.024498 -0.023570 0.036665
v -0.023097 -0.027779 0.034567
v -0.021473 -0.031720 0.032137
v -0.019642 -0.035355 0.029397
v -0.017622 -0.038651 0.026374
v -0.015433 -0.041573 0.023097
v -0.013095 -0.044096 0.019598
v -0.010630 -0.046194 0.015909
v -0.008064 -0.047847 0.012068
v -0.005419 -0.049039 0.008111
v -0.002723 -0.049759 0.004075
v -0.003109 0.049759 0.003788
v -0.006188 0.049039 0.007540
v -0.009208 0.047847 0.011220
v -0.012139 0.046194 0.014791
v -0.014953 0.044096 0.018220
v -0.017622 0.041573 0.021473
v -0.020123 0.038651 0.024520
v -0.022429 0.035355 0.027330
v -0.024520 0.031720 0.029877
v -0.026374 0.027779 0.032137
v -0.027974 0.023570 0.034087
v -0.029305 0.019134 0.035708
v -0.030354 0.014514 0.036986
v -0.031110 0.009755 0.037908
v -0.031567 0.004901 0.038464
v -0.031720 0.000000 0.038651
v -0.031567 -0.004901 0.038464
v -0.031110 -0.009755 0.037908
v -0.030354 -0.014514 0.036986
v -0.029305 -0.019134 0.035708
v -0.027974 -0.023570 0.034087
v -0.026374 -0.027779 0.032137
v -0.024520 -0.031720 0.029877
v -0.022429 -0.035355 0.027330
v -0.020123 -0.038651 0.024520
v -0.017622 -0.041573 0.021473
v -0.014953 -0.044096 0.018220
v -0.012139 -0.046194 0.014791
v -0.009208 -0.047847 0.011220
v -0.006188 -0.049039 0.007540
v -0.003109 -0.049759 0.003788
v -0.003465 0.049759 0.003465
v -0.006897 0.049039 0.006897
v -0.010263 0.047847 0.010263
v -0.013530 0.046194 0.013530
v -0.016666 0.044096 0.016666
v -0.019642 0.041573 0.019642
v -0.022429 0.038651 0.022429
v -0.025000 0.035355 0.025000
v -0.027330 0.031720 0.027330
v -0.029397 0.027779 0.029397
v -0.031181 0.023570 0.031181
v -0.032664 0.019134 0.032664
v -0.033833 0.014514 0.033833
v -0.034676 0.009755 0.034676
v -0.035185 0.004901 0.035185
v -0.035355 0.000000 0.035355
v -0.035185 -0.004901 0.035185
v -0.034676 -0.009755 0.034676
v -0.033833 -0.014514 0.033833
v -0.032664 -0.019134 0.032664
v -0.031181 -0.023570 0.031181
v -0.029397 -0.027779 0.029397
v -0.027330 -0.031720 0.027330
v -0.025000 -0.035355 0.025000
v -0.022429 -0.038651 0.022429
v -0.019642 -0.041573 0.019642
v -0.016666 -0.044096 0.016666
v -0.013530 -0.046194 0.013530
v -0.010263 -0.047847 0.010263
v -0.006897 -0.049039 0.006897
v -0.003465 -0.049759 0.003465
v -0.003788 0.049759 0.003109
v -0.007540 0.049039 0.006188
v -0.011220 0.047847 0.009208
v -0.014791 0.046194 0.012139
v -0.018220 0.044096 0.014953
v -0.021473 0.041573 0.017622
v -0.024520 0.038651 0.020123
v -0.027330 0.035355 0.022429
v -0.029877 0.031720 0.024520
v -0.032137 0.027779 0.026374
v -0.034087 0.023570 0.027974
v -0.035708 0.019134 0.029305
v -0.036986 0.014514 0.030354
v -0.037908 0.009755 0.031110
v -0.038464 0.004901 0.031567
v -0.038651 0.000000 0.031720
v -0.038464 -0.004901 0.031567
v -0.037908 -0.009755 0.031110
v -0.036986 -0.014514 0.030354
v -0.035708 -0.019134 0.029305
v -0.034087 -0.023570 0.027974
v -0.032137 -0.027779 0.026374
v -0.029877 -0.031720 0.024520
v -0.027330 -0.035355 0.022429
v -0.024520 -0.038651 0.020123
v -0.021473 -0.041573 0.017622
v -0.018220 -0.044096 0.014953
v -0.014791 -0.046194 0.012139
v -0.011220 -0.047847 0.009208
v -0.007540 -0.049039 0.006188
v -0.003788 -0.049759 0.003109
v -0.004075 0.049759 0.002723
v -0.008111 0.049039 0.005419
v -0.012068 0.047847 0.008064
v -0.015909 0.046194 0.010630
v -0.019598 0.044096 0.013095
v -0.023097 0.041573 0.015433
v -0.026374 0.038651 0.017622
v -0.029397 0.035355 0.019642
v -0.032137 0.031720 0.021473
v -0.034567 0.027779 0.023097
v -0.036665 0.023570 0.024498
v -0.038409 0.019134 0.025664
v -0.039783 0.014514 0.026582
v -0.040775 0.009755 0.027245
v -0.041373 0.004901 0.027645
v -0.041573 0.000000 0.027778
v -0.041373 -0.004901 0.027645
v -0.040775 -0.009755 0.027245
v -0.039783 -0.014514 0.026582
v -0.038409 -0.019134 0.025664
v -0.036665 -0.023570 0.024498
v -0.034567 -0.027779 0.023097
v -0.032137 -0.031720 0.021473
v -0.029397 -0.035355 0.019642
v -0.026374 -0.038651 0.017622
v -0.023097 -0.041573 0.015433
v -0.019598 -0.044096 0.013095
v -0.015909 -0.046194 0.010630
v -0.012068 -0.047847 0.008064
v -0.008111 -0.049039 0.005419
v -0.004075 -0.049759 0.002723
v -0.004322 0.049759 0.002310
v -0.008603 0.049039 0.004598
v -0.012800 0.047847 0.006842
v -0.016875 0.046194 0.009020
v -0.020787 0.044096 0.011111
v -0.024498 0.041573 0.013095
v -0.027974 0.038651 0.014953
v -0.031181 0.035355 0.016666
v -0.034087 0.031720 0.018220
v -0.036665 0.027779 0.019598
v -0.038889 0.023570 0.020787
v -0.040739 0.019134 0.021776
v -0.042197 0.014514 0.022555
v -0.043249 0.009755 0.023117
v -0.043884 0.004901 0.023456
v -0.044096 0.000000 0.023570
v -0.043884 -0.004901 0.023456
v -0.043249 -0.009755 0.023117
v -0.042197 -0.014514 0.022555
v -0.040739 -0.019134 0.021776
v -0.038889 -0.023570 0.020787
v -0.036665 -0.027779 0.019598
v -0.034087 -0.031720 0.018220
v -0.031181 -0.035355 0.016666
v -0.027974 -0.038651 0.014953
v -0.024498 -0.041573 0.013095
v -0.020787 -0.044096 0.011111
v -0.016875 -0.046194 0.009020
v -0.012800 -0.047847 0.006842
v -0.008603 -0.049039 0.004598
v -0.004322 -0.049759 0.002310
v -0.004528 0.049759 0.001875
v -0.009012 0.049039 0.003733
v -0.013409 0.047847 0.005554
v -0.017678 0.046194 0.007322
v -0.021776 0.044096 0.009020
v -0.025664 0.041573 0.010630
v -0.029305 0.038651 0.012139
v -0.032664 0.035355 0.013530
v -0.035708 0.031720 0.014791
v -0.038409 0.027779 0.015909
v -0.040739 0.023570 0.016875
v -0.042678 0.019134 0.017678
v -0.044205 0.014514 0.018310
v -0.045306 0.009755 0.018767
v -0.045972 0.004901 0.019042
v -0.046194 0.000000 0.019134
v -0.045972 -0.004901 0.019042
v -0.045306 -0.009755 0.018767
v -0.044205 -0.014514 0.018310
v -0.042678 -0.019134 0.017678
v -0.040739 -0.023570 0.016875
v -0.038409 -0.027779 0.015909
v -0.035708 -0.031720 0.014791
v -0.032664 -0.035355 0.013530
v -0.029305 -0.038651 0.012139
v -0.025664 -0.041573 0.010630
v -0.021776 -0.044096 0.009020
v -0.017678 -0.046194 0.007322
v -0.013409 -0.047847 0.005554
v -0.009012 -0.049039 0.003733
v -0.004528 -0.049759 0.001875
v -0.004690 0.049759 0.001423
v -0.009334 0.049039 0.002832
v -0.013889 0.047847 0.004213
v -0.018310 0.046194 0.005554
v -0.022555 0.044096 0.006842
v -0.026582 0.041573 0.008064
v -0.030354 0.038651 0.009208
v -0.033833 0.035355 0.010263
v -0.036986 0.031720 0.011220
v -0.039783 0.027779 0.012068
v -0.042197 0.023570 0.012800
v -0.044205 0.019134 0.013409
v -0.045787 0.014514 0.013889
v -0.046928 0.009755 0.014235
v -0.047617 0.004901 0.014444
v -0.047847 0.000000 0.014514
v -0.047617 -0.004901 0.014444
v -0.046928 -0.009755 0.014235
v -0.045787 -0.014514 0.013889
v -0.044205 -0.019134 0.013409
v -0.042197 -0.023570 0.012800
v -0.039783 -0.027779 0.012068
v -0.036986 -0.031720 0.011220
v -0.033833 -0.035355 0.010263
v -0.030354 -0.038651 0.009208
v -0.026582 -0.041573 0.008064
v -0.022555 -0.044096 0.006842
v -0.018310 -0.046194 0.005554
v -0.013889 -0.047847 0.004213
v -0.009334 -0.049039 0.002832
v -0.004690 -0.049759 0.001423
v -0.004807 0.049759 0.000956
v -0.009567 0.049039 0.001903
v -0.014235 0.047847 0.002832
v -0.018767 0.046194 0.003733
v -0.023117 0.044096 0.004598
v -0.027245 0.041573 0.005419
v -0.031110 0.038651 0.006188
v -0.034676 0.035355 0.006897
v -0.037908 0.031720 0.007540
v -0.040775 0.027779 0.008111
v -0.043249 0.023570 0.008603
v -0.045306 0.019134 0.009012
v -0.046928 0.014514 0.009334
v -0.048097 0.009755 0.009567
v -0.048803 0.004901 0.009708
v -0.049039 0.000000 0.009755
v -0.048803 -0.004901 0.009708
v -0.048097 -0.009755 0.009567
v -0.046928 -0.014514 0.009334
v -0.045306 -0.019134 0.009012
v -0.043249 -0.023570 0.008603
v -0.040775 -0.027779 0.008111
v -0.037908 -0.031720 0.007540
v -0.034676 -0.035355 0.006897
v -0.031110 -0.038651 0.006188
v -0.027245 -0.041573 0.005419
v -0.023117 -0.044096 0.004598
v -0.018767 -0.046194 0.003733
v -0.014235 -0.047847 0.002832
v -0.009567 -0.049039 0.001903
v -0.004807 -0.049759 0.000956
v -0.004877 0.049759 0.000480
v -0.009708 0.049039 0.000956
v -0.014444 0.047847 0.001423
v -0.019042 0.046194 0.001875
v -0.023456 0.044096 0.002310
v -0.027645 0.041573 0.002723
v -0.031567 0.038651 0.003109
v -0.035185 0.035355 0.003465
v -0.038464 0.031720 0.003788
v -0.041373 0.027779 0.004075
v -0.043884 0.023570 0.004322
v -0.045972 0.019134 0.004528
v -0.047617 0.014514 0.004690
v -0.048803 0.009755 0.004807
v -0.049520 0.004901 0.004877
v -0.049759 0.000000 0.004901
v -0.049520 -0.004901 0.004877
v -0.048803 -0.009755 0.004807
v -0.047617 -0.014514 0.004690
v -0.045972 -0.019134 0.004528
v -0.043884 -0.023570 0.004322
v -0.041373 -0.027779 0.004075
v -0.038464 -0.031720 0.003788
v -0.035185 -0.035355 0.003465
v -0.031567 -0.038651 0.003109
v -0.027645 -0.041573 0.002723
v -0.023456 -0.044096 0.002310
v -0.019042 -0.046194 0.001875
v -0.014444 -0.047847 0.001423
v -0.009708 -0.049039 0.000956
v -0.004877 -0.049759 0.000480
v -0.004901 0.049759 -0.000000
v -0.009755 0.049039 -0.000000
v -0.014514 0.047847 -0.000000
v -0.019134 0.046194 0.000000
v -0.023570 0.044096 -0.000000
v -0.027778 0.041573 0.000000
v -0.031720 0.038651 -0.000000
v -0.035355 0.035355 -0.000000
v -0.038651 0.031720 0.000000
v -0.041573 0.027779 -0.000000
v -0.044096 0.023570 -0.000000
v -0.046194 0.019134 -0.000000
v -0.047847 0.014514 -0.000000
v -0.049039 0.009755 -0.000000
v -0.049759 0.004901 -0.000000
v -0.050000 0.000000 -0.000000
v -0.049759 -0.004901 -0.000000
v -0.049039 -0.009755 -0.000000
v -0.047847 -0.014514 -0.000000
v -0.046194 -0.019134 -0.000000
v -0.044096 -0.023570 -0.000000
v -0.041573 -0.027779 -0.000000
v -0.038651 -0.031720 0.000000
v -0.035355 -0.035355 -0.000000
v -0.031720 -0.038651 -0.000000
v -0.027778 -0.041573 0.000000
v -0.023570 -0.044096 -0.000000
v -0.019134 -0.046194 0.000000
v -0.014514 -0.047847 -0.000000
v -0.009755 -0.049039 -0.000000
v -0.004901 -0.049759 -0.000000
v -0.004877 0.049759 -0.000480
v -0.009708 0.049039 -0.000956
v -0.014444 0.047847 -0.001423
v -0.019042 0.046194 -0.001875
v -0.023456 0.044096 -0.002310
v -0.027645 0.041573 -0.002723
v -0.031567 0.038651 -0.003109
v -0.035185 0.035355 -0.003465
v -0.038464 0.031720 -0.003788
v -0.041373 0.027779 -0.004075
v -0.043884 0.023570 -0.004322
v -0.045972 0.019134 -0.004528
v -0.047617 0.014514 -0.004690
v -0.048803 0.009755 -0.004807
v -0.049520 0.004901 -0.004877
v -0.049759 0.000000 -0.004901
v -0.049520 -0.004901 -0.004877
v -0.048803 -0.009755 -0.004807
v -0.047617 -0.014514 -0.004690
v -0.045972 -0.019134 -0.004528
v -0.043884 -0.023570 -0.004322
v -0.041373 -0.027779 -0.004075
v -0.038464 -0.031720 -0.003788
v -0.035185 -0.035355 -0.003465
v -0.031567 -0.038651 -0.003109
v -0.027645 -0.041573 -0.002723
v -0.023456 -0.044096 -0.002310
v -0.019042 -0.046194 -0.001875
v -0.014444 -0.047847 -0.001423
v -0.009708 -0.049039 -0.000956
v -0.004877 -0.049759 -0.000480
v -0.004807 0.049759 -0.000956
v -0.009567 0.049039 -0.001903
v -0.014235 0.047847 -0.002832
v -0.018767 0.046194 -0.003733
v -0.023117 0.044096 -0.004598
v -0.027245 0.041573 -0.005419
v -0.031110 0.038651 -0.006188
v -0.034676 0.035355 -0.006897
v -0.037908 0.031720 -0.007540
v -0.040775 0.027779 -0.008111
v -0.043249 0.023570 -0.008603
v -0.045306 0.019134 -0.009012
v -0.046928 0.014514 -0.009334
v -0.048097 0.009755 -0.009567
v -0.048803 0.004901 -0.009708
v -0.049039 0.000000 -0.009755
v -0.048803 -0.004901 -0.009708
v -0.048097 -0.009755 -0.009567
v -0.046928 -0.014514 -0.009334
v -0.045306 -0.019134 -0.009012
v -0.043249 -0.023570 -0.008603
v -0.040775 -0.027779 -0.008111
v -0.037908 -0.031720 -0.007540
v -0.034676 -0.035355 -0.006897
v -0.031110 -0.038651 -0.006188
v -0.027245 -0.041573 -0.005419
v -0.023117 -0.044096 -0.004598
v -0.018767 -0.046194 -0.003733
v -0.014235 -0.047847 -0.002832
v -0.009567 -0.049039 -0.001903
v -0.004807 -0.049759 -0.000956
v -0.004690 0.049759 -0.001423
v -0.009334 0.049039 -0.002832
v -0.013889 0.047847 -0.004213
v -0.018310 0.046194 -0.005554
v -0.022555 0.044096 -0.006842
v -0.026582 0.041573 -0.008064
v -0.030354 0.038651 -0.009208
v -0.033833 0.035355 -0.010263
v -0.036986 0.031720 -0.011220
v -0.039783 0.027779 -0.012068
v -0.042197 0.023570 -0.012800
v -0.044205 0.019134 -0.013409
v -0.045787 0.014514 -0.013889
v -0.046928 0.009755 -0.014235
v -0.047617 0.004901 -0.014444
v -0.047847 0.000000 -0.014514
v -0.047617 -0.004901 -0.014444
v -0.046928 -0.009755 -0.014235
v -0.045787 -0.014514 -0.013889
v -0.044205 -0.019134 -0.013409
v -0.042197 -0.023570 -0.012800
v -0.039783 -0.027779 -0.012068
v -0.036986 -0.031720 -0.011220
v -0.033833 -0.035355 -0.010263
v -0.030354 -0.038651 -0.009208
v -0.026582 -0.041573 -0.008064
v -0.022555 -0.044096 -0.006842
v -0.018310 -0.046194 -0.005554
v -0.013889 -0.047847 -0.004213
v -0.009334 -0.049039 -0.002832
v -0.004690 -0.049759 -0.001423
v -0.004528 0.049759 -0.001875
v -0.009012 0.049039 -0.003733
v -0.013409 0.047847 -0.005554
v -0.017678 0.046194 -0.007322
v -0.021776 0.044096 -0.009020
v -0.025664 0.041573 -0.010630
v -0.029305 0.038651 -0.012139
v -0.032664 0.035355 -0.013530
v -0.035708 0.031720 -0.014791
v -0.038409 0.027779 -0.015909
v -0.040739 0.023570 -0.016875
v -0.042678 0.019134 -0.017678
v -0.044205 0.014514 -0.018310
v -0.045306 0.009755 -0.018767
v -0.045972 0.004901 -0.019042
v -0.046194 0.000000 -0.019134
v -0.045972 -0.004901 -0.019042
v -0.045306 -0.009755 -0.018767
v -0.044205 -0.014514 -0.018310
v -0.042678 -0.019134 -0.017678
v -0.040739 -0.023570 -0.016875
v -0.038409 -0.027779 -0.015909
v -0.035708 -0.031720 -0.014791
v -0.032664 -0.035355 -0.013530
v -0.029305 -0.038651 -0.012139
v -0.025664 -0.041573 -0.010630
v -0.021776 -0.044096 -0.009020
v -0.017678 -0.046194 -0.007322
v -0.013409 -0.047847 -0.005554
v -0.009012 -0.049039 -0.003733
v -0.004528 -0.049759 -0.001875
v -0.004322 0.049759 -0.002310
v -0.008603 0.049039 -0.004598
v -0.012800 0.047847 -0.006842
v -0.016875 0.046194 -0.009020
v -0.020787 0.044096 -0.011111
v -0.024498 0.041573 -0.013095
v -0.027974 0.038651 -0.014953
v -0.031181 0.035355 -0.016666
v -0.034087 0.031720 -0.018220
v -0.036665 0.027779 -0.019598
v -0.038889 0.023570 -0.020787
v -0.040739 0.019134 -0.021776
v -0.042197 0.014514 -0.022555
v -0.043249 0.009755 -0.023117
v -0.043884 0.004901 -0.023456
v -0.044096 0.000000 -0.023570
v -0.043884 -0.004901 -0.023456
v -0.043249 -0.009755 -0.023117
v -0.042197 -0.014514 -0.022555
v -0.040739 -0.019134 -0.021776
v -0.038889 -0.023570 -0.020787
v -0.036665 -0.027779 -0.019598
v -0.034087 -0.031720 -0.018220
v -0.031181 -0.035355 -0.016666
v -0.027974 -0.038651 -0.014953
v -0.024498 -0.041573 -0.013095
v -0.020787 -0.044096 -0.011111
v -0.016875 -0.046194 -0.009020
v -0.012800 -0.047847 -0.006842
v -0.008603 -0.049039 -0.004598
v -0.004322 -0.049759 -0.002310
v -0.004075 0.049759 -0.002723
v -0.008111 0.049039 -0.005419
v -0.012068 0.047847 -0.008064
v -0.015909 0.046194 -0.010630
v -0.019598 0.044096 -0.013095
v -0.023097 0.041573 -0.015433
v -0.026374 0.038651 -0.017622
v -0.029397 0.035355 -0.019642
v -0.032137 0.031720 -0.021473
v -0.034567 0.027779 -0.023097
v -0.036665 0.023570 -0.024498
v -0.038409 0.019134 -0.025664
v -0.039783 0.014514 -0.026582
v -0.040775 0.009755 -0.027245
v -0.041373 0.004901 -0.027645
v -0.041573 0.000000 -0.027779
v -0.041373 -0.004901 -0.027645
v -0.040775 -0.009755 -0.027245
v -0.039783 -0.014514 -0.026582
v -0.038409 -0.019134 -0.025664
v -0.036665 -0.023570 -0.024498
v -0.034567 -0.027779 -0.023097
v -0.032137 -0.031720 -0.021473
v -0.029397 -0.035355 -0.019642
v -0.026374 -0.038651 -0.017622
v -0.023097 -0.041573 -0.015433
v -0.019598 -0.044096 -0.013095
v -0.015909 -0.046194 -0.010630
v -0.012068 -0.047847 -0.008064
v -0.008111 -0.049039 -0.005419
v -0.004075 -0.049759 -0.002723
v -0.003788 0.049759 -0.003109
v -0.007540 0.049039 -0.006188
v -0.011220 0.047847 -0.009208
v -0.014791 0.046194 -0.012139
v -0.018220 0.044096 -0.014953
v -0.021473 0.041573 -0.017622
v -0.024520 0.038651 -0.020123
v -0.027330 0.035355 -0.022429
v -0.029877 0.031720 -0.024520
v -0.032137 0.027779 -0.026374
v -0.034087 0.023570 -0.027974
v -0.035708 0.019134 -0.029305
v -0.036986 0.014514 -0.030354
v -0.037908 0.009755 -0.031110
v -0.038464 0.004901 -0.031567
v -0.038650 0.000000 -0.031720
v -0.038464 -0.004901 -0.031567
v -0.037908 -0.009755 -0.031110
v -0.036986 -0.014514 -0.030354
v -0.035708 -0.019134 -0.029305
v -0.034087 -0.023570 -0.027974
v -0.032137 -0.027779 -0.026374
v -0.029877 -0.031720 -0.024520
v -0.027330 -0.035355 -0.022429
v -0.024520 -0.038651 -0.020123
v -0.021473 -0.041573 -0.017622
v -0.018220 -0.044096 -0.014953
v -0.014791 -0.046194 -0.012139
v -0.011220 -0.047847 -0.009208
v -0.007540 -0.049039 -0.006188
v -0.003788 -0.049759 -0.003109
v -0.003465 0.049759 -0.003465
v -0.006897 0.049039 -0.006897
v -0.010263 0.047847 -0.010263
v -0.013530 0.046194 -0.013530
v -0.016666 0.044096 -0.016666
v -0.019642 0.041573 -0.019642
v -0.022429 0.038651 -0.022429
v -0.025000 0.035355 -0.025000
v -0.027330 0.031720 -0.027330
v -0.029397 0.027779 -0.029397
v -0.031181 0.023570 -0.031181
v -0.032664 0.019134 -0.032664
v -0.033833 0.014514 -0.033833
v -0.034676 0.009755 -0.034676
v -0.035185 0.004901 -0.035185
v -0.035355 0.000000 -0.035355
v -0.035185 -0.004901 -0.035185
v -0.034676 -0.009755 -0.034676
v -0.033833 -0.014514 -0.033833
v -0.032664 -0.019134 -0.032664
v -0.031181 -0.023570 -0.031181
v -0.029397 -0.027779 -0.029397
v -0.027330 -0.031720 -0.027330
v -0.025000 -0.035355 -0.025000
v -0.022429 -0.038651 -0.022429
v -0.019642 -0.041573 -0.019642
v -0.016666 -0.044096 -0.016666
v -0.013530 -0.046194 -0.013530
v -0.010263 -0.047847 -0.010263
v -0.006897 -0.049039 -0.006897
v -0.003465 -0.049759 -0.003465
v -0.003109 0.049759 -0.003788
v -0.006188 0.049039 -0.007540
v -0.009208 0.047847 -0.011220
v -0.012139 0.046194 -0.014791
v -0.014953 0.044096 -0.018220
v -0.017622 0.041573 -0.021473
v -0.020123 0.038651 -0.024520
v -0.022429 0.035355 -0.027330
v -0.024520 0.031720 -0.029877
v -0.026374 0.027779 -0.032137
v -0.027974 0.023570 -0.034087
v -0.029305 0.019134 -0.035708
v -0.030354 0.014514 -0.036986
v -0.031110 0.009755 -0.037908
v -0.031567 0.004901 -0.038464
v -0.031720 0.000000 -0.038651
v -0.031567 -0.004901 -0.038464
v -0.031110 -0.009755 -0.037908
v -0.030354 -0.014514 -0.036986
v -0.029305 -0.019134 -0.035708
v -0.027974 -0.023570 -0.034087
v -0.026374 -0.027779 -0.032137
v -0.024520 -0.031720 -0.029877
v -0.022429 -0.035355 -0.027330
v -0.020123 -0.038651 -0.024520
v -0.017622 -0.041573 -0.021473
v -0.014953 -0.044096 -0.018220
v -0.012139 -0.046194 -0.014791
v -0.009208 -0.047847 -0.011220
v -0.006188 -0.049039 -0.007540
v -0.003109 -0.049759 -0.003788
v -0.002723 0.049759 -0.004075
v -0.005419 0.049039 -0.008111
v -0.008064 0.047847 -0.012068
v -0.010630 0.046194 -0.015909
v -0.013095 0.044096 -0.019598
v -0.015433 0.041573 -0.023097
v -0.017622 0.038651 -0.026374
v -0.019642 0.035355 -0.029397
v -0.021473 0.031720 -0.032137
v -0.023097 0.027779 -0.034567
v -0.024498 0.023570 -0.036665
v -0.025664 0.019134 -0.038409
v -0.026582 0.014514 -0.039783
v -0.027245 0.009755 -0.040775
v -0.027645 0.004901 -0.041373
v -0.027778 0.000000 -0.041573
v -0.027645 -0.004901 -0.041373
v -0.027245 -0.009755 -0.040775
v -0.026582 -0.014514 -0.039783
v -0.025664 -0.019134 -0.038409
v -0.024498 -0.023570 -0.036665
v -0.023097 -0.027779 -0.034567
v -0.021473 -0.031720 -0.032137
v -0.019642 -0.035355 -0.029397
v -0.017622 -0.038651 -0.026374
v -0.015433 -0.041573 -0.023097
v -0.013095 -0.044096 -0.019598
v -0.010630 -0.046194 -0.015909
v -0.008064 -0.047847 -0.012068
v -0.005419 -0.049039 -0.008111
v -0.002723 -0.049759 -0.004075
v -0.002310 0.049759 -0.004322
v -0.004598 0.049039 -0.008603
v -0.006842 0.047847 -0.012800
v -0.009020 0.046194 -0.016875
v -0.011111 0.044096 -0.020787
v -0.013095 0.041573 -0.024498
v -0.014953 0.038651 -0.027974
v -0.016666 0.035355 -0.031181
v -0.018220 0.031720 -0.034087
v -0.019598 0.027779 -0.036665
v -0.020787 0.023570 -0.038889
v -0.021776 0.019134 -0.040739
v -0.022555 0.014514 -0.042197
v -0.023117 0.009755 -0.043249
v -0.023456 0.004901 -0.043884
v -0.023570 0.000000 -0.044096
v -0.023456 -0.004901 -0.043884
v -0.023117 -0.009755 -0.043249
v -0.022555 -0.014514 -0.042197
v -0.021776 -0.019134 -0.040739
v -0.020787 -0.023570 -0.038889
v -0.019598 -0.027779 -0.036665
v -0.018220 -0.031720 -0.034087
v -0.016666 -0.035355 -0.031181
v -0.014953 -0.038651 -0.027974
v -0.013095 -0.041573 -0.024498
v -0.011111 -0.044096 -0.020787
v -0.009020 -0.046194 -0.016875
v -0.006842 -0.047847 -0.012800
v -0.004598 -0.049039 -0.008603
v -0.002310 -0.049759 -0.004322
v -0.001875 0.049759 -0.004528
v -0.003733 0.049039 -0.009012
v -0.005554 0.047847 -0.013409
v -0.007322 0.046194 -0.017678
v -0.009020 0.044096 -0.021776
v -0.010630 0.041573 -0.025664
v -0.012139 0.038651 -0.029305
v -0.013530 0.035355 -0.032664
v -0.014791 0.031720 -0.035708
v -0.015909 0.027779 -0.038409
v -0.016875 0.023570 -0.040739
v -0.017678 0.019134 -0.042678
v -0.018310 0.014514 -0.044205
v -0.018767 0.009755 -0.045306
v -0.019042 0.004901 -0.045972
v -0.019134 0.000000 -0.046194
v -0.019042 -0.004901 -0.045972
v -0.018767 -0.009755 -0.045306
v -0.018310 -0.014514 -0.044205
v -0.017678 -0.019134 -0.042678
v -0.016875 -0.023570 -0.040739
v -0.015909 -0.027779 -0.038409
v -0.014791 -0.031720 -0.035708
v -0.013530 -0.035355 -0.032664
v -0.012139 -0.038651 -0.029305
v -0.010630 -0.041573 -0.025664
v -0.009020 -0.044096 -0.021776
v -0.007322 -0.046194 -0.017678
v -0.005554 -0.047847 -0.013409
v -0.003733 -0.049039 -0.009012
v -0.001875 -0.049759 -0.004528
v -0.001423 0.049759 -0.004690
v -0.002832 0.049039 -0.009334
v -0.004213 0.047847 -0.013889
v -0.005554 0.046194 -0.018310
v -0.006842 0.044096 -0.022555
v -0.008064 0.041573 -0.026582
v -0.009208 0.038651 -0.030354
v -0.010263 0.035355 -0.033833
v -0.011220 0.031720 -0.036986
v -0.012068 0.027779 -0.039783
v -0.012800 0.023570 -0.042197
v -0.013409 0.019134 -0.044205
v -0.013889 0.014514 -0.045787
v -0.014235 0.009755 -0.046928
v -0.014444 0.004901 -0.047617
v -0.014514 0.000000 -0.047847
v -0.014444 -0.004901 -0.047617
v -0.014235 -0.009755 -0.046928
v -0.013889 -0.014514 -0.045787
v -0.013409 -0.019134 -0.044205
v -0.012800 -0.023570 -0.042197
v -0.012068 -0.027779 -0.039783
v -0.011220 -0.031720 -0.036986
v -0.010263 -0.035355 -0.033833
v -0.009208 -0.038651 -0.030354
v -0.008064 -0.041573 -0.026582
v -0.006842 -0.044096 -0.022555
v -0.005554 -0.046194 -0.018310
v -0.004213 -0.047847 -0.013889
v -0.002832 -0.049039 -0.009334
v -0.001423 -0.049759 -0.004690
v -0.000956 0.049759 -0.004807
v -0.001903 0.049039 -0.009567
v -0.002832 0.047847 -0.014235
v -0.003733 0.046194 -0.018767
v -0.004598 0.044096 -0.023117
v -0.005419 0.041573 -0.027245
v -0.006188 0.038651 -0.031110
v -0.006897 0.035355 -0.034676
v -0.007540 0.031720 -0.037908
v -0.008111 0.027779 -0.040775
v -0.008603 0.023570 -0.043249
v -0.009012 0.019134 -0.045306
v -0.009334 0.014514 -0.046928
v -0.009567 0.009755 -0.048097
v -0.009708 0.004901 -0.048803
v -0.009755 0.000000 -0.049039
v -0.009708 -0.004901 -0.048803
v -0.009567 -0.009755 -0.048097
v -0.009334 -0.014514 -0.046928
v -0.009012 -0.019134 -0.045306
v -0.008603 -0.023570 -0.043249
v -0.008111 -0.027779 -0.040775
v -0.007540 -0.031720 -0.037908
v -0.006897 -0.035355 -0.034676
v -0.006188 -0.038651 -0.031110
v -0.005419 -0.041573 -0.027245
v -0.004598 -0.044096 -0.023117
v -0.003733 -0.046194 -0.018767
v -0.002832 -0.047847 -0.014235
v -0.001903 -0.049039 -0.009567
v -0.000956 -0.049759 -0.004807
v -0.000480 0.049759 -0.004877
v -0.000956 0.049039 -0.009708
v -0.001423 0.047847 -0.014444
v -0.001875 0.046194 -0.019042
v -0.002310 0.044096 -0.023456
v -0.002723 0.041573 -0.027645
v -0.003109 0.038651 -0.031567
v -0.003465 0.035355 -0.035185
v -0.003788 0.031720 -0.038464
v -0.004075 0.027779 -0.041373
v -0.004322 0.023570 -0.043884
v -0.004528 0.019134 -0.045972
v -0.004690 0.014514 -0.047617
v -0.004807 0.009755 -0.048803
v -0.004877 0.004901 -0.049520
v -0.004901 0.000000 -0.049759
v -0.004877 -0.004901 -0.049520
v -0.004807 -0.009755 -0.048803
v -0.004690 -0.014514 -0.047617
v -0.004528 -0.019134 -0.045972
v -0.004322 -0.023570 -0.043884
v -0.004075 -0.027779 -0.041373
v -0.003788 -0.031720 -0.038464
v -0.003465 -0.035355 -0.035185
v -0.003109 -0.038651 -0.031567
v -0.002723 -0.041573 -0.027645
v -0.002310 -0.044096 -0.023456
v -0.001875 -0.046194 -0.019042
v -0.001423 -0.047847 -0.014444
v -0.000956 -0.049039 -0.009708
v -0.000480 -0.049759 -0.004877
v -0.000000 0.046194 -0.019134
v -0.000000 0.041573 -0.027778
v 0.000000 0.038651 -0.031720
v 0.000000 -0.023570 -0.044096
v 0.000000 -0.038651 -0.031720
v -0.000000 -0.041573 -0.027778
v 0.000000 -0.044096 -0.023570
v -0.000000 -0.046194 -0.019134
v 0.000000 -0.047847 -0.014514
vn -0.0000 1.0000 -0.0000
vn -0.0000 0.9950 -0.0995
vn -0.0000 0.9805 -0.1966
vn -0.0000 0.9565 -0.2917
vn -0.0000 0.8813 -0.4726
vn -0.0000 0.7063 -0.7079
vn -0.0000 0.6336 -0.7736
vn -0.0000 0.5549 -0.8319
vn -0.0000 0.4708 -0.8823
vn -0.0000 0.3821 -0.9241
vn -0.0000 0.2899 -0.9571
vn -0.0000 0.1948 -0.9808
vn -0.0000 0.0979 -0.9952
vn -0.0000 -0.0000 -1.0000
vn -0.0000 -0.0979 -0.9952
vn -0.0000 -0.1948 -0.9808
vn -0.0000 -0.2899 -0.9571
vn -0.0000 -0.3821 -0.9241
vn -0.0000 -0.5549 -0.8319
vn -0.0000 -0.6336 -0.7736
vn -0.0000 -0.7063 -0.7079
vn -0.0000 -0.9805 -0.1966
vn -0.0000 -0.9950 -0.0995
vn -0.0000 -1.0000 -0.0000
vn 0.0098 0.9950 -0.0991
vn 0.0193 0.9805 -0.1956
vn 0.0286 0.9565 -0.2903
vn 0.0376 0.9233 -0.3821
vn 0.0463 0.8813 -0.4703
vn 0.0546 0.8308 -0.5539
vn 0.0623 0.7723 -0.6322
vn 0.0694 0.7063 -0.7045
vn 0.0758 0.6336 -0.7699
vn 0.0815 0.5549 -0.8279
vn 0.0865 0.4708 -0.8780
vn 0.0906 0.3821 -0.9197
vn 0.0938 0.2899 -0.9525
vn 0.0961 0.1948 -0.9761
vn 0.0975 0.0979 -0.9904
vn 0.0980 -0.0000 -0.9952
vn 0.0975 -0.0979 -0.9904
vn 0.0961 -0.1948 -0.9761
vn 0.0938 -0.2899 -0.9525
vn 0.0906 -0.3821 -0.9197
vn 0.0865 -0.4708 -0.8780
vn 0.0815 -0.5549 -0.8279
vn 0.0758 -0.6336 -0.7699
vn 0.0694 -0.7063 -0.7045
vn 0.0623 -0.7723 -0.6322
vn 0.0546 -0.8308 -0.5539
vn 0.0463 -0.8813 -0.4703
vn 0.0376 -0.9233 -0.3821
vn 0.0286 -0.9565 -0.2903
vn 0.0193 -0.9805 -0.1956
vn 0.0098 -0.9950 -0.0991
vn 0.0194 0.9950 -0.0976
vn 0.0383 0.9805 -0.1928
vn 0.0569 0.9565 -0.2861
vn 0.0749 0.9233 -0.3766
vn 0.0922 0.8813 -0.4635
vn 0.1086 0.8308 -0.5459
vn 0.1239 0.7723 -0.6231
vn 0.1381 0.7063 -0.6943
vn 0.1509 0.6336 -0.7588
vn 0.1623 0.5549 -0.8160
vn 0.1721 0.4708 -0.8653
vn 0.1803 0.3821 -0.9063
vn 0.1867 0.2899 -0.9387
vn 0.1914 0.1948 -0.9620
vn 0.1942 0.0979 -0.9761
vn 0.1951 -0.0000 -0.9808
vn 0.1942 -0.0979 -0.9761
vn 0.1914 -0.1948 -0.9620
vn 0.1867 -0.2899 -0.9387
vn 0.1803 -0.3821 -0.9063
vn 0.1721 -0.4708 -0.8653
vn 0.1623 -0.5549 -0.8160
vn 0.1509 -0.6336 -0.7588
vn 0.1381 -0.7063 -0.6943
vn 0.1239 -0.7723 -0.6231
vn 0.1086 -0.8308 -0.5459
vn 0.0922 -0.8813 -0.4635
vn 0.0749 -0.9233 -0.3766
vn 0.0569 -0.9565 -0.2861
vn 0.0383 -0.9805 -0.1928
vn 0.0194 -0.9950 -0.0976
vn 0.0289 0.9950 -0.0952
vn 0.0571 0.9805 -0.1881
vn 0.0847 0.9565 -0.2791
vn 0.1115 0.9233 -0.3675
vn 0.1372 0.8813 -0.4522
vn 0.1616 0.8308 -0.5327
vn 0.1844 0.7723 -0.6080
vn 0.2055 0.7063 -0.6774
vn 0.2246 0.6336 -0.7403
vn 0.2415 0.5549 -0.7961
vn 0.2561 0.4708 -0.8443
vn 0.2683 0.3821 -0.8843
vn 0.2778 0.2899 -0.9159
vn 0.2847 0.1948 -0.9386
vn 0.2889 0.0979 -0.9523
vn 0.2903 -0.0000 -0.9569
vn 0.2889 -0.0979 -0.9523
vn 0.2847 -0.1948 -0.9386
vn 0.2778 -0.2899 -0.9159
vn 0.2683 -0.3821 -0.8843
vn 0.2561 -0.4708 -0.8443
vn 0.2415 -0.5549 -0.7961
vn 0.2246 -0.6336 -0.7403
vn 0.2055 -0.7063 -0.6774
vn 0.1844 -0.7723 -0.6080
vn 0.1616 -0.8308 -0.5327
vn 0.1372 -0.8813 -0.4522
vn 0.1115 -0.9233 -0.3675
vn 0.0847 -0.9565 -0.2791
vn 0.0571 -0.9805 -0.1881
vn 0.0289 -0.9950 -0.0952
vn 0.0381 0.9950 -0.0920
vn 0.0752 0.9805 -0.1816
vn 0.1116 0.9565 -0.2695
vn 0.1469 0.9233 -0.3548
vn 0.1809 0.8813 -0.4366
vn 0.2130 0.8308 -0.5143
vn 0.2431 0.7723 -0.5869
vn 0.2709 0.7063 -0.6540
vn 0.2961 0.6336 -0.7147
vn 0.3184 0.5549 -0.7686
vn 0.3376 0.4708 -0.8151
vn 0.3536 0.3821 -0.8538
vn 0.3663 0.2899 -0.8842
vn 0.3754 0.1948 -0.9062
vn 0.3808 0.0979 -0.9194
vn 0.3827 -0.0000 -0.9239
vn 0.3808 -0.0979 -0.9194
vn 0.3754 -0.1948 -0.9062
vn 0.3663 -0.2899 -0.8842
vn 0.3536 -0.3821 -0.8538
vn 0.3376 -0.4708 -0.8151
vn 0.3184 -0.5549 -0.7686
vn 0.2961 -0.6336 -0.7147
vn 0.2709 -0.7063 -0.6540
vn 0.2431 -0.7723 -0.5869
vn 0.2130 -0.8308 -0.5143
vn 0.1809 -0.8813 -0.4366
vn 0.1469 -0.9233 -0.3548
vn 0.1116 -0.9565 -0.2695
vn 0.0752 -0.9805 -0.1816
vn 0.0381 -0.9950 -0.0920
vn 0.0469 0.9950 -0.0878
vn 0.0927 0.9805 -0.1734
vn 0.1375 0.9565 -0.2572
vn 0.1810 0.9233 -0.3386
vn 0.2228 0.8813 -0.4168
vn 0.2624 0.8308 -0.4909
vn 0.2995 0.7723 -0.5603
vn 0.3337 0.7063 -0.6243
vn 0.3647 0.6336 -0.6823
vn 0.3922 0.5549 -0.7337
vn 0.4159 0.4708 -0.7781
vn 0.4356 0.3821 -0.8150
vn 0.4512 0.2899 -0.8441
vn 0.4624 0.1948 -0.8650
vn 0.4691 0.0979 -0.8777
vn 0.4714 -0.0000 -0.8819
vn 0.4691 -0.0979 -0.8777
vn 0.4624 -0.1948 -0.8650
vn 0.4512 -0.2899 -0.8441
vn 0.4356 -0.3821 -0.8150
vn 0.4159 -0.4708 -0.7781
vn 0.3922 -0.5549 -0.7337
vn 0.3647 -0.6336 -0.6823
vn 0.3337 -0.7063 -0.6243
vn 0.2995 -0.7723 -0.5603
vn 0.2624 -0.8308 -0.4909
vn 0.2228 -0.8813 -0.4168
vn 0.1810 -0.9233 -0.3386
vn 0.1375 -0.9565 -0.2572
vn 0.0927 -0.9805 -0.1734
vn 0.0469 -0.9950 -0.0878
vn 0.0553 0.9950 -0.0828
vn 0.1092 0.9805 -0.1634
vn 0.1621 0.9565 -0.2425
vn 0.2133 0.9233 -0.3193
vn 0.2626 0.8813 -0.3929
vn 0.3092 0.8308 -0.4628
vn 0.3530 0.7723 -0.5282
vn 0.3933 0.7063 -0.5886
vn 0.4298 0.6336 -0.6432
vn 0.4622 0.5549 -0.6917
vn 0.4902 0.4708 -0.7336
vn 0.5134 0.3821 -0.7684
vn 0.5317 0.2899 -0.7958
vn 0.5449 0.1948 -0.8155
vn 0.5529 0.0979 -0.8275
vn 0.5556 -0.0000 -0.8315
vn 0.5529 -0.0979 -0.8275
vn 0.5449 -0.1948 -0.8155
vn 0.5317 -0.2899 -0.7958
vn 0.5134 -0.3821 -0.7684
vn 0.4902 -0.4708 -0.7336
vn 0.4622 -0.5549 -0.6917
vn 0.4298 -0.6336 -0.6432
vn 0.3933 -0.7063 -0.5886
vn 0.3530 -0.7723 -0.5282
vn 0.3092 -0.8308 -0.4628
vn 0.2626 -0.8813 -0.3929
vn 0.2133 -0.9233 -0.3193
vn 0.1621 -0.9565 -0.2425
vn 0.1092 -0.9805 -0.1634
vn 0.0553 -0.9950 -0.0828
vn 0.0631 0.9950 -0.0769
vn 0.1247 0.9805 -0.1519
vn 0.1850 0.9565 -0.2255
vn 0.2436 0.9233 -0.2968
vn 0.2998 0.8813 -0.3653
vn 0.3531 0.8308 -0.4303
vn 0.4030 0.7723 -0.4911
vn 0.4491 0.7063 -0.5472
vn 0.4908 0.6336 -0.5980
vn 0.5278 0.5549 -0.6431
vn 0.5597 0.4708 -0.6820
vn 0.5862 0.3821 -0.7143
vn 0.6072 0.2899 -0.7398
vn 0.6222 0.1948 -0.7582
vn 0.6313 0.0979 -0.7693
vn 0.6344 -0.0000 -0.7730
vn 0.6313 -0.0979 -0.7693
vn 0.6222 -0.1948 -0.7582
vn 0.6072 -0.2899 -0.7398
vn 0.5862 -0.3821 -0.7143
vn 0.5597 -0.4708 -0.6820
vn 0.5278 -0.5549 -0.6431
vn 0.4908 -0.6336 -0.5980
vn 0.4491 -0.7063 -0.5472
vn 0.4030 -0.7723 -0.4911
vn 0.3531 -0.8308 -0.4303
vn 0.2998 -0.8813 -0.3653
vn 0.2436 -0.9233 -0.2968
vn 0.1850 -0.9565 -0.2255
vn 0.1247 -0.9805 -0.1519
vn 0.0631 -0.9950 -0.0769
vn 0.0704 0.9950 -0.0704
vn 0.1390 0.9805 -0.1390
vn 0.2063 0.9565 -0.2063
vn 0.2715 0.9233 -0.2715
vn 0.3342 0.8813 -0.3342
vn 0.3936 0.8308 -0.3936
vn 0.4492 0.7723 -0.4492
vn 0.5005 0.7063 -0.5005
vn 0.5470 0.6336 -0.5470
vn 0.5883 0.5549 -0.5883
vn 0.6239 0.4708 -0.6239
vn 0.6534 0.3821 -0.6534
vn 0.6768 0.2899 -0.6768
vn 0.6936 0.1948 -0.6936
vn 0.7037 0.0979 -0.7037
vn 0.7071 -0.0000 -0.7071
vn 0.7037 -0.0979 -0.7037
vn 0.6936 -0.1948 -0.6936
vn 0.6768 -0.2899 -0.6768
vn 0.6534 -0.3821 -0.6534
vn 0.6239 -0.4708 -0.6239
vn 0.5883 -0.5549 -0.5883
vn 0.5470 -0.6336 -0.5470
vn 0.5005 -0.7063 -0.5005
vn 0.4492 -0.7723 -0.4492
vn 0.3936 -0.8308 -0.3936
vn 0.3342 -0.8813 -0.3342
vn 0.2715 -0.9233 -0.2715
vn 0.2063 -0.9565 -0.2063
vn 0.1390 -0.9805 -0.1390
vn 0.0704 -0.9950 -0.0704
vn 0.0769 0.9950 -0.0631
vn 0.1519 0.9805 -0.1247
vn 0.2255 0.9565 -0.1850
vn 0.2968 0.9233 -0.2436
vn 0.3653 0.8813 -0.2998
vn 0.4303 0.8308 -0.3531
vn 0.4911 0.7723 -0.4030
vn 0.5472 0.7063 -0.4491
vn 0.5980 0.6336 -0.4908
vn 0.6431 0.5549 -0.5278
vn 0.6820 0.4708 -0.5597
vn 0.7143 0.3821 -0.5862
vn 0.7398 0.2899 -0.6072
vn 0.7582 0.1948 -0.6222
vn 0.7693 0.0979 -0.6313
vn 0.7730 -0.0000 -0.6344
vn 0.7693 -0.0979 -0.6313
vn 0.7582 -0.1948 -0.6222
vn 0.7398 -0.2899 -0.6072
vn 0.7143 -0.3821 -0.5862
vn 0.6820 -0.4708 -0.5597
vn 0.6431 -0.5549 -0.5278
vn 0.5980 -0.6336 -0.4908
vn 0.5472 -0.7063 -0.4491
vn 0.4911 -0.7723 -0.4030
vn 0.4303 -0.8308 -0.3531
vn 0.3653 -0.8813 -0.2998
vn 0.2968 -0.9233 -0.2436
vn 0.2255 -0.9565 -0.1850
vn 0.1519 -0.9805 -0.1247
vn 0.0769 -0.9950 -0.0631
vn 0.0828 0.9950 -0.0553
vn 0.1634 0.9805 -0.1092
vn 0.2425 0.9565 -0.1621
vn 0.3193 0.9233 -0.2133
vn 0.3929 0.8813 -0.2626
vn 0.4628 0.8308 -0.3092
vn 0.5282 0.7723 -0.3530
vn 0.5886 0.7063 -0.3933
vn 0.6432 0.6336 -0.4298
vn 0.6917 0.5549 -0.4622
vn 0.7336 0.4708 -0.4902
vn 0.7684 0.3821 -0.5134
vn 0.7958 0.2899 -0.5317
vn 0.8155 0.1948 -0.5449
vn 0.8275 0.0979 -0.5529
vn 0.8315 -0.0000 -0.5556
vn 0.8275 -0.0979 -0.5529
vn 0.8155 -0.1948 -0.5449
vn 0.7958 -0.2899 -0.5317
vn 0.7684 -0.3821 -0.5134
vn 0.7336 -0.4708 -0.4902
vn 0.6917 -0.5549 -0.4622
vn 0.6432 -0.6336 -0.4298
vn 0.5886 -0.7063 -0.3933
vn 0.5282 -0.7723 -0.3530
vn 0.4628 -0.8308 -0.3092
vn 0.3929 -0.8813 -0.2626
vn 0.3193 -0.9233 -0.2133
vn 0.2425 -0.9565 -0.1621
vn 0.1634 -0.9805 -0.1092
vn 0.0828 -0.9950 -0.0553
vn 0.0878 0.9950 -0.0469
vn 0.1734 0.9805 -0.0927
vn 0.2572 0.9565 -0.1375
vn 0.3386 0.9233 -0.1810
vn 0.4168 0.8813 -0.2228
vn 0.4909 0.8308 -0.2624
vn 0.5603 0.7723 -0.2995
vn 0.6243 0.7063 -0.3337
vn 0.6823 0.6336 -0.3647
vn 0.7337 0.5549 -0.3922
vn 0.7781 0.4708 -0.4159
vn 0.8150 0.3821 -0.4356
vn 0.8441 0.2899 -0.4512
vn 0.8650 0.1948 -0.4624
vn 0.8777 0.0979 -0.4691
vn 0.8819 -0.0000 -0.4714
vn 0.8777 -0.0979 -0.4691
vn 0.8650 -0.1948 -0.4624
vn 0.8441 -0.2899 -0.4512
vn 0.8150 -0.3821 -0.4356
vn 0.7781 -0.4708 -0.4159
vn 0.7337 -0.5549 -0.3922
vn 0.6823 -0.6336 -0.3647
vn 0.6243 -0.7063 -0.3337
vn 0.5603 -0.7723 -0.2995
vn 0.4909 -0.8308 -0.2624
vn 0.4168 -0.8813 -0.2228
vn 0.3386 -0.9233 -0.1810
vn 0.2572 -0.9565 -0.1375
vn 0.1734 -0.9805 -0.0927
vn 0.0878 -0.9950 -0.0469
vn 0.0920 0.9950 -0.0381
vn 0.1816 0.9805 -0.0752
vn 0.2695 0.9565 -0.1116
vn 0.3548 0.9233 -0.1469
vn 0.4366 0.8813 -0.1809
vn 0.5143 0.8308 -0.2130
vn 0.5869 0.7723 -0.2431
vn 0.6540 0.7063 -0.2709
vn 0.7147 0.6336 -0.2961
vn 0.7686 0.5549 -0.3184
vn 0.8151 0.4708 -0.3376
vn 0.8538 0.3821 -0.3536
vn 0.8842 0.2899 -0.3663
vn 0.9062 0.1948 -0.3754
vn 0.9194 0.0979 -0.3808
vn 0.9239 -0.0000 -0.3827
vn 0.9194 -0.0979 -0.3808
vn 0.9062 -0.1948 -0.3754
vn 0.8842 -0.2899 -0.3663
vn 0.8538 -0.3821 -0.3536
vn 0.8151 -0.4708 -0.3376
vn 0.7686 -0.5549 -0.3184
vn 0.7147 -0.6336 -0.2961
vn 0.6540 -0.7063 -0.2709
vn 0.5869 -0.7723 -0.2431
vn 0.5143 -0.8308 -0.2130
vn 0.4366 -0.8813 -0.1809
vn 0.3548 -0.9233 -0.1469
vn 0.2695 -0.9565 -0.1116
vn 0.1816 -0.9805 -0.0752
vn 0.0920 -0.9950 -0.0381
vn 0.0952 0.9950 -0.0289
vn 0.1881 0.9805 -0.0571
vn 0.2791 0.9565 -0.0847
vn 0.3675 0.9233 -0.1115
vn 0.4522 0.8813 -0.1372
vn 0.5327 0.8308 -0.1616
vn 0.6080 0.7723 -0.1844
vn 0.6774 0.7063 -0.2055
vn 0.7403 0.6336 -0.2246
vn 0.7961 0.5549 -0.2415
vn 0.8443 0.4708 -0.2561
vn 0.8843 0.3821 -0.2683
vn 0.9159 0.2899 -0.2778
vn 0.9386 0.1948 -0.2847
vn 0.9523 0.0979 -0.2889
vn 0.9569 -0.0000 -0.2903
vn 0.9523 -0.0979 -0.2889
vn 0.9386 -0.1948 -0.2847
vn 0.9159 -0.2899 -0.2778
vn 0.8843 -0.3821 -0.2683
vn 0.8443 -0.4708 -0.2561
vn 0.7961 -0.5549 -0.2415
vn 0.7403 -0.6336 -0.2246
vn 0.6774 -0.7063 -0.2055
vn 0.6080 -0.7723 -0.1844
vn 0.5327 -0.8308 -0.1616
vn 0.4522 -0.8813 -0.1372
vn 0.3675 -0.9233 -0.1115
vn 0.2791 -0.9565 -0.0847
vn 0.1881 -0.9805 -0.0571
vn 0.0952 -0.9950 -0.0289
vn 0.0976 0.9950 -0.0194
vn 0.1928 0.9805 -0.0383
vn 0.2861 0.9565 -0.0569
vn 0.3766 0.9233 -0.0749
vn 0.4635 0.8813 -0.0922
vn 0.5459 0.8308 -0.1086
vn 0.6231 0.7723 -0.1239
vn 0.6943 0.7063 -0.1381
vn 0.7588 0.6336 -0.1509
vn 0.8160 0.5549 -0.1623
vn 0.8653 0.4708 -0.1721
vn 0.9063 0.3821 -0.1803
vn 0.9387 0.2899 -0.1867
vn 0.9620 0.1948 -0.1914
vn 0.9761 0.0979 -0.1942
vn 0.9808 -0.0000 -0.1951
vn 0.9761 -0.0979 -0.1942
vn 0.9620 -0.1948 -0.1914
vn 0.9387 -0.2899 -0.1867
vn 0.9063 -0.3821 -0.1803
vn 0.8653 -0.4708 -0.1721
vn 0.8160 -0.5549 -0.1623
vn 0.7588 -0.6336 -0.1509
vn 0.6943 -0.7063 -0.1381
vn 0.6231 -0.7723 -0.1239
vn 0.5459 -0.8308 -0.1086
vn 0.4635 -0.8813 -0.0922
vn 0.3766 -0.9233 -0.0749
vn 0.2861 -0.9565 -0.0569
vn 0.1928 -0.9805 -0.0383
vn 0.0976 -0.9950 -0.0194
vn 0.0991 0.9950 -0.0098
vn 0.1956 0.9805 -0.0193
vn 0.2903 0.9565 -0.0286
vn 0.3821 0.9233 -0.0376
vn 0.4703 0.8813 -0.0463
vn 0.5539 0.8308 -0.0546
vn 0.6322 0.7723 -0.0623
vn 0.7045 0.7063 -0.0694
vn 0.7699 0.6336 -0.0758
vn 0.8279 0.5549 -0.0815
vn 0.8780 0.4708 -0.0865
vn 0.9197 0.3821 -0.0906
vn 0.9525 0.2899 -0.0938
vn 0.9761 0.1948 -0.0961
vn 0.9904 0.0979 -0.0975
vn 0.9952 -0.0000 -0.0980
vn 0.9904 -0.0979 -0.0975
vn 0.9761 -0.1948 -0.0961
vn 0.9525 -0.2899 -0.0938
vn 0.9197 -0.3821 -0.0906
vn 0.8780 -0.4708 -0.0865
vn 0.8279 -0.5549 -0.0815
vn 0.7699 -0.6336 -0.0758
vn 0.7045 -0.7063 -0.0694
vn 0.6322 -0.7723 -0.0623
vn 0.5539 -0.8308 -0.0546
vn 0.4703 -0.8813 -0.0463
vn 0.3821 -0.9233 -0.0376
vn 0.2903 -0.9565 -0.0286
vn 0.1956 -0.9805 -0.0193
vn 0.0991 -0.9950 -0.0098
vn 0.0995 0.9950 -0.0000
vn 0.1966 0.9805 -0.0000
vn 0.2917 0.9565 -0.0000
vn 0.3840 0.9233 -0.0000
vn 0.4726 0.8813 -0.0000
vn 0.5566 0.8308 -0.0000
vn 0.6353 0.7723 -0.0000
vn 0.7079 0.7063 -0.0000
vn 0.7736 0.6336 -0.0000
vn 0.8319 0.5549 -0.0000
vn 0.8823 0.4708 -0.0000
vn 0.9241 0.3821 -0.0000
vn 0.9571 0.2899 -0.0000
vn 0.9808 0.1948 -0.0000
vn 0.9952 0.0979 -0.0000
vn 1.0000 -0.0000 -0.0000
vn 0.9952 -0.0979 -0.0000
vn 0.9808 -0.1948 -0.0000
vn 0.9571 -0.2899 -0.0000
vn 0.9241 -0.3821 -0.0000
vn 0.8823 -0.4708 -0.0000
vn 0.8319 -0.5549 -0.0000
vn 0.7736 -0.6336 -0.0000
vn 0.7079 -0.7063 -0.0000
vn 0.6353 -0.7723 -0.0000
vn 0.5566 -0.8308 -0.0000
vn 0.4726 -0.8813 -0.0000
vn 0.3840 -0.9233 -0.0000
vn 0.2917 -0.9565 -0.0000
vn 0.1966 -0.9805 -0.0000
vn 0.0995 -0.9950 -0.0000
vn 0.0991 0.9950 0.0098
vn 0.1956 0.9805 0.0193
vn 0.2903 0.9565 0.0286
vn 0.3821 0.9233 0.0376
vn 0.4703 0.8813 0.0463
vn 0.5539 0.8308 0.0546
vn 0.6322 0.7723 0.0623
vn 0.7045 0.7063 0.0694
vn 0.7699 0.6336 0.0758
vn 0.8279 0.5549 0.0815
vn 0.8780 0.4708 0.0865
vn 0.9197 0.3821 0.0906
vn 0.9525 0.2899 0.0938
vn 0.9761 0.1948 0.0961
vn 0.9904 0.0979 0.0975
vn 0.9952 -0.0000 0.0980
vn 0.9904 -0.0979 0.0975
vn 0.9761 -0.1948 0.0961
vn 0.9525 -0.2899 0.0938
vn 0.9197 -0.3821 0.0906
vn 0.8780 -0.4708 0.0865
vn 0.8279 -0.5549 0.0815
vn 0.7699 -0.6336 0.0758
vn 0.7045 -0.7063 0.0694
vn 0.6322 -0.7723 0.0623
vn 0.5539 -0.8308 0.0546
vn 0.4703 -0.8813 0.0463
vn 0.3821 -0.9233 0.0376
vn 0.2903 -0.9565 0.0286
vn 0.1956 -0.9805 0.0193
vn 0.0991 -0.9950 0.0098
vn 0.0976 0.9950 0.0194
vn 0.1928 0.9805 0.0383
vn 0.2861 0.9565 0.0569
vn 0.3766 0.9233 0.0749
vn 0.4635 0.8813 0.0922
vn 0.5459 0.8308 0.1086
vn 0.6231 0.7723 0.1239
vn 0.6943 0.7063 0.1381
vn 0.7588 0.6336 0.1509
vn 0.8160 0.5549 0.1623
vn 0.8653 0.4708 0.1721
vn 0.9063 0.3821 0.1803
vn 0.9387 0.2899 0.1867
vn 0.9620 0.1948 0.1914
vn 0.9761 0.0979 0.1942
vn 0.9808 -0.0000 0.1951
vn 0.9761 -0.0979 0.1942
vn 0.9620 -0.1948 0.1914
vn 0.9387 -0.2899 0.1867
vn 0.9063 -0.3821 0.1803
vn 0.8653 -0.4708 0.1721
vn 0.8160 -0.5549 0.1623
vn 0.7588 -0.6336 0.1509
vn 0.6943 -0.7063 0.1381
vn 0.6231 -0.7723 0.1239
vn 0.5459 -0.8308 0.1086
vn 0.4635 -0.8813 0.0922
vn 0.3766 -0.9233 0.0749
vn 0.2861 -0.9565 0.0569
vn 0.1928 -0.9805 0.0383
vn 0.0976 -0.9950 0.0194
vn 0.0952 0.9950 0.0289
vn 0.1881 0.9805 0.0571
vn 0.2791 0.9565 0.0847
vn 0.3675 0.9233 0.1115
vn 0.4522 0.8813 0.1372
vn 0.5327 0.8308 0.1616
vn 0.6080 0.7723 0.1844
vn 0.6774 0.7063 0.2055
vn 0.7403 0.6336 0.2246
vn 0.7961 0.5549 0.2415
vn 0.8443 0.4708 0.2561
vn 0.8843 0.3821 0.2683
vn 0.9159 0.2899 0.2778
vn 0.9386 0.1948 0.2847
vn 0.9523 0.0979 0.2889
vn 0.9569 -0.0000 0.2903
vn 0.9523 -0.0979 0.2889
vn 0.9386 -0.1948 0.2847
vn 0.9159 -0.2899 0.2778
vn 0.8843 -0.3821 0.2683
vn 0.8443 -0.4708 0.2561
vn 0.7961 -0.5549 0.2415
vn 0.7403 -0.6336 0.2246
vn 0.6774 -0.7063 0.2055
vn 0.6080 -0.7723 0.1844
vn 0.5327 -0.8308 0.1616
vn 0.4522 -0.8813 0.1372
vn 0.3675 -0.9233 0.1115
vn 0.2791 -0.9565 0.0847
vn 0.1881 -0.9805 0.0571
vn 0.0952 -0.9950 0.0289
vn 0.0920 0.9950 0.0381
vn 0.1816 0.9805 0.0752
vn 0.2695 0.9565 0.1116
vn 0.3548 0.9233 0.1469
vn 0.4366 0.8813 0.1809
vn 0.5143 0.8308 0.2130
vn 0.5869 0.7723 0.2431
vn 0.6540 0.7063 0.2709
vn 0.7147 0.6336 0.2961
vn 0.7686 0.5549 0.3184
vn 0.8151 0.4708 0.3376
vn 0.8538 0.3821 0.3536
vn 0.8842 0.2899 0.3663
vn 0.9062 0.1948 0.3754
vn 0.9194 0.0979 0.3808
vn 0.9239 -0.0000 0.3827
vn 0.9194 -0.0979 0.3808
vn 0.9062 -0.1948 0.3754
vn 0.8842 -0.2899 0.3663
vn 0.8538 -0.3821 0.3536
vn 0.8151 -0.4708 0.3376
vn 0.7686 -0.5549 0.3184
vn 0.7147 -0.6336 0.2961
vn 0.6540 -0.7063 0.2709
vn 0.5869 -0.7723 0.2431
vn 0.5143 -0.8308 0.2130
vn 0.4366 -0.8813 0.1809
vn 0.3548 -0.9233 0.1469
vn 0.2695 -0.9565 0.1116
vn 0.1816 -0.9805 0.0752
vn 0.0920 -0.9950 0.0381
vn 0.0878 0.9950 0.0469
vn 0.1734 0.9805 0.0927
vn 0.2572 0.9565 0.1375
vn 0.3386 0.9233 0.1810
vn 0.4168 0.8813 0.2228
vn 0.4909 0.8308 0.2624
vn 0.5603 0.7723 0.2995
vn 0.6243 0.7063 0.3337
vn 0.6823 0.6336 0.3647
vn 0.7337 0.5549 0.3922
vn 0.7781 0.4708 0.4159
vn 0.8150 0.3821 0.4356
vn 0.8441 0.2899 0.4512
vn 0.8650 0.1948 0.4624
vn 0.8777 0.0979 0.4691
vn 0.8819 -0.0000 0.4714
vn 0.8777 -0.0979 0.4691
vn 0.8650 -0.1948 0.4624
vn 0.8441 -0.2899 0.4512
vn 0.8150 -0.3821 0.4356
vn 0.7781 -0.4708 0.4159
vn 0.7337 -0.5549 0.3922
vn 0.6823 -0.6336 0.3647
vn 0.6243 -0.7063 0.3337
vn 0.5603 -0.7723 0.2995
vn 0.4909 -0.8308 0.2624
vn 0.4168 -0.8813 0.2228
vn 0.3386 -0.9233 0.1810
vn 0.2572 -0.9565 0.1375
vn 0.1734 -0.9805 0.0927
vn 0.0878 -0.9950 0.0469
vn 0.0828 0.9950 0.0553
vn 0.1634 0.9805 0.1092
vn 0.2425 0.9565 0.1621
vn 0.3193 0.9233 0.2133
vn 0.3929 0.8813 0.2626
vn 0.4628 0.8308 0.3092
vn 0.5282 0.7723 0.3530
vn 0.5886 0.7063 0.3933
vn 0.6432 0.6336 0.4298
vn 0.6917 0.5549 0.4622
vn 0.7336 0.4708 0.4902
vn 0.7684 0.3821 0.5134
vn 0.7958 0.2899 0.5317
vn 0.8155 0.1948 0.5449
vn 0.8275 0.0979 0.5529
vn 0.8315 -0.0000 0.5556
vn 0.8275 -0.0979 0.5529
vn 0.8155 -0.1948 0.5449
vn 0.7958 -0.2899 0.5317
vn 0.7684 -0.3821 0.5134
vn 0.7336 -0.4708 0.4902
vn 0.6917 -0.5549 0.4622
vn 0.6432 -0.6336 0.4298
vn 0.5886 -0.7063 0.3933
vn 0.5282 -0.7723 0.3530
vn 0.4628 -0.8308 0.3092
vn 0.3929 -0.8813 0.2626
vn 0.3193 -0.9233 0.2133
vn 0.2425 -0.9565 0.1621
vn 0.1634 -0.9805 0.1092
vn 0.0828 -0.9950 0.0553
vn 0.0769 0.9950 0.0631
vn 0.1519 0.9805 0.1247
vn 0.2255 0.9565 0.1850
vn 0.2968 0.9233 0.2436
vn 0.3653 0.8813 0.2998
vn 0.4303 0.8308 0.3531
vn 0.4911 0.7723 0.4030
vn 0.5472 0.7063 0.4491
vn 0.5980 0.6336 0.4908
vn 0.6431 0.5549 0.5278
vn 0.6820 0.4708 0.5597
vn 0.7143 0.3821 0.5862
vn 0.7398 0.2899 0.6072
vn 0.7582 0.1948 0.6222
vn 0.7693 0.0979 0.6313
vn 0.7730 -0.0000 0.6344
vn 0.7693 -0.0979 0.6313
vn 0.7582 -0.1948 0.6222
vn 0.7398 -0.2899 0.6072
vn 0.7143 -0.3821 0.5862
vn 0.6820 -0.4708 0.5597
vn 0.6431 -0.5549 0.5278
vn 0.5980 -0.6336 0.4908
vn 0.5472 -0.7063 0.4491
vn 0.4911 -0.7723 0.4030
vn 0.4303 -0.8308 0.3531
vn 0.3653 -0.8813 0.2998
vn 0.2968 -0.9233 0.2436
vn 0.2255 -0.9565 0.1850
vn 0.1519 -0.9805 0.1247
vn 0.0769 -0.9950 0.0631
vn 0.0704 0.9950 0.0704
vn 0.1390 0.9805 0.1390
vn 0.2063 0.9565 0.2063
vn 0.2715 0.9233 0.2715
vn 0.3342 0.8813 0.3342
vn 0.3936 0.8308 0.3936
vn 0.4492 0.7723 0.4492
vn 0.5005 0.7063 0.5005
vn 0.5470 0.6336 0.5470
vn 0.5883 0.5549 0.5883
vn 0.6239 0.4708 0.6239
vn 0.6534 0.3821 0.6534
vn 0.6768 0.2899 0.6768
vn 0.6936 0.1948 0.6936
vn 0.7037 0.0979 0.7037
vn 0.7071 -0.0000 0.7071
vn 0.7037 -0.0979 0.7037
vn 0.6936 -0.1948 0.6936
vn 0.6768 -0.2899 0.6768
vn 0.6534 -0.3821 0.6534
vn 0.6239 -0.4708 0.6239
vn 0.5883 -0.5549 0.5883
vn 0.5470 -0.6336 0.5470
vn 0.5005 -0.7063 0.5005
vn 0.4492 -0.7723 0.4492
vn 0.3936 -0.8308 0.3936
vn 0.3342 -0.8813 0.3342
vn 0.2715 -0.9233 0.2715
vn 0.2063 -0.9565 0.2063
vn 0.1390 -0.9805 0.1390
vn 0.0704 -0.9950 0.0704
vn 0.0631 0.9950 0.0769
vn 0.1247 0.9805 0.1519
vn 0.1850 0.9565 0.2255
vn 0.2436 0.9233 0.2968
vn 0.2998 0.8813 0.3653
vn 0.3531 0.8308 0.4303
vn 0.4030 0.7723 0.4911
vn 0.4491 0.7063 0.5472
vn 0.4908 0.6336 0.5980
vn 0.5278 0.5549 0.6431
vn 0.5597 0.4708 0.6820
vn 0.5862 0.3821 0.7143
vn 0.6072 0.2899 0.7398
vn 0.6222 0.1948 0.7582
vn 0.6313 0.0979 0.7693
vn 0.6344 -0.0000 0.7730
vn 0.6313 -0.0979 0.7693
vn 0.6222 -0.1948 0.7582
vn 0.6072 -0.2899 0.7398
vn 0.5862 -0.3821 0.7143
vn 0.5597 -0.4708 0.6820
vn 0.5278 -0.5549 0.6431
vn 0.4908 -0.6336 0.5980
vn 0.4491 -0.7063 0.5472
vn 0.4030 -0.7723 0.4911
vn 0.3531 -0.8308 0.4303
vn 0.2998 -0.8813 0.3653
vn 0.2436 -0.9233 0.2968
vn 0.1850 -0.9565 0.2255
vn 0.1247 -0.9805 0.1519
vn 0.0631 -0.9950 0.0769
vn 0.0553 0.9950 0.0828
vn 0.1092 0.9805 0.1634
vn 0.1621 0.9565 0.2425
vn 0.2133 0.9233 0.3193
vn 0.2626 0.8813 0.3929
vn 0.3092 0.8308 0.4628
vn 0.3530 0.7723 0.5282
vn 0.3933 0.7063 0.5886
vn 0.4298 0.6336 0.6432
vn 0.4622 0.5549 0.6917
vn 0.4902 0.4708 0.7336
vn 0.5134 0.3821 0.7684
vn 0.5317 0.2899 0.7958
vn 0.5449 0.1948 0.8155
vn 0.5529 0.0979 0.8275
vn 0.5556 -0.0000 0.8315
vn 0.5529 -0.0979 0.8275
vn 0.5449 -0.1948 0.8155
vn 0.5317 -0.2899 0.7958
vn 0.5134 -0.3821 0.7684
vn 0.4902 -0.4708 0.7336
vn 0.4622 -0.5549 0.6917
vn 0.4298 -0.6336 0.6432
vn 0.3933 -0.7063 0.5886
vn 0.3530 -0.7723 0.5282
vn 0.3092 -0.8308 0.4628
vn 0.2626 -0.8813 0.3929
vn 0.2133 -0.9233 0.3193
vn 0.1621 -0.9565 0.2425
vn 0.1092 -0.9805 0.1634
vn 0.0553 -0.9950 0.0828
vn 0.0469 0.9950 0.0878
vn 0.0927 0.9805 0.1734
vn 0.1375 0.9565 0.2572
vn 0.1810 0.9233 0.3386
vn 0.2228 0.8813 0.4168
vn 0.2624 0.8308 0.4909
vn 0.2995 0.7723 0.5603
vn 0.3337 0.7063 0.6243
vn 0.3647 0.6336 0.6823
vn 0.3922 0.5549 0.7337
vn 0.4159 0.4708 0.7781
vn 0.4356 0.3821 0.8150
vn 0.4512 0.2899 0.8441
vn 0.4624 0.1948 0.8650
vn 0.4691 0.0979 0.8777
vn 0.4714 -0.0000 0.8819
vn 0.4691 -0.0979 0.8777
vn 0.4624 -0.1948 0.8650
vn 0.4512 -0.2899 0.8441
vn 0.4356 -0.3821 0.8150
vn 0.4159 -0.4708 0.7781
vn 0.3922 -0.5549 0.7337
vn 0.3647 -0.6336 0.6823
vn 0.3337 -0.7063 0.6243
vn 0.2995 -0.7723 0.5603
vn 0.2624 -0.8308 0.4909
vn 0.2228 -0.8813 0.4168
vn 0.1810 -0.9233 0.3386
vn 0.1375 -0.9565 0.2572
vn 0.0927 -0.9805 0.1734
vn 0.0469 -0.9950 0.0878
vn 0.0381 0.9950 0.0920
vn 0.0752 0.9805 0.1816
vn 0.1116 0.9565 0.2695
vn 0.1469 0.9233 0.3548
vn 0.1809 0.8813 0.4366
vn 0.2130 0.8308 0.5143
vn 0.2431 0.7723 0.5869
vn 0.2709 0.7063 0.6540
vn 0.2961 0.6336 0.7147
vn 0.3184 0.5549 0.7686
vn 0.3376 0.4708 0.8151
vn 0.3536 0.3821 0.8538
vn 0.3663 0.2899 0.8842
vn 0.3754 0.1948 0.9062
vn 0.3808 0.0979 0.9194
vn 0.3827 -0.0000 0.9239
vn 0.3808 -0.0979 0.9194
vn 0.3754 -0.1948 0.9062
vn 0.3663 -0.2899 0.8842
vn 0.3536 -0.3821 0.8538
vn 0.3376 -0.4708 0.8151
vn 0.3184 -0.5549 0.7686
vn 0.2961 -0.6336 0.7147
vn 0.2709 -0.7063 0.6540
vn 0.2431 -0.7723 0.5869
vn 0.2130 -0.8308 0.5143
vn 0.1809 -0.8813 0.4366
vn 0.1469 -0.9233 0.3548
vn 0.1116 -0.9565 0.2695
vn 0.0752 -0.9805 0.1816
vn 0.0381 -0.9950 0.0920
vn 0.0289 0.9950 0.0952
vn 0.0571 0.9805 0.1881
vn 0.0847 0.9565 0.2791
vn 0.1115 0.9233 0.3675
vn 0.1372 0.8813 0.4522
vn 0.1616 0.8308 0.5327
vn 0.1844 0.7723 0.6080
vn 0.2055 0.7063 0.6774
vn 0.2246 0.6336 0.7403
vn 0.2415 0.5549 0.7961
vn 0.2561 0.4708 0.8443
vn 0.2683 0.3821 0.8843
vn 0.2778 0.2899 0.9159
vn 0.2847 0.1948 0.9386
vn 0.2889 0.0979 0.9523
vn 0.2903 -0.0000 0.9569
vn 0.2889 -0.0979 0.9523
vn 0.2847 -0.1948 0.9386
vn 0.2778 -0.2899 0.9159
vn 0.2683 -0.3821 0.8843
vn 0.2561 -0.4708 0.8443
vn 0.2415 -0.5549 0.7961
vn 0.2246 -0.6336 0.7403
vn 0.2055 -0.7063 0.6774
vn 0.1844 -0.7723 0.6080
vn 0.1616 -0.8308 0.5327
vn 0.1372 -0.8813 0.4522
vn 0.1115 -0.9233 0.3675
vn 0.0847 -0.9565 0.2791
vn 0.0571 -0.9805 0.1881
vn 0.0289 -0.9950 0.0952
vn 0.0194 0.9950 0.0976
vn 0.0383 0.9805 0.1928
vn 0.0569 0.9565 0.2861
vn 0.0749 0.9233 0.3766
vn 0.0922 0.8813 0.4635
vn 0.1086 0.8308 0.5459
vn 0.1239 0.7723 0.6231
vn 0.1381 0.7063 0.6943
vn 0.1509 0.6336 0.7588
vn 0.1623 0.5549 0.8160
vn 0.1721 0.4708 0.8653
vn 0.1803 0.3821 0.9063
vn 0.1867 0.2899 0.9387
vn 0.1914 0.1948 0.9620
vn 0.1942 0.0979 0.9761
vn 0.1951 -0.0000 0.9808
vn 0.1942 -0.0979 0.9761
vn 0.1914 -0.1948 0.9620
vn 0.1867 -0.2899 0.9387
vn 0.1803 -0.3821 0.9063
vn 0.1721 -0.4708 0.8653
vn 0.1623 -0.5549 0.8160
vn 0.1509 -0.6336 0.7588
vn 0.1381 -0.7063 0.6943
vn 0.1239 -0.7723 0.6231
vn 0.1086 -0.8308 0.5459
vn 0.0922 -0.8813 0.4635
vn 0.0749 -0.9233 0.3766
vn 0.0569 -0.9565 0.2861
vn 0.0383 -0.9805 0.1928
vn 0.0194 -0.9950 0.0976
vn 0.0098 0.9950 0.0991
vn 0.0193 0.9805 0.1956
vn 0.0286 0.9565 0.2903
vn 0.0376 0.9233 0.3821
vn 0.0463 0.8813 0.4703
vn 0.0546 0.8308 0.5539
vn 0.0623 0.7723 0.6322
vn 0.0694 0.7063 0.7045
vn 0.0758 0.6336 0.7699
vn 0.0815 0.5549 0.8279
vn 0.0865 0.4708 0.8780
vn 0.0906 0.3821 0.9197
vn 0.0938 0.2899 0.9525
vn 0.0961 0.1948 0.9761
vn 0.0975 0.0979 0.9904
vn 0.0980 -0.0000 0.9952
vn 0.0975 -0.0979 0.9904
vn 0.0961 -0.1948 0.9761
vn 0.0938 -0.2899 0.9525
vn 0.0906 -0.3821 0.9197
vn 0.0865 -0.4708 0.8780
vn 0.0815 -0.5549 0.8279
vn 0.0758 -0.6336 0.7699
vn 0.0694 -0.7063 0.7045
vn 0.0623 -0.7723 0.6322
vn 0.0546 -0.8308 0.5539
vn 0.0463 -0.8813 0.4703
vn 0.0376 -0.9233 0.3821
vn 0.0286 -0.9565 0.2903
vn 0.0193 -0.9805 0.1956
vn 0.0098 -0.9950 0.0991
vn -0.0000 0.9950 0.0995
vn -0.0000 0.9805 0.1966
vn -0.0000 0.9565 0.2917
vn -0.0000 0.9233 0.3840
vn -0.0000 0.8813 0.4726
vn -0.0000 0.8308 0.5566
vn -0.0000 0.7723 0.6353
vn -0.0000 0.7063 0.7079
vn -0.0000 0.6336 0.7736
vn -0.0000 0.5549 0.8319
vn -0.0000 0.4708 0.8823
vn -0.0000 0.3821 0.9241
vn -0.0000 0.2899 0.9571
vn -0.0000 0.1948 0.9808
vn -0.0000 0.0979 0.9952
vn -0.0000 -0.0000 1.0000
vn -0.0000 -0.0979 0.9952
vn -0.0000 -0.1948 0.9808
vn -0.0000 -0.2899 0.9571
vn -0.0000 -0.3821 0.9241
vn -0.0000 -0.4708 0.8823
vn -0.0000 -0.5549 0.8319
vn -0.0000 -0.6336 0.7736
vn -0.0000 -0.7063 0.7079
vn -0.0000 -0.7723 0.6353
vn -0.0000 -0.8308 0.5566
vn -0.0000 -0.8813 0.4726
vn -0.0000 -0.9233 0.3840
vn -0.0000 -0.9565 0.2917
vn -0.0000 -0.9805 0.1966
vn -0.0000 -0.9950 0.0995
vn -0.0098 0.9950 0.0991
vn -0.0193 0.9805 0.1956
vn -0.0286 0.9565 0.2903
vn -0.0376 0.9233 0.3821
vn -0.0463 0.8813 0.4703
vn -0.0546 0.8308 0.5539
vn -0.0623 0.7723 0.6322
vn -0.0694 0.7063 0.7045
vn -0.0758 0.6336 0.7699
vn -0.0815 0.5549 0.8279
vn -0.0865 0.4708 0.8780
vn -0.0906 0.3821 0.9197
vn -0.0938 0.2899 0.9525
vn -0.0961 0.1948 0.9761
vn -0.0975 0.0979 0.9904
vn -0.0980 -0.0000 0.9952
vn -0.0975 -0.0979 0.9904
vn -0.0961 -0.1948 0.9761
vn -0.0938 -0.2899 0.9525
vn -0.0906 -0.3821 0.9197
vn -0.0865 -0.4708 0.8780
vn -0.0815 -0.5549 0.8279
vn -0.0758 -0.6336 0.7699
vn -0.0694 -0.7063 0.7045
vn -0.0623 -0.7723 0.6322
vn -0.0546 -0.8308 0.5539
vn -0.0463 -0.8813 0.4703
vn -0.0376 -0.9233 0.3821
vn -0.0286 -0.9565 0.2903
vn -0.0193 -0.9805 0.1956
vn -0.0098 -0.9950 0.0991
vn -0.0194 0.9950 0.0976
vn -0.0383 0.9805 0.1928
vn -0.0569 0.9565 0.2861
vn -0.0749 0.9233 0.3766
vn -0.0922 0.8813 0.4635
vn -0.1086 0.8308 0.5459
vn -0.1239 0.7723 0.6231
vn -0.1381 0.7063 0.6943
vn -0.1509 0.6336 0.7588
vn -0.1623 0.5549 0.8160
vn -0.1721 0.4708 0.8653
vn -0.1803 0.3821 0.9063
vn -0.1867 0.2899 0.9387
vn -0.1914 0.1948 0.9620
vn -0.1942 0.0979 0.9761
vn -0.1951 -0.0000 0.9808
vn -0.1942 -0.0979 0.9761
vn -0.1914 -0.1948 0.9620
vn -0.1867 -0.2899 0.9387
vn -0.1803 -0.3821 0.9063
vn -0.1721 -0.4708 0.8653
vn -0.1623 -0.5549 0.8160
vn -0.1509 -0.6336 0.7588
vn -0.1381 -0.7063 0.6943
vn -0.1239 -0.7723 0.6231
vn -0.1086 -0.8308 0.5459
vn -0.0922 -0.8813 0.4635
vn -0.0749 -0.9233 0.3766
vn -0.0569 -0.9565 0.2861
vn -0.0383 -0.9805 0.1928
vn -0.0194 -0.9950 0.0976
vn -0.0289 0.9950 0.0952
vn -0.0571 0.9805 0.1881
vn -0.0847 0.9565 0.2791
vn -0.1115 0.9233 0.3675
vn -0.1372 0.8813 0.4522
vn -0.1616 0.8308 0.5327
vn -0.1844 0.7723 0.6080
vn -0.2055 0.7063 0.6774
vn -0.2246 0.6336 0.7403
vn -0.2415 0.5549 0.7961
vn -0.2561 0.4708 0.8443
vn -0.2683 0.3821 0.8843
vn -0.2778 0.2899 0.9159
vn -0.2847 0.1948 0.9386
vn -0.2889 0.0979 0.9523
vn -0.2903 -0.0000 0.9569
vn -0.2889 -0.0979 0.9523
vn -0.2847 -0.1948 0.9386
vn -0.2778 -0.2899 0.9159
vn -0.2683 -0.3821 0.8843
vn -0.2561 -0.4708 0.8443
vn -0.2415 -0.5549 0.7961
vn -0.2246 -0.6336 0.7403
vn -0.2055 -0.7063 0.6774
vn -0.1844 -0.7723 0.6080
vn -0.1616 -0.8308 0.5327
vn -0.1372 -0.8813 0.4522
vn -0.1115 -0.9233 0.3675
vn -0.0847 -0.9565 0.2791
vn -0.0571 -0.9805 0.1881
vn -0.0289 -0.9950 0.0952
vn -0.0381 0.9950 0.0920
vn -0.0752 0.9805 0.1816
vn -0.1116 0.9565 0.2695
vn -0.1469 0.9233 0.3548
vn -0.1809 0.8813 0.4366
vn -0.2130 0.8308 0.5143
vn -0.2431 0.7723 0.5869
vn -0.2709 0.7063 0.6540
vn -0.2961 0.6336 0.7147
vn -0.3184 0.5549 0.7686
vn -0.3376 0.4708 0.8151
vn -0.3536 0.3821 0.8538
vn -0.3663 0.2899 0.8842
vn -0.3754 0.1948 0.9062
vn -0.3808 0.0979 0.9194
vn -0.3827 -0.0000 0.9239
vn -0.3808 -0.0979 0.9194
vn -0.3754 -0.1948 0.9062
vn -0.3663 -0.2899 0.8842
vn -0.3536 -0.3821 0.8538
vn -0.3376 -0.4708 0.8151
vn -0.3184 -0.5549 0.7686
vn -0.2961 -0.6336 0.7147
vn -0.2709 -0.7063 0.6540
vn -0.2431 -0.7723 0.5869
vn -0.2130 -0.8308 0.5143
vn -0.1809 -0.8813 0.4366
vn -0.1469 -0.9233 0.3548
vn -0.1116 -0.9565 0.2695
vn -0.0752 -0.9805 0.1816
vn -0.0381 -0.9950 0.0920
vn -0.0469 0.9950 0.0878
vn -0.0927 0.9805 0.1734
vn -0.1375 0.9565 0.2572
vn -0.1810 0.9233 0.3386
vn -0.2228 0.8813 0.4168
vn -0.2624 0.8308 0.4909
vn -0.2995 0.7723 0.5603
vn -0.3337 0.7063 0.6243
vn -0.3647 0.6336 0.6823
vn -0.3922 0.5549 0.7337
vn -0.4159 0.4708 0.7781
vn -0.4356 0.3821 0.8150
vn -0.4512 0.2899 0.8441
vn -0.4624 0.1948 0.8650
vn -0.4691 0.0979 0.8777
vn -0.4714 -0.0000 0.8819
vn -0.4691 -0.0979 0.8777
vn -0.4624 -0.1948 0.8650
vn -0.4512 -0.2899 0.8441
vn -0.4356 -0.3821 0.8150
vn -0.4159 -0.4708 0.7781
vn -0.3922 -0.5549 0.7337
vn -0.3647 -0.6336 0.6823
vn -0.3337 -0.7063 0.6243
vn -0.2995 -0.7723 0.5603
vn -0.2624 -0.8308 0.4909
vn -0.2228 -0.8813 0.4168
vn -0.1810 -0.9233 0.3386
vn -0.1375 -0.9565 0.2572
vn -0.0927 -0.9805 0.1734
vn -0.0469 -0.9950 0.0878
vn -0.0553 0.9950 0.0828
vn -0.1092 0.9805 0.1634
vn -0.1621 0.9565 0.2425
vn -0.2133 0.9233 0.3193
vn -0.2626 0.8813 0.3929
vn -0.3092 0.8308 0.4628
vn -0.3530 0.7723 0.5282
vn -0.3933 0.7063 0.5886
vn -0.4298 0.6336 0.6432
vn -0.4622 0.5549 0.6917
vn -0.4902 0.4708 0.7336
vn -0.5134 0.3821 0.7684
vn -0.5317 0.2899 0.7958
vn -0.5449 0.1948 0.8155
vn -0.5529 0.0979 0.8275
vn -0.5556 -0.0000 0.8315
vn -0.5529 -0.0979 0.8275
vn -0.5449 -0.1948 0.8155
vn -0.5317 -0.2899 0.7958
vn -0.5134 -0.3821 0.7684
vn -0.4902 -0.4708 0.7336
vn -0.4622 -0.5549 0.6917
vn -0.4298 -0.6336 0.6432
vn -0.3933 -0.7063 0.5886
vn -0.3530 -0.7723 0.5282
vn -0.3092 -0.8308 0.4628
vn -0.2626 -0.8813 0.3929
vn -0.2133 -0.9233 0.3193
vn -0.1621 -0.9565 0.2425
vn -0.1092 -0.9805 0.1634
vn -0.0553 -0.9950 0.0828
vn -0.0631 0.9950 0.0769
vn -0.1247 0.9805 0.1519
vn -0.1850 0.9565 0.2255
vn -0.2436 0.9233 0.2968
vn -0.2998 0.8813 0.3653
vn -0.3531 0.8308 0.4303
vn -0.4030 0.7723 0.4911
vn -0.4491 0.7063 0.5472
vn -0.4908 0.6336 0.5980
vn -0.5278 0.5549 0.6431
vn -0.5597 0.4708 0.6820
vn -0.5862 0.3821 0.7143
vn -0.6072 0.2899 0.7398
vn -0.6222 0.1948 0.7582
vn -0.6313 0.0979 0.7693
vn -0.6344 -0.0000 0.7730
vn -0.6313 -0.0979 0.7693
vn -0.6222 -0.1948 0.7582
vn -0.6072 -0.2899 0.7398
vn -0.5862 -0.3821 0.7143
vn -0.5597 -0.4708 0.6820
vn -0.5278 -0.5549 0.6431
vn -0.4908 -0.6336 0.5980
vn -0.4491 -0.7063 0.5472
vn -0.4030 -0.7723 0.4911
vn -0.3531 -0.8308 0.4303
vn -0.2998 -0.8813 0.3653
vn -0.2436 -0.9233 0.2968
vn -0.1850 -0.9565 0.2255
vn -0.1247 -0.9805 0.1519
vn -0.0631 -0.9950 0.0769
vn -0.0704 0.9950 0.0704
vn -0.1390 0.9805 0.1390
vn -0.2063 0.9565 0.2063
vn -0.2715 0.9233 0.2715
vn -0.3342 0.8813 0.3342
vn -0.3936 0.8308 0.3936
vn -0.4492 0.7723 0.4492
vn -0.5005 0.7063 0.5005
vn -0.5470 0.6336 0.5470
vn -0.5883 0.5549 0.5883
vn -0.6239 0.4708 0.6239
vn -0.6534 0.3821 0.6534
vn -0.6768 0.2899 0.6768
vn -0.6936 0.1948 0.6936
vn -0.7037 0.0979 0.7037
vn -0.7071 -0.0000 0.7071
vn -0.7037 -0.0979 0.7037
vn -0.6936 -0.1948 0.6936
vn -0.6768 -0.2899 0.6768
vn -0.6534 -0.3821 0.6534
vn -0.6239 -0.4708 0.6239
vn -0.5883 -0.5549 0.5883
vn -0.5470 -0.6336 0.5470
vn -0.5005 -0.7063 0.5005
vn -0.4492 -0.7723 0.4492
vn -0.3936 -0.8308 0.3936
vn -0.3342 -0.8813 0.3342
vn -0.2715 -0.9233 0.2715
vn -0.2063 -0.9565 0.2063
vn -0.1390 -0.9805 0.1390
vn -0.0704 -0.9950 0.0704
vn -0.0769 0.9950 0.0631
vn -0.1519 0.9805 0.1247
vn -0.2255 0.9565 0.1850
vn -0.2968 0.9233 0.2436
vn -0.3653 0.8813 0.2998
vn -0.4303 0.8308 0.3531
vn -0.4911 0.7723 0.4030
vn -0.5472 0.7063 0.4491
vn -0.5980 0.6336 0.4908
vn -0.6431 0.5549 0.5278
vn -0.6820 0.4708 0.5597
vn -0.7143 0.3821 0.5862
vn -0.7398 0.2899 0.6072
vn -0.7582 0.1948 0.6222
vn -0.7693 0.0979 0.6313
vn -0.7730 -0.0000 0.6344
vn -0.7693 -0.0979 0.6313
vn -0.7582 -0.1948 0.6222
vn -0.7398 -0.2899 0.6072
vn -0.7143 -0.3821 0.5862
vn -0.6820 -0.4708 0.5597
vn -0.6431 -0.5549 0.5278
vn -0.5980 -0.6336 0.4908
vn -0.5472 -0.7063 0.4491
vn -0.4911 -0.7723 0.4030
vn -0.4303 -0.8308 0.3531
vn -0.3653 -0.8813 0.2998
vn -0.2968 -0.9233 0.2436
vn -0.2255 -0.9565 0.1850
vn -0.1519 -0.9805 0.1247
vn -0.0769 -0.9950 0.0631
vn -0.0828 0.9950 0.0553
vn -0.1634 0.9805 0.1092
vn -0.2425 0.9565 0.1621
vn -0.3193 0.9233 0.2133
vn -0.3929 0.8813 0.2626
vn -0.4628 0.8308 0.3092
vn -0.5282 0.7723 0.3530
vn -0.5886 0.7063 0.3933
vn -0.6432 0.6336 0.4298
vn -0.6917 0.5549 0.4622
vn -0.7336 0.4708 0.4902
vn -0.7684 0.3821 0.5134
vn -0.7958 0.2899 0.5317
vn -0.8155 0.1948 0.5449
vn -0.8275 0.0979 0.5529
vn -0.8315 -0.0000 0.5556
vn -0.8275 -0.0979 0.5529
vn -0.8155 -0.1948 0.5449
vn -0.7958 -0.2899 0.5317
vn -0.7684 -0.3821 0.5134
vn -0.7336 -0.4708 0.4902
vn -0.6917 -0.5549 0.4622
vn -0.6432 -0.6336 0.4298
vn -0.5886 -0.7063 0.3933
vn -0.5282 -0.7723 0.3530
vn -0.4628 -0.8308 0.3092
vn -0.3929 -0.8813 0.2626
vn -0.3193 -0.9233 0.2133
vn -0.2425 -0.9565 0.1621
vn -0.1634 -0.9805 0.1092
vn -0.0828 -0.9950 0.0553
vn -0.0878 0.9950 0.0469
vn -0.1734 0.9805 0.0927
vn -0.2572 0.9565 0.1375
vn -0.3386 0.9233 0.1810
vn -0.4168 0.8813 0.2228
vn -0.4909 0.8308 0.2624
vn -0.5603 0.7723 0.2995
vn -0.6243 0.7063 0.3337
vn -0.6823 0.6336 0.3647
vn -0.7337 0.5549 0.3922
vn -0.7781 0.4708 0.4159
vn -0.8150 0.3821 0.4356
vn -0.8441 0.2899 0.4512
vn -0.8650 0.1948 0.4624
vn -0.8777 0.0979 0.4691
vn -0.8819 -0.0000 0.4714
vn -0.8777 -0.0979 0.4691
vn -0.8650 -0.1948 0.4624
vn -0.8441 -0.2899 0.4512
vn -0.8150 -0.3821 0.4356
vn -0.7781 -0.4708 0.4159
vn -0.7337 -0.5549 0.3922
vn -0.6823 -0.6336 0.3647
vn -0.6243 -0.7063 0.3337
vn -0.5603 -0.7723 0.2995
vn -0.4909 -0.8308 0.2624
vn -0.4168 -0.8813 0.2228
vn -0.3386 -0.9233 0.1810
vn -0.2572 -0.9565 0.1375
vn -0.1734 -0.9805 0.0927
vn -0.0878 -0.9950 0.0469
vn -0.0920 0.9950 0.0381
vn -0.1816 0.9805 0.0752
vn -0.2695 0.9565 0.1116
vn -0.3548 0.9233 0.1469
vn -0.4366 0.8813 0.1809
vn -0.5143 0.8308 0.2130
vn -0.5869 0.7723 0.2431
vn -0.6540 0.7063 0.2709
vn -0.7147 0.6336 0.2961
vn -0.7686 0.5549 0.3184
vn -0.8151 0.4708 0.3376
vn -0.8538 0.3821 0.3536
vn -0.8842 0.2899 0.3663
vn -0.9062 0.1948 0.3754
vn -0.9194 0.0979 0.3808
vn -0.9239 -0.0000 0.3827
vn -0.9194 -0.0979 0.3808
vn -0.9062 -0.1948 0.3754
vn -0.8842 -0.2899 0.3663
vn -0.8538 -0.3821 0.3536
vn -0.8151 -0.4708 0.3376
vn -0.7686 -0.5549 0.3184
vn -0.7147 -0.6336 0.2961
vn -0.6540 -0.7063 0.2709
vn -0.5869 -0.7723 0.2431
vn -0.5143 -0.8308 0.2130
vn -0.4366 -0.8813 0.1809
vn -0.3548 -0.9233 0.1469
vn -0.2695 -0.9565 0.1116
vn -0.1816 -0.9805 0.0752
vn -0.0920 -0.9950 0.0381
vn -0.0952 0.9950 0.0289
vn -0.1881 0.9805 0.0571
vn -0.2791 0.9565 0.0847
vn -0.3675 0.9233 0.1115
vn -0.4522 0.8813 0.1372
vn -0.5327 0.8308 0.1616
vn -0.6080 0.7723 0.1844
vn -0.6774 0.7063 0.2055
vn -0.7403 0.6336 0.2246
vn -0.7961 0.5549 0.2415
vn -0.8443 0.4708 0.2561
vn -0.8843 0.3821 0.2683
vn -0.9159 0.2899 0.2778
vn -0.9386 0.1948 0.2847
vn -0.9523 0.0979 0.2889
vn -0.9569 -0.0000 0.2903
vn -0.9523 -0.0979 0.2889
vn -0.9386 -0.1948 0.2847
vn -0.9159 -0.2899 0.2778
vn -0.8843 -0.3821 0.2683
vn -0.8443 -0.4708 0.2561
vn -0.7961 -0.5549 0.2415
vn -0.7403 -0.6336 0.2246
vn -0.6774 -0.7063 0.2055
vn -0.6080 -0.7723 0.1844
vn -0.5327 -0.8308 0.1616
vn -0.4522 -0.8813 0.1372
vn -0.3675 -0.9233 0.1115
vn -0.2791 -0.9565 0.0847
vn -0.1881 -0.9805 0.0571
vn -0.0952 -0.9950 0.0289
vn -0.0976 0.9950 0.0194
vn -0.1928 0.9805 0.0383
vn -0.2861 0.9565 0.0569
vn -0.3766 0.9233 0.0749
vn -0.4635 0.8813 0.0922
vn -0.5459 0.8308 0.1086
vn -0.6231 0.7723 0.1239
vn -0.6943 0.7063 0.1381
vn -0.7588 0.6336 0.1509
vn -0.8160 0.5549 0.1623
vn -0.8653 0.4708 0.1721
vn -0.9063 0.3821 0.1803
vn -0.9387 0.2899 0.1867
vn -0.9620 0.1948 0.1914
vn -0.9761 0.0979 0.1942
vn -0.9808 -0.0000 0.1951
vn -0.9761 -0.0979 0.1942
vn -0.9620 -0.1948 0.1914
vn -0.9387 -0.2899 0.1867
vn -0.9063 -0.3821 0.1803
vn -0.8653 -0.4708 0.1721
vn -0.8160 -0.5549 0.1623
vn -0.7588 -0.6336 0.1509
vn -0.6943 -0.7063 0.1381
vn -0.6231 -0.7723 0.1239
vn -0.5459 -0.8308 0.1086
vn -0.4635 -0.8813 0.0922
vn -0.3766 -0.9233 0.0749
vn -0.2861 -0.9565 0.0569
vn -0.1928 -0.9805 0.0383
vn -0.0976 -0.9950 0.0194
vn -0.0991 0.9950 0.0098
vn -0.1956 0.9805 0.0193
vn -0.2903 0.9565 0.0286
vn -0.3821 0.9233 0.0376
vn -0.4703 0.8813 0.0463
vn -0.5539 0.8308 0.0546
vn -0.6322 0.7723 0.0623
vn -0.7045 0.7063 0.0694
vn -0.7699 0.6336 0.0758
vn -0.8279 0.5549 0.0815
vn -0.8780 0.4708 0.0865
vn -0.9197 0.3821 0.0906
vn -0.9525 0.2899 0.0938
vn -0.9761 0.1948 0.0961
vn -0.9904 0.0979 0.0975
vn -0.9952 -0.0000 0.0980
vn -0.9904 -0.0979 0.0975
vn -0.9761 -0.1948 0.0961
vn -0.9525 -0.2899 0.0938
vn -0.9197 -0.3821 0.0906
vn -0.8780 -0.4708 0.0865
vn -0.8279 -0.5549 0.0815
vn -0.7699 -0.6336 0.0758
vn -0.7045 -0.7063 0.0694
vn -0.6322 -0.7723 0.0623
vn -0.5539 -0.8308 0.0546
vn -0.4703 -0.8813 0.0463
vn -0.3821 -0.9233 0.0376
vn -0.2903 -0.9565 0.0286
vn -0.1956 -0.9805 0.0193
vn -0.0991 -0.9950 0.0098
vn -0.0995 0.9950 -0.0000
vn -0.1966 0.9805 -0.0000
vn -0.2917 0.9565 -0.0000
vn -0.3840 0.9233 -0.0000
vn -0.4726 0.8813 -0.0000
vn -0.5566 0.8308 -0.0000
vn -0.6353 0.7723 -0.0000
vn -0.7079 0.7063 -0.0000
vn -0.7736 0.6336 -0.0000
vn -0.8319 0.5549 -0.0000
vn -0.8823 0.4708 -0.0000
vn -0.9241 0.3821 -0.0000
vn -0.9571 0.2899 -0.0000
vn -0.9808 0.1948 -0.0000
vn -0.9952 0.0979 -0.0000
vn -1.0000 -0.0000 -0.0000
vn -0.9952 -0.0979 -0.0000
vn -0.9808 -0.1948 -0.0000
vn -0.9571 -0.2899 -0.0000
vn -0.9241 -0.3821 -0.0000
vn -0.8823 -0.4708 -0.0000
vn -0.8319 -0.5549 -0.0000
vn -0.7736 -0.6336 -0.0000
vn -0.7079 -0.7063 -0.0000
vn -0.6353 -0.7723 -0.0000
vn -0.5566 -0.8308 -0.0000
vn -0.4726 -0.8813 -0.0000
vn -0.3840 -0.9233 -0.0000
vn -0.2917 -0.9565 -0.0000
vn -0.1966 -0.9805 -0.0000
vn -0.0995 -0.9950 -0.0000
vn -0.0991 0.9950 -0.0098
vn -0.1956 0.9805 -0.0193
vn -0.2903 0.9565 -0.0286
vn -0.3821 0.9233 -0.0376
vn -0.4703 0.8813 -0.0463
vn -0.5539 0.8308 -0.0546
vn -0.6322 0.7723 -0.0623
vn -0.7045 0.7063 -0.0694
vn -0.7699 0.6336 -0.0758
vn -0.8279 0.5549 -0.0815
vn -0.8780 0.4708 -0.0865
vn -0.9197 0.3821 -0.0906
vn -0.9525 0.2899 -0.0938
vn -0.9761 0.1948 -0.0961
vn -0.9904 0.0979 -0.0975
vn -0.9952 -0.0000 -0.0980
vn -0.9904 -0.0979 -0.0975
vn -0.9761 -0.1948 -0.0961
vn -0.9525 -0.2899 -0.0938
vn -0.9197 -0.3821 -0.0906
vn -0.8780 -0.4708 -0.0865
vn -0.8279 -0.5549 -0.0815
vn -0.7699 -0.6336 -0.0758
vn -0.7045 -0.7063 -0.0694
vn -0.6322 -0.7723 -0.0623
vn -0.5539 -0.8308 -0.0546
vn -0.4703 -0.8813 -0.0463
vn -0.3821 -0.9233 -0.0376
vn -0.2903 -0.9565 -0.0286
vn -0.1956 -0.9805 -0.0193
vn -0.0991 -0.9950 -0.0098
vn -0.0976 0.9950 -0.0194
vn -0.1928 0.9805 -0.0383
vn -0.2861 0.9565 -0.0569
vn -0.3766 0.9233 -0.0749
vn -0.4635 0.8813 -0.0922
vn -0.5459 0.8308 -0.1086
vn -0.6231 0.7723 -0.1239
vn -0.6943 0.7063 -0.1381
vn -0.7588 0.6336 -0.1509
vn -0.8160 0.5549 -0.1623
vn -0.8653 0.4708 -0.1721
vn -0.9063 0.3821 -0.1803
vn -0.9387 0.2899 -0.1867
vn -0.9620 0.1948 -0.1914
vn -0.9761 0.0979 -0.1942
vn -0.9808 -0.0000 -0.1951
vn -0.9761 -0.0979 -0.1942
vn -0.9620 -0.1948 -0.1914
vn -0.9387 -0.2899 -0.1867
vn -0.9063 -0.3821 -0.1803
vn -0.8653 -0.4708 -0.1721
vn -0.8160 -0.5549 -0.1623
vn -0.7588 -0.6336 -0.1509
vn -0.6943 -0.7063 -0.1381
vn -0.6231 -0.7723 -0.1239
vn -0.5459 -0.8308 -0.1086
vn -0.4635 -0.8813 -0.0922
vn -0.3766 -0.9233 -0.0749
vn -0.2861 -0.9565 -0.0569
vn -0.1928 -0.9805 -0.0383
vn -0.0976 -0.9950 -0.0194
vn -0.0952 0.9950 -0.0289
vn -0.1881 0.9805 -0.0571
vn -0.2791 0.9565 -0.0847
vn -0.3675 0.9233 -0.1115
vn -0.4522 0.8813 -0.1372
vn -0.5327 0.8308 -0.1616
vn -0.6080 0.7723 -0.1844
vn -0.6774 0.7063 -0.2055
vn -0.7403 0.6336 -0.2246
vn -0.7961 0.5549 -0.2415
vn -0.8443 0.4708 -0.2561
vn -0.8843 0.3821 -0.2683
vn -0.9159 0.2899 -0.2778
vn -0.9386 0.1948 -0.2847
vn -0.9523 0.0979 -0.2889
vn -0.9569 -0.0000 -0.2903
vn -0.9523 -0.0979 -0.2889
vn -0.9386 -0.1948 -0.2847
vn -0.9159 -0.2899 -0.2778
vn -0.8843 -0.3821 -0.2683
vn -0.8443 -0.4708 -0.2561
vn -0.7961 -0.5549 -0.2415
vn -0.7403 -0.6336 -0.2246
vn -0.6774 -0.7063 -0.2055
vn -0.6080 -0.7723 -0.1844
vn -0.5327 -0.8308 -0.1616
vn -0.4522 -0.8813 -0.1372
vn -0.3675 -0.9233 -0.1115
vn -0.2791 -0.9565 -0.0847
vn -0.1881 -0.9805 -0.0571
vn -0.0952 -0.9950 -0.0289
vn -0.0920 0.9950 -0.0381
vn -0.1816 0.9805 -0.0752
vn -0.2695 0.9565 -0.1116
vn -0.3548 0.9233 -0.1469
vn -0.4366 0.8813 -0.1809
vn -0.5143 0.8308 -0.2130
vn -0.5869 0.7723 -0.2431
vn -0.6540 0.7063 -0.2709
vn -0.7147 0.6336 -0.2961
vn -0.7686 0.5549 -0.3184
vn -0.8151 0.4708 -0.3376
vn -0.8538 0.3821 -0.3536
vn -0.8842 0.2899 -0.3663
vn -0.9062 0.1948 -0.3754
vn -0.9194 0.0979 -0.3808
vn -0.9239 -0.0000 -0.3827
vn -0.9194 -0.0979 -0.3808
vn -0.9062 -0.1948 -0.3754
vn -0.8842 -0.2899 -0.3663
vn -0.8538 -0.3821 -0.3536
vn -0.8151 -0.4708 -0.3376
vn -0.7686 -0.5549 -0.3184
vn -0.7147 -0.6336 -0.2961
vn -0.6540 -0.7063 -0.2709
vn -0.5869 -0.7723 -0.2431
vn -0.5143 -0.8308 -0.2130
vn -0.4366 -0.8813 -0.1809
vn -0.3548 -0.9233 -0.1469
vn -0.2695 -0.9565 -0.1116
vn -0.1816 -0.9805 -0.0752
vn -0.0920 -0.9950 -0.0381
vn -0.0878 0.9950 -0.0469
vn -0.1734 0.9805 -0.0927
vn -0.2572 0.9565 -0.1375
vn -0.3386 0.9233 -0.1810
vn -0.4168 0.8813 -0.2228
vn -0.4909 0.8308 -0.2624
vn -0.5603 0.7723 -0.2995
vn -0.6243 0.7063 -0.3337
vn -0.6823 0.6336 -0.3647
vn -0.7337 0.5549 -0.3922
vn -0.7781 0.4708 -0.4159
vn -0.8150 0.3821 -0.4356
vn -0.8441 0.2899 -0.4512
vn -0.8650 0.1948 -0.4624
vn -0.8777 0.0979 -0.4691
vn -0.8819 -0.0000 -0.4714
vn -0.8777 -0.0979 -0.4691
vn -0.8650 -0.1948 -0.4624
vn -0.8441 -0.2899 -0.4512
vn -0.8150 -0.3821 -0.4356
vn -0.7781 -0.4708 -0.4159
vn -0.7337 -0.5549 -0.3922
vn -0.6823 -0.6336 -0.3647
vn -0.6243 -0.7063 -0.3337
vn -0.5603 -0.7723 -0.2995
vn -0.4909 -0.8308 -0.2624
vn -0.4168 -0.8813 -0.2228
vn -0.3386 -0.9233 -0.1810
vn -0.2572 -0.9565 -0.1375
vn -0.1734 -0.9805 -0.0927
vn -0.0878 -0.9950 -0.0469
vn -0.0828 0.9950 -0.0553
vn -0.1634 0.9805 -0.1092
vn -0.2425 0.9565 -0.1621
vn -0.3193 0.9233 -0.2133
vn -0.3929 0.8813 -0.2626
vn -0.4628 0.8308 -0.3092
vn -0.5282 0.7723 -0.3530
vn -0.5886 0.7063 -0.3933
vn -0.6432 0.6336 -0.4298
vn -0.6917 0.5549 -0.4622
vn -0.7336 0.4708 -0.4902
vn -0.7684 0.3821 -0.5134
vn -0.7958 0.2899 -0.5317
vn -0.8155 0.1948 -0.5449
vn -0.8275 0.0979 -0.5529
vn -0.8315 -0.0000 -0.5556
vn -0.8275 -0.0979 -0.5529
vn -0.8155 -0.1948 -0.5449
vn -0.7958 -0.2899 -0.5317
vn -0.7684 -0.3821 -0.5134
vn -0.7336 -0.4708 -0.4902
vn -0.6917 -0.5549 -0.4622
vn -0.6432 -0.6336 -0.4298
vn -0.5886 -0.7063 -0.3933
vn -0.5282 -0.7723 -0.3530
vn -0.4628 -0.8308 -0.3092
vn -0.3929 -0.8813 -0.2626
vn -0.3193 -0.9233 -0.2133
vn -0.2425 -0.9565 -0.1621
vn -0.1634 -0.9805 -0.1092
vn -0.0828 -0.9950 -0.0553
vn -0.0769 0.9950 -0.0631
vn -0.1519 0.9805 -0.1247
vn -0.2255 0.9565 -0.1850
vn -0.2968 0.9233 -0.2436
vn -0.3653 0.8813 -0.2998
vn -0.4303 0.8308 -0.3531
vn -0.4911 0.7723 -0.4030
vn -0.5472 0.7063 -0.4491
vn -0.5980 0.6336 -0.4908
vn -0.6431 0.5549 -0.5278
vn -0.6820 0.4708 -0.5597
vn -0.7143 0.3821 -0.5862
vn -0.7398 0.2899 -0.6072
vn -0.7582 0.1948 -0.6222
vn -0.7693 0.0979 -0.6313
vn -0.7730 -0.0000 -0.6344
vn -0.7693 -0.0979 -0.6313
vn -0.7582 -0.1948 -0.6222
vn -0.7398 -0.2899 -0.6072
vn -0.7143 -0.3821 -0.5862
vn -0.6820 -0.4708 -0.5597
vn -0.6431 -0.5549 -0.5278
vn -0.5980 -0.6336 -0.4908
vn -0.5472 -0.7063 -0.4491
vn -0.4911 -0.7723 -0.4030
vn -0.4303 -0.8308 -0.3531
vn -0.3653 -0.8813 -0.2998
vn -0.2968 -0.9233 -0.2436
vn -0.2255 -0.9565 -0.1850
vn -0.1519 -0.9805 -0.1247
vn -0.0769 -0.9950 -0.0631
vn -0.0704 0.9950 -0.0704
vn -0.1390 0.9805 -0.1390
vn -0.2063 0.9565 -0.2063
vn -0.2715 0.9233 -0.2715
vn -0.3342 0.8813 -0.3342
vn -0.3936 0.8308 -0.3936
vn -0.4492 0.7723 -0.4492
vn -0.5005 0.7063 -0.5005
vn -0.5470 0.6336 -0.5470
vn -0.5883 0.5549 -0.5883
vn -0.6239 0.4708 -0.6239
vn -0.6534 0.3821 -0.6534
vn -0.6768 0.2899 -0.6768
vn -0.6936 0.1948 -0.6936
vn -0.7037 0.0979 -0.7037
vn -0.7071 -0.0000 -0.7071
vn -0.7037 -0.0979 -0.7037
vn -0.6936 -0.1948 -0.6936
vn -0.6768 -0.2899 -0.6768
vn -0.6534 -0.3821 -0.6534
vn -0.6239 -0.4708 -0.6239
vn -0.5883 -0.5549 -0.5883
vn -0.5470 -0.6336 -0.5470
vn -0.5005 -0.7063 -0.5005
vn -0.4492 -0.7723 -0.4492
vn -0.3936 -0.8308 -0.3936
vn -0.3342 -0.8813 -0.3342
vn -0.2715 -0.9233 -0.2715
vn -0.2063 -0.9565 -0.2063
vn -0.1390 -0.9805 -0.1390
vn -0.0704 -0.9950 -0.0704
vn -0.0631 0.9950 -0.0769
vn -0.1247 0.9805 -0.1519
vn -0.1850 0.9565 -0.2255
vn -0.2436 0.9233 -0.2968
vn -0.2998 0.8813 -0.3653
vn -0.3531 0.8308 -0.4303
vn -0.4030 0.7723 -0.4911
vn -0.4491 0.7063 -0.5472
vn -0.4908 0.6336 -0.5980
vn -0.5278 0.5549 -0.6431
vn -0.5597 0.4708 -0.6820
vn -0.5862 0.3821 -0.7143
vn -0.6072 0.2899 -0.7398
vn -0.6222 0.1948 -0.7582
vn -0.6313 0.0979 -0.7693
vn -0.6344 -0.0000 -0.7730
vn -0.6313 -0.0979 -0.7693
vn -0.6222 -0.1948 -0.7582
vn -0.6072 -0.2899 -0.7398
vn -0.5862 -0.3821 -0.7143
vn -0.5597 -0.4708 -0.6820
vn -0.5278 -0.5549 -0.6431
vn -0.4908 -0.6336 -0.5980
vn -0.4491 -0.7063 -0.5472
vn -0.4030 -0.7723 -0.4911
vn -0.3531 -0.8308 -0.4303
vn -0.2998 -0.8813 -0.3653
vn -0.2436 -0.9233 -0.2968
vn -0.1850 -0.9565 -0.2255
vn -0.1247 -0.9805 -0.1519
vn -0.0631 -0.9950 -0.0769
vn -0.0553 0.9950 -0.0828
vn -0.1092 0.9805 -0.1634
vn -0.1621 0.9565 -0.2425
vn -0.2133 0.9233 -0.3193
vn -0.2626 0.8813 -0.3929
vn -0.3092 0.8308 -0.4628
vn -0.3530 0.7723 -0.5282
vn -0.3933 0.7063 -0.5886
vn -0.4298 0.6336 -0.6432
vn -0.4622 0.5549 -0.6917
vn -0.4902 0.4708 -0.7336
vn -0.5134 0.3821 -0.7684
vn -0.5317 0.2899 -0.7958
vn -0.5449 0.1948 -0.8155
vn -0.5529 0.0979 -0.8275
vn -0.5556 -0.0000 -0.8315
vn -0.5529 -0.0979 -0.8275
vn -0.5449 -0.1948 -0.8155
vn -0.5317 -0.2899 -0.7958
vn -0.5134 -0.3821 -0.7684
vn -0.4902 -0.4708 -0.7336
vn -0.4622 -0.5549 -0.6917
vn -0.4298 -0.6336 -0.6432
vn -0.3933 -0.7063 -0.5886
vn -0.3530 -0.7723 -0.5282
vn -0.3092 -0.8308 -0.4628
vn -0.2626 -0.8813 -0.3929
vn -0.2133 -0.9233 -0.3193
vn -0.1621 -0.9565 -0.2425
vn -0.1092 -0.9805 -0.1634
vn -0.0553 -0.9950 -0.0828
vn -0.0469 0.9950 -0.0878
vn -0.0927 0.9805 -0.1734
vn -0.1375 0.9565 -0.2572
vn -0.1810 0.9233 -0.3386
vn -0.2228 0.8813 -0.4168
vn -0.2624 0.8308 -0.4909
vn -0.2995 0.7723 -0.5603
vn -0.3337 0.7063 -0.6243
vn -0.3647 0.6336 -0.6823
vn -0.3922 0.5549 -0.7337
vn -0.4159 0.4708 -0.7781
vn -0.4356 0.3821 -0.8150
vn -0.4512 0.2899 -0.8441
vn -0.4624 0.1948 -0.8650
vn -0.4691 0.0979 -0.8777
vn -0.4714 -0.0000 -0.8819
vn -0.4691 -0.0979 -0.8777
vn -0.4624 -0.1948 -0.8650
vn -0.4512 -0.2899 -0.8441
vn -0.4356 -0.3821 -0.8150
vn -0.4159 -0.4708 -0.7781
vn -0.3922 -0.5549 -0.7337
vn -0.3647 -0.6336 -0.6823
vn -0.3337 -0.7063 -0.6243
vn -0.2995 -0.7723 -0.5603
vn -0.2624 -0.8308 -0.4909
vn -0.2228 -0.8813 -0.4168
vn -0.1810 -0.9233 -0.3386
vn -0.1375 -0.9565 -0.2572
vn -0.0927 -0.9805 -0.1734
vn -0.0469 -0.9950 -0.0878
vn -0.0381 0.9950 -0.0920
vn -0.0752 0.9805 -0.1816
vn -0.1116 0.9565 -0.2695
vn -0.1469 0.9233 -0.3548
vn -0.1809 0.8813 -0.4366
vn -0.2130 0.8308 -0.5143
vn -0.2431 0.7723 -0.5869
vn -0.2709 0.7063 -0.6540
vn -0.2961 0.6336 -0.7147
vn -0.3184 0.5549 -0.7686
vn -0.3376 0.4708 -0.8151
vn -0.3536 0.3821 -0.8538
vn -0.3663 0.2899 -0.8842
vn -0.3754 0.1948 -0.9062
vn -0.3808 0.0979 -0.9194
vn -0.3827 -0.0000 -0.9239
vn -0.3808 -0.0979 -0.9194
vn -0.3754 -0.1948 -0.9062
vn -0.3663 -0.2899 -0.8842
vn -0.3536 -0.3821 -0.8538
vn -0.3376 -0.4708 -0.8151
vn -0.3184 -0.5549 -0.7686
vn -0.2961 -0.6336 -0.7147
vn -0.2709 -0.7063 -0.6540
vn -0.2431 -0.7723 -0.5869
vn -0.2130 -0.8308 -0.5143
vn -0.1809 -0.8813 -0.4366
vn -0.1469 -0.9233 -0.3548
vn -0.1116 -0.9565 -0.2695
vn -0.0752 -0.9805 -0.1816
vn -0.0381 -0.9950 -0.0920
vn -0.0289 0.9950 -0.0952
vn -0.0571 0.9805 -0.1881
vn -0.0847 0.9565 -0.2791
vn -0.1115 0.9233 -0.3675
vn -0.1372 0.8813 -0.4522
vn -0.1616 0.8308 -0.5327
vn -0.1844 0.7723 -0.6080
vn -0.2055 0.7063 -0.6774
vn -0.2246 0.6336 -0.7403
vn -0.2415 0.5549 -0.7961
vn -0.2561 0.4708 -0.8443
vn -0.2683 0.3821 -0.8843
vn -0.2778 0.2899 -0.9159
vn -0.2847 0.1948 -0.9386
vn -0.2889 0.0979 -0.9523
vn -0.2903 -0.0000 -0.9569
vn -0.2889 -0.0979 -0.9523
vn -0.2847 -0.1948 -0.9386
vn -0.2778 -0.2899 -0.9159
vn -0.2683 -0.3821 -0.8843
vn -0.2561 -0.4708 -0.8443
vn -0.2415 -0.5549 -0.7961
vn -0.2246 -0.6336 -0.7403
vn -0.2055 -0.7063 -0.6774
vn -0.1844 -0.7723 -0.6080
vn -0.1616 -0.8308 -0.5327
vn -0.1372 -0.8813 -0.4522
vn -0.1115 -0.9233 -0.3675
vn -0.0847 -0.9565 -0.2791
vn -0.0571 -0.9805 -0.1881
vn -0.0289 -0.9950 -0.0952
vn -0.0194 0.9950 -0.0976
vn -0.0383 0.9805 -0.1928
vn -0.0569 0.9565 -0.2861
vn -0.0749 0.9233 -0.3766
vn -0.0922 0.8813 -0.4635
vn -0.1086 0.8308 -0.5459
vn -0.1239 0.7723 -0.6231
vn -0.1381 0.7063 -0.6943
vn -0.1509 0.6336 -0.7588
vn -0.1623 0.5549 -0.8160
vn -0.1721 0.4708 -0.8653
vn -0.1803 0.3821 -0.9063
vn -0.1867 0.2899 -0.9387
vn -0.1914 0.1948 -0.9620
vn -0.1942 0.0979 -0.9761
vn -0.1951 -0.0000 -0.9808
vn -0.1942 -0.0979 -0.9761
vn -0.1914 -0.1948 -0.9620
vn -0.1867 -0.2899 -0.9387
vn -0.1803 -0.3821 -0.9063
vn -0.1721 -0.4708 -0.8653
vn -0.1623 -0.5549 -0.8160
vn -0.1509 -0.6336 -0.7588
vn -0.1381 -0.7063 -0.6943
vn -0.1239 -0.7723 -0.6231
vn -0.1086 -0.8308 -0.5459
vn -0.0922 -0.8813 -0.4635
vn -0.0749 -0.9233 -0.3766
vn -0.0569 -0.9565 -0.2861
vn -0.0383 -0.9805 -0.1928
vn -0.0194 -0.9950 -0.0976
vn -0.0098 0.9950 -0.0991
vn -0.0193 0.9805 -0.1956
vn -0.0286 0.9565 -0.2903
vn -0.0376 0.9233 -0.3821
vn -0.0463 0.8813 -0.4703
vn -0.0546 0.8308 -0.5539
vn -0.0623 0.7723 -0.6322
vn -0.0694 0.7063 -0.7045
vn -0.0758 0.6336 -0.7699
vn -0.0815 0.5549 -0.8279
vn -0.0865 0.4708 -0.8780
vn -0.0906 0.3821 -0.9197
vn -0.0938 0.2899 -0.9525
vn -0.0961 0.1948 -0.9761
vn -0.0975 0.0979 -0.9904
vn -0.0980 -0.0000 -0.9952
vn -0.0975 -0.0979 -0.9904
vn -0.0961 -0.1948 -0.9761
vn -0.0938 -0.2899 -0.9525
vn -0.0906 -0.3821 -0.9197
vn -0.0865 -0.4708 -0.8780
vn -0.0815 -0.5549 -0.8279
vn -0.0758 -0.6336 -0.7699
vn -0.0694 -0.7063 -0.7045
vn -0.0623 -0.7723 -0.6322
vn -0.0546 -0.8308 -0.5539
vn -0.0463 -0.8813 -0.4703
vn -0.0376 -0.9233 -0.3821
vn -0.0286 -0.9565 -0.2903
vn -0.0193 -0.9805 -0.1956
vn -0.0098 -0.9950 -0.0991
vn -0.0000 0.9233 -0.3840
vn -0.0000 0.8308 -0.5566
vn -0.0000 0.7723 -0.6353
vn -0.0000 -0.4708 -0.8823
vn -0.0000 -0.7723 -0.6353
vn -0.0000 -0.8308 -0.5566
vn -0.0000 -0.8813 -0.4726
vn -0.0000 -0.9233 -0.3840
vn -0.0000 -0.9565 -0.2917
vt 0.750000 0.187500
vt 0.750000 0.218750
vt 0.734375 0.218750
vt 0.734375 0.187500
vt 0.750000 0.593750
vt 0.750000 0.625000
vt 0.734375 0.625000
vt 0.734375 0.593750
vt 0.750000 0.156250
vt 0.734375 0.156250
vt 0.750000 0.562500
vt 0.734375 0.562500
vt 0.750000 0.968750
vt 0.742188 1.000000
vt 0.734375 0.968750
vt 0.750000 0.125000
vt 0.734375 0.125000
vt 0.750000 0.531250
vt 0.734375 0.531250
vt 0.750000 0.937500
vt 0.734375 0.937500
vt 0.750000 0.093750
vt 0.734375 0.093750
vt 0.750000 0.500000
vt 0.734375 0.500000
vt 0.750000 0.906250
vt 0.734375 0.906250
vt 0.750000 0.062500
vt 0.734375 0.062500
vt 0.750000 0.468750
vt 0.734375 0.468750
vt 0.750000 0.875000
vt 0.734375 0.875000
vt 0.750000 0.031250
vt 0.734375 0.031250
vt 0.750000 0.437500
vt 0.734375 0.437500
vt 0.750000 0.843750
vt 0.734375 0.843750
vt 0.742188 0.000000
vt 0.750000 0.406250
vt 0.734375 0.406250
vt 0.750000 0.812500
vt 0.734375 0.812500
vt 0.750000 0.375000
vt 0.734375 0.375000
vt 0.750000 0.781250
vt 0.734375 0.781250
vt 0.750000 0.343750
vt 0.734375 0.343750
vt 0.750000 0.750000
vt 0.734375 0.750000
vt 0.750000 0.312500
vt 0.734375 0.312500
vt 0.750000 0.718750
vt 0.734375 0.718750
vt 0.750000 0.281250
vt 0.734375 0.281250
vt 0.750000 0.687500
vt 0.734375 0.687500
vt 0.750000 0.250000
vt 0.734375 0.250000
vt 0.750000 0.656250
vt 0.734375 0.656250
vt 0.718750 0.375000
vt 0.718750 0.343750
vt 0.718750 0.781250
vt 0.718750 0.750000
vt 0.718750 0.312500
vt 0.718750 0.718750
vt 0.718750 0.281250
vt 0.718750 0.687500
vt 0.718750 0.250000
vt 0.718750 0.656250
vt 0.718750 0.218750
vt 0.718750 0.625000
vt 0.718750 0.187500
vt 0.718750 0.593750
vt 0.718750 0.156250
vt 0.718750 0.562500
vt 0.726562 1.000000
vt 0.718750 0.968750
vt 0.718750 0.125000
vt 0.718750 0.531250
vt 0.718750 0.937500
vt 0.718750 0.093750
vt 0.718750 0.500000
vt 0.718750 0.906250
vt 0.718750 0.062500
vt 0.718750 0.468750
vt 0.718750 0.875000
vt 0.718750 0.031250
vt 0.718750 0.437500
vt 0.718750 0.843750
vt 0.726562 0.000000
vt 0.718750 0.406250
vt 0.718750 0.812500
vt 0.703125 0.312500
vt 0.703125 0.281250
vt 0.703125 0.718750
vt 0.703125 0.687500
vt 0.703125 0.250000
vt 0.703125 0.656250
vt 0.703125 0.218750
vt 0.703125 0.625000
vt 0.703125 0.187500
vt 0.703125 0.593750
vt 0.703125 0.156250
vt 0.703125 0.562500
vt 0.710938 1.000000
vt 0.703125 0.968750
vt 0.703125 0.125000
vt 0.703125 0.531250
vt 0.703125 0.937500
vt 0.703125 0.093750
vt 0.703125 0.500000
vt 0.703125 0.906250
vt 0.703125 0.062500
vt 0.703125 0.468750
vt 0.703125 0.875000
vt 0.703125 0.031250
vt 0.703125 0.437500
vt 0.703125 0.843750
vt 0.710938 0.000000
vt 0.703125 0.406250
vt 0.703125 0.812500
vt 0.703125 0.375000
vt 0.703125 0.781250
vt 0.703125 0.343750
vt 0.703125 0.750000
vt 0.687500 0.250000
vt 0.687500 0.218750
vt 0.687500 0.656250
vt 0.687500 0.625000
vt 0.687500 0.187500
vt 0.687500 0.593750
vt 0.687500 0.156250
vt 0.687500 0.562500
vt 0.695312 1.000000
vt 0.687500 0.968750
vt 0.687500 0.125000
vt 0.687500 0.531250
vt 0.687500 0.937500
vt 0.687500 0.093750
vt 0.687500 0.500000
vt 0.687500 0.906250
vt 0.687500 0.062500
vt 0.687500 0.468750
vt 0.687500 0.875000
vt 0.687500 0.031250
vt 0.687500 0.437500
vt 0.687500 0.843750
vt 0.695312 0.000000
vt 0.687500 0.406250
vt 0.687500 0.812500
vt 0.687500 0.375000
vt 0.687500 0.781250
vt 0.687500 0.343750
vt 0.687500 0.750000
vt 0.687500 0.312500
vt 0.687500 0.718750
vt 0.687500 0.281250
vt 0.687500 0.687500
vt 0.671875 0.187500
vt 0.671875 0.156250
vt 0.671875 0.593750
vt 0.671875 0.562500
vt 0.679688 1.000000
vt 0.671875 0.968750
vt 0.671875 0.125000
vt 0.671875 0.531250
vt 0.671875 0.937500
vt 0.671875 0.093750
vt 0.671875 0.500000
vt 0.671875 0.906250
vt 0.671875 0.062500
vt 0.671875 0.468750
vt 0.671875 0.875000
vt 0.671875 0.031250
vt 0.671875 0.437500
vt 0.671875 0.843750
vt 0.679688 0.000000
vt 0.671875 0.406250
vt 0.671875 0.812500
vt 0.671875 0.375000
vt 0.671875 0.781250
vt 0.671875 0.343750
vt 0.671875 0.750000
vt 0.671875 0.312500
vt 0.671875 0.718750
vt 0.671875 0.281250
vt 0.671875 0.687500
vt 0.671875 0.250000
vt 0.671875 0.656250
vt 0.671875 0.218750
vt 0.671875 0.625000
vt 0.656250 0.968750
vt 0.656250 0.937500
vt 0.656250 0.125000
vt 0.656250 0.093750
vt 0.656250 0.531250
vt 0.656250 0.500000
vt 0.656250 0.906250
vt 0.656250 0.062500
vt 0.656250 0.468750
vt 0.656250 0.875000
vt 0.656250 0.031250
vt 0.656250 0.437500
vt 0.656250 0.843750
vt 0.664062 0.000000
vt 0.656250 0.406250
vt 0.656250 0.812500
vt 0.656250 0.375000
vt 0.656250 0.781250
vt 0.656250 0.343750
vt 0.656250 0.750000
vt 0.656250 0.312500
vt 0.656250 0.718750
vt 0.656250 0.281250
vt 0.656250 0.687500
vt 0.656250 0.250000
vt 0.656250 0.656250
vt 0.656250 0.218750
vt 0.656250 0.625000
vt 0.656250 0.187500
vt 0.656250 0.593750
vt 0.656250 0.156250
vt 0.656250 0.562500
vt 0.664062 1.000000
vt 0.640625 0.906250
vt 0.640625 0.875000
vt 0.640625 0.062500
vt 0.640625 0.031250
vt 0.640625 0.468750
vt 0.640625 0.437500
vt 0.640625 0.843750
vt 0.648438 0.000000
vt 0.640625 0.406250
vt 0.640625 0.812500
vt 0.640625 0.375000
vt 0.640625 0.781250
vt 0.640625 0.343750
vt 0.640625 0.750000
vt 0.640625 0.312500
vt 0.640625 0.718750
vt 0.640625 0.281250
vt 0.640625 0.687500
vt 0.640625 0.250000
vt 0.640625 0.656250
vt 0.640625 0.218750
vt 0.640625 0.625000
vt 0.640625 0.187500
vt 0.640625 0.593750
vt 0.640625 0.156250
vt 0.640625 0.562500
vt 0.648438 1.000000
vt 0.640625 0.968750
vt 0.640625 0.125000
vt 0.640625 0.531250
vt 0.640625 0.937500
vt 0.640625 0.093750
vt 0.640625 0.500000
vt 0.625000 0.843750
vt 0.625000 0.812500
vt 0.625000 0.406250
vt 0.625000 0.375000
vt 0.625000 0.781250
vt 0.625000 0.343750
vt 0.625000 0.750000
vt 0.625000 0.312500
vt 0.625000 0.718750
vt 0.625000 0.281250
vt 0.625000 0.687500
vt 0.625000 0.250000
vt 0.625000 0.656250
vt 0.625000 0.218750
vt 0.625000 0.625000
vt 0.625000 0.187500
vt 0.625000 0.593750
vt 0.625000 0.156250
vt 0.625000 0.562500
vt 0.632812 1.000000
vt 0.625000 0.968750
vt 0.625000 0.125000
vt 0.625000 0.531250
vt 0.625000 0.937500
vt 0.625000 0.093750
vt 0.625000 0.500000
vt 0.625000 0.906250
vt 0.625000 0.062500
vt 0.625000 0.468750
vt 0.625000 0.875000
vt 0.625000 0.031250
vt 0.625000 0.437500
vt 0.632812 0.000000
vt 0.609375 0.781250
vt 0.609375 0.750000
vt 0.609375 0.343750
vt 0.609375 0.312500
vt 0.609375 0.718750
vt 0.609375 0.281250
vt 0.609375 0.687500
vt 0.609375 0.250000
vt 0.609375 0.656250
vt 0.609375 0.218750
vt 0.609375 0.625000
vt 0.609375 0.187500
vt 0.609375 0.593750
vt 0.609375 0.156250
vt 0.609375 0.562500
vt 0.617188 1.000000
vt 0.609375 0.968750
vt 0.609375 0.125000
vt 0.609375 0.531250
vt 0.609375 0.937500
vt 0.609375 0.093750
vt 0.609375 0.500000
vt 0.609375 0.906250
vt 0.609375 0.062500
vt 0.609375 0.468750
vt 0.609375 0.875000
vt 0.609375 0.031250
vt 0.609375 0.437500
vt 0.609375 0.843750
vt 0.617188 0.000000
vt 0.609375 0.406250
vt 0.609375 0.812500
vt 0.609375 0.375000
vt 0.593750 0.718750
vt 0.593750 0.687500
vt 0.593750 0.281250
vt 0.593750 0.250000
vt 0.593750 0.656250
vt 0.593750 0.218750
vt 0.593750 0.625000
vt 0.593750 0.187500
vt 0.593750 0.593750
vt 0.593750 0.156250
vt 0.593750 0.562500
vt 0.601562 1.000000
vt 0.593750 0.968750
vt 0.593750 0.125000
vt 0.593750 0.531250
vt 0.593750 0.937500
vt 0.593750 0.093750
vt 0.593750 0.500000
vt 0.593750 0.906250
vt 0.593750 0.062500
vt 0.593750 0.468750
vt 0.593750 0.875000
vt 0.593750 0.031250
vt 0.593750 0.437500
vt 0.593750 0.843750
vt 0.601562 0.000000
vt 0.593750 0.406250
vt 0.593750 0.812500
vt 0.593750 0.375000
vt 0.593750 0.781250
vt 0.593750 0.343750
vt 0.593750 0.750000
vt 0.593750 0.312500
vt 0.578125 0.656250
vt 0.578125 0.625000
vt 0.578125 0.218750
vt 0.578125 0.187500
vt 0.578125 0.593750
vt 0.578125 0.156250
vt 0.578125 0.562500
vt 0.585938 1.000000
vt 0.578125 0.968750
vt 0.578125 0.125000
vt 0.578125 0.531250
vt 0.578125 0.937500
vt 0.578125 0.093750
vt 0.578125 0.500000
vt 0.578125 0.906250
vt 0.578125 0.062500
vt 0.578125 0.468750
vt 0.578125 0.875000
vt 0.578125 0.031250
vt 0.578125 0.437500
vt 0.578125 0.843750
vt 0.585938 0.000000
vt 0.578125 0.406250
vt 0.578125 0.812500
vt 0.578125 0.375000
vt 0.578125 0.781250
vt 0.578125 0.343750
vt 0.578125 0.750000
vt 0.578125 0.312500
vt 0.578125 0.718750
vt 0.578125 0.281250
vt 0.578125 0.687500
vt 0.578125 0.250000
vt 0.562500 0.593750
vt 0.562500 0.562500
vt 0.570312 1.000000
vt 0.562500 0.968750
vt 0.562500 0.156250
vt 0.562500 0.125000
vt 0.562500 0.531250
vt 0.562500 0.937500
vt 0.562500 0.093750
vt 0.562500 0.500000
vt 0.562500 0.906250
vt 0.562500 0.062500
vt 0.562500 0.468750
vt 0.562500 0.875000
vt 0.562500 0.031250
vt 0.562500 0.437500
vt 0.562500 0.843750
vt 0.570312 0.000000
vt 0.562500 0.406250
vt 0.562500 0.812500
vt 0.562500 0.375000
vt 0.562500 0.781250
vt 0.562500 0.343750
vt 0.562500 0.750000
vt 0.562500 0.312500
vt 0.562500 0.718750
vt 0.562500 0.281250
vt 0.562500 0.687500
vt 0.562500 0.250000
vt 0.562500 0.656250
vt 0.562500 0.218750
vt 0.562500 0.625000
vt 0.562500 0.187500
vt 0.546875 0.531250
vt 0.546875 0.500000
vt 0.546875 0.937500
vt 0.546875 0.906250
vt 0.546875 0.093750
vt 0.546875 0.062500
vt 0.546875 0.468750
vt 0.546875 0.875000
vt 0.546875 0.031250
vt 0.546875 0.437500
vt 0.546875 0.843750
vt 0.554688 0.000000
vt 0.546875 0.406250
vt 0.546875 0.812500
vt 0.546875 0.375000
vt 0.546875 0.781250
vt 0.546875 0.343750
vt 0.546875 0.750000
vt 0.546875 0.312500
vt 0.546875 0.718750
vt 0.546875 0.281250
vt 0.546875 0.687500
vt 0.546875 0.250000
vt 0.546875 0.656250
vt 0.546875 0.218750
vt 0.546875 0.625000
vt 0.546875 0.187500
vt 0.546875 0.593750
vt 0.546875 0.156250
vt 0.546875 0.562500
vt 0.554688 1.000000
vt 0.546875 0.968750
vt 0.546875 0.125000
vt 0.531250 0.468750
vt 0.531250 0.437500
vt 0.531250 0.875000
vt 0.531250 0.843750
vt 0.539062 0.000000
vt 0.531250 0.031250
vt 0.531250 0.406250
vt 0.531250 0.812500
vt 0.531250 0.375000
vt 0.531250 0.781250
vt 0.531250 0.343750
vt 0.531250 0.750000
vt 0.531250 0.312500
vt 0.531250 0.718750
vt 0.531250 0.281250
vt 0.531250 0.687500
vt 0.531250 0.250000
vt 0.531250 0.656250
vt 0.531250 0.218750
vt 0.531250 0.625000
vt 0.531250 0.187500
vt 0.531250 0.593750
vt 0.531250 0.156250
vt 0.531250 0.562500
vt 0.539062 1.000000
vt 0.531250 0.968750
vt 0.531250 0.125000
vt 0.531250 0.531250
vt 0.531250 0.937500
vt 0.531250 0.093750
vt 0.531250 0.500000
vt 0.531250 0.906250
vt 0.531250 0.062500
vt 0.515625 0.406250
vt 0.515625 0.375000
vt 0.515625 0.812500
vt 0.515625 0.781250
vt 0.515625 0.343750
vt 0.515625 0.750000
vt 0.515625 0.312500
vt 0.515625 0.718750
vt 0.515625 0.281250
vt 0.515625 0.687500
vt 0.515625 0.250000
vt 0.515625 0.656250
vt 0.515625 0.218750
vt 0.515625 0.625000
vt 0.515625 0.187500
vt 0.515625 0.593750
vt 0.515625 0.156250
vt 0.515625 0.562500
vt 0.523438 1.000000
vt 0.515625 0.968750
vt 0.515625 0.125000
vt 0.515625 0.531250
vt 0.515625 0.937500
vt 0.515625 0.093750
vt 0.515625 0.500000
vt 0.515625 0.906250
vt 0.515625 0.062500
vt 0.515625 0.468750
vt 0.515625 0.875000
vt 0.515625 0.031250
vt 0.515625 0.437500
vt 0.515625 0.843750
vt 0.523438 0.000000
vt 0.500000 0.343750
vt 0.500000 0.312500
vt 0.500000 0.750000
vt 0.500000 0.718750
vt 0.500000 0.281250
vt 0.500000 0.687500
vt 0.500000 0.250000
vt 0.500000 0.656250
vt 0.500000 0.218750
vt 0.500000 0.625000
vt 0.500000 0.187500
vt 0.500000 0.593750
vt 0.500000 0.156250
vt 0.500000 0.562500
vt 0.507812 1.000000
vt 0.500000 0.968750
vt 0.500000 0.125000
vt 0.500000 0.531250
vt 0.500000 0.937500
vt 0.500000 0.093750
vt 0.500000 0.500000
vt 0.500000 0.906250
vt 0.500000 0.062500
vt 0.500000 0.468750
vt 0.500000 0.875000
vt 0.500000 0.031250
vt 0.500000 0.437500
vt 0.500000 0.843750
vt 0.507812 0.000000
vt 0.500000 0.406250
vt 0.500000 0.812500
vt 0.500000 0.375000
vt 0.500000 0.781250
vt 0.484375 0.281250
vt 0.484375 0.250000
vt 0.484375 0.687500
vt 0.484375 0.656250
vt 0.484375 0.218750
vt 0.484375 0.625000
vt 0.484375 0.187500
vt 0.484375 0.593750
vt 0.484375 0.156250
vt 0.484375 0.562500
vt 0.492188 1.000000
vt 0.484375 0.968750
vt 0.484375 0.125000
vt 0.484375 0.531250
vt 0.484375 0.937500
vt 0.484375 0.093750
vt 0.484375 0.500000
vt 0.484375 0.906250
vt 0.484375 0.062500
vt 0.484375 0.468750
vt 0.484375 0.875000
vt 0.484375 0.031250
vt 0.484375 0.437500
vt 0.484375 0.843750
vt 0.492188 0.000000
vt 0.484375 0.406250
vt 0.484375 0.812500
vt 0.484375 0.375000
vt 0.484375 0.781250
vt 0.484375 0.343750
vt 0.484375 0.750000
vt 0.484375 0.312500
vt 0.484375 0.718750
vt 0.468750 0.218750
vt 0.468750 0.187500
vt 0.468750 0.625000
vt 0.468750 0.593750
vt 0.468750 0.156250
vt 0.468750 0.562500
vt 0.476562 1.000000
vt 0.468750 0.968750
vt 0.468750 0.125000
vt 0.468750 0.531250
vt 0.468750 0.937500
vt 0.468750 0.093750
vt 0.468750 0.500000
vt 0.468750 0.906250
vt 0.468750 0.062500
vt 0.468750 0.468750
vt 0.468750 0.875000
vt 0.468750 0.031250
vt 0.468750 0.437500
vt 0.468750 0.843750
vt 0.476562 0.000000
vt 0.468750 0.406250
vt 0.468750 0.812500
vt 0.468750 0.375000
vt 0.468750 0.781250
vt 0.468750 0.343750
vt 0.468750 0.750000
vt 0.468750 0.312500
vt 0.468750 0.718750
vt 0.468750 0.281250
vt 0.468750 0.687500
vt 0.468750 0.250000
vt 0.468750 0.656250
vt 0.460938 1.000000
vt 0.453125 0.968750
vt 0.453125 0.156250
vt 0.453125 0.125000
vt 0.453125 0.562500
vt 0.453125 0.531250
vt 0.453125 0.937500
vt 0.453125 0.093750
vt 0.453125 0.500000
vt 0.453125 0.906250
vt 0.453125 0.062500
vt 0.453125 0.468750
vt 0.453125 0.875000
vt 0.453125 0.031250
vt 0.453125 0.437500
vt 0.453125 0.843750
vt 0.460938 0.000000
vt 0.453125 0.406250
vt 0.453125 0.812500
vt 0.453125 0.375000
vt 0.453125 0.781250
vt 0.453125 0.343750
vt 0.453125 0.750000
vt 0.453125 0.312500
vt 0.453125 0.718750
vt 0.453125 0.281250
vt 0.453125 0.687500
vt 0.453125 0.250000
vt 0.453125 0.656250
vt 0.453125 0.218750
vt 0.453125 0.625000
vt 0.453125 0.187500
vt 0.453125 0.593750
vt 0.437500 0.937500
vt 0.437500 0.906250
vt 0.437500 0.093750
vt 0.437500 0.062500
vt 0.437500 0.500000
vt 0.437500 0.468750
vt 0.437500 0.875000
vt 0.437500 0.031250
vt 0.437500 0.437500
vt 0.437500 0.843750
vt 0.445312 0.000000
vt 0.437500 0.406250
vt 0.437500 0.812500
vt 0.437500 0.375000
vt 0.437500 0.781250
vt 0.437500 0.343750
vt 0.437500 0.750000
vt 0.437500 0.312500
vt 0.437500 0.718750
vt 0.437500 0.281250
vt 0.437500 0.687500
vt 0.437500 0.250000
vt 0.437500 0.656250
vt 0.437500 0.218750
vt 0.437500 0.625000
vt 0.437500 0.187500
vt 0.437500 0.593750
vt 0.437500 0.156250
vt 0.437500 0.562500
vt 0.445312 1.000000
vt 0.437500 0.968750
vt 0.437500 0.125000
vt 0.437500 0.531250
vt 0.421875 0.875000
vt 0.421875 0.843750
vt 0.429687 0.000000
vt 0.421875 0.031250
vt 0.421875 0.437500
vt 0.421875 0.406250
vt 0.421875 0.812500
vt 0.421875 0.375000
vt 0.421875 0.781250
vt 0.421875 0.343750
vt 0.421875 0.750000
vt 0.421875 0.312500
vt 0.421875 0.718750
vt 0.421875 0.281250
vt 0.421875 0.687500
vt 0.421875 0.250000
vt 0.421875 0.656250
vt 0.421875 0.218750
vt 0.421875 0.625000
vt 0.421875 0.187500
vt 0.421875 0.593750
vt 0.421875 0.156250
vt 0.421875 0.562500
vt 0.429687 1.000000
vt 0.421875 0.968750
vt 0.421875 0.125000
vt 0.421875 0.531250
vt 0.421875 0.937500
vt 0.421875 0.093750
vt 0.421875 0.500000
vt 0.421875 0.906250
vt 0.421875 0.062500
vt 0.421875 0.468750
vt 0.406250 0.812500
vt 0.406250 0.781250
vt 0.406250 0.375000
vt 0.406250 0.343750
vt 0.406250 0.750000
vt 0.406250 0.312500
vt 0.406250 0.718750
vt 0.406250 0.281250
vt 0.406250 0.687500
vt 0.406250 0.250000
vt 0.406250 0.656250
vt 0.406250 0.218750
vt 0.406250 0.625000
vt 0.406250 0.187500
vt 0.406250 0.593750
vt 0.406250 0.156250
vt 0.406250 0.562500
vt 0.414062 1.000000
vt 0.406250 0.968750
vt 0.406250 0.125000
vt 0.406250 0.531250
vt 0.406250 0.937500
vt 0.406250 0.093750
vt 0.406250 0.500000
vt 0.406250 0.906250
vt 0.406250 0.062500
vt 0.406250 0.468750
vt 0.406250 0.875000
vt 0.406250 0.031250
vt 0.406250 0.437500
vt 0.406250 0.843750
vt 0.414062 0.000000
vt 0.406250 0.406250
vt 0.390625 0.750000
vt 0.390625 0.718750
vt 0.390625 0.312500
vt 0.390625 0.281250
vt 0.390625 0.687500
vt 0.390625 0.250000
vt 0.390625 0.656250
vt 0.390625 0.218750
vt 0.390625 0.625000
vt 0.390625 0.187500
vt 0.390625 0.593750
vt 0.390625 0.156250
vt 0.390625 0.562500
vt 0.398437 1.000000
vt 0.390625 0.968750
vt 0.390625 0.125000
vt 0.390625 0.531250
vt 0.390625 0.937500
vt 0.390625 0.093750
vt 0.390625 0.500000
vt 0.390625 0.906250
vt 0.390625 0.062500
vt 0.390625 0.468750
vt 0.390625 0.875000
vt 0.390625 0.031250
vt 0.390625 0.437500
vt 0.390625 0.843750
vt 0.398437 0.000000
vt 0.390625 0.406250
vt 0.390625 0.812500
vt 0.390625 0.375000
vt 0.390625 0.781250
vt 0.390625 0.343750
vt 0.375000 0.687500
vt 0.375000 0.656250
vt 0.375000 0.250000
vt 0.375000 0.218750
vt 0.375000 0.625000
vt 0.375000 0.187500
vt 0.375000 0.593750
vt 0.375000 0.156250
vt 0.375000 0.562500
vt 0.382812 1.000000
vt 0.375000 0.968750
vt 0.375000 0.125000
vt 0.375000 0.531250
vt 0.375000 0.937500
vt 0.375000 0.093750
vt 0.375000 0.500000
vt 0.375000 0.906250
vt 0.375000 0.062500
vt 0.375000 0.468750
vt 0.375000 0.875000
vt 0.375000 0.031250
vt 0.375000 0.437500
vt 0.375000 0.843750
vt 0.382812 0.000000
vt 0.375000 0.406250
vt 0.375000 0.812500
vt 0.375000 0.375000
vt 0.375000 0.781250
vt 0.375000 0.343750
vt 0.375000 0.750000
vt 0.375000 0.312500
vt 0.375000 0.718750
vt 0.375000 0.281250
vt 0.359375 0.625000
vt 0.359375 0.593750
vt 0.359375 0.187500
vt 0.359375 0.156250
vt 0.359375 0.562500
vt 0.367188 1.000000
vt 0.359375 0.968750
vt 0.359375 0.125000
vt 0.359375 0.531250
vt 0.359375 0.937500
vt 0.359375 0.093750
vt 0.359375 0.500000
vt 0.359375 0.906250
vt 0.359375 0.062500
vt 0.359375 0.468750
vt 0.359375 0.875000
vt 0.359375 0.031250
vt 0.359375 0.437500
vt 0.359375 0.843750
vt 0.367188 0.000000
vt 0.359375 0.406250
vt 0.359375 0.812500
vt 0.359375 0.375000
vt 0.359375 0.781250
vt 0.359375 0.343750
vt 0.359375 0.750000
vt 0.359375 0.312500
vt 0.359375 0.718750
vt 0.359375 0.281250
vt 0.359375 0.687500
vt 0.359375 0.250000
vt 0.359375 0.656250
vt 0.359375 0.218750
vt 0.343750 0.562500
vt 0.343750 0.531250
vt 0.343750 0.968750
vt 0.343750 0.937500
vt 0.343750 0.125000
vt 0.343750 0.093750
vt 0.343750 0.500000
vt 0.343750 0.906250
vt 0.343750 0.062500
vt 0.343750 0.468750
vt 0.343750 0.875000
vt 0.343750 0.031250
vt 0.343750 0.437500
vt 0.343750 0.843750
vt 0.351562 0.000000
vt 0.343750 0.406250
vt 0.343750 0.812500
vt 0.343750 0.375000
vt 0.343750 0.781250
vt 0.343750 0.343750
vt 0.343750 0.750000
vt 0.343750 0.312500
vt 0.343750 0.718750
vt 0.343750 0.281250
vt 0.343750 0.687500
vt 0.343750 0.250000
vt 0.343750 0.656250
vt 0.343750 0.218750
vt 0.343750 0.625000
vt 0.343750 0.187500
vt 0.343750 0.593750
vt 0.343750 0.156250
vt 0.351562 1.000000
vt 0.328125 0.937500
vt 0.328125 0.906250
vt 0.328125 0.093750
vt 0.328125 0.062500
vt 0.328125 0.500000
vt 0.328125 0.468750
vt 0.328125 0.875000
vt 0.328125 0.031250
vt 0.328125 0.437500
vt 0.328125 0.843750
vt 0.335937 0.000000
vt 0.328125 0.406250
vt 0.328125 0.812500
vt 0.328125 0.375000
vt 0.328125 0.781250
vt 0.328125 0.343750
vt 0.328125 0.750000
vt 0.328125 0.312500
vt 0.328125 0.718750
vt 0.328125 0.281250
vt 0.328125 0.687500
vt 0.328125 0.250000
vt 0.328125 0.656250
vt 0.328125 0.218750
vt 0.328125 0.625000
vt 0.328125 0.187500
vt 0.328125 0.593750
vt 0.328125 0.156250
vt 0.328125 0.562500
vt 0.335937 1.000000
vt 0.328125 0.968750
vt 0.328125 0.125000
vt 0.328125 0.531250
vt 0.312500 0.875000
vt 0.312500 0.843750
vt 0.320312 0.000000
vt 0.312500 0.031250
vt 0.312500 0.437500
vt 0.312500 0.406250
vt 0.312500 0.812500
vt 0.312500 0.375000
vt 0.312500 0.781250
vt 0.312500 0.343750
vt 0.312500 0.750000
vt 0.312500 0.312500
vt 0.312500 0.718750
vt 0.312500 0.281250
vt 0.312500 0.687500
vt 0.312500 0.250000
vt 0.312500 0.656250
vt 0.312500 0.218750
vt 0.312500 0.625000
vt 0.312500 0.187500
vt 0.312500 0.593750
vt 0.312500 0.156250
vt 0.312500 0.562500
vt 0.320312 1.000000
vt 0.312500 0.968750
vt 0.312500 0.125000
vt 0.312500 0.531250
vt 0.312500 0.937500
vt 0.312500 0.093750
vt 0.312500 0.500000
vt 0.312500 0.906250
vt 0.312500 0.062500
vt 0.312500 0.468750
vt 0.296875 0.812500
vt 0.296875 0.781250
vt 0.296875 0.375000
vt 0.296875 0.343750
vt 0.296875 0.750000
vt 0.296875 0.312500
vt 0.296875 0.718750
vt 0.296875 0.281250
vt 0.296875 0.687500
vt 0.296875 0.250000
vt 0.296875 0.656250
vt 0.296875 0.218750
vt 0.296875 0.625000
vt 0.296875 0.187500
vt 0.296875 0.593750
vt 0.296875 0.156250
vt 0.296875 0.562500
vt 0.304688 1.000000
vt 0.296875 0.968750
vt 0.296875 0.125000
vt 0.296875 0.531250
vt 0.296875 0.937500
vt 0.296875 0.093750
vt 0.296875 0.500000
vt 0.296875 0.906250
vt 0.296875 0.062500
vt 0.296875 0.468750
vt 0.296875 0.875000
vt 0.296875 0.031250
vt 0.296875 0.437500
vt 0.296875 0.843750
vt 0.304688 0.000000
vt 0.296875 0.406250
vt 0.281250 0.750000
vt 0.281250 0.718750
vt 0.281250 0.312500
vt 0.281250 0.281250
vt 0.281250 0.687500
vt 0.281250 0.250000
vt 0.281250 0.656250
vt 0.281250 0.218750
vt 0.281250 0.625000
vt 0.281250 0.187500
vt 0.281250 0.593750
vt 0.281250 0.156250
vt 0.281250 0.562500
vt 0.289062 1.000000
vt 0.281250 0.968750
vt 0.281250 0.125000
vt 0.281250 0.531250
vt 0.281250 0.937500
vt 0.281250 0.093750
vt 0.281250 0.500000
vt 0.281250 0.906250
vt 0.281250 0.062500
vt 0.281250 0.468750
vt 0.281250 0.875000
vt 0.281250 0.031250
vt 0.281250 0.437500
vt 0.281250 0.843750
vt 0.289062 0.000000
vt 0.281250 0.406250
vt 0.281250 0.812500
vt 0.281250 0.375000
vt 0.281250 0.781250
vt 0.281250 0.343750
vt 0.265625 0.687500
vt 0.265625 0.656250
vt 0.265625 0.250000
vt 0.265625 0.218750
vt 0.265625 0.625000
vt 0.265625 0.187500
vt 0.265625 0.593750
vt 0.265625 0.156250
vt 0.265625 0.562500
vt 0.273438 1.000000
vt 0.265625 0.968750
vt 0.265625 0.125000
vt 0.265625 0.531250
vt 0.265625 0.937500
vt 0.265625 0.093750
vt 0.265625 0.500000
vt 0.265625 0.906250
vt 0.265625 0.062500
vt 0.265625 0.468750
vt 0.265625 0.875000
vt 0.265625 0.031250
vt 0.265625 0.437500
vt 0.265625 0.843750
vt 0.273438 0.000000
vt 0.265625 0.406250
vt 0.265625 0.812500
vt 0.265625 0.375000
vt 0.265625 0.781250
vt 0.265625 0.343750
vt 0.265625 0.750000
vt 0.265625 0.312500
vt 0.265625 0.718750
vt 0.265625 0.281250
vt 0.250000 0.625000
vt 0.250000 0.593750
vt 0.250000 0.187500
vt 0.250000 0.156250
vt 0.250000 0.562500
vt 0.257812 1.000000
vt 0.250000 0.968750
vt 0.250000 0.125000
vt 0.250000 0.531250
vt 0.250000 0.937500
vt 0.250000 0.093750
vt 0.250000 0.500000
vt 0.250000 0.906250
vt 0.250000 0.062500
vt 0.250000 0.468750
vt 0.250000 0.875000
vt 0.250000 0.031250
vt 0.250000 0.437500
vt 0.250000 0.843750
vt 0.257812 0.000000
vt 0.250000 0.406250
vt 0.250000 0.812500
vt 0.250000 0.375000
vt 0.250000 0.781250
vt 0.250000 0.343750
vt 0.250000 0.750000
vt 0.250000 0.312500
vt 0.250000 0.718750
vt 0.250000 0.281250
vt 0.250000 0.687500
vt 0.250000 0.250000
vt 0.250000 0.656250
vt 0.250000 0.218750
vt 0.234375 0.562500
vt 0.234375 0.531250
vt 0.234375 0.968750
vt 0.234375 0.937500
vt 0.234375 0.125000
vt 0.234375 0.093750
vt 0.234375 0.500000
vt 0.234375 0.906250
vt 0.234375 0.062500
vt 0.234375 0.468750
vt 0.234375 0.875000
vt 0.234375 0.031250
vt 0.234375 0.437500
vt 0.234375 0.843750
vt 0.242187 0.000000
vt 0.234375 0.406250
vt 0.234375 0.812500
vt 0.234375 0.375000
vt 0.234375 0.781250
vt 0.234375 0.343750
vt 0.234375 0.750000
vt 0.234375 0.312500
vt 0.234375 0.718750
vt 0.234375 0.281250
vt 0.234375 0.687500
vt 0.234375 0.250000
vt 0.234375 0.656250
vt 0.234375 0.218750
vt 0.234375 0.625000
vt 0.234375 0.187500
vt 0.234375 0.593750
vt 0.234375 0.156250
vt 0.242187 1.000000
vt 0.218750 0.500000
vt 0.218750 0.468750
vt 0.218750 0.906250
vt 0.218750 0.875000
vt 0.218750 0.062500
vt 0.218750 0.031250
vt 0.218750 0.437500
vt 0.218750 0.843750
vt 0.226562 0.000000
vt 0.218750 0.406250
vt 0.218750 0.812500
vt 0.218750 0.375000
vt 0.218750 0.781250
vt 0.218750 0.343750
vt 0.218750 0.750000
vt 0.218750 0.312500
vt 0.218750 0.718750
vt 0.218750 0.281250
vt 0.218750 0.687500
vt 0.218750 0.250000
vt 0.218750 0.656250
vt 0.218750 0.218750
vt 0.218750 0.625000
vt 0.218750 0.187500
vt 0.218750 0.593750
vt 0.218750 0.156250
vt 0.218750 0.562500
vt 0.226562 1.000000
vt 0.218750 0.968750
vt 0.218750 0.125000
vt 0.218750 0.531250
vt 0.218750 0.937500
vt 0.218750 0.093750
vt 0.203125 0.437500
vt 0.203125 0.406250
vt 0.203125 0.843750
vt 0.203125 0.812500
vt 0.203125 0.375000
vt 0.203125 0.781250
vt 0.203125 0.343750
vt 0.203125 0.750000
vt 0.203125 0.312500
vt 0.203125 0.718750
vt 0.203125 0.281250
vt 0.203125 0.687500
vt 0.203125 0.250000
vt 0.203125 0.656250
vt 0.203125 0.218750
vt 0.203125 0.625000
vt 0.203125 0.187500
vt 0.203125 0.593750
vt 0.203125 0.156250
vt 0.203125 0.562500
vt 0.210938 1.000000
vt 0.203125 0.968750
vt 0.203125 0.125000
vt 0.203125 0.531250
vt 0.203125 0.937500
vt 0.203125 0.093750
vt 0.203125 0.500000
vt 0.203125 0.906250
vt 0.203125 0.062500
vt 0.203125 0.468750
vt 0.203125 0.875000
vt 0.203125 0.031250
vt 0.210938 0.000000
vt 0.187500 0.375000
vt 0.187500 0.343750
vt 0.187500 0.781250
vt 0.187500 0.750000
vt 0.187500 0.312500
vt 0.187500 0.718750
vt 0.187500 0.281250
vt 0.187500 0.687500
vt 0.187500 0.250000
vt 0.187500 0.656250
vt 0.187500 0.218750
vt 0.187500 0.625000
vt 0.187500 0.187500
vt 0.187500 0.593750
vt 0.187500 0.156250
vt 0.187500 0.562500
vt 0.195312 1.000000
vt 0.187500 0.968750
vt 0.187500 0.125000
vt 0.187500 0.531250
vt 0.187500 0.937500
vt 0.187500 0.093750
vt 0.187500 0.500000
vt 0.187500 0.906250
vt 0.187500 0.062500
vt 0.187500 0.468750
vt 0.187500 0.875000
vt 0.187500 0.031250
vt 0.187500 0.437500
vt 0.187500 0.843750
vt 0.195312 0.000000
vt 0.187500 0.406250
vt 0.187500 0.812500
vt 0.171875 0.312500
vt 0.171875 0.281250
vt 0.171875 0.718750
vt 0.171875 0.687500
vt 0.171875 0.250000
vt 0.171875 0.656250
vt 0.171875 0.218750
vt 0.171875 0.625000
vt 0.171875 0.187500
vt 0.171875 0.593750
vt 0.171875 0.156250
vt 0.171875 0.562500
vt 0.179687 1.000000
vt 0.171875 0.968750
vt 0.171875 0.125000
vt 0.171875 0.531250
vt 0.171875 0.937500
vt 0.171875 0.093750
vt 0.171875 0.500000
vt 0.171875 0.906250
vt 0.171875 0.062500
vt 0.171875 0.468750
vt 0.171875 0.875000
vt 0.171875 0.031250
vt 0.171875 0.437500
vt 0.171875 0.843750
vt 0.179687 0.000000
vt 0.171875 0.406250
vt 0.171875 0.812500
vt 0.171875 0.375000
vt 0.171875 0.781250
vt 0.171875 0.343750
vt 0.171875 0.750000
vt 0.156250 0.250000
vt 0.156250 0.218750
vt 0.156250 0.656250
vt 0.156250 0.625000
vt 0.156250 0.187500
vt 0.156250 0.593750
vt 0.156250 0.156250
vt 0.156250 0.562500
vt 0.164062 1.000000
vt 0.156250 0.968750
vt 0.156250 0.125000
vt 0.156250 0.531250
vt 0.156250 0.937500
vt 0.156250 0.093750
vt 0.156250 0.500000
vt 0.156250 0.906250
vt 0.156250 0.062500
vt 0.156250 0.468750
vt 0.156250 0.875000
vt 0.156250 0.031250
vt 0.156250 0.437500
vt 0.156250 0.843750
vt 0.164062 0.000000
vt 0.156250 0.406250
vt 0.156250 0.812500
vt 0.156250 0.375000
vt 0.156250 0.781250
vt 0.156250 0.343750
vt 0.156250 0.750000
vt 0.156250 0.312500
vt 0.156250 0.718750
vt 0.156250 0.281250
vt 0.156250 0.687500
vt 0.140625 0.187500
vt 0.140625 0.156250
vt 0.140625 0.593750
vt 0.140625 0.562500
vt 0.148437 1.000000
vt 0.140625 0.968750
vt 0.140625 0.125000
vt 0.140625 0.531250
vt 0.140625 0.937500
vt 0.140625 0.093750
vt 0.140625 0.500000
vt 0.140625 0.906250
vt 0.140625 0.062500
vt 0.140625 0.468750
vt 0.140625 0.875000
vt 0.140625 0.031250
vt 0.140625 0.437500
vt 0.140625 0.843750
vt 0.148437 0.000000
vt 0.140625 0.406250
vt 0.140625 0.812500
vt 0.140625 0.375000
vt 0.140625 0.781250
vt 0.140625 0.343750
vt 0.140625 0.750000
vt 0.140625 0.312500
vt 0.140625 0.718750
vt 0.140625 0.281250
vt 0.140625 0.687500
vt 0.140625 0.250000
vt 0.140625 0.656250
vt 0.140625 0.218750
vt 0.140625 0.625000
vt 0.125000 0.968750
vt 0.125000 0.937500
vt 0.125000 0.125000
vt 0.125000 0.093750
vt 0.125000 0.531250
vt 0.125000 0.500000
vt 0.125000 0.906250
vt 0.125000 0.062500
vt 0.125000 0.468750
vt 0.125000 0.875000
vt 0.125000 0.031250
vt 0.125000 0.437500
vt 0.125000 0.843750
vt 0.132812 0.000000
vt 0.125000 0.406250
vt 0.125000 0.812500
vt 0.125000 0.375000
vt 0.125000 0.781250
vt 0.125000 0.343750
vt 0.125000 0.750000
vt 0.125000 0.312500
vt 0.125000 0.718750
vt 0.125000 0.281250
vt 0.125000 0.687500
vt 0.125000 0.250000
vt 0.125000 0.656250
vt 0.125000 0.218750
vt 0.125000 0.625000
vt 0.125000 0.187500
vt 0.125000 0.593750
vt 0.125000 0.156250
vt 0.125000 0.562500
vt 0.132812 1.000000
vt 0.109375 0.906250
vt 0.109375 0.875000
vt 0.109375 0.062500
vt 0.109375 0.031250
vt 0.109375 0.468750
vt 0.109375 0.437500
vt 0.109375 0.843750
vt 0.117188 0.000000
vt 0.109375 0.406250
vt 0.109375 0.812500
vt 0.109375 0.375000
vt 0.109375 0.781250
vt 0.109375 0.343750
vt 0.109375 0.750000
vt 0.109375 0.312500
vt 0.109375 0.718750
vt 0.109375 0.281250
vt 0.109375 0.687500
vt 0.109375 0.250000
vt 0.109375 0.656250
vt 0.109375 0.218750
vt 0.109375 0.625000
vt 0.109375 0.187500
vt 0.109375 0.593750
vt 0.109375 0.156250
vt 0.109375 0.562500
vt 0.117188 1.000000
vt 0.109375 0.968750
vt 0.109375 0.125000
vt 0.109375 0.531250
vt 0.109375 0.937500
vt 0.109375 0.093750
vt 0.109375 0.500000
vt 0.093750 0.843750
vt 0.093750 0.812500
vt 0.093750 0.406250
vt 0.093750 0.375000
vt 0.093750 0.781250
vt 0.093750 0.343750
vt 0.093750 0.750000
vt 0.093750 0.312500
vt 0.093750 0.718750
vt 0.093750 0.281250
vt 0.093750 0.687500
vt 0.093750 0.250000
vt 0.093750 0.656250
vt 0.093750 0.218750
vt 0.093750 0.625000
vt 0.093750 0.187500
vt 0.093750 0.593750
vt 0.093750 0.156250
vt 0.093750 0.562500
vt 0.101562 1.000000
vt 0.093750 0.968750
vt 0.093750 0.125000
vt 0.093750 0.531250
vt 0.093750 0.937500
vt 0.093750 0.093750
vt 0.093750 0.500000
vt 0.093750 0.906250
vt 0.093750 0.062500
vt 0.093750 0.468750
vt 0.093750 0.875000
vt 0.093750 0.031250
vt 0.093750 0.437500
vt 0.101562 0.000000
vt 0.078125 0.781250
vt 0.078125 0.750000
vt 0.078125 0.343750
vt 0.078125 0.312500
vt 0.078125 0.718750
vt 0.078125 0.281250
vt 0.078125 0.687500
vt 0.078125 0.250000
vt 0.078125 0.656250
vt 0.078125 0.218750
vt 0.078125 0.625000
vt 0.078125 0.187500
vt 0.078125 0.593750
vt 0.078125 0.156250
vt 0.078125 0.562500
vt 0.085937 1.000000
vt 0.078125 0.968750
vt 0.078125 0.125000
vt 0.078125 0.531250
vt 0.078125 0.937500
vt 0.078125 0.093750
vt 0.078125 0.500000
vt 0.078125 0.906250
vt 0.078125 0.062500
vt 0.078125 0.468750
vt 0.078125 0.875000
vt 0.078125 0.031250
vt 0.078125 0.437500
vt 0.078125 0.843750
vt 0.085937 0.000000
vt 0.078125 0.406250
vt 0.078125 0.812500
vt 0.078125 0.375000
vt 0.062500 0.718750
vt 0.062500 0.687500
vt 0.062500 0.281250
vt 0.062500 0.250000
vt 0.062500 0.656250
vt 0.062500 0.218750
vt 0.062500 0.625000
vt 0.062500 0.187500
vt 0.062500 0.593750
vt 0.062500 0.156250
vt 0.062500 0.562500
vt 0.070312 1.000000
vt 0.062500 0.968750
vt 0.062500 0.125000
vt 0.062500 0.531250
vt 0.062500 0.937500
vt 0.062500 0.093750
vt 0.062500 0.500000
vt 0.062500 0.906250
vt 0.062500 0.062500
vt 0.062500 0.468750
vt 0.062500 0.875000
vt 0.062500 0.031250
vt 0.062500 0.437500
vt 0.062500 0.843750
vt 0.070312 0.000000
vt 0.062500 0.406250
vt 0.062500 0.812500
vt 0.062500 0.375000
vt 0.062500 0.781250
vt 0.062500 0.343750
vt 0.062500 0.750000
vt 0.062500 0.312500
vt 0.046875 0.656250
vt 0.046875 0.625000
vt 0.046875 0.218750
vt 0.046875 0.187500
vt 0.046875 0.593750
vt 0.046875 0.156250
vt 0.046875 0.562500
vt 0.054687 1.000000
vt 0.046875 0.968750
vt 0.046875 0.125000
vt 0.046875 0.531250
vt 0.046875 0.937500
vt 0.046875 0.093750
vt 0.046875 0.500000
vt 0.046875 0.906250
vt 0.046875 0.062500
vt 0.046875 0.468750
vt 0.046875 0.875000
vt 0.046875 0.031250
vt 0.046875 0.437500
vt 0.046875 0.843750
vt 0.054687 0.000000
vt 0.046875 0.406250
vt 0.046875 0.812500
vt 0.046875 0.375000
vt 0.046875 0.781250
vt 0.046875 0.343750
vt 0.046875 0.750000
vt 0.046875 0.312500
vt 0.046875 0.718750
vt 0.046875 0.281250
vt 0.046875 0.687500
vt 0.046875 0.250000
vt 0.031250 0.593750
vt 0.031250 0.562500
vt 0.039062 1.000000
vt 0.031250 0.968750
vt 0.031250 0.156250
vt 0.031250 0.125000
vt 0.031250 0.531250
vt 0.031250 0.937500
vt 0.031250 0.093750
vt 0.031250 0.500000
vt 0.031250 0.906250
vt 0.031250 0.062500
vt 0.031250 0.468750
vt 0.031250 0.875000
vt 0.031250 0.031250
vt 0.031250 0.437500
vt 0.031250 0.843750
vt 0.039062 0.000000
vt 0.031250 0.406250
vt 0.031250 0.812500
vt 0.031250 0.375000
vt 0.031250 0.781250
vt 0.031250 0.343750
vt 0.031250 0.750000
vt 0.031250 0.312500
vt 0.031250 0.718750
vt 0.031250 0.281250
vt 0.031250 0.687500
vt 0.031250 0.250000
vt 0.031250 0.656250
vt 0.031250 0.218750
vt 0.031250 0.625000
vt 0.031250 0.187500
vt 0.015625 0.531250
vt 0.015625 0.500000
vt 0.015625 0.937500
vt 0.015625 0.906250
vt 0.015625 0.093750
vt 0.015625 0.062500
vt 0.015625 0.468750
vt 0.015625 0.875000
vt 0.015625 0.031250
vt 0.015625 0.437500
vt 0.015625 0.843750
vt 0.023438 0.000000
vt 0.015625 0.406250
vt 0.015625 0.812500
vt 0.015625 0.375000
vt 0.015625 0.781250
vt 0.015625 0.343750
vt 0.015625 0.750000
vt 0.015625 0.312500
vt 0.015625 0.718750
vt 0.015625 0.281250
vt 0.015625 0.687500
vt 0.015625 0.250000
vt 0.015625 0.656250
vt 0.015625 0.218750
vt 0.015625 0.625000
vt 0.015625 0.187500
vt 0.015625 0.593750
vt 0.015625 0.156250
vt 0.015625 0.562500
vt 0.023438 1.000000
vt 0.015625 0.968750
vt 0.015625 0.125000
vt 0.000000 0.468750
vt 0.000000 0.437500
vt 0.000000 0.875000
vt 0.000000 0.843750
vt 0.007812 0.000000
vt 0.000000 0.031250
vt 0.000000 0.406250
vt 0.000000 0.812500
vt 0.000000 0.375000
vt 0.000000 0.781250
vt 0.000000 0.343750
vt 0.000000 0.750000
vt 0.000000 0.312500
vt 0.000000 0.718750
vt 0.000000 0.281250
vt 0.000000 0.687500
vt 0.000000 0.250000
vt 0.000000 0.656250
vt 0.000000 0.218750
vt 0.000000 0.625000
vt 0.000000 0.187500
vt 0.000000 0.593750
vt 0.000000 0.156250
vt 0.000000 0.562500
vt 0.007812 1.000000
vt 0.000000 0.968750
vt 0.000000 0.125000
vt 0.000000 0.531250
vt 0.000000 0.937500
vt 0.000000 0.093750
vt 0.000000 0.500000
vt 0.000000 0.906250
vt 0.000000 0.062500
vt 1.000000 0.375000
vt 1.000000 0.406250
vt 0.984375 0.406250
vt 0.984375 0.375000
vt 1.000000 0.781250
vt 1.000000 0.812500
vt 0.984375 0.812500
vt 0.984375 0.781250
vt 1.000000 0.343750
vt 0.984375 0.343750
vt 1.000000 0.750000
vt 0.984375 0.750000
vt 1.000000 0.312500
vt 0.984375 0.312500
vt 1.000000 0.718750
vt 0.984375 0.718750
vt 1.000000 0.281250
vt 0.984375 0.281250
vt 1.000000 0.687500
vt 0.984375 0.687500
vt 1.000000 0.250000
vt 0.984375 0.250000
vt 1.000000 0.656250
vt 0.984375 0.656250
vt 1.000000 0.218750
vt 0.984375 0.218750
vt 1.000000 0.625000
vt 0.984375 0.625000
vt 1.000000 0.187500
vt 0.984375 0.187500
vt 1.000000 0.593750
vt 0.984375 0.593750
vt 1.000000 0.156250
vt 0.984375 0.156250
vt 1.000000 0.562500
vt 0.984375 0.562500
vt 1.000000 0.968750
vt 0.992187 1.000000
vt 0.984375 0.968750
vt 1.000000 0.125000
vt 0.984375 0.125000
vt 1.000000 0.531250
vt 0.984375 0.531250
vt 1.000000 0.937500
vt 0.984375 0.937500
vt 1.000000 0.093750
vt 0.984375 0.093750
vt 1.000000 0.500000
vt 0.984375 0.500000
vt 1.000000 0.906250
vt 0.984375 0.906250
vt 1.000000 0.062500
vt 0.984375 0.062500
vt 1.000000 0.468750
vt 0.984375 0.468750
vt 1.000000 0.875000
vt 0.984375 0.875000
vt 1.000000 0.031250
vt 0.984375 0.031250
vt 1.000000 0.437500
vt 0.984375 0.437500
vt 1.000000 0.843750
vt 0.984375 0.843750
vt 0.992187 0.000000
vt 0.968750 0.343750
vt 0.968750 0.312500
vt 0.968750 0.750000
vt 0.968750 0.718750
vt 0.968750 0.281250
vt 0.968750 0.687500
vt 0.968750 0.250000
vt 0.968750 0.656250
vt 0.968750 0.218750
vt 0.968750 0.625000
vt 0.968750 0.187500
vt 0.968750 0.593750
vt 0.968750 0.156250
vt 0.968750 0.562500
vt 0.976562 1.000000
vt 0.968750 0.968750
vt 0.968750 0.125000
vt 0.968750 0.531250
vt 0.968750 0.937500
vt 0.968750 0.093750
vt 0.968750 0.500000
vt 0.968750 0.906250
vt 0.968750 0.062500
vt 0.968750 0.468750
vt 0.968750 0.875000
vt 0.968750 0.031250
vt 0.968750 0.437500
vt 0.968750 0.843750
vt 0.976562 0.000000
vt 0.968750 0.406250
vt 0.968750 0.812500
vt 0.968750 0.375000
vt 0.968750 0.781250
vt 0.953125 0.281250
vt 0.953125 0.250000
vt 0.953125 0.687500
vt 0.953125 0.656250
vt 0.953125 0.218750
vt 0.953125 0.625000
vt 0.953125 0.187500
vt 0.953125 0.593750
vt 0.953125 0.156250
vt 0.953125 0.562500
vt 0.960937 1.000000
vt 0.953125 0.968750
vt 0.953125 0.125000
vt 0.953125 0.531250
vt 0.953125 0.937500
vt 0.953125 0.093750
vt 0.953125 0.500000
vt 0.953125 0.906250
vt 0.953125 0.062500
vt 0.953125 0.468750
vt 0.953125 0.875000
vt 0.953125 0.031250
vt 0.953125 0.437500
vt 0.953125 0.843750
vt 0.960937 0.000000
vt 0.953125 0.406250
vt 0.953125 0.812500
vt 0.953125 0.375000
vt 0.953125 0.781250
vt 0.953125 0.343750
vt 0.953125 0.750000
vt 0.953125 0.312500
vt 0.953125 0.718750
vt 0.937500 0.218750
vt 0.937500 0.187500
vt 0.937500 0.625000
vt 0.937500 0.593750
vt 0.937500 0.156250
vt 0.937500 0.562500
vt 0.945312 1.000000
vt 0.937500 0.968750
vt 0.937500 0.125000
vt 0.937500 0.531250
vt 0.937500 0.937500
vt 0.937500 0.093750
vt 0.937500 0.500000
vt 0.937500 0.906250
vt 0.937500 0.062500
vt 0.937500 0.468750
vt 0.937500 0.875000
vt 0.937500 0.031250
vt 0.937500 0.437500
vt 0.937500 0.843750
vt 0.945312 0.000000
vt 0.937500 0.406250
vt 0.937500 0.812500
vt 0.937500 0.375000
vt 0.937500 0.781250
vt 0.937500 0.343750
vt 0.937500 0.750000
vt 0.937500 0.312500
vt 0.937500 0.718750
vt 0.937500 0.281250
vt 0.937500 0.687500
vt 0.937500 0.250000
vt 0.937500 0.656250
vt 0.929687 1.000000
vt 0.921875 0.968750
vt 0.921875 0.156250
vt 0.921875 0.125000
vt 0.921875 0.562500
vt 0.921875 0.531250
vt 0.921875 0.937500
vt 0.921875 0.093750
vt 0.921875 0.500000
vt 0.921875 0.906250
vt 0.921875 0.062500
vt 0.921875 0.468750
vt 0.921875 0.875000
vt 0.921875 0.031250
vt 0.921875 0.437500
vt 0.921875 0.843750
vt 0.929687 0.000000
vt 0.921875 0.406250
vt 0.921875 0.812500
vt 0.921875 0.375000
vt 0.921875 0.781250
vt 0.921875 0.343750
vt 0.921875 0.750000
vt 0.921875 0.312500
vt 0.921875 0.718750
vt 0.921875 0.281250
vt 0.921875 0.687500
vt 0.921875 0.250000
vt 0.921875 0.656250
vt 0.921875 0.218750
vt 0.921875 0.625000
vt 0.921875 0.187500
vt 0.921875 0.593750
vt 0.906250 0.937500
vt 0.906250 0.906250
vt 0.906250 0.093750
vt 0.906250 0.062500
vt 0.906250 0.500000
vt 0.906250 0.468750
vt 0.906250 0.875000
vt 0.906250 0.031250
vt 0.906250 0.437500
vt 0.906250 0.843750
vt 0.914062 0.000000
vt 0.906250 0.406250
vt 0.906250 0.812500
vt 0.906250 0.375000
vt 0.906250 0.781250
vt 0.906250 0.343750
vt 0.906250 0.750000
vt 0.906250 0.312500
vt 0.906250 0.718750
vt 0.906250 0.281250
vt 0.906250 0.687500
vt 0.906250 0.250000
vt 0.906250 0.656250
vt 0.906250 0.218750
vt 0.906250 0.625000
vt 0.906250 0.187500
vt 0.906250 0.593750
vt 0.906250 0.156250
vt 0.906250 0.562500
vt 0.914062 1.000000
vt 0.906250 0.968750
vt 0.906250 0.125000
vt 0.906250 0.531250
vt 0.890625 0.875000
vt 0.890625 0.843750
vt 0.898437 0.000000
vt 0.890625 0.031250
vt 0.890625 0.437500
vt 0.890625 0.406250
vt 0.890625 0.812500
vt 0.890625 0.375000
vt 0.890625 0.781250
vt 0.890625 0.343750
vt 0.890625 0.750000
vt 0.890625 0.312500
vt 0.890625 0.718750
vt 0.890625 0.281250
vt 0.890625 0.687500
vt 0.890625 0.250000
vt 0.890625 0.656250
vt 0.890625 0.218750
vt 0.890625 0.625000
vt 0.890625 0.187500
vt 0.890625 0.593750
vt 0.890625 0.156250
vt 0.890625 0.562500
vt 0.898437 1.000000
vt 0.890625 0.968750
vt 0.890625 0.125000
vt 0.890625 0.531250
vt 0.890625 0.937500
vt 0.890625 0.093750
vt 0.890625 0.500000
vt 0.890625 0.906250
vt 0.890625 0.062500
vt 0.890625 0.468750
vt 0.875000 0.812500
vt 0.875000 0.781250
vt 0.875000 0.375000
vt 0.875000 0.343750
vt 0.875000 0.750000
vt 0.875000 0.312500
vt 0.875000 0.718750
vt 0.875000 0.281250
vt 0.875000 0.687500
vt 0.875000 0.250000
vt 0.875000 0.656250
vt 0.875000 0.218750
vt 0.875000 0.625000
vt 0.875000 0.187500
vt 0.875000 0.593750
vt 0.875000 0.156250
vt 0.875000 0.562500
vt 0.882812 1.000000
vt 0.875000 0.968750
vt 0.875000 0.125000
vt 0.875000 0.531250
vt 0.875000 0.937500
vt 0.875000 0.093750
vt 0.875000 0.500000
vt 0.875000 0.906250
vt 0.875000 0.062500
vt 0.875000 0.468750
vt 0.875000 0.875000
vt 0.875000 0.031250
vt 0.875000 0.437500
vt 0.875000 0.843750
vt 0.882812 0.000000
vt 0.875000 0.406250
vt 0.859375 0.750000
vt 0.859375 0.718750
vt 0.859375 0.312500
vt 0.859375 0.281250
vt 0.859375 0.687500
vt 0.859375 0.250000
vt 0.859375 0.656250
vt 0.859375 0.218750
vt 0.859375 0.625000
vt 0.859375 0.187500
vt 0.859375 0.593750
vt 0.859375 0.156250
vt 0.859375 0.562500
vt 0.867187 1.000000
vt 0.859375 0.968750
vt 0.859375 0.125000
vt 0.859375 0.531250
vt 0.859375 0.937500
vt 0.859375 0.093750
vt 0.859375 0.500000
vt 0.859375 0.906250
vt 0.859375 0.062500
vt 0.859375 0.468750
vt 0.859375 0.875000
vt 0.859375 0.031250
vt 0.859375 0.437500
vt 0.859375 0.843750
vt 0.867187 0.000000
vt 0.859375 0.406250
vt 0.859375 0.812500
vt 0.859375 0.375000
vt 0.859375 0.781250
vt 0.859375 0.343750
vt 0.843750 0.687500
vt 0.843750 0.656250
vt 0.843750 0.250000
vt 0.843750 0.218750
vt 0.843750 0.625000
vt 0.843750 0.187500
vt 0.843750 0.593750
vt 0.843750 0.156250
vt 0.843750 0.562500
vt 0.851562 1.000000
vt 0.843750 0.968750
vt 0.843750 0.125000
vt 0.843750 0.531250
vt 0.843750 0.937500
vt 0.843750 0.093750
vt 0.843750 0.500000
vt 0.843750 0.906250
vt 0.843750 0.062500
vt 0.843750 0.468750
vt 0.843750 0.875000
vt 0.843750 0.031250
vt 0.843750 0.437500
vt 0.843750 0.843750
vt 0.851562 0.000000
vt 0.843750 0.406250
vt 0.843750 0.812500
vt 0.843750 0.375000
vt 0.843750 0.781250
vt 0.843750 0.343750
vt 0.843750 0.750000
vt 0.843750 0.312500
vt 0.843750 0.718750
vt 0.843750 0.281250
vt 0.828125 0.625000
vt 0.828125 0.593750
vt 0.828125 0.187500
vt 0.828125 0.156250
vt 0.828125 0.562500
vt 0.835937 1.000000
vt 0.828125 0.968750
vt 0.828125 0.125000
vt 0.828125 0.531250
vt 0.828125 0.937500
vt 0.828125 0.093750
vt 0.828125 0.500000
vt 0.828125 0.906250
vt 0.828125 0.062500
vt 0.828125 0.468750
vt 0.828125 0.875000
vt 0.828125 0.031250
vt 0.828125 0.437500
vt 0.828125 0.843750
vt 0.835937 0.000000
vt 0.828125 0.406250
vt 0.828125 0.812500
vt 0.828125 0.375000
vt 0.828125 0.781250
vt 0.828125 0.343750
vt 0.828125 0.750000
vt 0.828125 0.312500
vt 0.828125 0.718750
vt 0.828125 0.281250
vt 0.828125 0.687500
vt 0.828125 0.250000
vt 0.828125 0.656250
vt 0.828125 0.218750
vt 0.812500 0.562500
vt 0.812500 0.531250
vt 0.812500 0.968750
vt 0.812500 0.937500
vt 0.812500 0.125000
vt 0.812500 0.093750
vt 0.812500 0.500000
vt 0.812500 0.906250
vt 0.812500 0.062500
vt 0.812500 0.468750
vt 0.812500 0.875000
vt 0.812500 0.031250
vt 0.812500 0.437500
vt 0.812500 0.843750
vt 0.820312 0.000000
vt 0.812500 0.406250
vt 0.812500 0.812500
vt 0.812500 0.375000
vt 0.812500 0.781250
vt 0.812500 0.343750
vt 0.812500 0.750000
vt 0.812500 0.312500
vt 0.812500 0.718750
vt 0.812500 0.281250
vt 0.812500 0.687500
vt 0.812500 0.250000
vt 0.812500 0.656250
vt 0.812500 0.218750
vt 0.812500 0.625000
vt 0.812500 0.187500
vt 0.812500 0.593750
vt 0.812500 0.156250
vt 0.820312 1.000000
vt 0.796875 0.500000
vt 0.796875 0.468750
vt 0.796875 0.906250
vt 0.796875 0.875000
vt 0.796875 0.062500
vt 0.796875 0.031250
vt 0.796875 0.437500
vt 0.796875 0.843750
vt 0.804687 0.000000
vt 0.796875 0.406250
vt 0.796875 0.812500
vt 0.796875 0.375000
vt 0.796875 0.781250
vt 0.796875 0.343750
vt 0.796875 0.750000
vt 0.796875 0.312500
vt 0.796875 0.718750
vt 0.796875 0.281250
vt 0.796875 0.687500
vt 0.796875 0.250000
vt 0.796875 0.656250
vt 0.796875 0.218750
vt 0.796875 0.625000
vt 0.796875 0.187500
vt 0.796875 0.593750
vt 0.796875 0.156250
vt 0.796875 0.562500
vt 0.804687 1.000000
vt 0.796875 0.968750
vt 0.796875 0.125000
vt 0.796875 0.531250
vt 0.796875 0.937500
vt 0.796875 0.093750
vt 0.781250 0.437500
vt 0.781250 0.406250
vt 0.781250 0.843750
vt 0.781250 0.812500
vt 0.781250 0.375000
vt 0.781250 0.781250
vt 0.781250 0.343750
vt 0.781250 0.750000
vt 0.781250 0.312500
vt 0.781250 0.718750
vt 0.781250 0.281250
vt 0.781250 0.687500
vt 0.781250 0.250000
vt 0.781250 0.656250
vt 0.781250 0.218750
vt 0.781250 0.625000
vt 0.781250 0.187500
vt 0.781250 0.593750
vt 0.781250 0.156250
vt 0.781250 0.562500
vt 0.789062 1.000000
vt 0.781250 0.968750
vt 0.781250 0.125000
vt 0.781250 0.531250
vt 0.781250 0.937500
vt 0.781250 0.093750
vt 0.781250 0.500000
vt 0.781250 0.906250
vt 0.781250 0.062500
vt 0.781250 0.468750
vt 0.781250 0.875000
vt 0.781250 0.031250
vt 0.789062 0.000000
vt 0.765625 0.375000
vt 0.765625 0.343750
vt 0.765625 0.781250
vt 0.765625 0.750000
vt 0.765625 0.312500
vt 0.765625 0.718750
vt 0.765625 0.281250
vt 0.765625 0.687500
vt 0.765625 0.250000
vt 0.765625 0.656250
vt 0.765625 0.218750
vt 0.765625 0.625000
vt 0.765625 0.187500
vt 0.765625 0.593750
vt 0.765625 0.156250
vt 0.765625 0.562500
vt 0.773437 1.000000
vt 0.765625 0.968750
vt 0.765625 0.125000
vt 0.765625 0.531250
vt 0.765625 0.937500
vt 0.765625 0.093750
vt 0.765625 0.500000
vt 0.765625 0.906250
vt 0.765625 0.062500
vt 0.765625 0.468750
vt 0.765625 0.875000
vt 0.765625 0.031250
vt 0.765625 0.437500
vt 0.765625 0.843750
vt 0.773437 0.000000
vt 0.765625 0.406250
vt 0.765625 0.812500
vt 0.757812 1.000000
vt 0.757812 0.000000
s 1
f 1983/1/1983 1982/2/1982 49/3/49 50/4/50
f 11/5/11 10/6/10 36/7/36 37/8/37
f 1984/9/1984 1983/1/1983 50/4/50 51/10/51
f 12/11/12 11/5/11 37/8/37 38/12/38
f 2/13/2 1/14/1 25/15/25
f 1985/16/1985 1984/9/1984 51/10/51 52/17/52
f 13/18/13 12/11/12 38/12/38 39/19/39
f 3/20/3 2/13/2 25/15/25 26/21/26
f 1986/22/1986 1985/16/1985 52/17/52 53/23/53
f 14/24/14 13/18/13 39/19/39 40/25/40
f 4/26/4 3/20/3 26/21/26 27/27/27
f 22/28/22 1986/22/1986 53/23/53 54/29/54
f 15/30/15 14/24/14 40/25/40 41/31/41
f 1978/32/1978 4/26/4 27/27/27 28/33/28
f 23/34/23 22/28/22 54/29/54 55/35/55
f 16/36/16 15/30/15 41/31/41 42/37/42
f 5/38/5 1978/32/1978 28/33/28 29/39/29
f 24/40/24 23/34/23 55/35/55
f 17/41/17 16/36/16 42/37/42 43/42/43
f 1979/43/1979 5/38/5 29/39/29 30/44/30
f 18/45/18 17/41/17 43/42/43 44/46/44
f 1980/47/1980 1979/43/1979 30/44/30 31/48/31
f 1981/49/1981 18/45/18 44/46/44 45/50/45
f 6/51/6 1980/47/1980 31/48/31 32/52/32
f 19/53/19 1981/49/1981 45/50/45 46/54/46
f 7/55/7 6/51/6 32/52/32 33/56/33
f 20/57/20 19/53/19 46/54/46 47/58/47
f 8/59/8 7/55/7 33/56/33 34/60/34
f 21/61/21 20/57/20 47/58/47 48/62/48
f 9/63/9 8/59/8 34/60/34 35/64/35
f 1982/2/1982 21/61/21 48/62/48 49/3/49
f 10/6/10 9/63/9 35/64/35 36/7/36
f 45/50/45 44/46/44 75/65/75 76/66/76
f 32/52/32 31/48/31 62/67/62 63/68/63
f 46/54/46 45/50/45 76/66/76 77/69/77
f 33/56/33 32/52/32 63/68/63 64/70/64
f 47/58/47 46/54/46 77/69/77 78/71/78
f 34/60/34 33/56/33 64/70/64 65/72/65
f 48/62/48 47/58/47 78/71/78 79/73/79
f 35/64/35 34/60/34 65/72/65 66/74/66
f 49/3/49 48/62/48 79/73/79 80/75/80
f 36/7/36 35/64/35 66/74/66 67/76/67
f 50/4/50 49/3/49 80/75/80 81/77/81
f 37/8/37 36/7/36 67/76/67 68/78/68
f 51/10/51 50/4/50 81/77/81 82/79/82
f 38/12/38 37/8/37 68/78/68 69/80/69
f 25/15/25 1/81/1 56/82/56
f 52/17/52 51/10/51 82/79/82 83/83/83
f 39/19/39 38/12/38 69/80/69 70/84/70
f 26/21/26 25/15/25 56/82/56 57/85/57
f 53/23/53 52/17/52 83/83/83 84/86/84
f 40/25/40 39/19/39 70/84/70 71/87/71
f 27/27/27 26/21/26 57/85/57 58/88/58
f 54/29/54 53/23/53 84/86/84 85/89/85
f 41/31/41 40/25/40 71/87/71 72/90/72
f 28/33/28 27/27/27 58/88/58 59/91/59
f 55/35/55 54/29/54 85/89/85 86/92/86
f 42/37/42 41/31/41 72/90/72 73/93/73
f 29/39/29 28/33/28 59/91/59 60/94/60
f 24/95/24 55/35/55 86/92/86
f 43/42/43 42/37/42 73/93/73 74/96/74
f 30/44/30 29/39/29 60/94/60 61/97/61
f 44/46/44 43/42/43 74/96/74 75/65/75
f 31/48/31 30/44/30 61/97/61 62/67/62
f 78/71/78 77/69/77 108/98/108 109/99/109
f 65/72/65 64/70/64 95/100/95 96/101/96
f 79/73/79 78/71/78 109/99/109 110/102/110
f 66/74/66 65/72/65 96/101/96 97/103/97
f 80/75/80 79/73/79 110/102/110 111/104/111
f 67/76/67 66/74/66 97/103/97 98/105/98
f 81/77/81 80/75/80 111/104/111 112/106/112
f 68/78/68 67/76/67 98/105/98 99/107/99
f 82/79/82 81/77/81 112/106/112 113/108/113
f 69/80/69 68/78/68 99/107/99 100/109/100
f 56/82/56 1/110/1 87/111/87
f 83/83/83 82/79/82 113/108/113 114/112/114
f 70/84/70 69/80/69 100/109/100 101/113/101
f 57/85/57 56/82/56 87/111/87 88/114/88
f 84/86/84 83/83/83 114/112/114 115/115/115
f 71/87/71 70/84/70 101/113/101 102/116/102
f 58/88/58 57/85/57 88/114/88 89/117/89
f 85/89/85 84/86/84 115/115/115 116/118/116
f 72/90/72 71/87/71 102/116/102 103/119/103
f 59/91/59 58/88/58 89/117/89 90/120/90
f 86/92/86 85/89/85 116/118/116 117/121/117
f 73/93/73 72/90/72 103/119/103 104/122/104
f 60/94/60 59/91/59 90/120/90 91/123/91
f 24/124/24 86/92/86 117/121/117
f 74/96/74 73/93/73 104/122/104 105/125/105
f 61/97/61 60/94/60 91/123/91 92/126/92
f 75/65/75 74/96/74 105/125/105 106/127/106
f 62/67/62 61/97/61 92/126/92 93/128/93
f 76/66/76 75/65/75 106/127/106 107/129/107
f 63/68/63 62/67/62 93/128/93 94/130/94
f 77/69/77 76/66/76 107/129/107 108/98/108
f 64/70/64 63/68/63 94/130/94 95/100/95
f 111/104/111 110/102/110 141/131/141 142/132/142
f 98/105/98 97/103/97 128/133/128 129/134/129
f 112/106/112 111/104/111 142/132/142 143/135/143
f 99/107/99 98/105/98 129/134/129 130/136/130
f 113/108/113 112/106/112 143/135/143 144/137/144
f 100/109/100 99/107/99 130/136/130 131/138/131
f 87/111/87 1/139/1 118/140/118
f 114/112/114 113/108/113 144/137/144 145/141/145
f 101/113/101 100/109/100 131/138/131 132/142/132
f 88/114/88 87/111/87 118/140/118 119/143/119
f 115/115/115 114/112/114 145/141/145 146/144/146
f 102/116/102 101/113/101 132/142/132 133/145/133
f 89/117/89 88/114/88 119/143/119 120/146/120
f 116/118/116 115/115/115 146/144/146 147/147/147
f 103/119/103 102/116/102 133/145/133 134/148/134
f 90/120/90 89/117/89 120/146/120 121/149/121
f 117/121/117 116/118/116 147/147/147 148/150/148
f 104/122/104 103/119/103 134/148/134 135/151/135
f 91/123/91 90/120/90 121/149/121 122/152/122
f 24/153/24 117/121/117 148/150/148
f 105/125/105 104/122/104 135/151/135 136/154/136
f 92/126/92 91/123/91 122/152/122 123/155/123
f 106/127/106 105/125/105 136/154/136 137/156/137
f 93/128/93 92/126/92 123/155/123 124/157/124
f 107/129/107 106/127/106 137/156/137 138/158/138
f 94/130/94 93/128/93 124/157/124 125/159/125
f 108/98/108 107/129/107 138/158/138 139/160/139
f 95/100/95 94/130/94 125/159/125 126/161/126
f 109/99/109 108/98/108 139/160/139 140/162/140
f 96/101/96 95/100/95 126/161/126 127/163/127
f 110/102/110 109/99/109 140/162/140 141/131/141
f 97/103/97 96/101/96 127/163/127 128/133/128
f 144/137/144 143/135/143 174/164/174 175/165/175
f 131/138/131 130/136/130 161/166/161 162/167/162
f 118/140/118 1/168/1 149/169/149
f 145/141/145 144/137/144 175/165/175 176/170/176
f 132/142/132 131/138/131 162/167/162 163/171/163
f 119/143/119 118/140/118 149/169/149 150/172/150
f 146/144/146 145/141/145 176/170/176 177/173/177
f 133/145/133 132/142/132 163/171/163 164/174/164
f 120/146/120 119/143/119 150/172/150 151/175/151
f 147/147/147 146/144/146 177/173/177 178/176/178
f 134/148/134 133/145/133 164/174/164 165/177/165
f 121/149/121 120/146/120 151/175/151 152/178/152
f 148/150/148 147/147/147 178/176/178 179/179/179
f 135/151/135 134/148/134 165/177/165 166/180/166
f 122/152/122 121/149/121 152/178/152 153/181/153
f 24/182/24 148/150/148 179/179/179
f 136/154/136 135/151/135 166/180/166 167/183/167
f 123/155/123 122/152/122 153/181/153 154/184/154
f 137/156/137 136/154/136 167/183/167 168/185/168
f 124/157/124 123/155/123 154/184/154 155/186/155
f 138/158/138 137/156/137 168/185/168 169/187/169
f 125/159/125 124/157/124 155/186/155 156/188/156
f 139/160/139 138/158/138 169/187/169 170/189/170
f 126/161/126 125/159/125 156/188/156 157/190/157
f 140/162/140 139/160/139 170/189/170 171/191/171
f 127/163/127 126/161/126 157/190/157 158/192/158
f 141/131/141 140/162/140 171/191/171 172/193/172
f 128/133/128 127/163/127 158/192/158 159/194/159
f 142/132/142 141/131/141 172/193/172 173/195/173
f 129/134/129 128/133/128 159/194/159 160/196/160
f 143/135/143 142/132/142 173/195/173 174/164/174
f 130/136/130 129/134/129 160/196/160 161/166/161
f 150/172/150 149/169/149 180/197/180 181/198/181
f 177/173/177 176/170/176 207/199/207 208/200/208
f 164/174/164 163/171/163 194/201/194 195/202/195
f 151/175/151 150/172/150 181/198/181 182/203/182
f 178/176/178 177/173/177 208/200/208 209/204/209
f 165/177/165 164/174/164 195/202/195 196/205/196
f 152/178/152 151/175/151 182/203/182 183/206/183
f 179/179/179 178/176/178 209/204/209 210/207/210
f 166/180/166 165/177/165 196/205/196 197/208/197
f 153/181/153 152/178/152 183/206/183 184/209/184
f 24/210/24 179/179/179 210/207/210
f 167/183/167 166/180/166 197/208/197 198/211/198
f 154/184/154 153/181/153 184/209/184 185/212/185
f 168/185/168 167/183/167 198/211/198 199/213/199
f 155/186/155 154/184/154 185/212/185 186/214/186
f 169/187/169 168/185/168 199/213/199 200/215/200
f 156/188/156 155/186/155 186/214/186 187/216/187
f 170/189/170 169/187/169 200/215/200 201/217/201
f 157/190/157 156/188/156 187/216/187 188/218/188
f 171/191/171 170/189/170 201/217/201 202/219/202
f 158/192/158 157/190/157 188/218/188 189/220/189
f 172/193/172 171/191/171 202/219/202 203/221/203
f 159/194/159 158/192/158 189/220/189 190/222/190
f 173/195/173 172/193/172 203/221/203 204/223/204
f 160/196/160 159/194/159 190/222/190 191/224/191
f 174/164/174 173/195/173 204/223/204 205/225/205
f 161/166/161 160/196/160 191/224/191 192/226/192
f 175/165/175 174/164/174 205/225/205 206/227/206
f 162/167/162 161/166/161 192/226/192 193/228/193
f 149/169/149 1/229/1 180/197/180
f 176/170/176 175/165/175 206/227/206 207/199/207
f 163/171/163 162/167/162 193/228/193 194/201/194
f 183/206/183 182/203/182 213/230/213 214/231/214
f 210/207/210 209/204/209 240/232/240 241/233/241
f 197/208/197 196/205/196 227/234/227 228/235/228
f 184/209/184 183/206/183 214/231/214 215/236/215
f 24/237/24 210/207/210 241/233/241
f 198/211/198 197/208/197 228/235/228 229/238/229
f 185/212/185 184/209/184 215/236/215 216/239/216
f 199/213/199 198/211/198 229/238/229 230/240/230
f 186/214/186 185/212/185 216/239/216 217/241/217
f 200/215/200 199/213/199 230/240/230 231/242/231
f 187/216/187 186/214/186 217/241/217 218/243/218
f 201/217/201 200/215/200 231/242/231 232/244/232
f 188/218/188 187/216/187 218/243/218 219/245/219
f 202/219/202 201/217/201 232/244/232 233/246/233
f 189/220/189 188/218/188 219/245/219 220/247/220
f 203/221/203 202/219/202 233/246/233 234/248/234
f 190/222/190 189/220/189 220/247/220 221/249/221
f 204/223/204 203/221/203 234/248/234 235/250/235
f 191/224/191 190/222/190 221/249/221 222/251/222
f 205/225/205 204/223/204 235/250/235 236/252/236
f 192/226/192 191/224/191 222/251/222 223/253/223
f 206/227/206 205/225/205 236/252/236 237/254/237
f 193/228/193 192/226/192 223/253/223 224/255/224
f 180/197/180 1/256/1 211/257/211
f 207/199/207 206/227/206 237/254/237 238/258/238
f 194/201/194 193/228/193 224/255/224 225/259/225
f 181/198/181 180/197/180 211/257/211 212/260/212
f 208/200/208 207/199/207 238/258/238 239/261/239
f 195/202/195 194/201/194 225/259/225 226/262/226
f 182/203/182 181/198/181 212/260/212 213/230/213
f 209/204/209 208/200/208 239/261/239 240/232/240
f 196/205/196 195/202/195 226/262/226 227/234/227
f 216/239/216 215/236/215 246/263/246 247/264/247
f 230/240/230 229/238/229 260/265/260 261/266/261
f 217/241/217 216/239/216 247/264/247 248/267/248
f 231/242/231 230/240/230 261/266/261 262/268/262
f 218/243/218 217/241/217 248/267/248 249/269/249
f 232/244/232 231/242/231 262/268/262 263/270/263
f 219/245/219 218/243/218 249/269/249 250/271/250
f 233/246/233 232/244/232 263/270/263 264/272/264
f 220/247/220 219/245/219 250/271/250 251/273/251
f 234/248/234 233/246/233 264/272/264 265/274/265
f 221/249/221 220/247/220 251/273/251 252/275/252
f 235/250/235 234/248/234 265/274/265 266/276/266
f 222/251/222 221/249/221 252/275/252 253/277/253
f 236/252/236 235/250/235 266/276/266 267/278/267
f 223/253/223 222/251/222 253/277/253 254/279/254
f 237/254/237 236/252/236 267/278/267 268/280/268
f 224/255/224 223/253/223 254/279/254 255/281/255
f 211/257/211 1/282/1 242/283/242
f 238/258/238 237/254/237 268/280/268 269/284/269
f 225/259/225 224/255/224 255/281/255 256/285/256
f 212/260/212 211/257/211 242/283/242 243/286/243
f 239/261/239 238/258/238 269/284/269 270/287/270
f 226/262/226 225/259/225 256/285/256 257/288/257
f 213/230/213 212/260/212 243/286/243 244/289/244
f 240/232/240 239/261/239 270/287/270 271/290/271
f 227/234/227 226/262/226 257/288/257 258/291/258
f 214/231/214 213/230/213 244/289/244 245/292/245
f 241/233/241 240/232/240 271/290/271 272/293/272
f 228/235/228 227/234/227 258/291/258 259/294/259
f 215/236/215 214/231/214 245/292/245 246/263/246
f 24/295/24 241/233/241 272/293/272
f 229/238/229 228/235/228 259/294/259 260/265/260
f 249/269/249 248/267/248 279/296/279 280/297/280
f 263/270/263 262/268/262 293/298/293 294/299/294
f 250/271/250 249/269/249 280/297/280 281/300/281
f 264/272/264 263/270/263 294/299/294 295/301/295
f 251/273/251 250/271/250 281/300/281 282/302/282
f 265/274/265 264/272/264 295/301/295 296/303/296
f 252/275/252 251/273/251 282/302/282 283/304/283
f 266/276/266 265/274/265 296/303/296 297/305/297
f 253/277/253 252/275/252 283/304/283 284/306/284
f 267/278/267 266/276/266 297/305/297 298/307/298
f 254/279/254 253/277/253 284/306/284 285/308/285
f 268/280/268 267/278/267 298/307/298 299/309/299
f 255/281/255 254/279/254 285/308/285 286/310/286
f 242/283/242 1/311/1 273/312/273
f 269/284/269 268/280/268 299/309/299 300/313/300
f 256/285/256 255/281/255 286/310/286 287/314/287
f 243/286/243 242/283/242 273/312/273 274/315/274
f 270/287/270 269/284/269 300/313/300 301/316/301
f 257/288/257 256/285/256 287/314/287 288/317/288
f 244/289/244 243/286/243 274/315/274 275/318/275
f 271/290/271 270/287/270 301/316/301 302/319/302
f 258/291/258 257/288/257 288/317/288 289/320/289
f 245/292/245 244/289/244 275/318/275 276/321/276
f 272/293/272 271/290/271 302/319/302 303/322/303
f 259/294/259 258/291/258 289/320/289 290/323/290
f 246/263/246 245/292/245 276/321/276 277/324/277
f 24/325/24 272/293/272 303/322/303
f 260/265/260 259/294/259 290/323/290 291/326/291
f 247/264/247 246/263/246 277/324/277 278/327/278
f 261/266/261 260/265/260 291/326/291 292/328/292
f 248/267/248 247/264/247 278/327/278 279/296/279
f 262/268/262 261/266/261 292/328/292 293/298/293
f 282/302/282 281/300/281 312/329/312 313/330/313
f 296/303/296 295/301/295 326/331/326 327/332/327
f 283/304/283 282/302/282 313/330/313 314/333/314
f 297/305/297 296/303/296 327/332/327 328/334/328
f 284/306/284 283/304/283 314/333/314 315/335/315
f 298/307/298 297/305/297 328/334/328 329/336/329
f 285/308/285 284/306/284 315/335/315 316/337/316
f 299/309/299 298/307/298 329/336/329 330/338/330
f 286/310/286 285/308/285 316/337/316 317/339/317
f 273/312/273 1/340/1 304/341/304
f 300/313/300 299/309/299 330/338/330 331/342/331
f 287/314/287 286/310/286 317/339/317 318/343/318
f 274/315/274 273/312/273 304/341/304 305/344/305
f 301/316/301 300/313/300 331/342/331 332/345/332
f 288/317/288 287/314/287 318/343/318 319/346/319
f 275/318/275 274/315/274 305/344/305 306/347/306
f 302/319/302 301/316/301 332/345/332 333/348/333
f 289/320/289 288/317/288 319/346/319 320/349/320
f 276/321/276 275/318/275 306/347/306 307/350/307
f 303/322/303 302/319/302 333/348/333 334/351/334
f 290/323/290 289/320/289 320/349/320 321/352/321
f 277/324/277 276/321/276 307/350/307 308/353/308
f 24/354/24 303/322/303 334/351/334
f 291/326/291 290/323/290 321/352/321 322/355/322
f 278/327/278 277/324/277 308/353/308 309/356/309
f 292/328/292 291/326/291 322/355/322 323/357/323
f 279/296/279 278/327/278 309/356/309 310/358/310
f 293/298/293 292/328/292 323/357/323 324/359/324
f 280/297/280 279/296/279 310/358/310 311/360/311
f 294/299/294 293/298/293 324/359/324 325/361/325
f 281/300/281 280/297/280 311/360/311 312/329/312
f 295/301/295 294/299/294 325/361/325 326/331/326
f 315/335/315 314/333/314 345/362/345 346/363/346
f 329/336/329 328/334/328 359/364/359 360/365/360
f 316/337/316 315/335/315 346/363/346 347/366/347
f 330/338/330 329/336/329 360/365/360 361/367/361
f 317/339/317 316/337/316 347/366/347 348/368/348
f 304/341/304 1/369/1 335/370/335
f 331/342/331 330/338/330 361/367/361 362/371/362
f 318/343/318 317/339/317 348/368/348 349/372/349
f 305/344/305 304/341/304 335/370/335 336/373/336
f 332/345/332 331/342/331 362/371/362 363/374/363
f 319/346/319 318/343/318 349/372/349 350/375/350
f 306/347/306 305/344/305 336/373/336 337/376/337
f 333/348/333 332/345/332 363/374/363 364/377/364
f 320/349/320 319/346/319 350/375/350 351/378/351
f 307/350/307 306/347/306 337/376/337 338/379/338
f 334/351/334 333/348/333 364/377/364 365/380/365
f 321/352/321 320/349/320 351/378/351 352/381/352
f 308/353/308 307/350/307 338/379/338 339/382/339
f 24/383/24 334/351/334 365/380/365
f 322/355/322 321/352/321 352/381/352 353/384/353
f 309/356/309 308/353/308 339/382/339 340/385/340
f 323/357/323 322/355/322 353/384/353 354/386/354
f 310/358/310 309/356/309 340/385/340 341/387/341
f 324/359/324 323/357/323 354/386/354 355/388/355
f 311/360/311 310/358/310 341/387/341 342/389/342
f 325/361/325 324/359/324 355/388/355 356/390/356
f 312/329/312 311/360/311 342/389/342 343/391/343
f 326/331/326 325/361/325 356/390/356 357/392/357
f 313/330/313 312/329/312 343/391/343 344/393/344
f 327/332/327 326/331/326 357/392/357 358/394/358
f 314/333/314 313/330/313 344/393/344 345/362/345
f 328/334/328 327/332/327 358/394/358 359/364/359
f 348/368/348 347/366/347 378/395/378 379/396/379
f 335/370/335 1/397/1 366/398/366
f 362/371/362 361/367/361 392/399/392 393/400/393
f 349/372/349 348/368/348 379/396/379 380/401/380
f 336/373/336 335/370/335 366/398/366 367/402/367
f 363/374/363 362/371/362 393/400/393 394/403/394
f 350/375/350 349/372/349 380/401/380 381/404/381
f 337/376/337 336/373/336 367/402/367 368/405/368
f 364/377/364 363/374/363 394/403/394 395/406/395
f 351/378/351 350/375/350 381/404/381 382/407/382
f 338/379/338 337/376/337 368/405/368 369/408/369
f 365/380/365 364/377/364 395/406/395 396/409/396
f 352/381/352 351/378/351 382/407/382 383/410/383
f 339/382/339 338/379/338 369/408/369 370/411/370
f 24/412/24 365/380/365 396/409/396
f 353/384/353 352/381/352 383/410/383 384/413/384
f 340/385/340 339/382/339 370/411/370 371/414/371
f 354/386/354 353/384/353 384/413/384 385/415/385
f 341/387/341 340/385/340 371/414/371 372/416/372
f 355/388/355 354/386/354 385/415/385 386/417/386
f 342/389/342 341/387/341 372/416/372 373/418/373
f 356/390/356 355/388/355 386/417/386 387/419/387
f 343/391/343 342/389/342 373/418/373 374/420/374
f 357/392/357 356/390/356 387/419/387 388/421/388
f 344/393/344 343/391/343 374/420/374 375/422/375
f 358/394/358 357/392/357 388/421/388 389/423/389
f 345/362/345 344/393/344 375/422/375 376/424/376
f 359/364/359 358/394/358 389/423/389 390/425/390
f 346/363/346 345/362/345 376/424/376 377/426/377
f 360/365/360 359/364/359 390/425/390 391/427/391
f 347/366/347 346/363/346 377/426/377 378/395/378
f 361/367/361 360/365/360 391/427/391 392/399/392
f 381/404/381 380/401/380 411/428/411 412/429/412
f 368/405/368 367/402/367 398/430/398 399/431/399
f 395/406/395 394/403/394 425/432/425 426/433/426
f 382/407/382 381/404/381 412/429/412 413/434/413
f 369/408/369 368/405/368 399/431/399 400/435/400
f 396/409/396 395/406/395 426/433/426 427/436/427
f 383/410/383 382/407/382 413/434/413 414/437/414
f 370/411/370 369/408/369 400/435/400 401/438/401
f 24/439/24 396/409/396 427/436/427
f 384/413/384 383/410/383 414/437/414 415/440/415
f 371/414/371 370/411/370 401/438/401 402/441/402
f 385/415/385 384/413/384 415/440/415 416/442/416
f 372/416/372 371/414/371 402/441/402 403/443/403
f 386/417/386 385/415/385 416/442/416 417/444/417
f 373/418/373 372/416/372 403/443/403 404/445/404
f 387/419/387 386/417/386 417/444/417 418/446/418
f 374/420/374 373/418/373 404/445/404 405/447/405
f 388/421/388 387/419/387 418/446/418 419/448/419
f 375/422/375 374/420/374 405/447/405 406/449/406
f 389/423/389 388/421/388 419/448/419 420/450/420
f 376/424/376 375/422/375 406/449/406 407/451/407
f 390/425/390 389/423/389 420/450/420 421/452/421
f 377/426/377 376/424/376 407/451/407 408/453/408
f 391/427/391 390/425/390 421/452/421 422/454/422
f 378/395/378 377/426/377 408/453/408 409/455/409
f 392/399/392 391/427/391 422/454/422 423/456/423
f 379/396/379 378/395/378 409/455/409 410/457/410
f 366/398/366 1/458/1 397/459/397
f 393/400/393 392/399/392 423/456/423 424/460/424
f 380/401/380 379/396/379 410/457/410 411/428/411
f 367/402/367 366/398/366 397/459/397 398/430/398
f 394/403/394 393/400/393 424/460/424 425/432/425
f 414/437/414 413/434/413 444/461/444 445/462/445
f 401/438/401 400/435/400 431/463/431 432/464/432
f 24/465/24 427/436/427 458/466/458
f 415/440/415 414/437/414 445/462/445 446/467/446
f 402/441/402 401/438/401 432/464/432 433/468/433
f 416/442/416 415/440/415 446/467/446 447/469/447
f 403/443/403 402/441/402 433/468/433 434/470/434
f 417/444/417 416/442/416 447/469/447 448/471/448
f 404/445/404 403/443/403 434/470/434 435/472/435
f 418/446/418 417/444/417 448/471/448 449/473/449
f 405/447/405 404/445/404 435/472/435 436/474/436
f 419/448/419 418/446/418 449/473/449 450/475/450
f 406/449/406 405/447/405 436/474/436 437/476/437
f 420/450/420 419/448/419 450/475/450 451/477/451
f 407/451/407 406/449/406 437/476/437 438/478/438
f 421/452/421 420/450/420 451/477/451 452/479/452
f 408/453/408 407/451/407 438/478/438 439/480/439
f 422/454/422 421/452/421 452/479/452 453/481/453
f 409/455/409 408/453/408 439/480/439 440/482/440
f 423/456/423 422/454/422 453/481/453 454/483/454
f 410/457/410 409/455/409 440/482/440 441/484/441
f 397/459/397 1/485/1 428/486/428
f 424/460/424 423/456/423 454/483/454 455/487/455
f 411/428/411 410/457/410 441/484/441 442/488/442
f 398/430/398 397/459/397 428/486/428 429/489/429
f 425/432/425 424/460/424 455/487/455 456/490/456
f 412/429/412 411/428/411 442/488/442 443/491/443
f 399/431/399 398/430/398 429/489/429 430/492/430
f 426/433/426 425/432/425 456/490/456 457/493/457
f 413/434/413 412/429/412 443/491/443 444/461/444
f 400/435/400 399/431/399 430/492/430 431/463/431
f 427/436/427 426/433/426 457/493/457 458/466/458
f 447/469/447 446/467/446 477/494/477 478/495/478
f 434/470/434 433/468/433 464/496/464 465/497/465
f 448/471/448 447/469/447 478/495/478 479/498/479
f 435/472/435 434/470/434 465/497/465 466/499/466
f 449/473/449 448/471/448 479/498/479 480/500/480
f 436/474/436 435/472/435 466/499/466 467/501/467
f 450/475/450 449/473/449 480/500/480 481/502/481
f 437/476/437 436/474/436 467/501/467 468/503/468
f 451/477/451 450/475/450 481/502/481 482/504/482
f 438/478/438 437/476/437 468/503/468 469/505/469
f 452/479/452 451/477/451 482/504/482 483/506/483
f 439/480/439 438/478/438 469/505/469 470/507/470
f 453/481/453 452/479/452 483/506/483 484/508/484
f 440/482/440 439/480/439 470/507/470 471/509/471
f 454/483/454 453/481/453 484/508/484 485/510/485
f 441/484/441 440/482/440 471/509/471 472/511/472
f 428/486/428 1/512/1 459/513/459
f 455/487/455 454/483/454 485/510/485 486/514/486
f 442/488/442 441/484/441 472/511/472 473/515/473
f 429/489/429 428/486/428 459/513/459 460/516/460
f 456/490/456 455/487/455 486/514/486 487/517/487
f 443/491/443 442/488/442 473/515/473 474/518/474
f 430/492/430 429/489/429 460/516/460 461/519/461
f 457/493/457 456/490/456 487/517/487 488/520/488
f 444/461/444 443/491/443 474/518/474 475/521/475
f 431/463/431 430/492/430 461/519/461 462/522/462
f 458/466/458 457/493/457 488/520/488 489/523/489
f 445/462/445 444/461/444 475/521/475 476/524/476
f 432/464/432 431/463/431 462/522/462 463/525/463
f 24/526/24 458/466/458 489/523/489
f 446/467/446 445/462/445 476/524/476 477/494/477
f 433/468/433 432/464/432 463/525/463 464/496/464
f 480/500/480 479/498/479 510/527/510 511/528/511
f 467/501/467 466/499/466 497/529/497 498/530/498
f 481/502/481 480/500/480 511/528/511 512/531/512
f 468/503/468 467/501/467 498/530/498 499/532/499
f 482/504/482 481/502/481 512/531/512 513/533/513
f 469/505/469 468/503/468 499/532/499 500/534/500
f 483/506/483 482/504/482 513/533/513 514/535/514
f 470/507/470 469/505/469 500/534/500 501/536/501
f 484/508/484 483/506/483 514/535/514 515/537/515
f 471/509/471 470/507/470 501/536/501 502/538/502
f 485/510/485 484/508/484 515/537/515 516/539/516
f 472/511/472 471/509/471 502/538/502 503/540/503
f 459/513/459 1/541/1 490/542/490
f 486/514/486 485/510/485 516/539/516 517/543/517
f 473/515/473 472/511/472 503/540/503 504/544/504
f 460/516/460 459/513/459 490/542/490 491/545/491
f 487/517/487 486/514/486 517/543/517 518/546/518
f 474/518/474 473/515/473 504/544/504 505/547/505
f 461/519/461 460/516/460 491/545/491 492/548/492
f 488/520/488 487/517/487 518/546/518 519/549/519
f 475/521/475 474/518/474 505/547/505 506/550/506
f 462/522/462 461/519/461 492/548/492 493/551/493
f 489/523/489 488/520/488 519/549/519 520/552/520
f 476/524/476 475/521/475 506/550/506 507/553/507
f 463/525/463 462/522/462 493/551/493 494/554/494
f 24/555/24 489/523/489 520/552/520
f 477/494/477 476/524/476 507/553/507 508/556/508
f 464/496/464 463/525/463 494/554/494 495/557/495
f 478/495/478 477/494/477 508/556/508 509/558/509
f 465/497/465 464/496/464 495/557/495 496/559/496
f 479/498/479 478/495/478 509/558/509 510/527/510
f 466/499/466 465/497/465 496/559/496 497/529/497
f 513/533/513 512/531/512 543/560/543 544/561/544
f 500/534/500 499/532/499 530/562/530 531/563/531
f 514/535/514 513/533/513 544/561/544 545/564/545
f 501/536/501 500/534/500 531/563/531 532/565/532
f 515/537/515 514/535/514 545/564/545 546/566/546
f 502/538/502 501/536/501 532/565/532 533/567/533
f 516/539/516 515/537/515 546/566/546 547/568/547
f 503/540/503 502/538/502 533/567/533 534/569/534
f 490/542/490 1/570/1 521/571/521
f 517/543/517 516/539/516 547/568/547 548/572/548
f 504/544/504 503/540/503 534/569/534 535/573/535
f 491/545/491 490/542/490 521/571/521 522/574/522
f 518/546/518 517/543/517 548/572/548 549/575/549
f 505/547/505 504/544/504 535/573/535 536/576/536
f 492/548/492 491/545/491 522/574/522 523/577/523
f 519/549/519 518/546/518 549/575/549 550/578/550
f 506/550/506 505/547/505 536/576/536 537/579/537
f 493/551/493 492/548/492 523/577/523 524/580/524
f 520/552/520 519/549/519 550/578/550 551/581/551
f 507/553/507 506/550/506 537/579/537 538/582/538
f 494/554/494 493/551/493 524/580/524 525/583/525
f 24/584/24 520/552/520 551/581/551
f 508/556/508 507/553/507 538/582/538 539/585/539
f 495/557/495 494/554/494 525/583/525 526/586/526
f 509/558/509 508/556/508 539/585/539 540/587/540
f 496/559/496 495/557/495 526/586/526 527/588/527
f 510/527/510 509/558/509 540/587/540 541/589/541
f 497/529/497 496/559/496 527/588/527 528/590/528
f 511/528/511 510/527/510 541/589/541 542/591/542
f 498/530/498 497/529/497 528/590/528 529/592/529
f 512/531/512 511/528/511 542/591/542 543/560/543
f 499/532/499 498/530/498 529/592/529 530/562/530
f 546/566/546 545/564/545 576/593/576 577/594/577
f 533/567/533 532/565/532 563/595/563 564/596/564
f 547/568/547 546/566/546 577/594/577 578/597/578
f 534/569/534 533/567/533 564/596/564 565/598/565
f 521/571/521 1/599/1 552/600/552
f 548/572/548 547/568/547 578/597/578 579/601/579
f 535/573/535 534/569/534 565/598/565 566/602/566
f 522/574/522 521/571/521 552/600/552 553/603/553
f 549/575/549 548/572/548 579/601/579 580/604/580
f 536/576/536 535/573/535 566/602/566 567/605/567
f 523/577/523 522/574/522 553/603/553 554/606/554
f 550/578/550 549/575/549 580/604/580 581/607/581
f 537/579/537 536/576/536 567/605/567 568/608/568
f 524/580/524 523/577/523 554/606/554 555/609/555
f 551/581/551 550/578/550 581/607/581 582/610/582
f 538/582/538 537/579/537 568/608/568 569/611/569
f 525/583/525 524/580/524 555/609/555 556/612/556
f 24/613/24 551/581/551 582/610/582
f 539/585/539 538/582/538 569/611/569 570/614/570
f 526/586/526 525/583/525 556/612/556 557/615/557
f 540/587/540 539/585/539 570/614/570 571/616/571
f 527/588/527 526/586/526 557/615/557 558/617/558
f 541/589/541 540/587/540 571/616/571 572/618/572
f 528/590/528 527/588/527 558/617/558 559/619/559
f 542/591/542 541/589/541 572/618/572 573/620/573
f 529/592/529 528/590/528 559/619/559 560/621/560
f 543/560/543 542/591/542 573/620/573 574/622/574
f 530/562/530 529/592/529 560/621/560 561/623/561
f 544/561/544 543/560/543 574/622/574 575/624/575
f 531/563/531 530/562/530 561/623/561 562/625/562
f 545/564/545 544/561/544 575/624/575 576/593/576
f 532/565/532 531/563/531 562/625/562 563/595/563
f 552/600/552 1/626/1 583/627/583
f 579/601/579 578/597/578 609/628/609 610/629/610
f 566/602/566 565/598/565 596/630/596 597/631/597
f 553/603/553 552/600/552 583/627/583 584/632/584
f 580/604/580 579/601/579 610/629/610 611/633/611
f 567/605/567 566/602/566 597/631/597 598/634/598
f 554/606/554 553/603/553 584/632/584 585/635/585
f 581/607/581 580/604/580 611/633/611 612/636/612
f 568/608/568 567/605/567 598/634/598 599/637/599
f 555/609/555 554/606/554 585/635/585 586/638/586
f 582/610/582 581/607/581 612/636/612 613/639/613
f 569/611/569 568/608/568 599/637/599 600/640/600
f 556/612/556 555/609/555 586/638/586 587/641/587
f 24/642/24 582/610/582 613/639/613
f 570/614/570 569/611/569 600/640/600 601/643/601
f 557/615/557 556/612/556 587/641/587 588/644/588
f 571/616/571 570/614/570 601/643/601 602/645/602
f 558/617/558 557/615/557 588/644/588 589/646/589
f 572/618/572 571/616/571 602/645/602 603/647/603
f 559/619/559 558/617/558 589/646/589 590/648/590
f 573/620/573 572/618/572 603/647/603 604/649/604
f 560/621/560 559/619/559 590/648/590 591/650/591
f 574/622/574 573/620/573 604/649/604 605/651/605
f 561/623/561 560/621/560 591/650/591 592/652/592
f 575/624/575 574/622/574 605/651/605 606/653/606
f 562/625/562 561/623/561 592/652/592 593/654/593
f 576/593/576 575/624/575 606/653/606 607/655/607
f 563/595/563 562/625/562 593/654/593 594/656/594
f 577/594/577 576/593/576 607/655/607 608/657/608
f 564/596/564 563/595/563 594/656/594 595/658/595
f 578/597/578 577/594/577 608/657/608 609/628/609
f 565/598/565 564/596/564 595/658/595 596/630/596
f 585/635/585 584/632/584 615/659/615 616/660/616
f 612/636/612 611/633/611 642/661/642 643/662/643
f 599/637/599 598/634/598 629/663/629 630/664/630
f 586/638/586 585/635/585 616/660/616 617/665/617
f 613/639/613 612/636/612 643/662/643 644/666/644
f 600/640/600 599/637/599 630/664/630 631/667/631
f 587/641/587 586/638/586 617/665/617 618/668/618
f 24/669/24 613/639/613 644/666/644
f 601/643/601 600/640/600 631/667/631 632/670/632
f 588/644/588 587/641/587 618/668/618 619/671/619
f 602/645/602 601/643/601 632/670/632 633/672/633
f 589/646/589 588/644/588 619/671/619 620/673/620
f 603/647/603 602/645/602 633/672/633 634/674/634
f 590/648/590 589/646/589 620/673/620 621/675/621
f 604/649/604 603/647/603 634/674/634 635/676/635
f 591/650/591 590/648/590 621/675/621 622/677/622
f 605/651/605 604/649/604 635/676/635 636/678/636
f 592/652/592 591/650/591 622/677/622 623/679/623
f 606/653/606 605/651/605 636/678/636 637/680/637
f 593/654/593 592/652/592 623/679/623 624/681/624
f 607/655/607 606/653/606 637/680/637 638/682/638
f 594/656/594 593/654/593 624/681/624 625/683/625
f 608/657/608 607/655/607 638/682/638 639/684/639
f 595/658/595 594/656/594 625/683/625 626/685/626
f 609/628/609 608/657/608 639/684/639 640/686/640
f 596/630/596 595/658/595 626/685/626 627/687/627
f 583/627/583 1/688/1 614/689/614
f 610/629/610 609/628/609 640/686/640 641/690/641
f 597/631/597 596/630/596 627/687/627 628/691/628
f 584/632/584 583/627/583 614/689/614 615/659/615
f 611/633/611 610/629/610 641/690/641 642/661/642
f 598/634/598 597/631/597 628/691/628 629/663/629
f 618/668/618 617/665/617 648/692/648 649/693/649
f 24/694/24 644/666/644 675/695/675
f 632/670/632 631/667/631 662/696/662 663/697/663
f 619/671/619 618/668/618 649/693/649 650/698/650
f 633/672/633 632/670/632 663/697/663 664/699/664
f 620/673/620 619/671/619 650/698/650 651/700/651
f 634/674/634 633/672/633 664/699/664 665/701/665
f 621/675/621 620/673/620 651/700/651 652/702/652
f 635/676/635 634/674/634 665/701/665 666/703/666
f 622/677/622 621/675/621 652/702/652 653/704/653
f 636/678/636 635/676/635 666/703/666 667/705/667
f 623/679/623 622/677/622 653/704/653 654/706/654
f 637/680/637 636/678/636 667/705/667 668/707/668
f 624/681/624 623/679/623 654/706/654 655/708/655
f 638/682/638 637/680/637 668/707/668 669/709/669
f 625/683/625 624/681/624 655/708/655 656/710/656
f 639/684/639 638/682/638 669/709/669 670/711/670
f 626/685/626 625/683/625 656/710/656 657/712/657
f 640/686/640 639/684/639 670/711/670 671/713/671
f 627/687/627 626/685/626 657/712/657 658/714/658
f 614/689/614 1/715/1 645/716/645
f 641/690/641 640/686/640 671/713/671 672/717/672
f 628/691/628 627/687/627 658/714/658 659/718/659
f 615/659/615 614/689/614 645/716/645 646/719/646
f 642/661/642 641/690/641 672/717/672 673/720/673
f 629/663/629 628/691/628 659/718/659 660/721/660
f 616/660/616 615/659/615 646/719/646 647/722/647
f 643/662/643 642/661/642 673/720/673 674/723/674
f 630/664/630 629/663/629 660/721/660 661/724/661
f 617/665/617 616/660/616 647/722/647 648/692/648
f 644/666/644 643/662/643 674/723/674 675/695/675
f 631/667/631 630/664/630 661/724/661 662/696/662
f 651/700/651 650/698/650 681/725/681 682/726/682
f 665/701/665 664/699/664 695/727/695 696/728/696
f 652/702/652 651/700/651 682/726/682 683/729/683
f 666/703/666 665/701/665 696/728/696 697/730/697
f 653/704/653 652/702/652 683/729/683 684/731/684
f 667/705/667 666/703/666 697/730/697 698/732/698
f 654/706/654 653/704/653 684/731/684 685/733/685
f 668/707/668 667/705/667 698/732/698 699/734/699
f 655/708/655 654/706/654 685/733/685 686/735/686
f 669/709/669 668/707/668 699/734/699 700/736/700
f 656/710/656 655/708/655 686/735/686 687/737/687
f 670/711/670 669/709/669 700/736/700 701/738/701
f 657/712/657 656/710/656 687/737/687 688/739/688
f 671/713/671 670/711/670 701/738/701 702/740/702
f 658/714/658 657/712/657 688/739/688 689/741/689
f 645/716/645 1/742/1 676/743/676
f 672/717/672 671/713/671 702/740/702 703/744/703
f 659/718/659 658/714/658 689/741/689 690/745/690
f 646/719/646 645/716/645 676/743/676 677/746/677
f 673/720/673 672/717/672 703/744/703 704/747/704
f 660/721/660 659/718/659 690/745/690 691/748/691
f 647/722/647 646/719/646 677/746/677 678/749/678
f 674/723/674 673/720/673 704/747/704 705/750/705
f 661/724/661 660/721/660 691/748/691 692/751/692
f 648/692/648 647/722/647 678/749/678 679/752/679
f 675/695/675 674/723/674 705/750/705 706/753/706
f 662/696/662 661/724/661 692/751/692 693/754/693
f 649/693/649 648/692/648 679/752/679 680/755/680
f 24/756/24 675/695/675 706/753/706
f 663/697/663 662/696/662 693/754/693 694/757/694
f 650/698/650 649/693/649 680/755/680 681/725/681
f 664/699/664 663/697/663 694/757/694 695/727/695
f 684/731/684 683/729/683 714/758/714 715/759/715
f 698/732/698 697/730/697 728/760/728 729/761/729
f 685/733/685 684/731/684 715/759/715 716/762/716
f 699/734/699 698/732/698 729/761/729 730/763/730
f 686/735/686 685/733/685 716/762/716 717/764/717
f 700/736/700 699/734/699 730/763/730 731/765/731
f 687/737/687 686/735/686 717/764/717 718/766/718
f 701/738/701 700/736/700 731/765/731 732/767/732
f 688/739/688 687/737/687 718/766/718 719/768/719
f 702/740/702 701/738/701 732/767/732 733/769/733
f 689/741/689 688/739/688 719/768/719 720/770/720
f 676/743/676 1/771/1 707/772/707
f 703/744/703 702/740/702 733/769/733 734/773/734
f 690/745/690 689/741/689 720/770/720 721/774/721
f 677/746/677 676/743/676 707/772/707 708/775/708
f 704/747/704 703/744/703 734/773/734 735/776/735
f 691/748/691 690/745/690 721/774/721 722/777/722
f 678/749/678 677/746/677 708/775/708 709/778/709
f 705/750/705 704/747/704 735/776/735 736/779/736
f 692/751/692 691/748/691 722/777/722 723/780/723
f 679/752/679 678/749/678 709/778/709 710/781/710
f 706/753/706 705/750/705 736/779/736 737/782/737
f 693/754/693 692/751/692 723/780/723 724/783/724
f 680/755/680 679/752/679 710/781/710 711/784/711
f 24/785/24 706/753/706 737/782/737
f 694/757/694 693/754/693 724/783/724 725/786/725
f 681/725/681 680/755/680 711/784/711 712/787/712
f 695/727/695 694/757/694 725/786/725 726/788/726
f 682/726/682 681/725/681 712/787/712 713/789/713
f 696/728/696 695/727/695 726/788/726 727/790/727
f 683/729/683 682/726/682 713/789/713 714/758/714
f 697/730/697 696/728/696 727/790/727 728/760/728
f 717/764/717 716/762/716 747/791/747 748/792/748
f 731/765/731 730/763/730 761/793/761 762/794/762
f 718/766/718 717/764/717 748/792/748 749/795/749
f 732/767/732 731/765/731 762/794/762 763/796/763
f 719/768/719 718/766/718 749/795/749 750/797/750
f 733/769/733 732/767/732 763/796/763 764/798/764
f 720/770/720 719/768/719 750/797/750 751/799/751
f 707/772/707 1/800/1 738/801/738
f 734/773/734 733/769/733 764/798/764 765/802/765
f 721/774/721 720/770/720 751/799/751 752/803/752
f 708/775/708 707/772/707 738/801/738 739/804/739
f 735/776/735 734/773/734 765/802/765 766/805/766
f 722/777/722 721/774/721 752/803/752 753/806/753
f 709/778/709 708/775/708 739/804/739 740/807/740
f 736/779/736 735/776/735 766/805/766 767/808/767
f 723/780/723 722/777/722 753/806/753 754/809/754
f 710/781/710 709/778/709 740/807/740 741/810/741
f 737/782/737 736/779/736 767/808/767 768/811/768
f 724/783/724 723/780/723 754/809/754 755/812/755
f 711/784/711 710/781/710 741/810/741 742/813/742
f 24/814/24 737/782/737 768/811/768
f 725/786/725 724/783/724 755/812/755 756/815/756
f 712/787/712 711/784/711 742/813/742 743/816/743
f 726/788/726 725/786/725 756/815/756 757/817/757
f 713/789/713 712/787/712 743/816/743 744/818/744
f 727/790/727 726/788/726 757/817/757 758/819/758
f 714/758/714 713/789/713 744/818/744 745/820/745
f 728/760/728 727/790/727 758/819/758 759/821/759
f 715/759/715 714/758/714 745/820/745 746/822/746
f 729/761/729 728/760/728 759/821/759 760/823/760
f 716/762/716 715/759/715 746/822/746 747/791/747
f 730/763/730 729/761/729 760/823/760 761/793/761
f 750/797/750 749/795/749 780/824/780 781/825/781
f 764/798/764 763/796/763 794/826/794 795/827/795
f 751/799/751 750/797/750 781/825/781 782/828/782
f 738/801/738 1/829/1 769/830/769
f 765/802/765 764/798/764 795/827/795 796/831/796
f 752/803/752 751/799/751 782/828/782 783/832/783
f 739/804/739 738/801/738 769/830/769 770/833/770
f 766/805/766 765/802/765 796/831/796 797/834/797
f 753/806/753 752/803/752 783/832/783 784/835/784
f 740/807/740 739/804/739 770/833/770 771/836/771
f 767/808/767 766/805/766 797/834/797 798/837/798
f 754/809/754 753/806/753 784/835/784 785/838/785
f 741/810/741 740/807/740 771/836/771 772/839/772
f 768/811/768 767/808/767 798/837/798 799/840/799
f 755/812/755 754/809/754 785/838/785 786/841/786
f 742/813/742 741/810/741 772/839/772 773/842/773
f 24/843/24 768/811/768 799/840/799
f 756/815/756 755/812/755 786/841/786 787/844/787
f 743/816/743 742/813/742 773/842/773 774/845/774
f 757/817/757 756/815/756 787/844/787 788/846/788
f 744/818/744 743/816/743 774/845/774 775/847/775
f 758/819/758 757/817/757 788/846/788 789/848/789
f 745/820/745 744/818/744 775/847/775 776/849/776
f 759/821/759 758/819/758 789/848/789 790/850/790
f 746/822/746 745/820/745 776/849/776 777/851/777
f 760/823/760 759/821/759 790/850/790 791/852/791
f 747/791/747 746/822/746 777/851/777 778/853/778
f 761/793/761 760/823/760 791/852/791 792/854/792
f 748/792/748 747/791/747 778/853/778 779/855/779
f 762/794/762 761/793/761 792/854/792 793/856/793
f 749/795/749 748/792/748 779/855/779 780/824/780
f 763/796/763 762/794/762 793/856/793 794/826/794
f 783/832/783 782/828/782 813/857/813 814/858/814
f 770/833/770 769/830/769 800/859/800 801/860/801
f 797/834/797 796/831/796 827/861/827 828/862/828
f 784/835/784 783/832/783 814/858/814 815/863/815
f 771/836/771 770/833/770 801/860/801 802/864/802
f 798/837/798 797/834/797 828/862/828 829/865/829
f 785/838/785 784/835/784 815/863/815 816/866/816
f 772/839/772 771/836/771 802/864/802 803/867/803
f 799/840/799 798/837/798 829/865/829 830/868/830
f 786/841/786 785/838/785 816/866/816 817/869/817
f 773/842/773 772/839/772 803/867/803 804/870/804
f 24/871/24 799/840/799 830/868/830
f 787/844/787 786/841/786 817/869/817 818/872/818
f 774/845/774 773/842/773 804/870/804 805/873/805
f 788/846/788 787/844/787 818/872/818 819/874/819
f 775/847/775 774/845/774 805/873/805 806/875/806
f 789/848/789 788/846/788 819/874/819 820/876/820
f 776/849/776 775/847/775 806/875/806 807/877/807
f 790/850/790 789/848/789 820/876/820 821/878/821
f 777/851/777 776/849/776 807/877/807 808/879/808
f 791/852/791 790/850/790 821/878/821 822/880/822
f 778/853/778 777/851/777 808/879/808 809/881/809
f 792/854/792 791/852/791 822/880/822 823/882/823
f 779/855/779 778/853/778 809/881/809 810/883/810
f 793/856/793 792/854/792 823/882/823 824/884/824
f 780/824/780 779/855/779 810/883/810 811/885/811
f 794/826/794 793/856/793 824/884/824 825/886/825
f 781/825/781 780/824/780 811/885/811 812/887/812
f 795/827/795 794/826/794 825/886/825 826/888/826
f 782/828/782 781/825/781 812/887/812 813/857/813
f 769/830/769 1/889/1 800/859/800
f 796/831/796 795/827/795 826/888/826 827/861/827
f 802/864/802 801/860/801 832/890/832 833/891/833
f 829/865/829 828/862/828 859/892/859 860/893/860
f 816/866/816 815/863/815 846/894/846 847/895/847
f 803/867/803 802/864/802 833/891/833 834/896/834
f 830/868/830 829/865/829 860/893/860 861/897/861
f 817/869/817 816/866/816 847/895/847 848/898/848
f 804/870/804 803/867/803 834/896/834 835/899/835
f 24/900/24 830/868/830 861/897/861
f 818/872/818 817/869/817 848/898/848 849/901/849
f 805/873/805 804/870/804 835/899/835 836/902/836
f 819/874/819 818/872/818 849/901/849 850/903/850
f 806/875/806 805/873/805 836/902/836 837/904/837
f 820/876/820 819/874/819 850/903/850 851/905/851
f 807/877/807 806/875/806 837/904/837 838/906/838
f 821/878/821 820/876/820 851/905/851 852/907/852
f 808/879/808 807/877/807 838/906/838 839/908/839
f 822/880/822 821/878/821 852/907/852 853/909/853
f 809/881/809 808/879/808 839/908/839 840/910/840
f 823/882/823 822/880/822 853/909/853 854/911/854
f 810/883/810 809/881/809 840/910/840 841/912/841
f 824/884/824 823/882/823 854/911/854 855/913/855
f 811/885/811 810/883/810 841/912/841 842/914/842
f 825/886/825 824/884/824 855/913/855 856/915/856
f 812/887/812 811/885/811 842/914/842 843/916/843
f 826/888/826 825/886/825 856/915/856 857/917/857
f 813/857/813 812/887/812 843/916/843 844/918/844
f 800/859/800 1/919/1 831/920/831
f 827/861/827 826/888/826 857/917/857 858/921/858
f 814/858/814 813/857/813 844/918/844 845/922/845
f 801/860/801 800/859/800 831/920/831 832/890/832
f 828/862/828 827/861/827 858/921/858 859/892/859
f 815/863/815 814/858/814 845/922/845 846/894/846
f 835/899/835 834/896/834 865/923/865 866/924/866
f 24/925/24 861/897/861 892/926/892
f 849/901/849 848/898/848 879/927/879 880/928/880
f 836/902/836 835/899/835 866/924/866 867/929/867
f 850/903/850 849/901/849 880/928/880 881/930/881
f 837/904/837 836/902/836 867/929/867 868/931/868
f 851/905/851 850/903/850 881/930/881 882/932/882
f 838/906/838 837/904/837 868/931/868 869/933/869
f 852/907/852 851/905/851 882/932/882 883/934/883
f 839/908/839 838/906/838 869/933/869 870/935/870
f 853/909/853 852/907/852 883/934/883 884/936/884
f 840/910/840 839/908/839 870/935/870 871/937/871
f 854/911/854 853/909/853 884/936/884 885/938/885
f 841/912/841 840/910/840 871/937/871 872/939/872
f 855/913/855 854/911/854 885/938/885 886/940/886
f 842/914/842 841/912/841 872/939/872 873/941/873
f 856/915/856 855/913/855 886/940/886 887/942/887
f 843/916/843 842/914/842 873/941/873 874/943/874
f 857/917/857 856/915/856 887/942/887 888/944/888
f 844/918/844 843/916/843 874/943/874 875/945/875
f 831/920/831 1/946/1 862/947/862
f 858/921/858 857/917/857 888/944/888 889/948/889
f 845/922/845 844/918/844 875/945/875 876/949/876
f 832/890/832 831/920/831 862/947/862 863/950/863
f 859/892/859 858/921/858 889/948/889 890/951/890
f 846/894/846 845/922/845 876/949/876 877/952/877
f 833/891/833 832/890/832 863/950/863 864/953/864
f 860/893/860 859/892/859 890/951/890 891/954/891
f 847/895/847 846/894/846 877/952/877 878/955/878
f 834/896/834 833/891/833 864/953/864 865/923/865
f 861/897/861 860/893/860 891/954/891 892/926/892
f 848/898/848 847/895/847 878/955/878 879/927/879
f 868/931/868 867/929/867 898/956/898 899/957/899
f 882/932/882 881/930/881 912/958/912 913/959/913
f 869/933/869 868/931/868 899/957/899 900/960/900
f 883/934/883 882/932/882 913/959/913 914/961/914
f 870/935/870 869/933/869 900/960/900 901/962/901
f 884/936/884 883/934/883 914/961/914 915/963/915
f 871/937/871 870/935/870 901/962/901 902/964/902
f 885/938/885 884/936/884 915/963/915 916/965/916
f 872/939/872 871/937/871 902/964/902 903/966/903
f 886/940/886 885/938/885 916/965/916 917/967/917
f 873/941/873 872/939/872 903/966/903 904/968/904
f 887/942/887 886/940/886 917/967/917 918/969/918
f 874/943/874 873/941/873 904/968/904 905/970/905
f 888/944/888 887/942/887 918/969/918 919/971/919
f 875/945/875 874/943/874 905/970/905 906/972/906
f 862/947/862 1/973/1 893/974/893
f 889/948/889 888/944/888 919/971/919 920/975/920
f 876/949/876 875/945/875 906/972/906 907/976/907
f 863/950/863 862/947/862 893/974/893 894/977/894
f 890/951/890 889/948/889 920/975/920 921/978/921
f 877/952/877 876/949/876 907/976/907 908/979/908
f 864/953/864 863/950/863 894/977/894 895/980/895
f 891/954/891 890/951/890 921/978/921 922/981/922
f 878/955/878 877/952/877 908/979/908 909/982/909
f 865/923/865 864/953/864 895/980/895 896/983/896
f 892/926/892 891/954/891 922/981/922 923/984/923
f 879/927/879 878/955/878 909/982/909 910/985/910
f 866/924/866 865/923/865 896/983/896 897/986/897
f 24/987/24 892/926/892 923/984/923
f 880/928/880 879/927/879 910/985/910 911/988/911
f 867/929/867 866/924/866 897/986/897 898/956/898
f 881/930/881 880/928/880 911/988/911 912/958/912
f 901/962/901 900/960/900 931/989/931 932/990/932
f 915/963/915 914/961/914 945/991/945 946/992/946
f 902/964/902 901/962/901 932/990/932 933/993/933
f 916/965/916 915/963/915 946/992/946 947/994/947
f 903/966/903 902/964/902 933/993/933 934/995/934
f 917/967/917 916/965/916 947/994/947 948/996/948
f 904/968/904 903/966/903 934/995/934 935/997/935
f 918/969/918 917/967/917 948/996/948 949/998/949
f 905/970/905 904/968/904 935/997/935 936/999/936
f 919/971/919 918/969/918 949/998/949 950/1000/950
f 906/972/906 905/970/905 936/999/936 937/1001/937
f 893/974/893 1/1002/1 924/1003/924
f 920/975/920 919/971/919 950/1000/950 951/1004/951
f 907/976/907 906/972/906 937/1001/937 938/1005/938
f 894/977/894 893/974/893 924/1003/924 925/1006/925
f 921/978/921 920/975/920 951/1004/951 952/1007/952
f 908/979/908 907/976/907 938/1005/938 939/1008/939
f 895/980/895 894/977/894 925/1006/925 926/1009/926
f 922/981/922 921/978/921 952/1007/952 953/1010/953
f 909/982/909 908/979/908 939/1008/939 940/1011/940
f 896/983/896 895/980/895 926/1009/926 927/1012/927
f 923/984/923 922/981/922 953/1010/953 954/1013/954
f 910/985/910 909/982/909 940/1011/940 941/1014/941
f 897/986/897 896/983/896 927/1012/927 928/1015/928
f 24/1016/24 923/984/923 954/1013/954
f 911/988/911 910/985/910 941/1014/941 942/1017/942
f 898/956/898 897/986/897 928/1015/928 929/1018/929
f 912/958/912 911/988/911 942/1017/942 943/1019/943
f 899/957/899 898/956/898 929/1018/929 930/1020/930
f 913/959/913 912/958/912 943/1019/943 944/1021/944
f 900/960/900 899/957/899 930/1020/930 931/989/931
f 914/961/914 913/959/913 944/1021/944 945/991/945
f 934/995/934 933/993/933 964/1022/964 965/1023/965
f 948/996/948 947/994/947 978/1024/978 979/1025/979
f 935/997/935 934/995/934 965/1023/965 966/1026/966
f 949/998/949 948/996/948 979/1025/979 980/1027/980
f 936/999/936 935/997/935 966/1026/966 967/1028/967
f 950/1000/950 949/998/949 980/1027/980 981/1029/981
f 937/1001/937 936/999/936 967/1028/967 968/1030/968
f 924/1003/924 1/1031/1 955/1032/955
f 951/1004/951 950/1000/950 981/1029/981 982/1033/982
f 938/1005/938 937/1001/937 968/1030/968 969/1034/969
f 925/1006/925 924/1003/924 955/1032/955 956/1035/956
f 952/1007/952 951/1004/951 982/1033/982 983/1036/983
f 939/1008/939 938/1005/938 969/1034/969 970/1037/970
f 926/1009/926 925/1006/925 956/1035/956 957/1038/957
f 953/1010/953 952/1007/952 983/1036/983 984/1039/984
f 940/1011/940 939/1008/939 970/1037/970 971/1040/971
f 927/1012/927 926/1009/926 957/1038/957 958/1041/958
f 954/1013/954 953/1010/953 984/1039/984 985/1042/985
f 941/1014/941 940/1011/940 971/1040/971 972/1043/972
f 928/1015/928 927/1012/927 958/1041/958 959/1044/959
f 24/1045/24 954/1013/954 985/1042/985
f 942/1017/942 941/1014/941 972/1043/972 973/1046/973
f 929/1018/929 928/1015/928 959/1044/959 960/1047/960
f 943/1019/943 942/1017/942 973/1046/973 974/1048/974
f 930/1020/930 929/1018/929 960/1047/960 961/1049/961
f 944/1021/944 943/1019/943 974/1048/974 975/1050/975
f 931/989/931 930/1020/930 961/1049/961 962/1051/962
f 945/991/945 944/1021/944 975/1050/975 976/1052/976
f 932/990/932 931/989/931 962/1051/962 963/1053/963
f 946/992/946 945/991/945 976/1052/976 977/1054/977
f 933/993/933 932/990/932 963/1053/963 964/1022/964
f 947/994/947 946/992/946 977/1054/977 978/1024/978
f 967/1028/967 966/1026/966 997/1055/997 998/1056/998
f 981/1029/981 980/1027/980 1011/1057/1011 1012/1058/1012
f 968/1030/968 967/1028/967 998/1056/998 999/1059/999
f 955/1032/955 1/1060/1 986/1061/986
f 982/1033/982 981/1029/981 1012/1058/1012 1013/1062/1013
f 969/1034/969 968/1030/968 999/1059/999 1000/1063/1000
f 956/1035/956 955/1032/955 986/1061/986 987/1064/987
f 983/1036/983 982/1033/982 1013/1062/1013 1014/1065/1014
f 970/1037/970 969/1034/969 1000/1063/1000 1001/1066/1001
f 957/1038/957 956/1035/956 987/1064/987 988/1067/988
f 984/1039/984 983/1036/983 1014/1065/1014 1015/1068/1015
f 971/1040/971 970/1037/970 1001/1066/1001 1002/1069/1002
f 958/1041/958 957/1038/957 988/1067/988 989/1070/989
f 985/1042/985 984/1039/984 1015/1068/1015 1016/1071/1016
f 972/1043/972 971/1040/971 1002/1069/1002 1003/1072/1003
f 959/1044/959 958/1041/958 989/1070/989 990/1073/990
f 24/1074/24 985/1042/985 1016/1071/1016
f 973/1046/973 972/1043/972 1003/1072/1003 1004/1075/1004
f 960/1047/960 959/1044/959 990/1073/990 991/1076/991
f 974/1048/974 973/1046/973 1004/1075/1004 1005/1077/1005
f 961/1049/961 960/1047/960 991/1076/991 992/1078/992
f 975/1050/975 974/1048/974 1005/1077/1005 1006/1079/1006
f 962/1051/962 961/1049/961 992/1078/992 993/1080/993
f 976/1052/976 975/1050/975 1006/1079/1006 1007/1081/1007
f 963/1053/963 962/1051/962 993/1080/993 994/1082/994
f 977/1054/977 976/1052/976 1007/1081/1007 1008/1083/1008
f 964/1022/964 963/1053/963 994/1082/994 995/1084/995
f 978/1024/978 977/1054/977 1008/1083/1008 1009/1085/1009
f 965/1023/965 964/1022/964 995/1084/995 996/1086/996
f 979/1025/979 978/1024/978 1009/1085/1009 1010/1087/1010
f 966/1026/966 965/1023/965 996/1086/996 997/1055/997
f 980/1027/980 979/1025/979 1010/1087/1010 1011/1057/1011
f 1000/1063/1000 999/1059/999 1030/1088/1030 1031/1089/1031
f 987/1064/987 986/1061/986 1017/1090/1017 1018/1091/1018
f 1014/1065/1014 1013/1062/1013 1044/1092/1044 1045/1093/1045
f 1001/1066/1001 1000/1063/1000 1031/1089/1031 1032/1094/1032
f 988/1067/988 987/1064/987 1018/1091/1018 1019/1095/1019
f 1015/1068/1015 1014/1065/1014 1045/1093/1045 1046/1096/1046
f 1002/1069/1002 1001/1066/1001 1032/1094/1032 1033/1097/1033
f 989/1070/989 988/1067/988 1019/1095/1019 1020/1098/1020
f 1016/1071/1016 1015/1068/1015 1046/1096/1046 1047/1099/1047
f 1003/1072/1003 1002/1069/1002 1033/1097/1033 1034/1100/1034
f 990/1073/990 989/1070/989 1020/1098/1020 1021/1101/1021
f 24/1102/24 1016/1071/1016 1047/1099/1047
f 1004/1075/1004 1003/1072/1003 1034/1100/1034 1035/1103/1035
f 991/1076/991 990/1073/990 1021/1101/1021 1022/1104/1022
f 1005/1077/1005 1004/1075/1004 1035/1103/1035 1036/1105/1036
f 992/1078/992 991/1076/991 1022/1104/1022 1023/1106/1023
f 1006/1079/1006 1005/1077/1005 1036/1105/1036 1037/1107/1037
f 993/1080/993 992/1078/992 1023/1106/1023 1024/1108/1024
f 1007/1081/1007 1006/1079/1006 1037/1107/1037 1038/1109/1038
f 994/1082/994 993/1080/993 1024/1108/1024 1025/1110/1025
f 1008/1083/1008 1007/1081/1007 1038/1109/1038 1039/1111/1039
f 995/1084/995 994/1082/994 1025/1110/1025 1026/1112/1026
f 1009/1085/1009 1008/1083/1008 1039/1111/1039 1040/1113/1040
f 996/1086/996 995/1084/995 1026/1112/1026 1027/1114/1027
f 1010/1087/1010 1009/1085/1009 1040/1113/1040 1041/1115/1041
f 997/1055/997 996/1086/996 1027/1114/1027 1028/1116/1028
f 1011/1057/1011 1010/1087/1010 1041/1115/1041 1042/1117/1042
f 998/1056/998 997/1055/997 1028/1116/1028 1029/1118/1029
f 1012/1058/1012 1011/1057/1011 1042/1117/1042 1043/1119/1043
f 999/1059/999 998/1056/998 1029/1118/1029 1030/1088/1030
f 986/1061/986 1/1120/1 1017/1090/1017
f 1013/1062/1013 1012/1058/1012 1043/1119/1043 1044/1092/1044
f 1033/1097/1033 1032/1094/1032 1063/1121/1063 1064/1122/1064
f 1020/1098/1020 1019/1095/1019 1050/1123/1050 1051/1124/1051
f 1047/1099/1047 1046/1096/1046 1077/1125/1077 1078/1126/1078
f 1034/1100/1034 1033/1097/1033 1064/1122/1064 1065/1127/1065
f 1021/1101/1021 1020/1098/1020 1051/1124/1051 1052/1128/1052
f 24/1129/24 1047/1099/1047 1078/1126/1078
f 1035/1103/1035 1034/1100/1034 1065/1127/1065 1066/1130/1066
f 1022/1104/1022 1021/1101/1021 1052/1128/1052 1053/1131/1053
f 1036/1105/1036 1035/1103/1035 1066/1130/1066 1067/1132/1067
f 1023/1106/1023 1022/1104/1022 1053/1131/1053 1054/1133/1054
f 1037/1107/1037 1036/1105/1036 1067/1132/1067 1068/1134/1068
f 1024/1108/1024 1023/1106/1023 1054/1133/1054 1055/1135/1055
f 1038/1109/1038 1037/1107/1037 1068/1134/1068 1069/1136/1069
f 1025/1110/1025 1024/1108/1024 1055/1135/1055 1056/1137/1056
f 1039/1111/1039 1038/1109/1038 1069/1136/1069 1070/1138/1070
f 1026/1112/1026 1025/1110/1025 1056/1137/1056 1057/1139/1057
f 1040/1113/1040 1039/1111/1039 1070/1138/1070 1071/1140/1071
f 1027/1114/1027 1026/1112/1026 1057/1139/1057 1058/1141/1058
f 1041/1115/1041 1040/1113/1040 1071/1140/1071 1072/1142/1072
f 1028/1116/1028 1027/1114/1027 1058/1141/1058 1059/1143/1059
f 1042/1117/1042 1041/1115/1041 1072/1142/1072 1073/1144/1073
f 1029/1118/1029 1028/1116/1028 1059/1143/1059 1060/1145/1060
f 1043/1119/1043 1042/1117/1042 1073/1144/1073 1074/1146/1074
f 1030/1088/1030 1029/1118/1029 1060/1145/1060 1061/1147/1061
f 1017/1090/1017 1/1148/1 1048/1149/1048
f 1044/1092/1044 1043/1119/1043 1074/1146/1074 1075/1150/1075
f 1031/1089/1031 1030/1088/1030 1061/1147/1061 1062/1151/1062
f 1018/1091/1018 1017/1090/1017 1048/1149/1048 1049/1152/1049
f 1045/1093/1045 1044/1092/1044 1075/1150/1075 1076/1153/1076
f 1032/1094/1032 1031/1089/1031 1062/1151/1062 1063/1121/1063
f 1019/1095/1019 1018/1091/1018 1049/1152/1049 1050/1123/1050
f 1046/1096/1046 1045/1093/1045 1076/1153/1076 1077/1125/1077
f 1066/1130/1066 1065/1127/1065 1096/1154/1096 1097/1155/1097
f 1053/1131/1053 1052/1128/1052 1083/1156/1083 1084/1157/1084
f 1067/1132/1067 1066/1130/1066 1097/1155/1097 1098/1158/1098
f 1054/1133/1054 1053/1131/1053 1084/1157/1084 1085/1159/1085
f 1068/1134/1068 1067/1132/1067 1098/1158/1098 1099/1160/1099
f 1055/1135/1055 1054/1133/1054 1085/1159/1085 1086/1161/1086
f 1069/1136/1069 1068/1134/1068 1099/1160/1099 1100/1162/1100
f 1056/1137/1056 1055/1135/1055 1086/1161/1086 1087/1163/1087
f 1070/1138/1070 1069/1136/1069 1100/1162/1100 1101/1164/1101
f 1057/1139/1057 1056/1137/1056 1087/1163/1087 1088/1165/1088
f 1071/1140/1071 1070/1138/1070 1101/1164/1101 1102/1166/1102
f 1058/1141/1058 1057/1139/1057 1088/1165/1088 1089/1167/1089
f 1072/1142/1072 1071/1140/1071 1102/1166/1102 1103/1168/1103
f 1059/1143/1059 1058/1141/1058 1089/1167/1089 1090/1169/1090
f 1073/1144/1073 1072/1142/1072 1103/1168/1103 1104/1170/1104
f 1060/1145/1060 1059/1143/1059 1090/1169/1090 1091/1171/1091
f 1074/1146/1074 1073/1144/1073 1104/1170/1104 1105/1172/1105
f 1061/1147/1061 1060/1145/1060 1091/1171/1091 1092/1173/1092
f 1048/1149/1048 1/1174/1 1079/1175/1079
f 1075/1150/1075 1074/1146/1074 1105/1172/1105 1106/1176/1106
f 1062/1151/1062 1061/1147/1061 1092/1173/1092 1093/1177/1093
f 1049/1152/1049 1048/1149/1048 1079/1175/1079 1080/1178/1080
f 1076/1153/1076 1075/1150/1075 1106/1176/1106 1107/1179/1107
f 1063/1121/1063 1062/1151/1062 1093/1177/1093 1094/1180/1094
f 1050/1123/1050 1049/1152/1049 1080/1178/1080 1081/1181/1081
f 1077/1125/1077 1076/1153/1076 1107/1179/1107 1108/1182/1108
f 1064/1122/1064 1063/1121/1063 1094/1180/1094 1095/1183/1095
f 1051/1124/1051 1050/1123/1050 1081/1181/1081 1082/1184/1082
f 1078/1126/1078 1077/1125/1077 1108/1182/1108 1109/1185/1109
f 1065/1127/1065 1064/1122/1064 1095/1183/1095 1096/1154/1096
f 1052/1128/1052 1051/1124/1051 1082/1184/1082 1083/1156/1083
f 24/1186/24 1078/1126/1078 1109/1185/1109
f 1099/1160/1099 1098/1158/1098 1129/1187/1129 1130/1188/1130
f 1086/1161/1086 1085/1159/1085 1116/1189/1116 1117/1190/1117
f 1100/1162/1100 1099/1160/1099 1130/1188/1130 1131/1191/1131
f 1087/1163/1087 1086/1161/1086 1117/1190/1117 1118/1192/1118
f 1101/1164/1101 1100/1162/1100 1131/1191/1131 1132/1193/1132
f 1088/1165/1088 1087/1163/1087 1118/1192/1118 1119/1194/1119
f 1102/1166/1102 1101/1164/1101 1132/1193/1132 1133/1195/1133
f 1089/1167/1089 1088/1165/1088 1119/1194/1119 1120/1196/1120
f 1103/1168/1103 1102/1166/1102 1133/1195/1133 1134/1197/1134
f 1090/1169/1090 1089/1167/1089 1120/1196/1120 1121/1198/1121
f 1104/1170/1104 1103/1168/1103 1134/1197/1134 1135/1199/1135
f 1091/1171/1091 1090/1169/1090 1121/1198/1121 1122/1200/1122
f 1105/1172/1105 1104/1170/1104 1135/1199/1135 1136/1201/1136
f 1092/1173/1092 1091/1171/1091 1122/1200/1122 1123/1202/1123
f 1079/1175/1079 1/1203/1 1110/1204/1110
f 1106/1176/1106 1105/1172/1105 1136/1201/1136 1137/1205/1137
f 1093/1177/1093 1092/1173/1092 1123/1202/1123 1124/1206/1124
f 1080/1178/1080 1079/1175/1079 1110/1204/1110 1111/1207/1111
f 1107/1179/1107 1106/1176/1106 1137/1205/1137 1138/1208/1138
f 1094/1180/1094 1093/1177/1093 1124/1206/1124 1125/1209/1125
f 1081/1181/1081 1080/1178/1080 1111/1207/1111 1112/1210/1112
f 1108/1182/1108 1107/1179/1107 1138/1208/1138 1139/1211/1139
f 1095/1183/1095 1094/1180/1094 1125/1209/1125 1126/1212/1126
f 1082/1184/1082 1081/1181/1081 1112/1210/1112 1113/1213/1113
f 1109/1185/1109 1108/1182/1108 1139/1211/1139 1140/1214/1140
f 1096/1154/1096 1095/1183/1095 1126/1212/1126 1127/1215/1127
f 1083/1156/1083 1082/1184/1082 1113/1213/1113 1114/1216/1114
f 24/1217/24 1109/1185/1109 1140/1214/1140
f 1097/1155/1097 1096/1154/1096 1127/1215/1127 1128/1218/1128
f 1084/1157/1084 1083/1156/1083 1114/1216/1114 1115/1219/1115
f 1098/1158/1098 1097/1155/1097 1128/1218/1128 1129/1187/1129
f 1085/1159/1085 1084/1157/1084 1115/1219/1115 1116/1189/1116
f 1132/1193/1132 1131/1191/1131 1162/1220/1162 1163/1221/1163
f 1119/1194/1119 1118/1192/1118 1149/1222/1149 1150/1223/1150
f 1133/1195/1133 1132/1193/1132 1163/1221/1163 1164/1224/1164
f 1120/1196/1120 1119/1194/1119 1150/1223/1150 1151/1225/1151
f 1134/1197/1134 1133/1195/1133 1164/1224/1164 1165/1226/1165
f 1121/1198/1121 1120/1196/1120 1151/1225/1151 1152/1227/1152
f 1135/1199/1135 1134/1197/1134 1165/1226/1165 1166/1228/1166
f 1122/1200/1122 1121/1198/1121 1152/1227/1152 1153/1229/1153
f 1136/1201/1136 1135/1199/1135 1166/1228/1166 1167/1230/1167
f 1123/1202/1123 1122/1200/1122 1153/1229/1153 1154/1231/1154
f 1110/1204/1110 1/1232/1 1141/1233/1141
f 1137/1205/1137 1136/1201/1136 1167/1230/1167 1168/1234/1168
f 1124/1206/1124 1123/1202/1123 1154/1231/1154 1155/1235/1155
f 1111/1207/1111 1110/1204/1110 1141/1233/1141 1142/1236/1142
f 1138/1208/1138 1137/1205/1137 1168/1234/1168 1169/1237/1169
f 1125/1209/1125 1124/1206/1124 1155/1235/1155 1156/1238/1156
f 1112/1210/1112 1111/1207/1111 1142/1236/1142 1143/1239/1143
f 1139/1211/1139 1138/1208/1138 1169/1237/1169 1170/1240/1170
f 1126/1212/1126 1125/1209/1125 1156/1238/1156 1157/1241/1157
f 1113/1213/1113 1112/1210/1112 1143/1239/1143 1144/1242/1144
f 1140/1214/1140 1139/1211/1139 1170/1240/1170 1171/1243/1171
f 1127/1215/1127 1126/1212/1126 1157/1241/1157 1158/1244/1158
f 1114/1216/1114 1113/1213/1113 1144/1242/1144 1145/1245/1145
f 24/1246/24 1140/1214/1140 1171/1243/1171
f 1128/1218/1128 1127/1215/1127 1158/1244/1158 1159/1247/1159
f 1115/1219/1115 1114/1216/1114 1145/1245/1145 1146/1248/1146
f 1129/1187/1129 1128/1218/1128 1159/1247/1159 1160/1249/1160
f 1116/1189/1116 1115/1219/1115 1146/1248/1146 1147/1250/1147
f 1130/1188/1130 1129/1187/1129 1160/1249/1160 1161/1251/1161
f 1117/1190/1117 1116/1189/1116 1147/1250/1147 1148/1252/1148
f 1131/1191/1131 1130/1188/1130 1161/1251/1161 1162/1220/1162
f 1118/1192/1118 1117/1190/1117 1148/1252/1148 1149/1222/1149
f 1165/1226/1165 1164/1224/1164 1195/1253/1195 1196/1254/1196
f 1152/1227/1152 1151/1225/1151 1182/1255/1182 1183/1256/1183
f 1166/1228/1166 1165/1226/1165 1196/1254/1196 1197/1257/1197
f 1153/1229/1153 1152/1227/1152 1183/1256/1183 1184/1258/1184
f 1167/1230/1167 1166/1228/1166 1197/1257/1197 1198/1259/1198
f 1154/1231/1154 1153/1229/1153 1184/1258/1184 1185/1260/1185
f 1141/1233/1141 1/1261/1 1172/1262/1172
f 1168/1234/1168 1167/1230/1167 1198/1259/1198 1199/1263/1199
f 1155/1235/1155 1154/1231/1154 1185/1260/1185 1186/1264/1186
f 1142/1236/1142 1141/1233/1141 1172/1262/1172 1173/1265/1173
f 1169/1237/1169 1168/1234/1168 1199/1263/1199 1200/1266/1200
f 1156/1238/1156 1155/1235/1155 1186/1264/1186 1187/1267/1187
f 1143/1239/1143 1142/1236/1142 1173/1265/1173 1174/1268/1174
f 1170/1240/1170 1169/1237/1169 1200/1266/1200 1201/1269/1201
f 1157/1241/1157 1156/1238/1156 1187/1267/1187 1188/1270/1188
f 1144/1242/1144 1143/1239/1143 1174/1268/1174 1175/1271/1175
f 1171/1243/1171 1170/1240/1170 1201/1269/1201 1202/1272/1202
f 1158/1244/1158 1157/1241/1157 1188/1270/1188 1189/1273/1189
f 1145/1245/1145 1144/1242/1144 1175/1271/1175 1176/1274/1176
f 24/1275/24 1171/1243/1171 1202/1272/1202
f 1159/1247/1159 1158/1244/1158 1189/1273/1189 1190/1276/1190
f 1146/1248/1146 1145/1245/1145 1176/1274/1176 1177/1277/1177
f 1160/1249/1160 1159/1247/1159 1190/1276/1190 1191/1278/1191
f 1147/1250/1147 1146/1248/1146 1177/1277/1177 1178/1279/1178
f 1161/1251/1161 1160/1249/1160 1191/1278/1191 1192/1280/1192
f 1148/1252/1148 1147/1250/1147 1178/1279/1178 1179/1281/1179
f 1162/1220/1162 1161/1251/1161 1192/1280/1192 1193/1282/1193
f 1149/1222/1149 1148/1252/1148 1179/1281/1179 1180/1283/1180
f 1163/1221/1163 1162/1220/1162 1193/1282/1193 1194/1284/1194
f 1150/1223/1150 1149/1222/1149 1180/1283/1180 1181/1285/1181
f 1164/1224/1164 1163/1221/1163 1194/1284/1194 1195/1253/1195
f 1151/1225/1151 1150/1223/1150 1181/1285/1181 1182/1255/1182
f 1198/1259/1198 1197/1257/1197 1228/1286/1228 1229/1287/1229
f 1185/1260/1185 1184/1258/1184 1215/1288/1215 1216/1289/1216
f 1172/1262/1172 1/1290/1 1203/1291/1203
f 1199/1263/1199 1198/1259/1198 1229/1287/1229 1230/1292/1230
f 1186/1264/1186 1185/1260/1185 1216/1289/1216 1217/1293/1217
f 1173/1265/1173 1172/1262/1172 1203/1291/1203 1204/1294/1204
f 1200/1266/1200 1199/1263/1199 1230/1292/1230 1231/1295/1231
f 1187/1267/1187 1186/1264/1186 1217/1293/1217 1218/1296/1218
f 1174/1268/1174 1173/1265/1173 1204/1294/1204 1205/1297/1205
f 1201/1269/1201 1200/1266/1200 1231/1295/1231 1232/1298/1232
f 1188/1270/1188 1187/1267/1187 1218/1296/1218 1219/1299/1219
f 1175/1271/1175 1174/1268/1174 1205/1297/1205 1206/1300/1206
f 1202/1272/1202 1201/1269/1201 1232/1298/1232 1233/1301/1233
f 1189/1273/1189 1188/1270/1188 1219/1299/1219 1220/1302/1220
f 1176/1274/1176 1175/1271/1175 1206/1300/1206 1207/1303/1207
f 24/1304/24 1202/1272/1202 1233/1301/1233
f 1190/1276/1190 1189/1273/1189 1220/1302/1220 1221/1305/1221
f 1177/1277/1177 1176/1274/1176 1207/1303/1207 1208/1306/1208
f 1191/1278/1191 1190/1276/1190 1221/1305/1221 1222/1307/1222
f 1178/1279/1178 1177/1277/1177 1208/1306/1208 1209/1308/1209
f 1192/1280/1192 1191/1278/1191 1222/1307/1222 1223/1309/1223
f 1179/1281/1179 1178/1279/1178 1209/1308/1209 1210/1310/1210
f 1193/1282/1193 1192/1280/1192 1223/1309/1223 1224/1311/1224
f 1180/1283/1180 1179/1281/1179 1210/1310/1210 1211/1312/1211
f 1194/1284/1194 1193/1282/1193 1224/1311/1224 1225/1313/1225
f 1181/1285/1181 1180/1283/1180 1211/1312/1211 1212/1314/1212
f 1195/1253/1195 1194/1284/1194 1225/1313/1225 1226/1315/1226
f 1182/1255/1182 1181/1285/1181 1212/1314/1212 1213/1316/1213
f 1196/1254/1196 1195/1253/1195 1226/1315/1226 1227/1317/1227
f 1183/1256/1183 1182/1255/1182 1213/1316/1213 1214/1318/1214
f 1197/1257/1197 1196/1254/1196 1227/1317/1227 1228/1286/1228
f 1184/1258/1184 1183/1256/1183 1214/1318/1214 1215/1288/1215
f 1204/1294/1204 1203/1291/1203 1234/1319/1234 1235/1320/1235
f 1231/1295/1231 1230/1292/1230 1261/1321/1261 1262/1322/1262
f 1218/1296/1218 1217/1293/1217 1248/1323/1248 1249/1324/1249
f 1205/1297/1205 1204/1294/1204 1235/1320/1235 1236/1325/1236
f 1232/1298/1232 1231/1295/1231 1262/1322/1262 1263/1326/1263
f 1219/1299/1219 1218/1296/1218 1249/1324/1249 1250/1327/1250
f 1206/1300/1206 1205/1297/1205 1236/1325/1236 1237/1328/1237
f 1233/1301/1233 1232/1298/1232 1263/1326/1263 1264/1329/1264
f 1220/1302/1220 1219/1299/1219 1250/1327/1250 1251/1330/1251
f 1207/1303/1207 1206/1300/1206 1237/1328/1237 1238/1331/1238
f 24/1332/24 1233/1301/1233 1264/1329/1264
f 1221/1305/1221 1220/1302/1220 1251/1330/1251 1252/1333/1252
f 1208/1306/1208 1207/1303/1207 1238/1331/1238 1239/1334/1239
f 1222/1307/1222 1221/1305/1221 1252/1333/1252 1253/1335/1253
f 1209/1308/1209 1208/1306/1208 1239/1334/1239 1240/1336/1240
f 1223/1309/1223 1222/1307/1222 1253/1335/1253 1254/1337/1254
f 1210/1310/1210 1209/1308/1209 1240/1336/1240 1241/1338/1241
f 1224/1311/1224 1223/1309/1223 1254/1337/1254 1255/1339/1255
f 1211/1312/1211 1210/1310/1210 1241/1338/1241 1242/1340/1242
f 1225/1313/1225 1224/1311/1224 1255/1339/1255 1256/1341/1256
f 1212/1314/1212 1211/1312/1211 1242/1340/1242 1243/1342/1243
f 1226/1315/1226 1225/1313/1225 1256/1341/1256 1257/1343/1257
f 1213/1316/1213 1212/1314/1212 1243/1342/1243 1244/1344/1244
f 1227/1317/1227 1226/1315/1226 1257/1343/1257 1258/1345/1258
f 1214/1318/1214 1213/1316/1213 1244/1344/1244 1245/1346/1245
f 1228/1286/1228 1227/1317/1227 1258/1345/1258 1259/1347/1259
f 1215/1288/1215 1214/1318/1214 1245/1346/1245 1246/1348/1246
f 1229/1287/1229 1228/1286/1228 1259/1347/1259 1260/1349/1260
f 1216/1289/1216 1215/1288/1215 1246/1348/1246 1247/1350/1247
f 1203/1291/1203 1/1351/1 1234/1319/1234
f 1230/1292/1230 1229/1287/1229 1260/1349/1260 1261/1321/1261
f 1217/1293/1217 1216/1289/1216 1247/1350/1247 1248/1323/1248
f 1237/1328/1237 1236/1325/1236 1267/1352/1267 1268/1353/1268
f 1264/1329/1264 1263/1326/1263 1294/1354/1294 1295/1355/1295
f 1251/1330/1251 1250/1327/1250 1281/1356/1281 1282/1357/1282
f 1238/1331/1238 1237/1328/1237 1268/1353/1268 1269/1358/1269
f 24/1359/24 1264/1329/1264 1295/1355/1295
f 1252/1333/1252 1251/1330/1251 1282/1357/1282 1283/1360/1283
f 1239/1334/1239 1238/1331/1238 1269/1358/1269 1270/1361/1270
f 1253/1335/1253 1252/1333/1252 1283/1360/1283 1284/1362/1284
f 1240/1336/1240 1239/1334/1239 1270/1361/1270 1271/1363/1271
f 1254/1337/1254 1253/1335/1253 1284/1362/1284 1285/1364/1285
f 1241/1338/1241 1240/1336/1240 1271/1363/1271 1272/1365/1272
f 1255/1339/1255 1254/1337/1254 1285/1364/1285 1286/1366/1286
f 1242/1340/1242 1241/1338/1241 1272/1365/1272 1273/1367/1273
f 1256/1341/1256 1255/1339/1255 1286/1366/1286 1287/1368/1287
f 1243/1342/1243 1242/1340/1242 1273/1367/1273 1274/1369/1274
f 1257/1343/1257 1256/1341/1256 1287/1368/1287 1288/1370/1288
f 1244/1344/1244 1243/1342/1243 1274/1369/1274 1275/1371/1275
f 1258/1345/1258 1257/1343/1257 1288/1370/1288 1289/1372/1289
f 1245/1346/1245 1244/1344/1244 1275/1371/1275 1276/1373/1276
f 1259/1347/1259 1258/1345/1258 1289/1372/1289 1290/1374/1290
f 1246/1348/1246 1245/1346/1245 1276/1373/1276 1277/1375/1277
f 1260/1349/1260 1259/1347/1259 1290/1374/1290 1291/1376/1291
f 1247/1350/1247 1246/1348/1246 1277/1375/1277 1278/1377/1278
f 1234/1319/1234 1/1378/1 1265/1379/1265
f 1261/1321/1261 1260/1349/1260 1291/1376/1291 1292/1380/1292
f 1248/1323/1248 1247/1350/1247 1278/1377/1278 1279/1381/1279
f 1235/1320/1235 1234/1319/1234 1265/1379/1265 1266/1382/1266
f 1262/1322/1262 1261/1321/1261 1292/1380/1292 1293/1383/1293
f 1249/1324/1249 1248/1323/1248 1279/1381/1279 1280/1384/1280
f 1236/1325/1236 1235/1320/1235 1266/1382/1266 1267/1352/1267
f 1263/1326/1263 1262/1322/1262 1293/1383/1293 1294/1354/1294
f 1250/1327/1250 1249/1324/1249 1280/1384/1280 1281/1356/1281
f 1270/1361/1270 1269/1358/1269 1300/1385/1300 1301/1386/1301
f 1284/1362/1284 1283/1360/1283 1314/1387/1314 1315/1388/1315
f 1271/1363/1271 1270/1361/1270 1301/1386/1301 1302/1389/1302
f 1285/1364/1285 1284/1362/1284 1315/1388/1315 1316/1390/1316
f 1272/1365/1272 1271/1363/1271 1302/1389/1302 1303/1391/1303
f 1286/1366/1286 1285/1364/1285 1316/1390/1316 1317/1392/1317
f 1273/1367/1273 1272/1365/1272 1303/1391/1303 1304/1393/1304
f 1287/1368/1287 1286/1366/1286 1317/1392/1317 1318/1394/1318
f 1274/1369/1274 1273/1367/1273 1304/1393/1304 1305/1395/1305
f 1288/1370/1288 1287/1368/1287 1318/1394/1318 1319/1396/1319
f 1275/1371/1275 1274/1369/1274 1305/1395/1305 1306/1397/1306
f 1289/1372/1289 1288/1370/1288 1319/1396/1319 1320/1398/1320
f 1276/1373/1276 1275/1371/1275 1306/1397/1306 1307/1399/1307
f 1290/1374/1290 1289/1372/1289 1320/1398/1320 1321/1400/1321
f 1277/1375/1277 1276/1373/1276 1307/1399/1307 1308/1401/1308
f 1291/1376/1291 1290/1374/1290 1321/1400/1321 1322/1402/1322
f 1278/1377/1278 1277/1375/1277 1308/1401/1308 1309/1403/1309
f 1265/1379/1265 1/1404/1 1296/1405/1296
f 1292/1380/1292 1291/1376/1291 1322/1402/1322 1323/1406/1323
f 1279/1381/1279 1278/1377/1278 1309/1403/1309 1310/1407/1310
f 1266/1382/1266 1265/1379/1265 1296/1405/1296 1297/1408/1297
f 1293/1383/1293 1292/1380/1292 1323/1406/1323 1324/1409/1324
f 1280/1384/1280 1279/1381/1279 1310/1407/1310 1311/1410/1311
f 1267/1352/1267 1266/1382/1266 1297/1408/1297 1298/1411/1298
f 1294/1354/1294 1293/1383/1293 1324/1409/1324 1325/1412/1325
f 1281/1356/1281 1280/1384/1280 1311/1410/1311 1312/1413/1312
f 1268/1353/1268 1267/1352/1267 1298/1411/1298 1299/1414/1299
f 1295/1355/1295 1294/1354/1294 1325/1412/1325 1326/1415/1326
f 1282/1357/1282 1281/1356/1281 1312/1413/1312 1313/1416/1313
f 1269/1358/1269 1268/1353/1268 1299/1414/1299 1300/1385/1300
f 24/1417/24 1295/1355/1295 1326/1415/1326
f 1283/1360/1283 1282/1357/1282 1313/1416/1313 1314/1387/1314
f 1303/1391/1303 1302/1389/1302 1333/1418/1333 1334/1419/1334
f 1317/1392/1317 1316/1390/1316 1347/1420/1347 1348/1421/1348
f 1304/1393/1304 1303/1391/1303 1334/1419/1334 1335/1422/1335
f 1318/1394/1318 1317/1392/1317 1348/1421/1348 1349/1423/1349
f 1305/1395/1305 1304/1393/1304 1335/1422/1335 1336/1424/1336
f 1319/1396/1319 1318/1394/1318 1349/1423/1349 1350/1425/1350
f 1306/1397/1306 1305/1395/1305 1336/1424/1336 1337/1426/1337
f 1320/1398/1320 1319/1396/1319 1350/1425/1350 1351/1427/1351
f 1307/1399/1307 1306/1397/1306 1337/1426/1337 1338/1428/1338
f 1321/1400/1321 1320/1398/1320 1351/1427/1351 1352/1429/1352
f 1308/1401/1308 1307/1399/1307 1338/1428/1338 1339/1430/1339
f 1322/1402/1322 1321/1400/1321 1352/1429/1352 1353/1431/1353
f 1309/1403/1309 1308/1401/1308 1339/1430/1339 1340/1432/1340
f 1296/1405/1296 1/1433/1 1327/1434/1327
f 1323/1406/1323 1322/1402/1322 1353/1431/1353 1354/1435/1354
f 1310/1407/1310 1309/1403/1309 1340/1432/1340 1341/1436/1341
f 1297/1408/1297 1296/1405/1296 1327/1434/1327 1328/1437/1328
f 1324/1409/1324 1323/1406/1323 1354/1435/1354 1355/1438/1355
f 1311/1410/1311 1310/1407/1310 1341/1436/1341 1342/1439/1342
f 1298/1411/1298 1297/1408/1297 1328/1437/1328 1329/1440/1329
f 1325/1412/1325 1324/1409/1324 1355/1438/1355 1356/1441/1356
f 1312/1413/1312 1311/1410/1311 1342/1439/1342 1343/1442/1343
f 1299/1414/1299 1298/1411/1298 1329/1440/1329 1330/1443/1330
f 1326/1415/1326 1325/1412/1325 1356/1441/1356 1357/1444/1357
f 1313/1416/1313 1312/1413/1312 1343/1442/1343 1344/1445/1344
f 1300/1385/1300 1299/1414/1299 1330/1443/1330 1331/1446/1331
f 24/1447/24 1326/1415/1326 1357/1444/1357
f 1314/1387/1314 1313/1416/1313 1344/1445/1344 1345/1448/1345
f 1301/1386/1301 1300/1385/1300 1331/1446/1331 1332/1449/1332
f 1315/1388/1315 1314/1387/1314 1345/1448/1345 1346/1450/1346
f 1302/1389/1302 1301/1386/1301 1332/1449/1332 1333/1418/1333
f 1316/1390/1316 1315/1388/1315 1346/1450/1346 1347/1420/1347
f 1336/1424/1336 1335/1422/1335 1366/1451/1366 1367/1452/1367
f 1350/1425/1350 1349/1423/1349 1380/1453/1380 1381/1454/1381
f 1337/1426/1337 1336/1424/1336 1367/1452/1367 1368/1455/1368
f 1351/1427/1351 1350/1425/1350 1381/1454/1381 1382/1456/1382
f 1338/1428/1338 1337/1426/1337 1368/1455/1368 1369/1457/1369
f 1352/1429/1352 1351/1427/1351 1382/1456/1382 1383/1458/1383
f 1339/1430/1339 1338/1428/1338 1369/1457/1369 1370/1459/1370
f 1353/1431/1353 1352/1429/1352 1383/1458/1383 1384/1460/1384
f 1340/1432/1340 1339/1430/1339 1370/1459/1370 1371/1461/1371
f 1327/1434/1327 1/1462/1 1358/1463/1358
f 1354/1435/1354 1353/1431/1353 1384/1460/1384 1385/1464/1385
f 1341/1436/1341 1340/1432/1340 1371/1461/1371 1372/1465/1372
f 1328/1437/1328 1327/1434/1327 1358/1463/1358 1359/1466/1359
f 1355/1438/1355 1354/1435/1354 1385/1464/1385 1386/1467/1386
f 1342/1439/1342 1341/1436/1341 1372/1465/1372 1373/1468/1373
f 1329/1440/1329 1328/1437/1328 1359/1466/1359 1360/1469/1360
f 1356/1441/1356 1355/1438/1355 1386/1467/1386 1387/1470/1387
f 1343/1442/1343 1342/1439/1342 1373/1468/1373 1374/1471/1374
f 1330/1443/1330 1329/1440/1329 1360/1469/1360 1361/1472/1361
f 1357/1444/1357 1356/1441/1356 1387/1470/1387 1388/1473/1388
f 1344/1445/1344 1343/1442/1343 1374/1471/1374 1375/1474/1375
f 1331/1446/1331 1330/1443/1330 1361/1472/1361 1362/1475/1362
f 24/1476/24 1357/1444/1357 1388/1473/1388
f 1345/1448/1345 1344/1445/1344 1375/1474/1375 1376/1477/1376
f 1332/1449/1332 1331/1446/1331 1362/1475/1362 1363/1478/1363
f 1346/1450/1346 1345/1448/1345 1376/1477/1376 1377/1479/1377
f 1333/1418/1333 1332/1449/1332 1363/1478/1363 1364/1480/1364
f 1347/1420/1347 1346/1450/1346 1377/1479/1377 1378/1481/1378
f 1334/1419/1334 1333/1418/1333 1364/1480/1364 1365/1482/1365
f 1348/1421/1348 1347/1420/1347 1378/1481/1378 1379/1483/1379
f 1335/1422/1335 1334/1419/1334 1365/1482/1365 1366/1451/1366
f 1349/1423/1349 1348/1421/1348 1379/1483/1379 1380/1453/1380
f 1369/1457/1369 1368/1455/1368 1399/1484/1399 1400/1485/1400
f 1383/1458/1383 1382/1456/1382 1413/1486/1413 1414/1487/1414
f 1370/1459/1370 1369/1457/1369 1400/1485/1400 1401/1488/1401
f 1384/1460/1384 1383/1458/1383 1414/1487/1414 1415/1489/1415
f 1371/1461/1371 1370/1459/1370 1401/1488/1401 1402/1490/1402
f 1358/1463/1358 1/1491/1 1389/1492/1389
f 1385/1464/1385 1384/1460/1384 1415/1489/1415 1416/1493/1416
f 1372/1465/1372 1371/1461/1371 1402/1490/1402 1403/1494/1403
f 1359/1466/1359 1358/1463/1358 1389/1492/1389 1390/1495/1390
f 1386/1467/1386 1385/1464/1385 1416/1493/1416 1417/1496/1417
f 1373/1468/1373 1372/1465/1372 1403/1494/1403 1404/1497/1404
f 1360/1469/1360 1359/1466/1359 1390/1495/1390 1391/1498/1391
f 1387/1470/1387 1386/1467/1386 1417/1496/1417 1418/1499/1418
f 1374/1471/1374 1373/1468/1373 1404/1497/1404 1405/1500/1405
f 1361/1472/1361 1360/1469/1360 1391/1498/1391 1392/1501/1392
f 1388/1473/1388 1387/1470/1387 1418/1499/1418 1419/1502/1419
f 1375/1474/1375 1374/1471/1374 1405/1500/1405 1406/1503/1406
f 1362/1475/1362 1361/1472/1361 1392/1501/1392 1393/1504/1393
f 24/1505/24 1388/1473/1388 1419/1502/1419
f 1376/1477/1376 1375/1474/1375 1406/1503/1406 1407/1506/1407
f 1363/1478/1363 1362/1475/1362 1393/1504/1393 1394/1507/1394
f 1377/1479/1377 1376/1477/1376 1407/1506/1407 1408/1508/1408
f 1364/1480/1364 1363/1478/1363 1394/1507/1394 1395/1509/1395
f 1378/1481/1378 1377/1479/1377 1408/1508/1408 1409/1510/1409
f 1365/1482/1365 1364/1480/1364 1395/1509/1395 1396/1511/1396
f 1379/1483/1379 1378/1481/1378 1409/1510/1409 1410/1512/1410
f 1366/1451/1366 1365/1482/1365 1396/1511/1396 1397/1513/1397
f 1380/1453/1380 1379/1483/1379 1410/1512/1410 1411/1514/1411
f 1367/1452/1367 1366/1451/1366 1397/1513/1397 1398/1515/1398
f 1381/1454/1381 1380/1453/1380 1411/1514/1411 1412/1516/1412
f 1368/1455/1368 1367/1452/1367 1398/1515/1398 1399/1484/1399
f 1382/1456/1382 1381/1454/1381 1412/1516/1412 1413/1486/1413
f 1402/1490/1402 1401/1488/1401 1432/1517/1432 1433/1518/1433
f 1389/1492/1389 1/1519/1 1420/1520/1420
f 1416/1493/1416 1415/1489/1415 1446/1521/1446 1447/1522/1447
f 1403/1494/1403 1402/1490/1402 1433/1518/1433 1434/1523/1434
f 1390/1495/1390 1389/1492/1389 1420/1520/1420 1421/1524/1421
f 1417/1496/1417 1416/1493/1416 1447/1522/1447 1448/1525/1448
f 1404/1497/1404 1403/1494/1403 1434/1523/1434 1435/1526/1435
f 1391/1498/1391 1390/1495/1390 1421/1524/1421 1422/1527/1422
f 1418/1499/1418 1417/1496/1417 1448/1525/1448 1449/1528/1449
f 1405/1500/1405 1404/1497/1404 1435/1526/1435 1436/1529/1436
f 1392/1501/1392 1391/1498/1391 1422/1527/1422 1423/1530/1423
f 1419/1502/1419 1418/1499/1418 1449/1528/1449 1450/1531/1450
f 1406/1503/1406 1405/1500/1405 1436/1529/1436 1437/1532/1437
f 1393/1504/1393 1392/1501/1392 1423/1530/1423 1424/1533/1424
f 24/1534/24 1419/1502/1419 1450/1531/1450
f 1407/1506/1407 1406/1503/1406 1437/1532/1437 1438/1535/1438
f 1394/1507/1394 1393/1504/1393 1424/1533/1424 1425/1536/1425
f 1408/1508/1408 1407/1506/1407 1438/1535/1438 1439/1537/1439
f 1395/1509/1395 1394/1507/1394 1425/1536/1425 1426/1538/1426
f 1409/1510/1409 1408/1508/1408 1439/1537/1439 1440/1539/1440
f 1396/1511/1396 1395/1509/1395 1426/1538/1426 1427/1540/1427
f 1410/1512/1410 1409/1510/1409 1440/1539/1440 1441/1541/1441
f 1397/1513/1397 1396/1511/1396 1427/1540/1427 1428/1542/1428
f 1411/1514/1411 1410/1512/1410 1441/1541/1441 1442/1543/1442
f 1398/1515/1398 1397/1513/1397 1428/1542/1428 1429/1544/1429
f 1412/1516/1412 1411/1514/1411 1442/1543/1442 1443/1545/1443
f 1399/1484/1399 1398/1515/1398 1429/1544/1429 1430/1546/1430
f 1413/1486/1413 1412/1516/1412 1443/1545/1443 1444/1547/1444
f 1400/1485/1400 1399/1484/1399 1430/1546/1430 1431/1548/1431
f 1414/1487/1414 1413/1486/1413 1444/1547/1444 1445/1549/1445
f 1401/1488/1401 1400/1485/1400 1431/1548/1431 1432/1517/1432
f 1415/1489/1415 1414/1487/1414 1445/1549/1445 1446/1521/1446
f 1435/1526/1435 1434/1523/1434 1465/1550/1465 1466/1551/1466
f 1422/1527/1422 1421/1524/1421 1452/1552/1452 1453/1553/1453
f 1449/1528/1449 1448/1525/1448 1479/1554/1479 1480/1555/1480
f 1436/1529/1436 1435/1526/1435 1466/1551/1466 1467/1556/1467
f 1423/1530/1423 1422/1527/1422 1453/1553/1453 1454/1557/1454
f 1450/1531/1450 1449/1528/1449 1480/1555/1480 1481/1558/1481
f 1437/1532/1437 1436/1529/1436 1467/1556/1467 1468/1559/1468
f 1424/1533/1424 1423/1530/1423 1454/1557/1454 1455/1560/1455
f 24/1561/24 1450/1531/1450 1481/1558/1481
f 1438/1535/1438 1437/1532/1437 1468/1559/1468 1469/1562/1469
f 1425/1536/1425 1424/1533/1424 1455/1560/1455 1456/1563/1456
f 1439/1537/1439 1438/1535/1438 1469/1562/1469 1470/1564/1470
f 1426/1538/1426 1425/1536/1425 1456/1563/1456 1457/1565/1457
f 1440/1539/1440 1439/1537/1439 1470/1564/1470 1471/1566/1471
f 1427/1540/1427 1426/1538/1426 1457/1565/1457 1458/1567/1458
f 1441/1541/1441 1440/1539/1440 1471/1566/1471 1472/1568/1472
f 1428/1542/1428 1427/1540/1427 1458/1567/1458 1459/1569/1459
f 1442/1543/1442 1441/1541/1441 1472/1568/1472 1473/1570/1473
f 1429/1544/1429 1428/1542/1428 1459/1569/1459 1460/1571/1460
f 1443/1545/1443 1442/1543/1442 1473/1570/1473 1474/1572/1474
f 1430/1546/1430 1429/1544/1429 1460/1571/1460 1461/1573/1461
f 1444/1547/1444 1443/1545/1443 1474/1572/1474 1475/1574/1475
f 1431/1548/1431 1430/1546/1430 1461/1573/1461 1462/1575/1462
f 1445/1549/1445 1444/1547/1444 1475/1574/1475 1476/1576/1476
f 1432/1517/1432 1431/1548/1431 1462/1575/1462 1463/1577/1463
f 1446/1521/1446 1445/1549/1445 1476/1576/1476 1477/1578/1477
f 1433/1518/1433 1432/1517/1432 1463/1577/1463 1464/1579/1464
f 1420/1520/1420 1/1580/1 1451/1581/1451
f 1447/1522/1447 1446/1521/1446 1477/1578/1477 1478/1582/1478
f 1434/1523/1434 1433/1518/1433 1464/1579/1464 1465/1550/1465
f 1421/1524/1421 1420/1520/1420 1451/1581/1451 1452/1552/1452
f 1448/1525/1448 1447/1522/1447 1478/1582/1478 1479/1554/1479
f 1468/1559/1468 1467/1556/1467 1498/1583/1498 1499/1584/1499
f 1455/1560/1455 1454/1557/1454 1485/1585/1485 1486/1586/1486
f 24/1587/24 1481/1558/1481 1512/1588/1512
f 1469/1562/1469 1468/1559/1468 1499/1584/1499 1500/1589/1500
f 1456/1563/1456 1455/1560/1455 1486/1586/1486 1487/1590/1487
f 1470/1564/1470 1469/1562/1469 1500/1589/1500 1501/1591/1501
f 1457/1565/1457 1456/1563/1456 1487/1590/1487 1488/1592/1488
f 1471/1566/1471 1470/1564/1470 1501/1591/1501 1502/1593/1502
f 1458/1567/1458 1457/1565/1457 1488/1592/1488 1489/1594/1489
f 1472/1568/1472 1471/1566/1471 1502/1593/1502 1503/1595/1503
f 1459/1569/1459 1458/1567/1458 1489/1594/1489 1490/1596/1490
f 1473/1570/1473 1472/1568/1472 1503/1595/1503 1504/1597/1504
f 1460/1571/1460 1459/1569/1459 1490/1596/1490 1491/1598/1491
f 1474/1572/1474 1473/1570/1473 1504/1597/1504 1505/1599/1505
f 1461/1573/1461 1460/1571/1460 1491/1598/1491 1492/1600/1492
f 1475/1574/1475 1474/1572/1474 1505/1599/1505 1506/1601/1506
f 1462/1575/1462 1461/1573/1461 1492/1600/1492 1493/1602/1493
f 1476/1576/1476 1475/1574/1475 1506/1601/1506 1507/1603/1507
f 1463/1577/1463 1462/1575/1462 1493/1602/1493 1494/1604/1494
f 1477/1578/1477 1476/1576/1476 1507/1603/1507 1508/1605/1508
f 1464/1579/1464 1463/1577/1463 1494/1604/1494 1495/1606/1495
f 1451/1581/1451 1/1607/1 1482/1608/1482
f 1478/1582/1478 1477/1578/1477 1508/1605/1508 1509/1609/1509
f 1465/1550/1465 1464/1579/1464 1495/1606/1495 1496/1610/1496
f 1452/1552/1452 1451/1581/1451 1482/1608/1482 1483/1611/1483
f 1479/1554/1479 1478/1582/1478 1509/1609/1509 1510/1612/1510
f 1466/1551/1466 1465/1550/1465 1496/1610/1496 1497/1613/1497
f 1453/1553/1453 1452/1552/1452 1483/1611/1483 1484/1614/1484
f 1480/1555/1480 1479/1554/1479 1510/1612/1510 1511/1615/1511
f 1467/1556/1467 1466/1551/1466 1497/1613/1497 1498/1583/1498
f 1454/1557/1454 1453/1553/1453 1484/1614/1484 1485/1585/1485
f 1481/1558/1481 1480/1555/1480 1511/1615/1511 1512/1588/1512
f 1501/1616/1501 1500/1617/1500 1531/1618/1531 1532/1619/1532
f 1488/1620/1488 1487/1621/1487 1518/1622/1518 1519/1623/1519
f 1502/1624/1502 1501/1616/1501 1532/1619/1532 1533/1625/1533
f 1489/1626/1489 1488/1620/1488 1519/1623/1519 1520/1627/1520
f 1503/1628/1503 1502/1624/1502 1533/1625/1533 1534/1629/1534
f 1490/1630/1490 1489/1626/1489 1520/1627/1520 1521/1631/1521
f 1504/1632/1504 1503/1628/1503 1534/1629/1534 1535/1633/1535
f 1491/1634/1491 1490/1630/1490 1521/1631/1521 1522/1635/1522
f 1505/1636/1505 1504/1632/1504 1535/1633/1535 1536/1637/1536
f 1492/1638/1492 1491/1634/1491 1522/1635/1522 1523/1639/1523
f 1506/1640/1506 1505/1636/1505 1536/1637/1536 1537/1641/1537
f 1493/1642/1493 1492/1638/1492 1523/1639/1523 1524/1643/1524
f 1507/1644/1507 1506/1640/1506 1537/1641/1537 1538/1645/1538
f 1494/1646/1494 1493/1642/1493 1524/1643/1524 1525/1647/1525
f 1508/1648/1508 1507/1644/1507 1538/1645/1538 1539/1649/1539
f 1495/1650/1495 1494/1646/1494 1525/1647/1525 1526/1651/1526
f 1482/1652/1482 1/1653/1 1513/1654/1513
f 1509/1655/1509 1508/1648/1508 1539/1649/1539 1540/1656/1540
f 1496/1657/1496 1495/1650/1495 1526/1651/1526 1527/1658/1527
f 1483/1659/1483 1482/1652/1482 1513/1654/1513 1514/1660/1514
f 1510/1661/1510 1509/1655/1509 1540/1656/1540 1541/1662/1541
f 1497/1663/1497 1496/1657/1496 1527/1658/1527 1528/1664/1528
f 1484/1665/1484 1483/1659/1483 1514/1660/1514 1515/1666/1515
f 1511/1667/1511 1510/1661/1510 1541/1662/1541 1542/1668/1542
f 1498/1669/1498 1497/1663/1497 1528/1664/1528 1529/1670/1529
f 1485/1671/1485 1484/1665/1484 1515/1666/1515 1516/1672/1516
f 1512/1673/1512 1511/1667/1511 1542/1668/1542 1543/1674/1543
f 1499/1675/1499 1498/1669/1498 1529/1670/1529 1530/1676/1530
f 1486/1677/1486 1485/1671/1485 1516/1672/1516 1517/1678/1517
f 24/1679/24 1512/1673/1512 1543/1674/1543
f 1500/1617/1500 1499/1675/1499 1530/1676/1530 1531/1618/1531
f 1487/1621/1487 1486/1677/1486 1517/1678/1517 1518/1622/1518
f 1534/1629/1534 1533/1625/1533 1564/1680/1564 1565/1681/1565
f 1521/1631/1521 1520/1627/1520 1551/1682/1551 1552/1683/1552
f 1535/1633/1535 1534/1629/1534 1565/1681/1565 1566/1684/1566
f 1522/1635/1522 1521/1631/1521 1552/1683/1552 1553/1685/1553
f 1536/1637/1536 1535/1633/1535 1566/1684/1566 1567/1686/1567
f 1523/1639/1523 1522/1635/1522 1553/1685/1553 1554/1687/1554
f 1537/1641/1537 1536/1637/1536 1567/1686/1567 1568/1688/1568
f 1524/1643/1524 1523/1639/1523 1554/1687/1554 1555/1689/1555
f 1538/1645/1538 1537/1641/1537 1568/1688/1568 1569/1690/1569
f 1525/1647/1525 1524/1643/1524 1555/1689/1555 1556/1691/1556
f 1539/1649/1539 1538/1645/1538 1569/1690/1569 1570/1692/1570
f 1526/1651/1526 1525/1647/1525 1556/1691/1556 1557/1693/1557
f 1513/1654/1513 1/1694/1 1544/1695/1544
f 1540/1656/1540 1539/1649/1539 1570/1692/1570 1571/1696/1571
f 1527/1658/1527 1526/1651/1526 1557/1693/1557 1558/1697/1558
f 1514/1660/1514 1513/1654/1513 1544/1695/1544 1545/1698/1545
f 1541/1662/1541 1540/1656/1540 1571/1696/1571 1572/1699/1572
f 1528/1664/1528 1527/1658/1527 1558/1697/1558 1559/1700/1559
f 1515/1666/1515 1514/1660/1514 1545/1698/1545 1546/1701/1546
f 1542/1668/1542 1541/1662/1541 1572/1699/1572 1573/1702/1573
f 1529/1670/1529 1528/1664/1528 1559/1700/1559 1560/1703/1560
f 1516/1672/1516 1515/1666/1515 1546/1701/1546 1547/1704/1547
f 1543/1674/1543 1542/1668/1542 1573/1702/1573 1574/1705/1574
f 1530/1676/1530 1529/1670/1529 1560/1703/1560 1561/1706/1561
f 1517/1678/1517 1516/1672/1516 1547/1704/1547 1548/1707/1548
f 24/1708/24 1543/1674/1543 1574/1705/1574
f 1531/1618/1531 1530/1676/1530 1561/1706/1561 1562/1709/1562
f 1518/1622/1518 1517/1678/1517 1548/1707/1548 1549/1710/1549
f 1532/1619/1532 1531/1618/1531 1562/1709/1562 1563/1711/1563
f 1519/1623/1519 1518/1622/1518 1549/1710/1549 1550/1712/1550
f 1533/1625/1533 1532/1619/1532 1563/1711/1563 1564/1680/1564
f 1520/1627/1520 1519/1623/1519 1550/1712/1550 1551/1682/1551
f 1567/1686/1567 1566/1684/1566 1597/1713/1597 1598/1714/1598
f 1554/1687/1554 1553/1685/1553 1584/1715/1584 1585/1716/1585
f 1568/1688/1568 1567/1686/1567 1598/1714/1598 1599/1717/1599
f 1555/1689/1555 1554/1687/1554 1585/1716/1585 1586/1718/1586
f 1569/1690/1569 1568/1688/1568 1599/1717/1599 1600/1719/1600
f 1556/1691/1556 1555/1689/1555 1586/1718/1586 1587/1720/1587
f 1570/1692/1570 1569/1690/1569 1600/1719/1600 1601/1721/1601
f 1557/1693/1557 1556/1691/1556 1587/1720/1587 1588/1722/1588
f 1544/1695/1544 1/1723/1 1575/1724/1575
f 1571/1696/1571 1570/1692/1570 1601/1721/1601 1602/1725/1602
f 1558/1697/1558 1557/1693/1557 1588/1722/1588 1589/1726/1589
f 1545/1698/1545 1544/1695/1544 1575/1724/1575 1576/1727/1576
f 1572/1699/1572 1571/1696/1571 1602/1725/1602 1603/1728/1603
f 1559/1700/1559 1558/1697/1558 1589/1726/1589 1590/1729/1590
f 1546/1701/1546 1545/1698/1545 1576/1727/1576 1577/1730/1577
f 1573/1702/1573 1572/1699/1572 1603/1728/1603 1604/1731/1604
f 1560/1703/1560 1559/1700/1559 1590/1729/1590 1591/1732/1591
f 1547/1704/1547 1546/1701/1546 1577/1730/1577 1578/1733/1578
f 1574/1705/1574 1573/1702/1573 1604/1731/1604 1605/1734/1605
f 1561/1706/1561 1560/1703/1560 1591/1732/1591 1592/1735/1592
f 1548/1707/1548 1547/1704/1547 1578/1733/1578 1579/1736/1579
f 24/1737/24 1574/1705/1574 1605/1734/1605
f 1562/1709/1562 1561/1706/1561 1592/1735/1592 1593/1738/1593
f 1549/1710/1549 1548/1707/1548 1579/1736/1579 1580/1739/1580
f 1563/1711/1563 1562/1709/1562 1593/1738/1593 1594/1740/1594
f 1550/1712/1550 1549/1710/1549 1580/1739/1580 1581/1741/1581
f 1564/1680/1564 1563/1711/1563 1594/1740/1594 1595/1742/1595
f 1551/1682/1551 1550/1712/1550 1581/1741/1581 1582/1743/1582
f 1565/1681/1565 1564/1680/1564 1595/1742/1595 1596/1744/1596
f 1552/1683/1552 1551/1682/1551 1582/1743/1582 1583/1745/1583
f 1566/1684/1566 1565/1681/1565 1596/1744/1596 1597/1713/1597
f 1553/1685/1553 1552/1683/1552 1583/1745/1583 1584/1715/1584
f 1600/1719/1600 1599/1717/1599 1630/1746/1630 1631/1747/1631
f 1587/1720/1587 1586/1718/1586 1617/1748/1617 1618/1749/1618
f 1601/1721/1601 1600/1719/1600 1631/1747/1631 1632/1750/1632
f 1588/1722/1588 1587/1720/1587 1618/1749/1618 1619/1751/1619
f 1575/1724/1575 1/1752/1 1606/1753/1606
f 1602/1725/1602 1601/1721/1601 1632/1750/1632 1633/1754/1633
f 1589/1726/1589 1588/1722/1588 1619/1751/1619 1620/1755/1620
f 1576/1727/1576 1575/1724/1575 1606/1753/1606 1607/1756/1607
f 1603/1728/1603 1602/1725/1602 1633/1754/1633 1634/1757/1634
f 1590/1729/1590 1589/1726/1589 1620/1755/1620 1621/1758/1621
f 1577/1730/1577 1576/1727/1576 1607/1756/1607 1608/1759/1608
f 1604/1731/1604 1603/1728/1603 1634/1757/1634 1635/1760/1635
f 1591/1732/1591 1590/1729/1590 1621/1758/1621 1622/1761/1622
f 1578/1733/1578 1577/1730/1577 1608/1759/1608 1609/1762/1609
f 1605/1734/1605 1604/1731/1604 1635/1760/1635 1636/1763/1636
f 1592/1735/1592 1591/1732/1591 1622/1761/1622 1623/1764/1623
f 1579/1736/1579 1578/1733/1578 1609/1762/1609 1610/1765/1610
f 24/1766/24 1605/1734/1605 1636/1763/1636
f 1593/1738/1593 1592/1735/1592 1623/1764/1623 1624/1767/1624
f 1580/1739/1580 1579/1736/1579 1610/1765/1610 1611/1768/1611
f 1594/1740/1594 1593/1738/1593 1624/1767/1624 1625/1769/1625
f 1581/1741/1581 1580/1739/1580 1611/1768/1611 1612/1770/1612
f 1595/1742/1595 1594/1740/1594 1625/1769/1625 1626/1771/1626
f 1582/1743/1582 1581/1741/1581 1612/1770/1612 1613/1772/1613
f 1596/1744/1596 1595/1742/1595 1626/1771/1626 1627/1773/1627
f 1583/1745/1583 1582/1743/1582 1613/1772/1613 1614/1774/1614
f 1597/1713/1597 1596/1744/1596 1627/1773/1627 1628/1775/1628
f 1584/1715/1584 1583/1745/1583 1614/1774/1614 1615/1776/1615
f 1598/1714/1598 1597/1713/1597 1628/1775/1628 1629/1777/1629
f 1585/1716/1585 1584/1715/1584 1615/1776/1615 1616/1778/1616
f 1599/1717/1599 1598/1714/1598 1629/1777/1629 1630/1746/1630
f 1586/1718/1586 1585/1716/1585 1616/1778/1616 1617/1748/1617
f 1606/1753/1606 1/1779/1 1637/1780/1637
f 1633/1754/1633 1632/1750/1632 1663/1781/1663 1664/1782/1664
f 1620/1755/1620 1619/1751/1619 1650/1783/1650 1651/1784/1651
f 1607/1756/1607 1606/1753/1606 1637/1780/1637 1638/1785/1638
f 1634/1757/1634 1633/1754/1633 1664/1782/1664 1665/1786/1665
f 1621/1758/1621 1620/1755/1620 1651/1784/1651 1652/1787/1652
f 1608/1759/1608 1607/1756/1607 1638/1785/1638 1639/1788/1639
f 1635/1760/1635 1634/1757/1634 1665/1786/1665 1666/1789/1666
f 1622/1761/1622 1621/1758/1621 1652/1787/1652 1653/1790/1653
f 1609/1762/1609 1608/1759/1608 1639/1788/1639 1640/1791/1640
f 1636/1763/1636 1635/1760/1635 1666/1789/1666 1667/1792/1667
f 1623/1764/1623 1622/1761/1622 1653/1790/1653 1654/1793/1654
f 1610/1765/1610 1609/1762/1609 1640/1791/1640 1641/1794/1641
f 24/1795/24 1636/1763/1636 1667/1792/1667
f 1624/1767/1624 1623/1764/1623 1654/1793/1654 1655/1796/1655
f 1611/1768/1611 1610/1765/1610 1641/1794/1641 1642/1797/1642
f 1625/1769/1625 1624/1767/1624 1655/1796/1655 1656/1798/1656
f 1612/1770/1612 1611/1768/1611 1642/1797/1642 1643/1799/1643
f 1626/1771/1626 1625/1769/1625 1656/1798/1656 1657/1800/1657
f 1613/1772/1613 1612/1770/1612 1643/1799/1643 1644/1801/1644
f 1627/1773/1627 1626/1771/1626 1657/1800/1657 1658/1802/1658
f 1614/1774/1614 1613/1772/1613 1644/1801/1644 1645/1803/1645
f 1628/1775/1628 1627/1773/1627 1658/1802/1658 1659/1804/1659
f 1615/1776/1615 1614/1774/1614 1645/1803/1645 1646/1805/1646
f 1629/1777/1629 1628/1775/1628 1659/1804/1659 1660/1806/1660
f 1616/1778/1616 1615/1776/1615 1646/1805/1646 1647/1807/1647
f 1630/1746/1630 1629/1777/1629 1660/1806/1660 1661/1808/1661
f 1617/1748/1617 1616/1778/1616 1647/1807/1647 1648/1809/1648
f 1631/1747/1631 1630/1746/1630 1661/1808/1661 1662/1810/1662
f 1618/1749/1618 1617/1748/1617 1648/1809/1648 1649/1811/1649
f 1632/1750/1632 1631/1747/1631 1662/1810/1662 1663/1781/1663
f 1619/1751/1619 1618/1749/1618 1649/1811/1649 1650/1783/1650
f 1639/1788/1639 1638/1785/1638 1669/1812/1669 1670/1813/1670
f 1666/1789/1666 1665/1786/1665 1696/1814/1696 1697/1815/1697
f 1653/1790/1653 1652/1787/1652 1683/1816/1683 1684/1817/1684
f 1640/1791/1640 1639/1788/1639 1670/1813/1670 1671/1818/1671
f 1667/1792/1667 1666/1789/1666 1697/1815/1697 1698/1819/1698
f 1654/1793/1654 1653/1790/1653 1684/1817/1684 1685/1820/1685
f 1641/1794/1641 1640/1791/1640 1671/1818/1671 1672/1821/1672
f 24/1822/24 1667/1792/1667 1698/1819/1698
f 1655/1796/1655 1654/1793/1654 1685/1820/1685 1686/1823/1686
f 1642/1797/1642 1641/1794/1641 1672/1821/1672 1673/1824/1673
f 1656/1798/1656 1655/1796/1655 1686/1823/1686 1687/1825/1687
f 1643/1799/1643 1642/1797/1642 1673/1824/1673 1674/1826/1674
f 1657/1800/1657 1656/1798/1656 1687/1825/1687 1688/1827/1688
f 1644/1801/1644 1643/1799/1643 1674/1826/1674 1675/1828/1675
f 1658/1802/1658 1657/1800/1657 1688/1827/1688 1689/1829/1689
f 1645/1803/1645 1644/1801/1644 1675/1828/1675 1676/1830/1676
f 1659/1804/1659 1658/1802/1658 1689/1829/1689 1690/1831/1690
f 1646/1805/1646 1645/1803/1645 1676/1830/1676 1677/1832/1677
f 1660/1806/1660 1659/1804/1659 1690/1831/1690 1691/1833/1691
f 1647/1807/1647 1646/1805/1646 1677/1832/1677 1678/1834/1678
f 1661/1808/1661 1660/1806/1660 1691/1833/1691 1692/1835/1692
f 1648/1809/1648 1647/1807/1647 1678/1834/1678 1679/1836/1679
f 1662/1810/1662 1661/1808/1661 1692/1835/1692 1693/1837/1693
f 1649/1811/1649 1648/1809/1648 1679/1836/1679 1680/1838/1680
f 1663/1781/1663 1662/1810/1662 1693/1837/1693 1694/1839/1694
f 1650/1783/1650 1649/1811/1649 1680/1838/1680 1681/1840/1681
f 1637/1780/1637 1/1841/1 1668/1842/1668
f 1664/1782/1664 1663/1781/1663 1694/1839/1694 1695/1843/1695
f 1651/1784/1651 1650/1783/1650 1681/1840/1681 1682/1844/1682
f 1638/1785/1638 1637/1780/1637 1668/1842/1668 1669/1812/1669
f 1665/1786/1665 1664/1782/1664 1695/1843/1695 1696/1814/1696
f 1652/1787/1652 1651/1784/1651 1682/1844/1682 1683/1816/1683
f 1672/1821/1672 1671/1818/1671 1702/1845/1702 1703/1846/1703
f 24/1847/24 1698/1819/1698 1729/1848/1729
f 1686/1823/1686 1685/1820/1685 1716/1849/1716 1717/1850/1717
f 1673/1824/1673 1672/1821/1672 1703/1846/1703 1704/1851/1704
f 1687/1825/1687 1686/1823/1686 1717/1850/1717 1718/1852/1718
f 1674/1826/1674 1673/1824/1673 1704/1851/1704 1705/1853/1705
f 1688/1827/1688 1687/1825/1687 1718/1852/1718 1719/1854/1719
f 1675/1828/1675 1674/1826/1674 1705/1853/1705 1706/1855/1706
f 1689/1829/1689 1688/1827/1688 1719/1854/1719 1720/1856/1720
f 1676/1830/1676 1675/1828/1675 1706/1855/1706 1707/1857/1707
f 1690/1831/1690 1689/1829/1689 1720/1856/1720 1721/1858/1721
f 1677/1832/1677 1676/1830/1676 1707/1857/1707 1708/1859/1708
f 1691/1833/1691 1690/1831/1690 1721/1858/1721 1722/1860/1722
f 1678/1834/1678 1677/1832/1677 1708/1859/1708 1709/1861/1709
f 1692/1835/1692 1691/1833/1691 1722/1860/1722 1723/1862/1723
f 1679/1836/1679 1678/1834/1678 1709/1861/1709 1710/1863/1710
f 1693/1837/1693 1692/1835/1692 1723/1862/1723 1724/1864/1724
f 1680/1838/1680 1679/1836/1679 1710/1863/1710 1711/1865/1711
f 1694/1839/1694 1693/1837/1693 1724/1864/1724 1725/1866/1725
f 1681/1840/1681 1680/1838/1680 1711/1865/1711 1712/1867/1712
f 1668/1842/1668 1/1868/1 1699/1869/1699
f 1695/1843/1695 1694/1839/1694 1725/1866/1725 1726/1870/1726
f 1682/1844/1682 1681/1840/1681 1712/1867/1712 1713/1871/1713
f 1669/1812/1669 1668/1842/1668 1699/1869/1699 1700/1872/1700
f 1696/1814/1696 1695/1843/1695 1726/1870/1726 1727/1873/1727
f 1683/1816/1683 1682/1844/1682 1713/1871/1713 1714/1874/1714
f 1670/1813/1670 1669/1812/1669 1700/1872/1700 1701/1875/1701
f 1697/1815/1697 1696/1814/1696 1727/1873/1727 1728/1876/1728
f 1684/1817/1684 1683/1816/1683 1714/1874/1714 1715/1877/1715
f 1671/1818/1671 1670/1813/1670 1701/1875/1701 1702/1845/1702
f 1698/1819/1698 1697/1815/1697 1728/1876/1728 1729/1848/1729
f 1685/1820/1685 1684/1817/1684 1715/1877/1715 1716/1849/1716
f 1705/1853/1705 1704/1851/1704 1735/1878/1735 1736/1879/1736
f 1719/1854/1719 1718/1852/1718 1749/1880/1749 1750/1881/1750
f 1706/1855/1706 1705/1853/1705 1736/1879/1736 1737/1882/1737
f 1720/1856/1720 1719/1854/1719 1750/1881/1750 1751/1883/1751
f 1707/1857/1707 1706/1855/1706 1737/1882/1737 1738/1884/1738
f 1721/1858/1721 1720/1856/1720 1751/1883/1751 1752/1885/1752
f 1708/1859/1708 1707/1857/1707 1738/1884/1738 1739/1886/1739
f 1722/1860/1722 1721/1858/1721 1752/1885/1752 1753/1887/1753
f 1709/1861/1709 1708/1859/1708 1739/1886/1739 1740/1888/1740
f 1723/1862/1723 1722/1860/1722 1753/1887/1753 1754/1889/1754
f 1710/1863/1710 1709/1861/1709 1740/1888/1740 1741/1890/1741
f 1724/1864/1724 1723/1862/1723 1754/1889/1754 1755/1891/1755
f 1711/1865/1711 1710/1863/1710 1741/1890/1741 1742/1892/1742
f 1725/1866/1725 1724/1864/1724 1755/1891/1755 1756/1893/1756
f 1712/1867/1712 1711/1865/1711 1742/1892/1742 1743/1894/1743
f 1699/1869/1699 1/1895/1 1730/1896/1730
f 1726/1870/1726 1725/1866/1725 1756/1893/1756 1757/1897/1757
f 1713/1871/1713 1712/1867/1712 1743/1894/1743 1744/1898/1744
f 1700/1872/1700 1699/1869/1699 1730/1896/1730 1731/1899/1731
f 1727/1873/1727 1726/1870/1726 1757/1897/1757 1758/1900/1758
f 1714/1874/1714 1713/1871/1713 1744/1898/1744 1745/1901/1745
f 1701/1875/1701 1700/1872/1700 1731/1899/1731 1732/1902/1732
f 1728/1876/1728 1727/1873/1727 1758/1900/1758 1759/1903/1759
f 1715/1877/1715 1714/1874/1714 1745/1901/1745 1746/1904/1746
f 1702/1845/1702 1701/1875/1701 1732/1902/1732 1733/1905/1733
f 1729/1848/1729 1728/1876/1728 1759/1903/1759 1760/1906/1760
f 1716/1849/1716 1715/1877/1715 1746/1904/1746 1747/1907/1747
f 1703/1846/1703 1702/1845/1702 1733/1905/1733 1734/1908/1734
f 24/1909/24 1729/1848/1729 1760/1906/1760
f 1717/1850/1717 1716/1849/1716 1747/1907/1747 1748/1910/1748
f 1704/1851/1704 1703/1846/1703 1734/1908/1734 1735/1878/1735
f 1718/1852/1718 1717/1850/1717 1748/1910/1748 1749/1880/1749
f 1738/1884/1738 1737/1882/1737 1768/1911/1768 1769/1912/1769
f 1752/1885/1752 1751/1883/1751 1782/1913/1782 1783/1914/1783
f 1739/1886/1739 1738/1884/1738 1769/1912/1769 1770/1915/1770
f 1753/1887/1753 1752/1885/1752 1783/1914/1783 1784/1916/1784
f 1740/1888/1740 1739/1886/1739 1770/1915/1770 1771/1917/1771
f 1754/1889/1754 1753/1887/1753 1784/1916/1784 1785/1918/1785
f 1741/1890/1741 1740/1888/1740 1771/1917/1771 1772/1919/1772
f 1755/1891/1755 1754/1889/1754 1785/1918/1785 1786/1920/1786
f 1742/1892/1742 1741/1890/1741 1772/1919/1772 1773/1921/1773
f 1756/1893/1756 1755/1891/1755 1786/1920/1786 1787/1922/1787
f 1743/1894/1743 1742/1892/1742 1773/1921/1773 1774/1923/1774
f 1730/1896/1730 1/1924/1 1761/1925/1761
f 1757/1897/1757 1756/1893/1756 1787/1922/1787 1788/1926/1788
f 1744/1898/1744 1743/1894/1743 1774/1923/1774 1775/1927/1775
f 1731/1899/1731 1730/1896/1730 1761/1925/1761 1762/1928/1762
f 1758/1900/1758 1757/1897/1757 1788/1926/1788 1789/1929/1789
f 1745/1901/1745 1744/1898/1744 1775/1927/1775 1776/1930/1776
f 1732/1902/1732 1731/1899/1731 1762/1928/1762 1763/1931/1763
f 1759/1903/1759 1758/1900/1758 1789/1929/1789 1790/1932/1790
f 1746/1904/1746 1745/1901/1745 1776/1930/1776 1777/1933/1777
f 1733/1905/1733 1732/1902/1732 1763/1931/1763 1764/1934/1764
f 1760/1906/1760 1759/1903/1759 1790/1932/1790 1791/1935/1791
f 1747/1907/1747 1746/1904/1746 1777/1933/1777 1778/1936/1778
f 1734/1908/1734 1733/1905/1733 1764/1934/1764 1765/1937/1765
f 24/1938/24 1760/1906/1760 1791/1935/1791
f 1748/1910/1748 1747/1907/1747 1778/1936/1778 1779/1939/1779
f 1735/1878/1735 1734/1908/1734 1765/1937/1765 1766/1940/1766
f 1749/1880/1749 1748/1910/1748 1779/1939/1779 1780/1941/1780
f 1736/1879/1736 1735/1878/1735 1766/1940/1766 1767/1942/1767
f 1750/1881/1750 1749/1880/1749 1780/1941/1780 1781/1943/1781
f 1737/1882/1737 1736/1879/1736 1767/1942/1767 1768/1911/1768
f 1751/1883/1751 1750/1881/1750 1781/1943/1781 1782/1913/1782
f 1771/1917/1771 1770/1915/1770 1801/1944/1801 1802/1945/1802
f 1785/1918/1785 1784/1916/1784 1815/1946/1815 1816/1947/1816
f 1772/1919/1772 1771/1917/1771 1802/1945/1802 1803/1948/1803
f 1786/1920/1786 1785/1918/1785 1816/1947/1816 1817/1949/1817
f 1773/1921/1773 1772/1919/1772 1803/1948/1803 1804/1950/1804
f 1787/1922/1787 1786/1920/1786 1817/1949/1817 1818/1951/1818
f 1774/1923/1774 1773/1921/1773 1804/1950/1804 1805/1952/1805
f 1761/1925/1761 1/1953/1 1792/1954/1792
f 1788/1926/1788 1787/1922/1787 1818/1951/1818 1819/1955/1819
f 1775/1927/1775 1774/1923/1774 1805/1952/1805 1806/1956/1806
f 1762/1928/1762 1761/1925/1761 1792/1954/1792 1793/1957/1793
f 1789/1929/1789 1788/1926/1788 1819/1955/1819 1820/1958/1820
f 1776/1930/1776 1775/1927/1775 1806/1956/1806 1807/1959/1807
f 1763/1931/1763 1762/1928/1762 1793/1957/1793 1794/1960/1794
f 1790/1932/1790 1789/1929/1789 1820/1958/1820 1821/1961/1821
f 1777/1933/1777 1776/1930/1776 1807/1959/1807 1808/1962/1808
f 1764/1934/1764 1763/1931/1763 1794/1960/1794 1795/1963/1795
f 1791/1935/1791 1790/1932/1790 1821/1961/1821 1822/1964/1822
f 1778/1936/1778 1777/1933/1777 1808/1962/1808 1809/1965/1809
f 1765/1937/1765 1764/1934/1764 1795/1963/1795 1796/1966/1796
f 24/1967/24 1791/1935/1791 1822/1964/1822
f 1779/1939/1779 1778/1936/1778 1809/1965/1809 1810/1968/1810
f 1766/1940/1766 1765/1937/1765 1796/1966/1796 1797/1969/1797
f 1780/1941/1780 1779/1939/1779 1810/1968/1810 1811/1970/1811
f 1767/1942/1767 1766/1940/1766 1797/1969/1797 1798/1971/1798
f 1781/1943/1781 1780/1941/1780 1811/1970/1811 1812/1972/1812
f 1768/1911/1768 1767/1942/1767 1798/1971/1798 1799/1973/1799
f 1782/1913/1782 1781/1943/1781 1812/1972/1812 1813/1974/1813
f 1769/1912/1769 1768/1911/1768 1799/1973/1799 1800/1975/1800
f 1783/1914/1783 1782/1913/1782 1813/1974/1813 1814/1976/1814
f 1770/1915/1770 1769/1912/1769 1800/1975/1800 1801/1944/1801
f 1784/1916/1784 1783/1914/1783 1814/1976/1814 1815/1946/1815
f 1804/1950/1804 1803/1948/1803 1834/1977/1834 1835/1978/1835
f 1818/1951/1818 1817/1949/1817 1848/1979/1848 1849/1980/1849
f 1805/1952/1805 1804/1950/1804 1835/1978/1835 1836/1981/1836
f 1792/1954/1792 1/1982/1 1823/1983/1823
f 1819/1955/1819 1818/1951/1818 1849/1980/1849 1850/1984/1850
f 1806/1956/1806 1805/1952/1805 1836/1981/1836 1837/1985/1837
f 1793/1957/1793 1792/1954/1792 1823/1983/1823 1824/1986/1824
f 1820/1958/1820 1819/1955/1819 1850/1984/1850 1851/1987/1851
f 1807/1959/1807 1806/1956/1806 1837/1985/1837 1838/1988/1838
f 1794/1960/1794 1793/1957/1793 1824/1986/1824 1825/1989/1825
f 1821/1961/1821 1820/1958/1820 1851/1987/1851 1852/1990/1852
f 1808/1962/1808 1807/1959/1807 1838/1988/1838 1839/1991/1839
f 1795/1963/1795 1794/1960/1794 1825/1989/1825 1826/1992/1826
f 1822/1964/1822 1821/1961/1821 1852/1990/1852 1853/1993/1853
f 1809/1965/1809 1808/1962/1808 1839/1991/1839 1840/1994/1840
f 1796/1966/1796 1795/1963/1795 1826/1992/1826 1827/1995/1827
f 24/1996/24 1822/1964/1822 1853/1993/1853
f 1810/1968/1810 1809/1965/1809 1840/1994/1840 1841/1997/1841
f 1797/1969/1797 1796/1966/1796 1827/1995/1827 1828/1998/1828
f 1811/1970/1811 1810/1968/1810 1841/1997/1841 1842/1999/1842
f 1798/1971/1798 1797/1969/1797 1828/1998/1828 1829/2000/1829
f 1812/1972/1812 1811/1970/1811 1842/1999/1842 1843/2001/1843
f 1799/1973/1799 1798/1971/1798 1829/2000/1829 1830/2002/1830
f 1813/1974/1813 1812/1972/1812 1843/2001/1843 1844/2003/1844
f 1800/1975/1800 1799/1973/1799 1830/2002/1830 1831/2004/1831
f 1814/1976/1814 1813/1974/1813 1844/2003/1844 1845/2005/1845
f 1801/1944/1801 1800/1975/1800 1831/2004/1831 1832/2006/1832
f 1815/1946/1815 1814/1976/1814 1845/2005/1845 1846/2007/1846
f 1802/1945/1802 1801/1944/1801 1832/2006/1832 1833/2008/1833
f 1816/1947/1816 1815/1946/1815 1846/2007/1846 1847/2009/1847
f 1803/1948/1803 1802/1945/1802 1833/2008/1833 1834/1977/1834
f 1817/1949/1817 1816/1947/1816 1847/2009/1847 1848/1979/1848
f 1837/1985/1837 1836/1981/1836 1867/2010/1867 1868/2011/1868
f 1824/1986/1824 1823/1983/1823 1854/2012/1854 1855/2013/1855
f 1851/1987/1851 1850/1984/1850 1881/2014/1881 1882/2015/1882
f 1838/1988/1838 1837/1985/1837 1868/2011/1868 1869/2016/1869
f 1825/1989/1825 1824/1986/1824 1855/2013/1855 1856/2017/1856
f 1852/1990/1852 1851/1987/1851 1882/2015/1882 1883/2018/1883
f 1839/1991/1839 1838/1988/1838 1869/2016/1869 1870/2019/1870
f 1826/1992/1826 1825/1989/1825 1856/2017/1856 1857/2020/1857
f 1853/1993/1853 1852/1990/1852 1883/2018/1883 1884/2021/1884
f 1840/1994/1840 1839/1991/1839 1870/2019/1870 1871/2022/1871
f 1827/1995/1827 1826/1992/1826 1857/2020/1857 1858/2023/1858
f 24/2024/24 1853/1993/1853 1884/2021/1884
f 1841/1997/1841 1840/1994/1840 1871/2022/1871 1872/2025/1872
f 1828/1998/1828 1827/1995/1827 1858/2023/1858 1859/2026/1859
f 1842/1999/1842 1841/1997/1841 1872/2025/1872 1873/2027/1873
f 1829/2000/1829 1828/1998/1828 1859/2026/1859 1860/2028/1860
f 1843/2001/1843 1842/1999/1842 1873/2027/1873 1874/2029/1874
f 1830/2002/1830 1829/2000/1829 1860/2028/1860 1861/2030/1861
f 1844/2003/1844 1843/2001/1843 1874/2029/1874 1875/2031/1875
f 1831/2004/1831 1830/2002/1830 1861/2030/1861 1862/2032/1862
f 1845/2005/1845 1844/2003/1844 1875/2031/1875 1876/2033/1876
f 1832/2006/1832 1831/2004/1831 1862/2032/1862 1863/2034/1863
f 1846/2007/1846 1845/2005/1845 1876/2033/1876 1877/2035/1877
f 1833/2008/1833 1832/2006/1832 1863/2034/1863 1864/2036/1864
f 1847/2009/1847 1846/2007/1846 1877/2035/1877 1878/2037/1878
f 1834/1977/1834 1833/2008/1833 1864/2036/1864 1865/2038/1865
f 1848/1979/1848 1847/2009/1847 1878/2037/1878 1879/2039/1879
f 1835/1978/1835 1834/1977/1834 1865/2038/1865 1866/2040/1866
f 1849/1980/1849 1848/1979/1848 1879/2039/1879 1880/2041/1880
f 1836/1981/1836 1835/1978/1835 1866/2040/1866 1867/2010/1867
f 1823/1983/1823 1/2042/1 1854/2012/1854
f 1850/1984/1850 1849/1980/1849 1880/2041/1880 1881/2014/1881
f 1870/2019/1870 1869/2016/1869 1900/2043/1900 1901/2044/1901
f 1857/2020/1857 1856/2017/1856 1887/2045/1887 1888/2046/1888
f 1884/2021/1884 1883/2018/1883 1914/2047/1914 1915/2048/1915
f 1871/2022/1871 1870/2019/1870 1901/2044/1901 1902/2049/1902
f 1858/2023/1858 1857/2020/1857 1888/2046/1888 1889/2050/1889
f 24/2051/24 1884/2021/1884 1915/2048/1915
f 1872/2025/1872 1871/2022/1871 1902/2049/1902 1903/2052/1903
f 1859/2026/1859 1858/2023/1858 1889/2050/1889 1890/2053/1890
f 1873/2027/1873 1872/2025/1872 1903/2052/1903 1904/2054/1904
f 1860/2028/1860 1859/2026/1859 1890/2053/1890 1891/2055/1891
f 1874/2029/1874 1873/2027/1873 1904/2054/1904 1905/2056/1905
f 1861/2030/1861 1860/2028/1860 1891/2055/1891 1892/2057/1892
f 1875/2031/1875 1874/2029/1874 1905/2056/1905 1906/2058/1906
f 1862/2032/1862 1861/2030/1861 1892/2057/1892 1893/2059/1893
f 1876/2033/1876 1875/2031/1875 1906/2058/1906 1907/2060/1907
f 1863/2034/1863 1862/2032/1862 1893/2059/1893 1894/2061/1894
f 1877/2035/1877 1876/2033/1876 1907/2060/1907 1908/2062/1908
f 1864/2036/1864 1863/2034/1863 1894/2061/1894 1895/2063/1895
f 1878/2037/1878 1877/2035/1877 1908/2062/1908 1909/2064/1909
f 1865/2038/1865 1864/2036/1864 1895/2063/1895 1896/2065/1896
f 1879/2039/1879 1878/2037/1878 1909/2064/1909 1910/2066/1910
f 1866/2040/1866 1865/2038/1865 1896/2065/1896 1897/2067/1897
f 1880/2041/1880 1879/2039/1879 1910/2066/1910 1911/2068/1911
f 1867/2010/1867 1866/2040/1866 1897/2067/1897 1898/2069/1898
f 1854/2012/1854 1/2070/1 1885/2071/1885
f 1881/2014/1881 1880/2041/1880 1911/2068/1911 1912/2072/1912
f 1868/2011/1868 1867/2010/1867 1898/2069/1898 1899/2073/1899
f 1855/2013/1855 1854/2012/1854 1885/2071/1885 1886/2074/1886
f 1882/2015/1882 1881/2014/1881 1912/2072/1912 1913/2075/1913
f 1869/2016/1869 1868/2011/1868 1899/2073/1899 1900/2043/1900
f 1856/2017/1856 1855/2013/1855 1886/2074/1886 1887/2045/1887
f 1883/2018/1883 1882/2015/1882 1913/2075/1913 1914/2047/1914
f 1903/2052/1903 1902/2049/1902 1933/2076/1933 1934/2077/1934
f 1890/2053/1890 1889/2050/1889 1920/2078/1920 1921/2079/1921
f 1904/2054/1904 1903/2052/1903 1934/2077/1934 1935/2080/1935
f 1891/2055/1891 1890/2053/1890 1921/2079/1921 1922/2081/1922
f 1905/2056/1905 1904/2054/1904 1935/2080/1935 1936/2082/1936
f 1892/2057/1892 1891/2055/1891 1922/2081/1922 1923/2083/1923
f 1906/2058/1906 1905/2056/1905 1936/2082/1936 1937/2084/1937
f 1893/2059/1893 1892/2057/1892 1923/2083/1923 1924/2085/1924
f 1907/2060/1907 1906/2058/1906 1937/2084/1937 1938/2086/1938
f 1894/2061/1894 1893/2059/1893 1924/2085/1924 1925/2087/1925
f 1908/2062/1908 1907/2060/1907 1938/2086/1938 1939/2088/1939
f 1895/2063/1895 1894/2061/1894 1925/2087/1925 1926/2089/1926
f 1909/2064/1909 1908/2062/1908 1939/2088/1939 1940/2090/1940
f 1896/2065/1896 1895/2063/1895 1926/2089/1926 1927/2091/1927
f 1910/2066/1910 1909/2064/1909 1940/2090/1940 1941/2092/1941
f 1897/2067/1897 1896/2065/1896 1927/2091/1927 1928/2093/1928
f 1911/2068/1911 1910/2066/1910 1941/2092/1941 1942/2094/1942
f 1898/2069/1898 1897/2067/1897 1928/2093/1928 1929/2095/1929
f 1885/2071/1885 1/2096/1 1916/2097/1916
f 1912/2072/1912 1911/2068/1911 1942/2094/1942 1943/2098/1943
f 1899/2073/1899 1898/2069/1898 1929/2095/1929 1930/2099/1930
f 1886/2074/1886 1885/2071/1885 1916/2097/1916 1917/2100/1917
f 1913/2075/1913 1912/2072/1912 1943/2098/1943 1944/2101/1944
f 1900/2043/1900 1899/2073/1899 1930/2099/1930 1931/2102/1931
f 1887/2045/1887 1886/2074/1886 1917/2100/1917 1918/2103/1918
f 1914/2047/1914 1913/2075/1913 1944/2101/1944 1945/2104/1945
f 1901/2044/1901 1900/2043/1900 1931/2102/1931 1932/2105/1932
f 1888/2046/1888 1887/2045/1887 1918/2103/1918 1919/2106/1919
f 1915/2048/1915 1914/2047/1914 1945/2104/1945 1946/2107/1946
f 1902/2049/1902 1901/2044/1901 1932/2105/1932 1933/2076/1933
f 1889/2050/1889 1888/2046/1888 1919/2106/1919 1920/2078/1920
f 24/2108/24 1915/2048/1915 1946/2107/1946
f 1936/2082/1936 1935/2080/1935 1966/2109/1966 1967/2110/1967
f 1923/2083/1923 1922/2081/1922 1953/2111/1953 1954/2112/1954
f 1937/2084/1937 1936/2082/1936 1967/2110/1967 1968/2113/1968
f 1924/2085/1924 1923/2083/1923 1954/2112/1954 1955/2114/1955
f 1938/2086/1938 1937/2084/1937 1968/2113/1968 1969/2115/1969
f 1925/2087/1925 1924/2085/1924 1955/2114/1955 1956/2116/1956
f 1939/2088/1939 1938/2086/1938 1969/2115/1969 1970/2117/1970
f 1926/2089/1926 1925/2087/1925 1956/2116/1956 1957/2118/1957
f 1940/2090/1940 1939/2088/1939 1970/2117/1970 1971/2119/1971
f 1927/2091/1927 1926/2089/1926 1957/2118/1957 1958/2120/1958
f 1941/2092/1941 1940/2090/1940 1971/2119/1971 1972/2121/1972
f 1928/2093/1928 1927/2091/1927 1958/2120/1958 1959/2122/1959
f 1942/2094/1942 1941/2092/1941 1972/2121/1972 1973/2123/1973
f 1929/2095/1929 1928/2093/1928 1959/2122/1959 1960/2124/1960
f 1916/2097/1916 1/2125/1 1947/2126/1947
f 1943/2098/1943 1942/2094/1942 1973/2123/1973 1974/2127/1974
f 1930/2099/1930 1929/2095/1929 1960/2124/1960 1961/2128/1961
f 1917/2100/1917 1916/2097/1916 1947/2126/1947 1948/2129/1948
f 1944/2101/1944 1943/2098/1943 1974/2127/1974 1975/2130/1975
f 1931/2102/1931 1930/2099/1930 1961/2128/1961 1962/2131/1962
f 1918/2103/1918 1917/2100/1917 1948/2129/1948 1949/2132/1949
f 1945/2104/1945 1944/2101/1944 1975/2130/1975 1976/2133/1976
f 1932/2105/1932 1931/2102/1931 1962/2131/1962 1963/2134/1963
f 1919/2106/1919 1918/2103/1918 1949/2132/1949 1950/2135/1950
f 1946/2107/1946 1945/2104/1945 1976/2133/1976 1977/2136/1977
f 1933/2076/1933 1932/2105/1932 1963/2134/1963 1964/2137/1964
f 1920/2078/1920 1919/2106/1919 1950/2135/1950 1951/2138/1951
f 24/2139/24 1946/2107/1946 1977/2136/1977
f 1934/2077/1934 1933/2076/1933 1964/2137/1964 1965/2140/1965
f 1921/2079/1921 1920/2078/1920 1951/2138/1951 1952/2141/1952
f 1935/2080/1935 1934/2077/1934 1965/2140/1965 1966/2109/1966
f 1922/2081/1922 1921/2079/1921 1952/2141/1952 1953/2111/1953
f 1969/2115/1969 1968/2113/1968 19/53/19 20/57/20
f 1956/2116/1956 1955/2114/1955 7/55/7 8/59/8
f 1970/2117/1970 1969/2115/1969 20/57/20 21/61/21
f 1957/2118/1957 1956/2116/1956 8/59/8 9/63/9
f 1971/2119/1971 1970/2117/1970 21/61/21 1982/2/1982
f 1958/2120/1958 1957/2118/1957 9/63/9 10/6/10
f 1972/2121/1972 1971/2119/1971 1982/2/1982 1983/1/1983
f 1959/2122/1959 1958/2120/1958 10/6/10 11/5/11
f 1973/2123/1973 1972/2121/1972 1983/1/1983 1984/9/1984
f 1960/2124/1960 1959/2122/1959 11/5/11 12/11/12
f 1947/2126/1947 1/2142/1 2/13/2
f 1974/2127/1974 1973/2123/1973 1984/9/1984 1985/16/1985
f 1961/2128/1961 1960/2124/1960 12/11/12 13/18/13
f 1948/2129/1948 1947/2126/1947 2/13/2 3/20/3
f 1975/2130/1975 1974/2127/1974 1985/16/1985 1986/22/1986
f 1962/2131/1962 1961/2128/1961 13/18/13 14/24/14
f 1949/2132/1949 1948/2129/1948 3/20/3 4/26/4
f 1976/2133/1976 1975/2130/1975 1986/22/1986 22/28/22
f 1963/2134/1963 1962/2131/1962 14/24/14 15/30/15
f 1950/2135/1950 1949/2132/1949 4/26/4 1978/32/1978
f 1977/2136/1977 1976/2133/1976 22/28/22 23/34/23
f 1964/2137/1964 1963/2134/1963 15/30/15 16/36/16
f 1951/2138/1951 1950/2135/1950 1978/32/1978 5/38/5
f 24/2143/24 1977/2136/1977 23/34/23
f 1965/2140/1965 1964/2137/1964 16/36/16 17/41/17
f 1952/2141/1952 1951/2138/1951 5/38/5 1979/43/1979
f 1966/2109/1966 1965/2140/1965 17/41/17 18/45/18
f 1953/2111/1953 1952/2141/1952 1979/43/1979 1980/47/1980
f 1967/2110/1967 1966/2109/1966 18/45/18 1981/49/1981
f 1954/2112/1954 1953/2111/1953 1980/47/1980 6/51/6
f 1968/2113/1968 1967/2110/1967 1981/49/1981 19/53/19
f 1955/2114/1955 1954/2112/1954 6/51/6 7/55/7
